work_id;title;rating;category;fandom;relationship;character;additional tags;language;published;status;status date;words;chapters;comments;kudos;bookmarks;hits
2395991;No Matter The Universe;Teen And Up Audiences;F/F;Avatar: Legend of Korra;Korra/Asami Sato;Korra (Avatar), Asami Sato, Bolin (Avatar), Naga (Avatar), Mako (Avatar), Opal Bei Fong, Hiroshi Sato, Tenzin (Avatar), Pema (Avatar), Kyoshi (Avatar), Roku (Avatar), Aang (Avatar), Senna (Avatar), Tonraq (Avatar), Lin Bei Fong, Asami Sato's Mother, Iroh I, Original Characters, Ozai (Avatar), Amon (Avatar), Zaheer, Iroh II (Avatar), Kuvira (Avatar), Baatar Jr. (Avatar), Zhu Li Moon, Varrick (Avatar);Alternate Universe, Tumblr Prompt, Alternate Universe - Modern Setting, First Kiss, First Meetings, Friends to Lovers, Trans Character, Fake/Pretend Relationship, Public Display of Affection, Alternate Universe - High School, Dancing, Boss/Employee Relationship, Marriage, Established Relationship, Pen Pals, Long-Distance Relationship, Women in the Military, Character Death, Crossover, Alternate Universe - Cyberpunk, Tragedy, Alternate Universe - Rugby, Egyptology;English;2014-10-03;Updated;2016-10-12;183918;394/?;1449;4458;179;186850
3112523;it's such a gorgeous sight to see you in the middle of the night;Teen And Up Audiences;F/F;Avatar: Legend of Korra;Korra/Asami Sato;Korra (Avatar), Asami Sato, Team Avatar (Legend of Korra);Alternate Universe - College/University, roommates au;English;2015-01-04;Completed;2015-02-10;40614;3/3;480;3236;671;69573
3765220;They say that true love hurts. Well, this could almost kill me.;Teen And Up Audiences;F/F;Avatar: Legend of Korra;Korra/Asami Sato;Korra (Avatar), Asami Sato, Mako (Avatar), Bolin (Avatar), Lin Beifong, Tenzin (Avatar), Katara (Avatar);Alternate Universe - Soulmates, POV Alternating, Soulmate Pain AU;English;2015-04-17;Updated;2015-10-29;122799;37/?;1069;2920;376;72271
3954847;Venti Sized Crush;Explicit;F/F;Avatar: Legend of Korra;Korra/Asami Sato;Korra (Avatar), Asami Sato;Modern AU, Dark Avatar, Fluff, Angst, Drama;English;2015-05-17;Completed;2015-10-27;92607;13/13;373;2403;239;32207
4824140;Alpha's Forfeit;Explicit;F/F;Avatar: Legend of Korra;Korra/Asami Sato;Korra (Avatar), Asami Sato, Mako (Avatar), Opal (Avatar), Bolin (Avatar), Kuvira (Avatar);Omegaverse, Magic Cock, G!P, Omega Verse, Alpha - Freeform, omega - Freeform, Alpha/Beta/Omega Dynamics, Alpha/Omega, end of the world sex, Mating Cycles/In Heat, heat - Freeform, Love Bites, Blowjobs, Oral Sex, Mating, Knotting, Soul Bond, Pregnancy Kink, Breeding, Breeding Kink, Pregnancy, Scent Marking, Come Marking, Come Inflation, Mating Bites, Angst, Recovery, Alternate Universe - Children, You asked for it;English;2015-09-18;Completed;2016-06-07;83833;34/34;1441;2368;150;92353
4778129;Raava Academy;Explicit;F/F;Avatar: Legend of Korra;Korra/Asami Sato, Kyoshi/Asami Sato, Jinora/Kai (Avatar), Bolin/Opal (Avatar);Korra (Avatar), Asami Sato, Bolin (Avatar), Mako (Avatar), Unalaq (Avatar), Lin Beifong, Jinora (Avatar), Opal (Avatar), Suyin Beifong, Tenzin (Avatar), Raava, Kyoshi (Avatar);Slow Romance, Alternate Universe - Creatures & Monsters, Alternate Universe - College/University, Alternate Universe - Modern Setting, Gore, Fluff, Smut, Romance, Blood, Angst, Erotica, Comedy, lgbt, Korrasami - Freeform, Femslash;English;2015-09-11;Completed;2015-11-08;124126;34/34;2796;1957;188;51190
3204878;beginners;Mature;F/F;Avatar: Legend of Korra;Korra/Asami Sato;Korra (Avatar), Asami Sato, Mako (Avatar), Bolin (Avatar), Opal (Avatar), Tenzin (Avatar), Lin Bei Fong, Katara (Avatar), Suyin Bei Fong, Senna (Avatar), Tonraq (Avatar), Jinora (Avatar), Kai (Avatar);Alternate Universe - College/University;English;2015-01-20;Updated;2015-02-26;59021;12/?;235;1937;333;50040
3886015;Recovery;Mature;F/F;Avatar: Legend of Korra;Korra/Asami Sato;Korra (Avatar), Asami Sato;Alternate Universe - Canon Divergence, Angst, Disability, Post-Traumatic Stress Disorder - PTSD;English;2015-05-06;Completed;2015-06-19;67774;18/18;896;1934;214;44369
4045249;Neon Signs and Coffee Grinds;Mature;F/F, F/M;Avatar: Legend of Korra, Korrasami - Fandom;Korra/Asami Sato, Bolin/Opal (Avatar);Asami Sato, Korra (Avatar), Team Avatar (Legend of Korra), Mako (Avatar), Bolin (Avatar), Tenzin (Avatar), Lin Beifong, Opal (Avatar), Zhu Li Moon, Varrick (Avatar), Hiroshi Sato;Korrasami - Freeform, korasami, Alternate Universe, AU, Stripper AU, Coffee Shops, Alternate Universe - Strip Club, Alternate Universe - Coffee Shops & Cafs;English;2015-06-01;Updated;2016-04-26;93931;20/?;393;1884;309;52455
5687806;Bonds of Metal;Explicit;F/F;Avatar: Legend of Korra;Kuvira/Opal, Korra/Asami Sato, Past Korra/Kuvira, Past Kuvira/Baatar Jr., Bolin/Eska (Avatar), Past Bolin/Opal;Kuvira (Avatar), Korra (Avatar), Opal (Avatar), Asami Sato, Bolin (Avatar), Eska (Avatar), Suyin Beifong, Hiroshi Sato, Baatar Jr. (Avatar), And pretty much everybody else, Varrick (Avatar);Alpha/Beta/Omega Dynamics, Mating Cycles/In Heat, Vaginal Sex, Come Shot, Arranged Marriage, Enemies to Lovers, Shameless Smut, Alternate Universe - Canon Divergence, Magic Cock, Knotting, Oral Sex, Blow Jobs, Shifting Anatomy, Omegaverse, Angst with a Happy Ending, Sharing a Bed, Awkward Sexual Situations, Porn With Plot, G!P, Masturbation, Anal Sex;English;2016-01-10;Completed;2016-05-02;144348;41/41;1491;1821;115;76338
3215168;Sato, #22, Shooting Guard;Teen And Up Audiences;F/F;Avatar: Legend of Korra;Korra/Asami Sato;Korra (Avatar), Asami Sato, Tenzin (Avatar), Kuvira (Avatar), Eska (Avatar), Lin Beifong, P'li (Avatar), Zhu Li Moon, Iroh II (Avatar), Mako (Avatar), Opal (Avatar), Suyin Beifong;Alternate Universe - Basketball, Alternate Universe - College/University, Angst and Humor, Inappropriate Humor;English;2015-01-22;Completed;2015-04-17;46188;11/11;436;1771;221;32945
4431251;Rebuild;Mature;F/F;Avatar: Legend of Korra;Korra/Asami Sato;Korra (Avatar), Asami Sato;Post-Traumatic Stress Disorder - PTSD, Alternate Universe - Canon Divergence;English;2015-07-26;Completed;2015-11-23;52549;12/12;672;1700;133;35447
4566840;Blue;Explicit;F/F;Avatar: Legend of Korra;Korra/Asami Sato;Korra, Asami Sato;Smut, Fluff;English;2015-08-13;Updated;2016-10-15;51032;6/?;276;1692;181;23864
2817824;the next six months;General Audiences;F/F;Avatar: Legend of Korra;Korra/Asami Sato;Korra, Asami Sato;Post-Series, canon girlfriends;English;2014-12-21;Completed;2014-12-21;4306;1/1;30;1579;225;19497
3171119;The Blacksmith's Favor;Mature;F/F;Avatar: Legend of Korra;Korra/Asami Sato;Korra (Avatar), Asami Sato;;English;2015-01-13;Updated;2015-07-13;50400;22/?;416;1475;219;43654
3509180;How to Live with a Ghost;Mature;F/F;Avatar: Legend of Korra, Avatar: The Last Airbender;Korra/Asami Sato, Bolin/Opal (Avatar);Team Avatar (Legend of Korra), Korra (Avatar), Mako (Avatar), Asami Sato, Bolin (Avatar), Hiroshi Sato, Kuvira (Avatar);Eventual Romance, Alternate Universe - Gang World, Alternate Universe - Modern Setting, Alternate Universe - College/University;English;2015-03-09;Completed;2015-06-16;351016;96/96;850;1454;144;50841
3168725;Republic City Blues;Teen And Up Audiences;F/F, Gen;Avatar: Legend of Korra;Korra/Asami Sato;Korra (Avatar), Asami Sato, Hiroshi Sato, Mako (Avatar), Bolin (Avatar), Lin Bei Fong, Kuvira (Avatar);Alternate Universe - Noir;English;2015-01-13;Completed;2015-04-03;160788;57/57;1949;1426;211;52653
2856596;What Spring Does;Teen And Up Audiences;F/F;Avatar: Legend of Korra;Korra/Asami Sato;Korra (Avatar), Asami Sato, Katara (Avatar), Bolin (Avatar), Tenzin (Avatar), Pema (Avatar), Jinora (Avatar), Ikki (Avatar), Meelo (Avatar), Bumi II (Avatar), Lin Bei Fong, Rohan (Avatar), Iroh (Avatar);;English;2014-12-26;Completed;2014-12-26;8569;1/1;62;1422;192;23551
2807429;Repairs, Retrofits and Upgrades;Teen And Up Audiences;F/F;Avatar: Legend of Korra;Korra/Asami Sato;Korra (Avatar), Asami Sato, Mako (Avatar), Bolin (Avatar), Opal (Avatar), Tenzin (Avatar), Pema (Avatar), Varrick (Avatar), Zhu Li Moon, Jinora (Avatar), Ikki (Avatar), Meelo (Avatar), Rohan (Avatar), Lin Beifong, Suyin Beifong, Baatar Sr. (Avatar), Baatar Jr. (Avatar), Kuvira (Avatar), Wing (Avatar), Wei (Avatar), Shiro Shinobi, Toph Beifong, Katara (Avatar), Zuko, Izumi (Avatar), Zaheer (Avatar), Saikhan (Avatar), Wolfbats (Avatar), Tonraq (Avatar), Senna (Avatar), Naga (Avatar), Pabu (Avatar), Prince Wu (Avatar), Huan (Avatar), Kai (Avatar), Iroh II (Avatar), Uncle Iroh, Raava, Original Characters;Canon Queer Relationship, Post-Series, Canon Compliant, Asami is Noodles, Developing Relationship, Post-Canon, Post-Spirit World, Spirit Vines, Weapons of Mass Destruction, Politics, Terrorism, Romance, Action/Adventure, Conspiracy, Angst and Humor, Happy Ending;English;2014-12-19;Completed;2016-02-15;220079;27/27;1436;1367;190;50856
4539591;cool for the summer;Mature;F/F;Avatar: Legend of Korra;Korra/Asami Sato;Korra (Avatar), Asami Sato, Bolin (Avatar), Mako (Avatar), Wu (Avatar), Opal (Avatar), Kuvira (Avatar);Road Trips, Beach House, Alternate Universe - Modern Setting, Coming Out;English;2015-08-10;Updated;2016-10-25;67412;15/?;287;1366;131;21472
4279059;Sorry, Not Sorry;Mature;F/F;Avatar: Legend of Korra;Korra/Asami Sato;Bolin (Avatar), Opal (Avatar), Mako (Avatar), Jinora (Avatar), Asami Sato, Korra (Avatar);Alternate Universe - College/University, they hate each other so much, probably, honestly just two dorks going at each other's throats, Fluff, nerdy adorkables, Fake/Pretend Relationship, Roommates;English;2015-07-06;Updated;2015-09-22;40518;14/?;463;1338;98;20389
395258;all the choirs in my head sing, no;General Audiences;F/F, F/M;Avatar: Legend of Korra;Korra/Asami, Mako/Asami, Bolin/Korra (Avatar);Korra (Avatar), Asami Sato, Mako (Avatar), Bolin (Avatar);Friendship;English;2012-04-30;Completed;2012-04-30;4726;1/1;21;1320;160;17343
2887367;The Avatar's Non-Bending Master;Mature;F/F;Avatar: Legend of Korra;Korra/Asami Sato;Korra (Avatar), Asami Sato, Lin Bei Fong, Mako (Avatar), Bolin (Avatar), Tenzin (Avatar);Book 1 ending AU;English;2015-01-01;Completed;2015-01-31;72890;32/32;597;1306;198;28218
4015615;Riches to Rags;Teen And Up Audiences;F/F;Avatar: Legend of Korra;Korra/Asami Sato, Bolin/Kuvira (Avatar);Asami Sato, Hiroshi Sato, Korra (Avatar), Bolin (Avatar), Kuvira (Avatar);Eventual Romance, Angst, Eventual Fluff, Modern World AU, Korrasami - Freeform, Comedy, Drama;English;2015-05-26;Completed;2015-09-15;40491;32/32;995;1299;119;32723
3028442;Korrasami Omegaverse Prompts;Mature;F/F, F/M, M/M, Multi;Avatar: Legend of Korra;Korra/Asami Sato;Korra (Avatar), Asami Sato, others - Character;Omegaverse, Alpha/Beta/Omega Dynamics, Knotting, Mating Cycles/In Heat, AU, Alternate Universe;English;2014-12-30;Updated;2015-04-18;58410;60/?;178;1299;121;40722
4369586;Korrasami Omegaverse Stories, Volume I;Not Rated;F/F, Multi;Avatar: Legend of Korra;Korra/Asami Sato;Korra (Avatar), Asami Sato, others characters;Alternate Universe - Modern Setting, AU, Short Stories, prompts, different Rating, Omegaverse, Alpha/Beta/Omega Dynamics, Knotting, Mating, Freeform, G!P, Mating Cycles/In Heat, Rutting, Canon Compliant, Alternate Universe - Canon Divergence, Alpha/Omega;English;2015-07-18;Completed;2016-06-21;45896;26/26;368;1275;124;44350
386268;When They Asked;General Audiences;Gen;Avatar: The Last Airbender, Avatar: Legend of Korra;;Toph Bei Fong, Lin Bei Fong, Iroh (Avatar), Zuko (Avatar), Mai (Avatar), Sokka (Avatar), Katara (Avatar), Aang (Avatar);Between Seasons/Series;English;2012-04-18;Completed;2012-04-18;597;1/1;58;1264;185;13077
3072212;Out of the Woods;Teen And Up Audiences;F/F;Avatar: Legend of Korra;Korra/Asami Sato;Korra (Avatar), Asami Sato;Post-Finale, Cross-Posted on FanFiction.Net;English;2014-12-31;Completed;2014-12-31;2058;1/1;26;1256;138;14391
3228758;Staring on the train;Explicit;F/F;Avatar: Legend of Korra;Korra/Asami Sato;Korra (Avatar), Asami Sato;Alternate Universe - Modern Setting;English;2015-01-25;Completed;2016-02-13;61367;23/23;362;1237;125;28092
3521324;Seeking Sato;General Audiences;F/F, Gen;Avatar: Legend of Korra;Korra/Asami Sato, Asami Sato & Hiroshi Sato;Asami Sato, Hiroshi Sato, Korra (Avatar), Mako (Avatar), Bolin (Avatar), Tenzin (Avatar), Pema (Avatar), Varrick (Avatar), Jinora (Avatar), Tu (Avatar), Lin Beifong;Canon Compliant, During Canon, Engineering, Business, Father-Daughter Relationship, Not Actually Unrequited Love, Infrastructure Porn, Original Character(s), Gap Filler;English;2015-03-11;Completed;2015-08-30;81814;23/23;392;1206;160;26453
3117590;What if Babies Come From the Spirit World?;Mature;F/F;Avatar: Legend of Korra;Korra/Asami Sato;Korra (Avatar), Asami Sato;Fluff and Humor, Or at least it started off as Fluff and Humor..., It's kinda meandering all over the place now...;English;2015-01-05;Updated;2015-02-16;69701;29/?;920;1134;121;31802
4080229;Love Isn't as Easy as the Books Make it Seem;Explicit;F/F;Avatar: Legend of Korra;Korra/Asami Sato, Korra/Kuvira;Korra (Avatar), Asami Sato, Jinora (Avatar), Kuvira (Avatar);vague modern au, the romance novelist and the engineer;English;2015-06-05;Completed;2015-07-05;34825;13/13;497;1126;114;21675
3787072;Food Fight;Mature;F/F, F/M;Avatar: Legend of Korra;Korra/Asami Sato, Bolin/Opal (Avatar), Jinora/Kai (Avatar);Kya II (Avatar), Hiroshi Sato, Mako (Avatar), Lin Beifong, Suyin Beifong, Wu (Avatar);Alternate Universe - Modern Setting, Korrasami - Freeform;English;2015-04-20;Completed;2016-06-26;93099;29/29;542;1121;208;17356
3725668;Forbidden Love;Mature;F/F;Avatar: Legend of Korra;Korra/Asami Sato;Korra (Avatar), Asami Sato, Tenzin (Avatar), Bolin (Avatar), Pema (Avatar), Mako (Avatar), Opal (Avatar), Tarrlok (Avatar), Kuvira (Avatar), Jinora (Avatar), Zhu Li Moon, Varrick (Avatar), Tonraq (Avatar), Senna (Avatar);Slow Burn, Plot, Fluff and Smut, Teacher-Student Relationship, Sexual Tension, Sooooo much sexual tension, Hockey;English;2015-04-11;Updated;2016-07-14;133104;30/?;558;1103;115;32742
5449763;Reframing the Question;Teen And Up Audiences;F/F;Avatar: Legend of Korra;Korra/Asami Sato, Bolin/Opal (Avatar);Korra (Avatar), Asami Sato, Bolin (Avatar), Opal (Avatar), Tenzin (Avatar), Hiroshi Sato, Senna (Avatar), Tonraq (Avatar);Alternate Universe - Modern Setting, Alternate Universe - College/University, Past Child Abuse;English;2015-12-18;Completed;2016-04-10;53981;15/15;500;1086;120;17874
3807046;Moksha;Mature;F/F;Avatar: Legend of Korra;Korra/Asami Sato;Korra (Avatar), Asami Sato, Bolin (Avatar), Mako (Avatar), Opal (Avatar), Kuvira (Avatar), Suyin Beifong, Lin Beifong, Jinora (Avatar);Canon Compliant, Post Finale, Married Korrasami;English;2015-04-23;Updated;2015-10-15;107636;19/?;542;1083;133;25714
3472205;A Second Glance, Book 3;Mature;F/F;Avatar: Legend of Korra;Korra/Asami Sato, Korra & Asami Sato;Korra (Avatar), Asami Sato, Team Avatar (Legend of Korra), Tenzin (Avatar);Drama & Romance, Action/Adventure;English;2015-03-03;Completed;2015-06-04;49616;10/10;119;1070;65;18442
4658958;Instincts of a Fearful Body;Teen And Up Audiences;F/F;Avatar: Legend of Korra;Korra/Asami Sato, Ghazan/Ming-Hua (Avatar);Korra (Avatar), Asami Sato, Asami Sato's Mother, Zaheer (Avatar), Ming-Hua (Avatar), Ghazan (Avatar), P'li (Avatar), Mako (Avatar), Bolin (Avatar), Jinora (Avatar), Amon (Avatar), Lieutenant (Avatar), Tenzin, Lin Beifong, Tonraq (Avatar), Senna (Avatar), Iroh II (Avatar);For Want of a Nail, Red Lotus Korra, equalist Asami, Alternate Universe - Canon Divergence, Slow Burn, Unalaq died before the fic started, Red Lotus, Equalist, Original Character(s);English;2015-08-26;Updated;2016-10-30;173787;18/?;469;1058;96;19775
4125633;RCPD Special Victims Taskforce;Mature;F/F, F/M, M/M, Multi;Avatar: Legend of Korra;Korra/Asami Sato, Baatar Jr./Kuvira (Avatar), Iroh II/Mako/Original Female Charcter, Bolin/Opal (Avatar), Jinora/Kai (Avatar);Asami Sato, Korra (Avatar), Mako (Avatar), Bolin (Avatar), Iroh II (Avatar), Tenzin (Avatar), Kuvira (Avatar), Lin Beifong, Jinora (Avatar), Kai (Avatar), Opal (Avatar), Kya II (Avatar), Pema (Avatar);Crime Fighting, scene skips, Bisexual Female Character, Threesome - F/M/M, Triggers, Murder-Suicide, Alternate Universe - Canon Divergence, Gun Violence, Lesbian Sex, Korrasami - Freeform, mention of rape, Drug Use;English;2015-06-13;Updated;2016-09-09;96931;35/?;372;1049;76;19491
4413452;Ronin Korra - Revelations;Mature;F/F;Avatar: Legend of Korra;Korra/Asami Sato;Korra (Avatar), Asami Sato, Raava, Vaatu;Korrasami - Freeform, Samurai AU, AU, non Canon, Fluff, Erotica, Smut, Romance, Violence, Gore;English;2015-07-24;Updated;2016-01-10;39509;22/?;931;1037;78;22511
3360458;It Had To Be You;Teen And Up Audiences;F/F;Avatar: Legend of Korra;Korra/Asami Sato, Bolin/Opal (Avatar);Korra (Avatar), Asami Sato, Iroh II (Avatar), Mako (Avatar), Bolin (Avatar), Opal (Avatar), Tonraq (Avatar), Senna (Avatar);Friends to Lovers, Alternate Universe - Modern Setting;English;2015-02-15;Completed;2015-02-15;5958;1/1;25;1019;92;9665
3130709;shorelines (or, four times asami sato didn't leave, and one time she did);Teen And Up Audiences;F/F;Avatar: Legend of Korra;Korra/Asami Sato;Korra (Avatar), Asami Sato;;English;2015-01-06;Completed;2015-01-06;4036;5/5;26;1010;120;12302
3264335;like broken thunder;Not Rated;F/F;Avatar: Legend of Korra;Korra/Asami Sato;Korra (Avatar), Asami Sato, Bolin (Avatar), Opal (Avatar), Mako (Avatar), Lin Beifong, Tenzin (Avatar), Pema (Avatar), Suyin Beifong, Jinora (Avatar), Ikki (Avatar);Alternate Universe - Summer Camp, Alternate Universe - Camp Counselors, also mosquitoes;English;2015-01-31;Completed;2016-01-26;15516;2/2;73;1007;125;12110
2669282;A Second Glance, Book 1;Mature;F/F;Avatar: Legend of Korra;Korra/Asami Sato, Korra & Asami Sato, Mako/Asami Sato, Korra/Mako (Avatar);Team Avatar (Legend of Korra);Developing Friendships, Eventual Romance;English;2014-11-25;Completed;2014-12-15;37142;14/14;100;988;81;23505
2807819;The Rush;General Audiences;F/F;Avatar: Legend of Korra;Korra/Asami Sato;Korra (Avatar), Asami Sato;Friends to Lovers, Canon Compliant, So Awkward it Hurts;English;2014-12-20;Completed;2014-12-29;4891;2/2;44;985;74;10209
4735304;Fieldwork;Teen And Up Audiences;F/F, Gen;Avatar: Legend of Korra;Korra/Asami Sato;Asami Sato, Korra (Avatar), Mako (Avatar), Bolin (Avatar), Naga (Avatar), Tonraq (Avatar), Senna (Avatar), Kya II (Avatar), Katara (Avatar), Nuktuk (Avatar), Unalaq (Avatar), Eska (Avatar), Desna (Avatar);"Slow Burn, Like seriously slow, will update ratings and warnings and the like as the story goes, anthropology au, AU, Language Barrier, Plot First; Romance Third, ok i lied i have no idea what tags i should add, it's got a little bit of everything, Mystery, Worldbuilding, environmental danger, it's frikkin cold there, Danger, Intrigue, Adventure, endgame korrasami";English;2015-09-05;Updated;2016-08-18;34763;23/?;721;972;109;18110
3122048;Absolute Beginners;Teen And Up Audiences;F/F;Avatar: Legend of Korra;Korra/Asami Sato;Korra (Avatar), Asami Sato, Bolin (Avatar), Opal (Avatar), Mako (Avatar), Ikki (Avatar), Meelo (Avatar), Naga (Avatar);Alternate Universe - College/University, Alternate Universe - Modern Setting;English;2015-01-05;Completed;2015-02-15;15706;3/3;34;937;94;14991
4386146;Stress Relief;Mature;F/F;Avatar: Legend of Korra;Korra/Asami Sato;Asami Sato, Korra (Avatar);Shameless Smut, Korrasami - Freeform, Romance;English;2015-07-20;Completed;2016-03-10;49773;15/15;383;936;95;27806
3936631;Upside Down;Mature;Multi;Avatar: Legend of Korra;Korra/Asami Sato;Korra (Avatar), Asami Sato, Bolin (Avatar), Mako (Avatar), Opal (Avatar), Jinora (Avatar), Kai (Avatar), Kuvira (Avatar);Alternate Universe, Omega Verse;English;2015-05-14;Completed;2015-06-18;13730;12/12;105;936;34;13026
3750589;The Internship;Explicit;F/F;Avatar: Legend of Korra;Korra/Asami Sato;Korra (Avatar), Asami Sato;Interns & Internships, Boss/Employee Relationship, Smut, Alternate Universe - Modern Setting, tell me if you like it!, Angst, Asami is a master seductress, should i continue?;English;2015-04-17;Updated;2016-07-09;46487;12/?;587;928;112;26958
3333824;Blizzard;Explicit;F/F;Avatar: Legend of Korra;Korra/Asami Sato;Korra, Asami Sato, Mako, Bolin, Tonraq, Senna, Opal;Panic Attacks, Drug Use, Blood, Racism, Serious Injuries, Threats, Anxiety, Alternate Universe - Modern Setting;English;2015-02-11;Completed;2015-04-01;49038;10/10;82;926;92;14046
3252002;Only By the Night;Explicit;F/F;Avatar: Legend of Korra;Korra/Asami Sato;Korra (Avatar), Asami Sato, Kuvira (Avatar), Zhu Li Moon;Roller Derby, Smug!Korra, Mild Kink;English;2015-01-31;Completed;2015-02-17;25148;3/3;68;925;150;16230
6253855;Storm Season;Explicit;M/M;Haikyuu!!, Avatar: Legend of Korra;Iwaizumi Hajime/Oikawa Tooru;Iwaizumi Hajime, Oikawa Tooru, Haiba Lev, Haiba Alisa, Matsukawa Issei, Hanamaki Takahiro;legend of korra AU, Glider Pilot Oikawa, Earthbender Iwaizumi, blind iwaizumi, Friends to Lovers, Falling In Love, Adventures, brief injury/blood mentions, Minor Slurs, desert islands, squirrelotters, Fluff and Smut, Eventual Smut;English;2016-03-15;Completed;2016-10-23;43015;7/7;148;922;226;8547
864324;All Roads;Teen And Up Audiences;F/F;Avatar: Legend of Korra;Korra/Asami Sato;;;English;2013-06-30;Completed;2013-06-30;10873;1/1;54;921;175;16912
411538;Ready, Set, Go;General Audiences;F/F;Avatar: Legend of Korra;Korra/Asami, Mako/Asami;Korra (Avatar), Bolin (Avatar), Asami Sato, Mako (Avatar), Pema (Avatar), Tenzin (Avatar), Ikki (Avatar), Meelo (Avatar), Jinora (Avatar), Naga (Avatar);Friendship;English;2012-05-23;Completed;2012-05-23;5836;1/1;16;920;104;12839
3320207;Goddamn Mermaids;Mature;F/F;Avatar: Legend of Korra;Korra/Asami Sato;Korra (Avatar), Asami Sato, Kuvira (Avatar), Bolin (Avatar), Opal (Avatar);Alternate Universe, Alternate Universe - Modern Setting, Summer, Alternate Universe - College/University;English;2015-02-10;Completed;2015-07-10;26225;11/11;207;919;79;23113
3298841;All These Broken Hearts on That Pole;Teen And Up Audiences;F/F;Avatar: Legend of Korra;Korra/Asami Sato;Bolin (Avatar);Strippers & Strip Clubs, alternative universe;English;2015-02-06;Completed;2015-03-16;18361;7/7;138;917;106;15630
2200632;A Mistake Worth Knowing;Teen And Up Audiences;F/F;Avatar: Legend of Korra;Korra/Asami Sato;Korra (Avatar), Asami Sato, Jinora (Avatar), Ikki (Avatar), Meelo (Avatar), Mako (Avatar), Bolin (Avatar), Opal (Avatar);Post Book 3: Change;English;2014-08-26;Completed;2014-08-26;3693;1/1;40;917;117;15659
3832270;Don't Be Afraid Of The Dark;Mature;F/F;Avatar: Legend of Korra;Korra/Asami Sato;Korra (Avatar), Asami Sato;Vampire/Werewolf AU, Violence, Blood, Love, Fluff;English;2015-04-27;Updated;2016-01-17;31028;12/?;171;915;74;15371
5252555;Company;Teen And Up Audiences;F/F;Avatar: Legend of Korra;Korra/Asami Sato;Korra (Avatar), Asami Sato, Kuvira (Avatar), Bolin (Avatar), Baatar Jr. (Avatar);Alternate Universe - Modern Setting, Fluff, POV Alternating, nerdy, no really, I don't think you quite understand;English;2015-11-21;Completed;2016-01-11;53758;11/11;216;910;100;13712
4136373;Direct to Video;General Audiences;F/F;Avatar: Legend of Korra;Korra/Asami Sato;Korra (Avatar), Asami Sato, Mako (Avatar), Bolin (Avatar), Opal (Avatar);Alternate Universe - College/University, Bopal references, bad college habits, a lot of junk food, adorable NERDS being NERDS, No Angst, Fluff;English;2015-06-15;Completed;2015-06-15;9158;1/1;71;905;121;7012
3458606;What If This Storm Ends;Explicit;F/F;Avatar: Legend of Korra;Korra/Asami Sato;Korra (Avatar), Asami Sato, Mako (Avatar), Bolin (Avatar), Hiroshi Sato, Tonraq (Avatar);Alternate Universe, Romance, Eventual Smut, Cross-Posted on FanFiction.Net;English;2015-03-01;Updated;2016-03-11;37378;14/?;147;897;115;14342
4364435;Polar Opposites Attract;Mature;Multi;Avatar: Legend of Korra;Korra/Asami Sato;Korra (Avatar), Asami Sato, Bolin (Avatar), Mako (Avatar), Kuvira (Avatar), Opal (Avatar);Omega Verse, Alternate Universe - No Bending;English;2015-07-17;Completed;2015-09-23;18689;13/13;159;889;34;14066
3737263;Avatar Studio;Explicit;F/F;Avatar: Legend of Korra;Korra/Asami Sato, Korra/Kuvira (Avatar);Korra (Avatar), Asami Sato, Kuvira (Avatar);;English;2015-04-13;Completed;2015-08-06;49365;19/19;500;889;74;19487
2820962;Just the Two of Us;Mature;F/F;Avatar: Legend of Korra;Korra/Asami Sato;Korra (Avatar), Asami Sato;Femslash, Canon LGBTQ Female Character, Canon Lesbian Relationship, Bisexual Female Character of Color, Established Relationship, Fluff, Friends to Lovers;English;2014-12-21;Completed;2014-12-21;2877;1/1;23;877;41;13578
2835068;my, my, my.;Teen And Up Audiences;F/F, Gen;Avatar: Legend of Korra;Korra/Asami Sato;Korra (Avatar), Asami Sato, Mako (Avatar), Bolin (Avatar), Varrick (Avatar), Tonraq (Avatar);;English;2014-12-23;Completed;2015-01-07;3357;5/5;25;876;44;8664
2907530;Both of Us;General Audiences;F/F;Avatar: Legend of Korra;Korra/Asami Sato;Korra (Avatar), Asami Sato;Post-Finale, Cross-Posted on FanFiction.Net;English;2014-12-29;Completed;2014-12-29;2465;1/1;16;875;77;6473
3552563;Cowboy Raava;Mature;F/F;Avatar: Legend of Korra;Korra/Asami Sato;Korra (Avatar), Asami Sato, Bolin (Avatar), Kai (Avatar), Opal (Avatar), Pema (Avatar), Kya (Avatar), Jinora (Avatar), Lin Beifong, Eska (Avatar), Wan Shi Tong, Varrick (Avatar), Azula (Avatar), Ikki (Avatar);Alternate Universe - Space, Alternate Universe - Prison, Trans Characters;English;2015-03-16;Updated;2016-10-29;165415;22/?;239;871;100;18031
3604179;Chemistry;Mature;F/F;Avatar: Legend of Korra;Korra/Asami Sato;Korra (Avatar), Asami Sato, Tonraq (Avatar), Senna (Avatar), Katara (Avatar), Naga (Avatar), Hiroshi Sato, Kya II (Avatar), Opal (Avatar);Avatar, legend of korra - Freeform, LOK - Freeform, tlok - Freeform, Femslash, Alternate Universe - College/University, Original Character(s), Slow Build, Angst, Fluff, Fluff and Angst, Hurt/Comfort, Emotional Hurt/Comfort, Whump, korra whump, asami whump, Violence, Pre-Canon, multiseries, Series, Part 1, Chemistry, Flashbacks, Emotions, I'm so sorry, Extremely slow build, So much angst, accidentally, i'm still sorry, Canon Divergence;English;2015-03-23;Completed;2015-05-17;93272;43/43;1398;870;97;24659
4612674;The Last Summer of You and Me;Mature;F/F, F/M, Gen;Avatar: Legend of Korra;Korra/Asami Sato, Bolin/Opal (Avatar), Iroh II/Asami Sato, Korra/Mako (Avatar), Iroh II/Korra (Avatar), Mako/Asami Sato;;Summer Love, Leaving Home, No Bending, Pre-College AU, Slow Burn, Alternate Universe - Modern Setting;English;2015-08-20;Updated;2016-02-28;89007;17/?;442;870;69;17497
3212162;Who Rebuilds The Builder;Teen And Up Audiences;F/F;Avatar: Legend of Korra;Korra/Asami Sato;Korra (Avatar), Asami, Varrick, Zhu Li;canon, Book 4, 4x13;English;2015-01-22;Completed;2015-01-22;3169;1/1;54;866;87;6825
5004250;The Callgirl;Explicit;F/F;Avatar: Legend of Korra;Korra/Asami Sato, Bolin/Opal (Avatar);Korra (Avatar), Asami Sato, Varrick (Avatar), Zhu Li Moon, Unalaq (Avatar), Opal (Avatar), Jinora (Avatar), Bolin (Avatar);Smut, Scissoring, Tattoos, More warnings inside;English;2015-10-15;Updated;2016-09-05;62425;10/?;131;861;83;19553
3721117;No Gods, No Masters;Mature;F/F, F/M, Multi, Gen;Avatar: Legend of Korra;Korra/Asami Sato, Korra/Kuvira (Avatar), Korra/Kuvira/Asami Sato, Mako/Jinora, Mako/Suyin Beifong, Mako/Korra/Kuvira/Asami Sato;Korra (Avatar), Asami Sato, Mako (Avatar), Bolin (Avatar), Lin Beifong, Tenzin (Avatar), Jinora (Avatar), Zaheer (Avatar), Ghazan (Avatar), P'li (Avatar), Ming-Hua (Avatar), Suyin Beifong, Kuvira (Avatar), Tonraq (Avatar), Senna (Avatar), Aiwei (Avatar), Izumi (Avatar), Prince Wu (Avatar), Ikki (Avatar), Original Characters;Alternate Universe, Darkest Timeline, Red Lotus Korra, Equalist Asami Sato;English;2015-04-11;Completed;2015-11-14;180416;36/36;622;857;93;21393
3242693;All of This is Naga's Fault;Teen And Up Audiences;F/F;Avatar: Legend of Korra;Korra/Asami Sato, Korra & Asami Sato;Korra (Avatar), Asami Sato, Naga (Avatar);Alternate Universe - Modern Setting;English;2015-01-27;Updated;2015-12-09;37089;12/?;157;855;84;19399
7608025;Broken Rules;Teen And Up Audiences;M/M, F/M;Voltron: Legendary Defender, Avatar: Legend of Korra, Avatar: The Last Airbender;Klance - Relationship, Keith/Lance (Voltron), Hunk/Shay (Voltron);Keith (Voltron), Lance (Voltron), Hunk (Voltron), Pidge (Voltron), Shiro (Voltron), Princess Allura, Coran (Voltron);Slow Burn, avatar AU, Modern AU, Shiro is Keith's brother, War, a lot of shrek guys, Lance is a wing man, everything you love is gay, Strong Language, Pro-Bending;English;2016-07-28;Updated;2016-10-09;100449;15/?;363;855;149;11463
3330158;In the World;Teen And Up Audiences;F/F;Avatar: Legend of Korra;Korra/Asami Sato;Asami Sato, Korra (Avatar), Original Characters;Post-Canon, Canon Compliant, Survival, Geographical Isolation, Transported to the real world, Female Character of Color, Canon Character of Color, Canon Queer Character of Color, Canada, Language Barrier, Fugitives, Post-Finale, Fish out of Water, Road Trips, On the Run, Physical Therapy, Physical Disability;English;2015-02-11;Updated;2016-04-18;237703;136/?;997;850;88;30614
3360248;The Song remains the same;Mature;F/F;Avatar: Legend of Korra;Korra/Asami Sato;Korra (Avatar), Asami Sato;Korrasami - Freeform;English;2015-02-15;Completed;2015-09-07;102753;22/22;447;842;103;24261
3695792;Silk's Korrasami Prompts;Mature;F/F;Avatar: Legend of Korra;Korra/Asami Sato;Korra (Avatar), Asami Sato;Korrasami - Freeform, korrasami prompts, korrasami oneshots, korrasami headcanon, Smut, Romance, Erotica;English;2015-04-06;Updated;2015-09-20;23984;24/?;271;840;57;27420
3246299;Building Igloos With Frostbite;Teen And Up Audiences;F/F;Avatar: Legend of Korra;Korra/Asami Sato;Asami Sato, Korra (Avatar);Post-Series, Cuddling & Snuggling;English;2015-01-28;Completed;2015-01-28;1287;1/1;11;840;32;6023
397501;Shifting Gears;Explicit;F/F;Avatar: Legend of Korra;Korra/Asami Sato (Avatar);Korra (Avatar), Asami Sato;Car Sex, Fingerfucking;English;2012-05-04;Completed;2012-05-04;2907;1/1;8;839;64;17806
3082142;Hearts on Fire;Explicit;F/F;Avatar: Legend of Korra;Korra/Asami Sato;Korra (Avatar), Asami Sato;Femslash, Canon Lesbian Relationship, Canon LGBTQ Female Character, LGBTQ Character of Color, Established Relationship;English;2015-01-01;Completed;2015-01-01;4255;1/1;25;794;37;14232
2669543;Afterlife;Teen And Up Audiences;F/F;Avatar: Legend of Korra;Korra/Asami Sato;Korra (Avatar), Asami Sato, Pema (Avatar), Tenzin (Avatar);Cross-Posted on FanFiction.Net;English;2014-11-25;Completed;2014-11-25;4445;1/1;11;789;65;6985
4247541;you're my little sinking ship (not quite built to hold such weight);Not Rated;Multi;Avatar: Legend of Korra, Girls Like Girls - Hayley Kiyoko (Music Video);Korra/Asami Sato;Korra (Avatar), Asami Sato, Mako (Avatar), Bolin (Avatar), Opal (Avatar);Alternate Universe - Modern Setting, Alternate Universe - No Bending;English;2015-07-01;Completed;2016-02-07;49637;12/12;629;785;88;12059
2594891;Prompts;Teen And Up Audiences;F/F;Avatar: Legend of Korra;Korra/Asami Sato;Korra (Avatar), Asami Sato;;English;2014-11-10;Updated;2016-09-14;64897;54/?;274;781;55;22904
4478597;Requiescence;General Audiences;F/F;Avatar: Legend of Korra;Korra/Asami Sato;Korra (Avatar), Asami Sato, Senna (Avatar), Ikki (Avatar);Gap Filler, Fluff without Plot, Insomnia, Canon Compliant;English;2015-08-02;Completed;2016-01-18;5238;2/2;38;779;36;4561
3782095;Who Said College Was Easy;Mature;F/F, F/M;Avatar: Legend of Korra;Korra/Asami Sato, Bolin/Opal (Avatar);Korra (Avatar), Asami Sato, Opal (Avatar), Bolin (Avatar), Kuvira (Avatar), Mako (Avatar);Alternate Universe - No Bending, Accidental Pregnancy, Pregnancy, Alpha/Beta/Omega Dynamics, Omega Verse, Alternate Universe - College/University, Sexual Content, Slice of Life, Alpha Korra, Omega Asami Sato, G!P;English;2015-04-19;Updated;2016-06-22;26328;16/?;244;778;63;21999
3066911;A Second Glance, Book 2;Mature;F/F;Avatar: Legend of Korra;Korra/Asami Sato, Korra/Mako (Avatar), Mako/Asami Sato;Team Avatar (Legend of Korra);;English;2014-12-31;Completed;2015-02-15;26715;6/6;70;770;42;13745
3499004;Humanity;Mature;F/F;Avatar: Legend of Korra;Korra/Asami Sato;Korra (Avatar), Asami Sato;Romance, Alternate Universe - Modern Setting;English;2015-03-07;Completed;2015-05-29;95215;37/37;148;767;91;17459
3657861;You Belong With Me;Mature;F/F, F/M;Avatar: Legend of Korra;Korra/Asami Sato, Korra/Kuvira, Bolin/Opal;Korra (Avatar), Asami Sato;Alternate Universe - Modern Setting, Alternate Universe - High School, Fluff and Humor, nerd! Asami, jock! Korra, first fan fic, Mercy - Freeform, purely experimental fic, tell me if you like it!;English;2015-04-01;Updated;2015-08-08;58555;18/?;772;764;82;20628
3913063;Korrasami Drabbles: Deal With It!;Mature;F/F;Avatar: Legend of Korra;Korra/Asami Sato;Korra (Avatar), Asami Sato;;English;2015-05-10;Updated;2016-10-11;95115;45/?;405;763;44;25439
3875887;A Southern Summer;Teen And Up Audiences;F/F;Avatar: Legend of Korra;Korra/Asami Sato;Korra (Avatar), Asami Sato, Tonraq (Avatar), Senna (Avatar), Naga (Avatar), Bolin (Avatar), Mako (Avatar), Original Character;Country & Western, Slice of Life, Eventual Romance, Slow Build, Summer Love;English;2015-05-04;Updated;2016-07-14;36108;15/?;231;762;41;12602
7483995;Clexa in another (Love)war;Not Rated;F/F, F/M;The 100 (TV), Avatar: Legend of Korra, Avatar: The Last Airbender;Clarke Griffin/Lexa, Octavia Blake/Lincoln, Anya/Raven Reyes;Clarke Griffin, Lexa (The 100), Ice Queen (The 100), Anya (The 100), Raven Reyes, Octavia Blake, Bellamy Blake, Wells Jaha, Lincoln (The 100), Finn Collins, Ontari (The 100), Echo (The 100), Abby Griffin, Thelonious Jaha;War, Violence, Love, Torture, Arranged Marriage, Unrequited Love, Sexual Slavery, Obsessive Behavior, Angst with a Happy Ending, Character Death, Blackmail, Prisoner of War, Badass Clarke, Clexa Endgame, Clarke born to lead, Action/Adventure, Canon-Typical Violence, Protective Lexa, G!p Lexa, G!P Ice Queen, clexa fluff, Hurt/Comfort, Prophecy, Soulmates, Alternate Universe - Canon Divergence, Attempted Rape/Non-Con, but it will not happen because Lexa don't let anything happen to Clarke, + TRAILER;English;2016-07-19;Updated;2016-10-20;12357;7/?;74;753;20;5212
2308682;fireproof;Teen And Up Audiences;F/F;Avatar: Legend of Korra;Korra/Asami Sato, Asami Sato/OFC;Korra (Avatar), Asami Sato, Hiroshi Sato, Mako (Avatar), Bolin (Avatar);Alternate Universe - Modern Setting, Alternate Universe - College/University, Alternate Universe - Beach, Angst, Fluff, Asami/OFC is side and in the past, will tag other things as they become relevant, Recreational Drug Use, Homophobia;English;2014-09-15;Updated;2015-01-13;30987;5/?;94;752;131;17136
3206633;The Nights;Mature;F/F;Avatar: Legend of Korra;Korra/Asami Sato;Korra (Avatar), Asami Sato;;English;2015-01-21;Updated;2015-05-19;17786;9/?;89;748;99;13877
2840234;First Steps;Teen And Up Audiences;F/F;Avatar: Legend of Korra;Korra/Asami Sato;Korra (Avatar), Asami Sato, Mako (Avatar), Bolin (Avatar), Tenzin (Avatar), Iroh (Avatar);Romance, Post-Canon, Post-Series, Femslash, Spirit World, spirit journeys, Canon Compliant, Canon Bisexual Character;English;2014-12-24;Completed;2015-03-16;18519;9/9;29;736;47;12976
4590987;Sato Branded;Teen And Up Audiences;F/F;Avatar: Legend of Korra;Korra/Asami Sato;Kuvira (Avatar), Korra (Avatar), Asami Sato;Alternate Universe - College/University, Fluff, Humor, Love/Hate;English;2015-08-17;Updated;2016-09-07;15776;12/?;359;735;49;10099
3094928;This World We've Created;Teen And Up Audiences;F/F, F/M, Multi;Avatar: Legend of Korra;Korra/Asami Sato;Korra (Avatar), Kuvira, Asami Sato, Opal, Bolin (Avatar), everyone I can fit in;Drama, Romance, Action/Adventure, Friendship;English;2015-01-02;Updated;2015-06-07;68764;32/?;55;734;43;9537
3187151;if these sheets were the states;Not Rated;F/F;Avatar: Legend of Korra;Korra/Asami Sato;Asami Sato, Korra (Avatar);I made myself sad, it ends happy i swear but i was like frowning when i wrote it;English;2015-01-17;Completed;2015-01-17;2675;1/1;19;726;50;5621
3127829;After the Same Rainbow's End;Teen And Up Audiences;F/F;Avatar: Legend of Korra;Korra/Asami Sato;Korra (Avatar), Asami Sato;Post-Finale, Canon Compliant, Spirit World;English;2015-01-06;Completed;2015-01-06;5749;1/1;18;718;79;5645
2802722;Never Bet Against Young Love;General Audiences;F/F;Avatar: Legend of Korra;Korra/Asami Sato;Korra (Avatar), Asami Sato, Bolin (Avatar), Lin Bei Fong, Tenzin (Avatar);Fluff, Humor, Korrasami - Freeform, Post-Finale, Silly;English;2014-12-19;Completed;2014-12-19;802;1/1;15;716;30;7110
3141374;Learning Curve;Mature;F/F, F/M, Other, M/M;Avatar: Legend of Korra;Korra/Asami Sato, Bolin/Opal Beifong;Korra (Avatar), Asami Sato, Bolin (Avatar), Mako (Avatar), Opal Beifong, Wing Beifong, Wei Beifong;;English;2015-01-08;Completed;2015-03-19;27878;5/5;96;716;134;17177
3195419;The 9:15 to Ba Sing Se;Teen And Up Audiences;F/F;Avatar: Legend of Korra;Korra/Asami Sato;Korra (Avatar), Asami Sato, Bolin (Avatar), Opal (Avatar);;English;2015-01-19;Completed;2015-01-19;2196;1/1;11;709;40;6108
3171926;from the crease of your mouth to the picket fences (what i needed the most was you here);Mature;F/F;Avatar: Legend of Korra;Korra/Asami Sato;Korra (Avatar), Asami Sato, Tonraq (Avatar), Senna (Avatar), Tenzin (Avatar), Jinora (Avatar), Mako (Avatar);;English;2015-01-13;Completed;2015-01-13;3070;1/1;15;707;65;6607
5310551;Life Cycles;Teen And Up Audiences;F/F;Avatar: Legend of Korra;Korra/Asami Sato;;This hurt me to write tbh;English;2015-11-29;Updated;2016-09-18;25334;10/?;125;705;60;12435
2609882;No I Won't Stand a Chance in the Real World;Mature;F/F;Avatar: Legend of Korra;Korra/Asami Sato;Korra (Avatar), Asami Sato, Original Characters;Alternate Universe, Post-Canon, Friends to Lovers, First Kiss, First Time;English;2014-11-16;Completed;2015-02-12;21853;23/23;239;704;67;17630
3125036;I'd Tell You To Stop (But I Really Don't Want You To);Teen And Up Audiences;F/F;Avatar: Legend of Korra;Korra/Asami Sato;Korra (Avatar), Asami Sato;roommate au;English;2015-01-05;Completed;2015-01-05;1930;1/1;20;700;61;7652
3542984;You Know I'm No Good;Mature;F/F;Avatar: Legend of Korra;Korra/Asami Sato, Kuvira/Asami Sato, Baatar Jr./Kuvira (Avatar);Asami Sato, Kuvira (Avatar), Korra (Avatar), Baatar Jr. (Avatar);College, Romance, Drinking, Cheating, Alternate Universe - No Bending, Alternate Universe - College/University, Angst, Drama;English;2015-03-14;Updated;2016-05-19;36591;22/23;414;695;38;16093
429002;How It's Done;General Audiences;Gen;Avatar: Legend of Korra, Avatar: The Last Airbender;;Toph Bei Fong, Katara (Avatar), Sokka (Avatar), Zuko (Avatar), Lin Bei Fong;old people being awesome, Hijinks, irrational sports rage;English;2012-06-09;Completed;2012-06-09;1857;1/1;34;694;146;6125
2894753;Ink and Petals;General Audiences;F/F;Avatar: Legend of Korra;Korra/Asami Sato;Korra (Avatar), Asami Sato, Mako (Avatar);Alternate Universe - Tattoo Parlor, Alternate Universe - Flower Shop;English;2014-12-28;Completed;2015-01-12;6991;5/5;26;694;64;11035
3217469;A Quick Glimpse;Teen And Up Audiences;F/F;Avatar: Legend of Korra;Korra/Asami Sato;Korra (Avatar), Asami Sato;Alternate Universe - Modern Setting, Alternate Universe - College/University, Strangers to Lovers;English;2015-01-23;Updated;2016-10-14;24442;32/?;224;693;61;20665
3282134;What the Heart Wants;Mature;F/F;Avatar: Legend of Korra;Korra/Asami Sato, Bolin/Opal (Avatar), Jinora/Kai (Avatar);Korra (Avatar), Asami Sato, Bolin (Avatar), Jinora (Avatar), Kuvira (Avatar), Opal (Avatar), Kai (Avatar), Ikki (Avatar), Meelo (Avatar), Tenzin (Avatar);Alternate Universe - Modern Setting, Drama & Romance, Cross-Posted on FanFiction.Net, Korrasami - Freeform, Angst, Sexual Humor, Martial Arts, Rating May Change, Rating: M, Love Confessions, Female Character of Color, Lesbian Sex, Canon Lesbian Relationship, Bisexual Character, Bisexual Female Character, POV First Person, POV Bisexual Character, Present Tense;English;2015-02-03;Completed;2015-04-23;66684;30/30;360;693;129;20461
4018690;A Needle in the Haystack;Mature;F/F, F/M;Avatar: Legend of Korra;Korra/Asami Sato;Korra (Avatar), Asami Sato, Lin Beifong, Tenzin (Avatar), Mako (Avatar), Bolin (Avatar), Tarrlok (Avatar);Korrasami - Freeform, Bending, Romance;English;2015-05-27;Updated;2015-10-23;30460;13/?;110;690;34;8191
2858828;Words That Begin With 'T';General Audiences;F/F;Avatar: Legend of Korra;Korra/Asami Sato;Korra (Avatar), Asami Sato;;English;2014-12-26;Completed;2014-12-26;928;1/1;26;687;56;8960
4741430;Games We Play;Mature;F/F;Avatar: Legend of Korra;Korra/Asami Sato;Korra (Avatar), Asami Sato, Opal (Avatar), Kuvira (Avatar), Bolin (Avatar), Mako (Avatar), Team Avatar (Legend of Korra);Korrasami - Freeform, Alternate Universe - Modern Setting, Alpha/Beta/Omega Dynamics, Omegaverse, avatar korra - Freeform, asami sato - Freeform, Triggers, warning, trigger warning;English;2015-09-06;Updated;2016-02-29;34196;16/?;141;686;60;23013
4704503;Light Me Up;Teen And Up Audiences;F/F;Avatar: Legend of Korra;Korra/Asami Sato;Korra (Avatar), Asami Sato, Opal (Avatar), Senna (Avatar);Gap Filler, Friendship, Canon Compliant, Pining, Developing Relationship;English;2015-09-01;Completed;2015-09-20;8384;3/3;66;686;44;4411
4768895;A Second Glance, Book 4;Mature;F/F;Avatar: Legend of Korra;Korra/Asami Sato;Korra (Avatar), Asami Sato, Team Avatar (Legend of Korra);Drama & Romance, Action/Adventure;English;2015-09-10;Completed;2015-10-14;31658;10/10;137;675;22;8146
3302024;The College of the Holy and Undivided Elements;Mature;F/F;Avatar: Legend of Korra;Korra/Asami Sato;Korra (Avatar), Asami Sato, Opal (Avatar), Tenzin (Avatar), Mako (Avatar), Tonraq (Avatar), Senna (Avatar), Suyin Beifong, Jinora (Avatar), Bolin (Avatar);Alternate Universe - Modern Setting;English;2015-02-06;Completed;2015-03-22;15961;7/7;49;673;51;6945
4600479;How Our Hearts Are Worn;General Audiences;F/F;Avatar: Legend of Korra;Korra/Asami Sato;Asami Sato, Korra (Avatar), Tenzin (Avatar), Pema (Avatar), Ikki (Avatar);Gap Filler, Friendship, Pining, Fluff without Plot, Canon Compliant;English;2015-08-18;Completed;2015-08-18;3896;1/1;12;673;26;3434
3800059;Extras;Teen And Up Audiences;F/F;Avatar: Legend of Korra;Korra/Asami Sato;Korra (Avatar), Asami Sato;Alternate Universe- No Supernatural, Alternate Universe - Modern Setting, Eventual Romance, Slow Burn, Slice of Life;English;2015-04-22;Updated;2015-11-08;19458;6/?;89;672;30;5853
3147311;Aftermath;Teen And Up Audiences;F/F;Avatar: Legend of Korra;Korra/Asami Sato, Varrick/Zhu Li, Jinora/Kai (Avatar), Mako/Prince Wu (Avatar);Tenzin (Avatar), Raiko (Avatar), Iroh II (Avatar), Original Characters, Naga (Avatar), Lin Bei Fong, Buttercup Raiko, Bumi II (Avatar), Pema;Post-Canon, Canon Queer Character, Canon Queer Character of Color, Canon Queer Relationship;English;2015-01-09;Completed;2015-02-04;47665;9/9;25;666;27;10281
5260817;In Victory and Defeat;Explicit;F/F;Avatar: Legend of Korra;Korra/Asami Sato, Korra/Kuvira;Korra (Avatar), Asami Sato, Kuvira (Avatar), Mako (Avatar), Tenzin (Avatar), Prince Wu (Avatar), Zaheer (Avatar);Shameless Smut, Magic Cock, Alpha/Beta/Omega Dynamics, but only sort of, Come Shot, Humiliation, Depression, Dubious Consent, Hurt/Comfort, Hate Sex, Alternate Universe - Canon Divergence, Masturbation, G!P, Vaginal Fingering, First Kiss, Friends to Lovers, Cunnilingus, Blow Jobs, Recovery, Emotional Hurt/Comfort;English;2015-11-22;Completed;2016-04-14;54206;18/18;224;665;60;28216
2439134;Mischief and Mishaps;Explicit;F/F;Avatar: Legend of Korra;Korra/Asami Sato;Korra (Avatar), Asami Sato, Team Avatar (Legend of Korra), Bolin (Avatar), Mako (Avatar), Lin Bei Fong;Romance, Fluff, Angst, Drama, Humor, smutty smut smut, Smut;English;2014-10-11;Updated;2015-06-12;23907;11/?;57;662;54;16398
5860378;The Way I Am (or The Art of Asami Sato and Opal Beifong);Not Rated;F/F;Legend of Korra, Avatar: The Last Airbender;Korra/Asami Sato, Jinora/Opal (Avatar), Bolin/Original Character, Baatar Jr./Kuvira (Avatar);Korra, Asami, Hiroshi Sato, Opal, Jinora, Kuvira, Mako, Bolin, Tenzin, Lin Beifong, Suyin Beifong, Original Characters, Suki, Yasuko Sato, Baatar Sr., Baatar Jr., The Lieutenant, Kya, Bumi;Art Museum AU, Equalist Asami Sato, vlog au, Soulmate AU, College AU, Aged up characters, Eventual Romance, Slow Build;English;2016-01-31;Completed;2016-04-01;234640;101/101;711;661;54;21149
2835530;Be Good To Her;General Audiences;F/F;Avatar: Legend of Korra;Korra/Asami Sato, Asami Sato & Tonraq;Asami Sato, Korra (Avatar), Tonraq (Avatar), Katara (Avatar);Asami gets flustered easily, Tonraq's a papa wolf, And Naga's an adorable drooly puppy that weighs a few tons;English;2014-12-23;Completed;2014-12-23;1023;1/1;17;659;13;4612
765242;Office Space;Explicit;F/F;Avatar: Legend of Korra;Korra/Asami Sato;Korra (Avatar), Asami Sato;;English;2013-04-18;Completed;2013-04-18;6308;1/1;7;658;68;14681
3251657;The Getaway Garage;Mature;F/F;Avatar: Legend of Korra;Korra/Asami Sato;Korra (Avatar), Asami Sato;;English;2015-01-29;Updated;2016-10-28;36629;14/?;258;653;74;14896
3061304;Iroh Needs to Be More Specific;Teen And Up Audiences;F/F;Avatar: Legend of Korra;Korra/Asami Sato;Korra (Avatar), Asami Sato;Cross-Posted on FanFiction.Net;English;2014-12-30;Completed;2014-12-30;3806;1/1;16;650;34;3942
5604472;Auld Lang Syne;Teen And Up Audiences;F/F;Avatar: Legend of Korra;Korra/Asami Sato;;Alternate Universe - Modern Setting;English;2016-01-01;Completed;2016-01-04;5204;3/3;65;648;43;4509
3167933;Meet the Parents;Teen And Up Audiences;F/F;Avatar: Legend of Korra;Korra/Asami Sato;Asami Sato, Korra (Avatar), Senna (Avatar), Tonraq (Avatar), Katara (Avatar);Femslash, Established Relationship, Canon LGBTQ Female Character, Bisexual Female Character of Color, Family Fluff;English;2015-01-12;Completed;2015-01-12;9950;1/1;19;648;34;7710
3114158;The Domestic Scene;Teen And Up Audiences;F/F;Avatar: Legend of Korra;Korra/Asami Sato;Asami Sato, Korra (Avatar);Femslash, Established Relationship, Canon Lesbian Relationship, Bisexual Female Character, LGBTQ Female Character of Color, Domestic Fluff;English;2015-01-04;Completed;2015-01-04;4273;1/1;13;642;22;7592
2830496;Healing;General Audiences;F/F;Avatar: Legend of Korra;Korra/Asami Sato;;Post-Finale;English;2014-12-23;Completed;2014-12-23;1022;1/1;8;639;49;5589
3577572;Model Behavior;Teen And Up Audiences;F/F, Gen, F/M;Avatar: Legend of Korra;Korra/Asami Sato, Korra & Mako (Avatar), Bolin & Korra (Avatar), Korra & Asami Sato, Mako & Asami Sato, Bolin & Asami Sato, Lin Beifong & Tenzin, Asami Sato & Original Female Character, Korra & Kuvira (Avatar), Opal & Asami Sato;Korra (Avatar), Asami Sato, Mako (Avatar), Bolin (Avatar), Opal (Avatar), Original Characters, Original Female Character(s), Original Male Character(s), Tenzin (Avatar), Lin Beifong, Pema (Avatar), Tahno (Avatar), Hiroshi Sato, Iroh II (Avatar), Team Avatar (Legend of Korra), Kuvira;Alternate Universe - Modern Setting, Alternate Universe - High School, Cross-Posted on FanFiction.Net, Slow Build, Slow Burn, Slow Romance, Bullying, Roommates, Triggers, trigger warning, Slice of Life;English;2015-03-20;Updated;2016-09-06;125991;36/?;221;637;74;23456
3894148;Speak Now Or Forever Hold Your Peace;Mature;Multi;Avatar: Legend of Korra;Korra/Asami Sato, Bolin/Opal (Avatar), Mako/Asami Sato, Jinora/Kai (Avatar);Korra (Avatar), Asami Sato, Bolin (Avatar), Mako (Avatar), Jinora (Avatar), Kuvira (Avatar), Kai (Avatar), Opal (Avatar);Alternate Universe, Omega Verse;English;2015-05-07;Completed;2015-05-12;15041;8/8;82;627;40;12446
6139396;Frozen Pizza;Teen And Up Audiences;F/F;Avatar: Legend of Korra;Korra/Asami Sato, very minor Bolin/Opal;Korra (Avatar), Asami Sato, Opal (Avatar), Bolin (Avatar), Mako (Avatar);Alternate Universe - Modern Setting, Alternate Universe - College/University, Fluff, Pizza, Korra and Asami are both big blushing nerdy dorks, send help;English;2016-03-01;Completed;2016-03-04;4659;3/3;102;626;55;5264
4559937;Yogasami;Teen And Up Audiences;F/F;Avatar: Legend of Korra;Korra/Asami Sato;Korra (Avatar), Asami Sato, Opal (Avatar);Yoga Instructor!Asami;English;2015-08-12;Completed;2015-08-12;2814;1/1;28;626;27;4193
4229817;When You Laugh, I Forget About the Sky;Teen And Up Audiences;F/F;Avatar: Legend of Korra;Korra/Asami Sato, Mako & Asami Sato;Asami Sato, Korra (Avatar), Mako (Avatar), Bolin (Avatar);Alternate Universe - College/University, Platonic Masami, Pining, I wrote this in 2014 when Korrasami College AUs were actually rare?, Mako & Asami are angsty broody dorks w/ parental issues, Korra & Bolin are Too Pure and Good for this world. They totally signed up for this., Fluff;English;2015-06-28;Updated;2015-10-03;7694;2/4;85;625;63;5881
3584889;Driving Lessons;Teen And Up Audiences;F/F;Avatar: Legend of Korra;Korra/Asami Sato;Korra (Avatar), Asami Sato;Fluff, Humor;English;2015-03-21;Completed;2015-03-21;1914;1/1;14;621;25;3794
3419894;Paradiddle;Teen And Up Audiences;F/F;Avatar: Legend of Korra;Korra/Asami Sato;Korra (Avatar), Asami Sato, Bolin (Avatar), Opal (Avatar), Mako (Avatar), Tenzin (Avatar), Kuvira (Avatar);Alternate Universe - Marching Band, Alternate Universe - High School, there's some Bopal;English;2015-02-23;Updated;2015-08-08;21151;4/5;115;617;51;5843
2808119;Icarus and the Sea;Teen And Up Audiences;F/M;Avatar: Legend of Korra;Varrick/Zhu Li;Varrick (Avatar), Zhu Li, Iknik Blackstone Varrick, Zhu Li Moon;;English;2014-12-20;Completed;2015-01-13;74733;41/41;339;617;140;15333
3431648;Dust Off My Clumsy Words;General Audiences;F/F;Avatar: Legend of Korra;Korra/Asami Sato;Korra (Avatar), Asami Sato, Bolin (Avatar);;English;2015-02-25;Completed;2015-02-25;10562;1/1;38;616;61;5488
3131165;The Key to Courtship;Teen And Up Audiences;F/F;Avatar: Legend of Korra;Korra/Asami Sato;Korra (Avatar), Asami Sato, Naga (Avatar);Alternate Universe - Modern Setting;English;2015-01-06;Updated;2015-04-08;8351;7/?;111;615;52;9088
2629493;No Place I'd Rather Be;Explicit;F/F;Avatar: Legend of Korra;Korra/Asami Sato;Korra (Avatar), Asami Sato;;English;2014-11-19;Completed;2014-11-19;3892;1/1;25;615;70;11459
3062210;Bedrolls;Teen And Up Audiences;F/F;Avatar: Legend of Korra;Korra/Asami Sato;Korra (Avatar), Asami Sato;Naga, Other Additional Tags to Be Added, Canon Pairing, Relationship(s), Friendship, Developing Relationship, Bedrolls, Vacation;English;2014-12-30;Completed;2014-12-30;4120;1/1;46;613;42;9293
3611634;Faked It, Then We Made It;General Audiences;F/F;Avatar: Legend of Korra;Korra/Asami Sato;Korra (Avatar), Asami Sato;prompt, Fluff, Fake/Pretend Relationship, Faking It - Freeform;English;2015-03-25;Completed;2015-03-25;2638;1/1;33;612;66;5930
4003024;Cyrano: To Asami, With Love;Teen And Up Audiences;F/F;Avatar: Legend of Korra;Korra/Asami Sato, Korra & Asami Sato, Korra & Kuvira (Avatar), Bolin & Asami Sato, Korra & Mako (Avatar), Mako & Asami Sato, Opal & Asami Sato;Korra (Avatar), Asami Sato, Kuvira (Avatar), Bolin (Avatar), Mako (Avatar), Opal (Avatar), Baatar Jr. (Avatar), Pema (Avatar), Tenzin (Avatar), Hiroshi Sato, Ikki (Avatar), Jinora (Avatar), Meelo (Avatar), Rohan (Avatar);Alternate Universe - Modern Setting, Modern Era, Alternate Universe - No Bending, Slow Build, Slow Burn, Slow Romance, Romance, Alternate Universe - College/University, Cross-Posted on FanFiction.Net, Secret Identity, Secret Crush, Secret Admirer, Angst, Forgiveness;English;2015-05-25;Completed;2016-01-22;65957;25/25;261;611;49;13818
3636696;Let Your Colors Bleed;Teen And Up Audiences;F/F;Avatar: Legend of Korra;Korra/Asami Sato;Korra (Avatar), Asami Sato;Fluff;English;2015-03-29;Completed;2015-03-29;1235;1/1;13;605;43;4672
3443876;Taking Shots;Mature;F/F;Avatar: Legend of Korra;Korra/Asami Sato;Korra (Avatar), Asami Sato;Alternate Universe - Bar/Pub;English;2015-02-27;Completed;2015-02-27;7803;1/1;11;604;57;4958
3152000;An Act of Kindness;Teen And Up Audiences;F/F;Avatar: Legend of Korra;Korra/Asami Sato;Korra (Avatar), Asami Sato, Mako (Avatar), Bolin (Avatar);Alternate Universe - Modern Setting, Alternate Universe - Homeless, Femslash;English;2015-01-10;Completed;2015-02-10;10838;6/6;36;603;41;7479
4745642;If You Love These People;Mature;F/F, F/M;Avatar: Legend of Korra;Korra/Asami Sato, Amon/Asami Sato, Lin Beifong/Kya II;Korra (Avatar), Asami Sato, Amon (Avatar), Lieutenant (Avatar), Hiroshi Sato, Mako (Avatar), Bolin (Avatar), Lin Beifong, Kya II (Avatar), Suyin Beifong, Tenzin (Avatar), Kuvira (Avatar), Opal (Avatar), Zaheer (Avatar);Total Book One AU, Equalist!Asami, Soulmate Pain AU, Autistic!Korra, Blood, Violence, Gore, Angst, Amon is three years older than Asami, Tarrlok is the older brother, Tragedy;English;2015-09-07;Updated;2015-12-05;128042;16/?;209;602;44;12079
6102307;Roommates;Mature;F/F, F/M;Avatar: Legend of Korra;Korra/Asami Sato, Korrasami;Korra (Avatar), Asami Sato, Opal (Avatar);Friends to Lovers, Slow Burn, alternative universe, Alternate Universe - Modern Setting, Modern AU, Angst, Smut, Fluff, Depression, Trauma, Rape;English;2016-02-25;Completed;2016-04-08;44563;12/12;110;596;67;10324
2781713;In Which Asami Studies Historical Avatars;General Audiences;F/F;Avatar: Legend of Korra;Korra/Asami Sato, Bolin/Opal;Korra (Avatar), Asami Sato, Bolin (Avatar), Opal (Avatar);Queer Character, Gender Identity, Queer fictional history, Canon Queer Character, Canon Character of Color, Canon Queer Character of Color, Canon Queer Relationship;English;2014-12-16;Completed;2014-12-21;2500;2/2;24;592;41;8119
3159905;waiting for my chance to come;General Audiences;F/F;Avatar: Legend of Korra;Korra/Asami Sato;Korra (Avatar), Asami Sato, Team Avatar (Legend of Korra);korrasami wedding day;English;2015-01-11;Completed;2015-01-11;2060;1/1;18;590;36;4455
3291884;Have You Tried Turning It On And Off Again?;Teen And Up Audiences;F/F;Avatar: Legend of Korra;Korra/Asami Sato, Minor or Background Relationship(s), Bolin/Opal (Avatar);Korra (Avatar), Asami Sato, Mako (Avatar), Opal (Avatar), Bolin (Avatar);Alternate Universe - College/University;English;2015-02-05;Updated;2015-02-19;5446;2/?;64;589;58;8904
3572948;The Arts of Lying and Bending;Mature;F/F;Avatar: Legend of Korra;Korra/Asami Sato;Korra (Avatar), Asami Sato, Mako (Avatar), Kya II (Avatar), Tenzin (Avatar);Equalist!Asami, equalist and traitorous Asami, this is not going to be an easy fic, i'll have warnings before hand when things get harsh and they will get harsh, Asami is a master of lies and secrets;English;2015-03-19;Completed;2015-04-05;40975;20/20;170;587;81;11924
3465626;Heart;Teen And Up Audiences;F/F;Avatar: Legend of Korra;Korra/Asami Sato;Korra (Avatar), Asami Sato;Post-Finale;English;2015-03-02;Completed;2015-03-31;55261;20/20;240;585;61;14443
6628459;Chef's Table;Mature;F/F;Avatar: Legend of Korra;Korra/Asami Sato, Korrasami;Asami, Korra;Cooking, Chef!Korra, Producer!Asami, Food, alternative universe, AU, Modern AU, Alternate Universe - Modern Setting, Fluff, Smut, Film Producer, netflix, Chef's Table;English;2016-04-25;Updated;2016-09-10;31143;16/?;162;582;44;9595
4661751;An Over Realming Feeling;Explicit;F/F;Avatar: Legend of Korra;Korra/Asami Sato;Korra (Avatar), Asami Sato, Vaatu;Omegaverse, Alpha/Beta/Omega Dynamics, dragon - Freeform, Middle Ages, Knights - Freeform, Knotting, Sexual Content, Explicit Sexual Content, Oral Sex, Mating Cycles/In Heat, Mating Bond, Mating Rituals, Mating Bites;English;2015-09-08;Updated;2016-02-11;32896;17/?;123;579;42;21051
3755107;Scarred and Scared;Teen And Up Audiences;F/F;Avatar: Legend of Korra;Korra/Asami Sato;Korra (Avatar), Asami Sato;vague modern au, little wounds are shared between soulmate, Soulmates;English;2015-04-16;Completed;2015-04-16;7090;1/1;48;578;18;6008
3109334;One Hundred Different Kinds of Awkward;General Audiences;F/F;Avatar: Legend of Korra;Korra/Asami Sato;Korra (Avatar), Asami Sato, Bolin (Avatar), Mako (Avatar);Friendship, Coming Out;English;2015-01-04;Completed;2015-01-04;1278;1/1;9;577;16;5823
3699686;Sailing this Ship;Mature;F/F;Avatar: Legend of Korra;Korra/Asami Sato, Bolin/Opal (Avatar);Korra (Avatar), Asami Sato, Bolin (Avatar), Mako (Avatar), Opal (Avatar);Alternate Universe - Cruise Ship;English;2015-04-07;Updated;2015-07-27;30769;10/?;304;574;57;14665
3898090;Can I Make It Anymore Obvious;General Audiences;F/F;Avatar: Legend of Korra;Korra/Asami Sato;Tenzin (Avatar), Jinora (Avatar);Ballet, Skateboarding;English;2015-05-08;Completed;2015-12-24;13406;6/6;79;573;49;7865
5279159;The Next Chapters;Mature;F/F, F/M;Avatar: Legend of Korra;Korra/Asami Sato, Bolin/Opal (Avatar);Korra (Avatar), Asami Sato, Bolin (Avatar), Opal (Avatar), Tenzin (Avatar), Pema (Avatar), Mako (Avatar), Baatar Jr. (Avatar), Kuvira (Avatar), Jinora (Avatar), Senna (Avatar), Tonraq (Avatar), Suyin Beifong, Ikki (Avatar);;English;2015-11-24;Updated;2016-11-01;97348;23/?;80;571;59;13680
5796469;A Matter of Timing;Explicit;F/F;Avatar: Legend of Korra;Korra/Asami Sato;Korra (Avatar), Asami Sato, President Raiko;Shameless Smut, First Time, Omega Verse, Alpha/Beta/Omega Dynamics, Vaginal Sex, Knotting, Come Shot, Masturbation, Magic Cock, G!P, Alternate Universe - Canon Divergence, Omegaverse, Omega!Asami, Alpha!Korra, Prequel;English;2016-01-23;Completed;2016-01-23;6990;1/1;62;571;50;23609
3789511;Book 5: Light;Mature;F/F;Avatar: Legend of Korra;Korra/Asami Sato, Bolin/Opal (Avatar);Korra (Avatar), Asami Sato, Hiroshi Sato, Mako (Avatar), Bolin (Avatar), Tenzin (Avatar), Jinora (Avatar), Kuvira, Lin Beifong, Suyin Beifong, Opal (Avatar), Prince Wu (Avatar), Varrick (Avatar), Kai (Avatar);Angst, Soul-Searching, Not Actually Unrequited Love, Korrasami - Freeform, Canon Compliant, legend of korra - Freeform, Femslash, Romance, Adventure, Drama, Book 5, Fluff;English;2015-04-22;Updated;2015-12-02;228899;36/?;229;570;63;14270
3594630;The Avatar vs. The Metal Princess;Teen And Up Audiences;F/F;Avatar: Legend of Korra;Korra/Asami Sato, Lin Beifong/Kya II;Korra (Avatar), Asami Sato, Kya II (Avatar), Lin Beifong, Bolin (Avatar), Opal (Avatar), Jinora (Avatar), Meelo (Avatar), Ikki (Avatar), Tenzin (Avatar), Pema (Avatar);Fluff, Family Fluff, Femslash;English;2015-03-22;Completed;2015-03-22;3870;1/1;2;560;21;3684
3427532;Fess up;General Audiences;F/F;Avatar: Legend of Korra;Korra/Asami Sato;Korra (Avatar), Asami Sato;Romance, Fluffy;English;2015-02-24;Completed;2015-02-24;1483;1/1;15;559;26;3769
7330045;Deep Tissue;Explicit;F/F;Avatar: Legend of Korra;Korra/Asami Sato;Korra, Asami Sato;masseuse!korra, CEO!Asami, Korrasami - Freeform, Vanilla, Fluff, awkward dorks, Massage, massage therapist au, Fingering, Oral Sex, Accidental Orgasm, consent is fully obtained, everything is ethical, Vaginal Fingering, Female Ejaculation, they're girlfriends by the end come on, Alternate Universe - Modern Setting, Non-bending AU, No Bending, Modern AU;English;2016-06-28;Completed;2016-06-28;7550;1/1;73;559;56;7910
3372182;Quick Bright Things;Teen And Up Audiences;F/F;Avatar: Legend of Korra;Korra/Asami Sato;Korra (Avatar), Asami Sato, Mako (Avatar), Eska (Avatar);Fake Marriage, Humor, Unrequited Love, Alternate Universe - Modern Setting, Angst;English;2015-02-16;Completed;2015-03-13;8971;18/18;61;558;53;12666
3759565;Stars Guide Us Home;Teen And Up Audiences;F/F;Avatar: Legend of Korra;Korra/Asami Sato, Baatar Jr./Kuvira (Avatar);Asami Sato, Korra (Avatar), Mako (Avatar), Kuvira (Avatar), Baatar Jr. (Avatar), Jinora (Avatar);"Alternate Universe - Future, Near Future, Alternate Universe - Space, Mission to Mars, In The Year 2035, Alternate Universe - Modern Setting, Astronauts, Plot First; Romance Third";English;2015-04-16;Completed;2015-06-09;19613;10/10;116;558;46;7426
3118409;The Legend of Korra: The Schism;Teen And Up Audiences;F/F, F/M, Gen;Avatar: Legend of Korra;Korra/Asami Sato, Bolin/Opal Bei Fong;Korra (Avatar), Asami Sato, Mako (Avatar), Bolin (Avatar), Tenzin (Avatar), Opal Bei Fong, Lin Bei Fong, Hiroshi Sato, Amon, Unalaq (Avatar), Vaatu, Raava, Zaheer, Kuvira, Varrick, Zhu Li, others - Character;Korrasami - Freeform, AU, No Bending, Romance, Action, Adventure, Alternate Universe, Others - Freeform;English;2015-01-05;Updated;2016-11-01;205607;42/?;82;556;67;18419
3990121;Fix You Up;General Audiences;F/F;Avatar: Legend of Korra;Korra/Asami Sato;Korra (Avatar), Asami Sato, Mako (Avatar), Opal (Avatar);Alternate Universe - Modern Setting, Alternate Universe - Firefighters, Doctor/Patient;English;2015-05-23;Completed;2015-05-23;1987;1/1;26;556;23;3844
3095768;Love Will Tear us Apart Again;Teen And Up Audiences;F/F, Gen;Avatar: Legend of Korra;Korra/Asami Sato;Asami Sato, Kuvira, Korra (Avatar);;English;2015-01-02;Completed;2015-01-11;17049;9/9;98;553;50;11277
3317360;Of Alphas and Omegas;Mature;F/F;Avatar: Legend of Korra;Korra/Asami Sato, Senna/Tonraq (Avatar);Asami Sato, Korra (Avatar), Tenzin (Avatar), Tonraq (Avatar), Senna (Avatar), Kya II (Avatar), Katara (Avatar), others - Character;Omegaverse, Alpha/Beta/Omega Dynamics, Knotting, Accidental Knotting, Mating Cycles/In Heat, Alpha!Korra, Omega!Asami, Unplanned Pregnancy, Post Season 3 Finale;English;2015-02-09;Updated;2015-04-26;43208;9/?;66;552;74;18820
3016766;Korrasami Stories;Not Rated;F/F, F/M, M/M, Multi;Avatar: Legend of Korra;Korra/Asami Sato, Bolin/Opal, Tenzin/Pema, others;Korra (Avatar), Asami Sato, Mako (Avatar), Bolin (Avatar), Lin Bei Fong, Suyin Beifong, Beifong Family, Kya II (Avatar), Bumi, others - Character;Tumblr Prompts, One-Shots, Romance, Canon Relationships, AU, Some mature chapters;English;2014-12-30;Updated;2015-04-18;42782;83/?;91;550;50;14374
6666487;Protect Me;Mature;F/F;Avatar: Legend of Korra;Korra/Asami Sato;Korra (Avatar), Asami Sato, Hiroshi Sato, Kuvira (Avatar), Opal (Avatar), Jinora (Avatar), Naga (Avatar), Tenzin (Avatar), Varrick (Avatar), Zhu Li Moon, Mako (Avatar), Bolin (Avatar);Alternate Universe - Modern Setting, PTSD Korra, Alternate Universe - Bodyguard, Bodyguard, Angst;English;2016-04-26;Updated;2016-11-01;36874;10/?;141;548;57;10702
3388931;Living Spaces;Teen And Up Audiences;F/F, F/M, Gen;Avatar: Legend of Korra;Korra/Asami Sato, Bolin/Opal (background), Implied Mako/Wu, well more of a joke about it really;Korra (Avatar), Team Avatar (Legend of Korra), Asami Sato, Bolin (Avatar), Tenzin (Avatar), Cameo appearance by Mako;Domestic, as domestic as it gets really, the avatar goes apartment hunting, and there is fluff, And Friendship, and feelings, and comedy hopefully, Friendship, Bolin & Korra friendship especially;English;2015-02-18;Completed;2015-02-18;7647;1/1;13;546;32;4506
4315212;Out Alee;Teen And Up Audiences;F/F;Avatar: Legend of Korra;Korra/Asami Sato;Korra (Avatar), Asami Sato, Opal (Avatar);Alternate Universe - Modern Setting, they go to a water park?;English;2015-07-11;Completed;2015-07-11;7066;1/1;31;543;38;2775
4633485;let me in (i need to steal your roommate's bed);Teen And Up Audiences;F/F;Avatar: Legend of Korra;Korra/Asami Sato;Korra (Avatar), Asami Sato, Opal (Avatar), Kuvira (Avatar);Alternate Universe - College/University, Fluff, sappy nerds, this author is trash for fluff;English;2015-08-22;Completed;2015-08-22;4469;1/1;26;543;30;4001
3902050;Slavery;Mature;F/F;Avatar: Legend of Korra;Korra/Asami Sato, OC/Korra;Korra (Avatar), Asami Sato, OC - Character, Tonraq (Avatar);Korrasami - Freeform;English;2015-05-08;Updated;2016-07-13;63159;28/?;447;543;37;14868
695393;Not Coming Back;Explicit;F/F;Avatar: Legend of Korra;Korra/Asami Sato;Korra, Asami Sato;;English;2013-02-22;Completed;2013-02-22;8119;1/1;11;542;76;16885
444970;make me your radio;General Audiences;M/M;Avatar: Legend of Korra;Iroh II/Bolin;Iroh II, Bolin, Korra, Mako, Jinora;Angst, Fluff, Pining;English;2012-06-27;Completed;2012-07-06;24605;6/6;143;539;111;10816
4772270;Bloody Vampires;Explicit;F/F;Avatar: Legend of Korra;Korra/Asami Sato;Korra, Asami Sato, Kuvira (Avatar), Iroh II (Avatar);Alternate Universe - Vampire, Modern AU, Alternate Universe - College/University, Humor, useless bisexual vampire, Plot What Plot, please dont take this seriously, not your typical regal vampire, dubious fluff, Supernatural Creatures, Major Character Undeath, sort of cute?, sort of slow burn;English;2015-09-10;Updated;2016-05-14;23149;13/?;268;534;44;10412
1120405;The Lonely Bench;Teen And Up Audiences;F/F;Avatar: Legend of Korra;Korra/Asami Sato;Korra, Asami Sato, Meelo (Avatar), Ikki (Avatar), Jinora (Avatar);Alternate Universe - Modern: Still Have Powers, New Year's Eve;English;2014-01-05;Completed;2014-01-05;5340;1/1;4;534;42;4723
3645525;Seven Minutes;Teen And Up Audiences;F/F;Avatar: Legend of Korra;Korra/Asami Sato;Korra (Avatar), Asami Sato;seven minutes in heaven au;English;2015-03-30;Completed;2015-05-26;2010;2/2;31;533;27;4891
3975538;Nightwatch;Explicit;F/F;Avatar: Legend of Korra;Korra/Asami Sato, Korra/Kuvira/Asami Sato;Korra (Avatar), Asami Sato, Kuvira (Avatar), Tonraq (Avatar), Senna (Avatar), Hiroshi Sato;Alternate Universe - Bodyguard, Alternate Universe - Modern Setting, consensual voyeurism, Masturbation, CCTV, Threesome - F/F/F, polyamory - sort of, Strippers & Strip Clubs, Sex Toys, Sex, Strap-Ons, some angst in later chapters, Chapter 8 has been rewritten to be better, Smut;English;2015-05-21;Updated;2016-05-20;48400;8/?;179;533;51;20389
2421665;Could you repeat that?;Teen And Up Audiences;F/F;Avatar: Legend of Korra;Korra/Asami Sato;Korra (Avatar), Asami Sato;TW: Panic Attacks;English;2014-10-08;Updated;2015-07-27;28787;17/?;132;532;57;15832
5737003;Why don't you be you and I'll be me?;Explicit;F/F;Avatar: Legend of Korra;Korra/Asami Sato;;Ex Lovers, ex lovers to friends, Friends to Lovers, Angst, Fluff;English;2016-01-16;Completed;2016-02-23;22642;16/16;235;530;36;12310
3521963;Spontaneous Night Drives and Leftovers;Teen And Up Audiences;F/F;Avatar: Legend of Korra;Korra/Asami Sato;Korra (Avatar), Asami Sato, Bolin (Avatar), Mako (Avatar), Opal (Avatar), Team Avatar (Legend of Korra);Alternate Universe - College/University, Alternate Universe - Modern Setting, Alternate Universe - No Bending, Late Night Conversations;English;2015-03-11;Updated;2015-05-29;13589;3/4;50;528;40;5997
3384017;I'm high on Believing (that you're in love with me);Teen And Up Audiences;F/F;Avatar: Legend of Korra;Korra/Asami Sato;Korra (Avatar), Asami Sato;;English;2015-02-18;Completed;2015-02-18;2398;1/1;19;522;57;4093
2794748;Nightmares and Daydreams;Teen And Up Audiences;F/F;Avatar: Legend of Korra;Korra/Asami Sato;Korra (Avatar), Asami Sato;;English;2014-12-18;Completed;2014-12-18;66153;14/14;26;522;42;8443
457402;Body Language;Teen And Up Audiences;F/F;Avatar: Legend of Korra;Korra/Asami Sato;Korra (Avatar), Asami Sato, Bolin (Avatar), Mako (Avatar);post book 1, Fluff, First Kiss;English;2012-07-11;Completed;2012-07-11;3395;1/1;15;521;54;5799
2255403;Getting it Right;Explicit;F/F;Avatar: Legend of Korra;Korra/Asami Sato;Korra (Avatar), Asami Sato, Mako (Avatar), Bolin (Avatar), Opal (Avatar), Ikki (Avatar), Meelo (Avatar), Pema (Avatar);Post Book 3: Change, Asami POV;English;2014-09-04;Completed;2014-09-04;6953;1/1;19;521;43;13400
3357095;Facing Fears;Explicit;F/F;Legend of Korra;Korrasami, Korra/Asami Sato;Korra, Asami Sato;Bondage, Femslash, Toys, Strap-Ons, rope, D/s;English;2015-02-15;Completed;2015-02-15;4868;1/1;16;520;38;16332
3897100;Operation 26;Explicit;F/F;Avatar: Legend of Korra;Korra/Asami Sato;Korra (Avatar), Asami Sato;Alpha/Beta/Omega Dynamics, Omega Verse, Lady-cock, Clit-cock, Knotting, Implied/Referenced Slavery (Very mild), Explicit Sexual Content, Smut, Inexplicable Ejaculating Clit Cock;English;2015-05-08;Completed;2015-05-08;9608;1/1;23;517;55;14399
2890448;Family Ties;Teen And Up Audiences;F/F;Avatar: Legend of Korra;Korra/Asami Sato;Korra (Avatar), Asami Sato;;English;2014-12-28;Completed;2015-02-03;32697;6/6;66;515;45;7724
4202367;The Road to Redemption is Hard Fought;Teen And Up Audiences;Gen, F/F, F/M, M/M;Avatar: Legend of Korra, Avatar: The Last Airbender;Korra/Kuvira, Lin Beifong/Kya II, Bolin/Opal (Avatar), Varrick/Zhu Li Moon, Asami Sato/Original Female Character(s), Azula/Original Character(s), Mai/Zuko (Avatar);Kuvira (Avatar), Lin Beifong, Suyin Beifong, Korra (Avatar), Asami Sato, Tenzin (Avatar), Jinora (Avatar), Baatar Sr. (Avatar), Wing (Avatar), Wei (Avatar), Huan (Avatar), Bolin (Avatar), Opal (Avatar), Iroh, Mako (Avatar), Kya II (Avatar), Zaheer (Avatar), Hong Li (Avatar), Baatar Jr. (Avatar), Varrick (Avatar), President Raiko, Bumi II (Avatar), Toph Beifong, Ikki (Avatar), Meelo (Avatar), Kai (Avatar), Izumi (Avatar), Zuko, Azula (Avatar), Eska (Avatar), Desna (Avatar), Katara (Avatar), Tonraq (Avatar), Senna (Avatar), Iroh II (Avatar), Pema (Avatar), Rohan (Avatar), Naga (Avatar), Wan Shi Tong, Koh (Avatar), Professor Zei (Avatar), Mai (Avatar), Zhu Li Moon, Prince Wu (Avatar), Ty Lee (Avatar), Ozai (Avatar), Unalaq (Avatar), Ming-Hua (Avatar), P'li (Avatar), Ghazan (Avatar), Amon (Avatar), Tarrlok (Avatar), Sokka (Avatar), Raava, Suki (Avatar), Pabu (Avatar), Aang (Avatar), Roku (Avatar), Kyoshi (Avatar), Kuruk (Avatar), Shiro Shinobi;Post-Finale, Alternate Universe - Canon Divergence;English;2015-06-25;Completed;2016-05-29;705822;152/152;920;515;39;23761
3071441;The Avatar and the CEO;Explicit;F/F;Avatar: Legend of Korra;Korra/Asami Sato;Korra (Avatar), Asami Sato, Tenzin (Avatar), Iroh II (Avatar), Lin Bei Fong, Bolin (Avatar), Mako (Avatar);;English;2014-12-31;Updated;2015-01-31;15024;6/?;28;512;43;9098
4134126;to keep and be kept;General Audiences;F/F;Avatar: Legend of Korra;Korra/Asami Sato;Asami Sato, Korra (Avatar), Bolin (Avatar), Tonraq (Avatar), Senna (Avatar);Nonbinary Character, Trans Character;English;2015-06-14;Completed;2015-06-14;3975;1/1;12;505;33;5009
3845605;Bodyguard;Explicit;F/F;Avatar: Legend of Korra;Korra/Asami Sato;Korra (Avatar), Asami Sato, Hiroshi Sato;Alternate Universe - Bodyguard, Bodyguard, Alternate Universe - Modern Setting, Alternate Universe, Alternate Universe - No Bending;English;2015-04-29;Completed;2015-06-19;9770;3/3;45;505;55;11530
5087041;Inside the Minds of Republic City's Most Influential;General Audiences;F/F;Avatar: Legend of Korra;Korra/Asami Sato;Asami Sato, Original Character, Korra (Avatar);Interview, News Media, Character Study;English;2015-10-27;Completed;2016-08-25;5705;3/3;60;503;25;3925
2391920;Stand on the Horizon;Teen And Up Audiences;F/F;Avatar: Legend of Korra;Korra/Asami Sato;Korra (Avatar), Asami Sato, Lin Bei Fong, Suyin Beifong, Mako (Avatar), Bolin (Avatar), Jinora (Avatar), Opal Beifong;Romance, The Drift (Pacific Rim), Drift Compatibility, Ghost Drifting, Jaegers (Pacific Rim), Kaiju (Pacific Rim), Alternate Universe - Pacific Rim Fusion, Pacific Rim AU, Past Character Death;English;2014-10-02;Completed;2015-02-17;61519;15/15;114;501;78;12929
4080571;Field Testing;Explicit;F/F;Avatar: Legend of Korra;Korra/Asami Sato, Korrasami;Korra (Avatar), Asami Sato;Light Bondage, D/s, Avatar State, Bending (Avatar), primal, Strap-Ons, Sex Magic, Magic Cock, basically she makes a dildo because bending is great, Femslash, how many tags do I actually need?, Bondage, Spirit World;English;2015-06-05;Completed;2015-06-05;3694;1/1;28;501;41;16553
2441375;You Can't Fix Everything;General Audiences;F/F;Avatar: Legend of Korra;Korra/Asami Sato;Asami Sato, Mako (Avatar), Order of the White Lotus - Character, Tahno (Avatar), Lin Bei Fong, Korra (Avatar), Naga (Avatar), Jinora (Avatar);Not A Fix-It, implied PTSD, Heartache, Canon Compliant, Pre-Relationship, Asami is Noodles;English;2014-10-12;Completed;2014-10-12;5754;1/1;42;500;42;10955
4675661;Senior Year;Mature;F/F, F/M, M/M;Avatar: Legend of Korra;Korra/Asami Sato, Mako/Prince Wu (Avatar), Bolin/Opal (Avatar);Korra (Avatar), Asami Sato, Mako (Avatar), Bolin (Avatar), Opal (Avatar), Hiroshi Sato, Kuvira (Avatar), Lin Beifong, Kya II (Avatar), Tenzin (Avatar), Jinora (Avatar), Tonraq (Avatar), Senna (Avatar), Prince Wu (Avatar);Alternate Universe - College/University;English;2015-08-28;Completed;2015-11-06;36535;14/14;151;498;36;10009
2467499;Destruct;Explicit;F/F;Avatar: Legend of Korra;Kuvira/Opal;Opal Beifong, Kuvira;Angst, Romance, Slow Build;English;2014-10-19;Completed;2016-01-03;105191;40/40;130;498;41;9635
3528416;You Were Looking At Me;Teen And Up Audiences;F/F;Avatar: Legend of Korra;Korra/Asami Sato;Korra (Avatar), Asami Sato;;English;2015-03-12;Completed;2015-03-12;1725;1/1;20;498;22;4602
4771958;not an old creepy man (but not your ex either);Teen And Up Audiences;F/F;Avatar: Legend of Korra;Korra/Asami Sato;Korra (Avatar), Asami Sato;Drunk Texting, Alternate Universe - College/University, no regrets, dumb booty calls;English;2015-09-10;Updated;2015-10-29;6776;3/?;76;498;21;4757
3125417;Fifteen Years;Teen And Up Audiences;F/F, Gen, Other;Avatar: Legend of Korra;Korra/Asami Sato;Korra (Avatar), Asami Sato, Jinora (Avatar);;English;2015-01-06;Completed;2015-01-06;2820;1/1;52;498;65;6862
3486491;We Are Not Who We Seem;Mature;F/F;Avatar: Legend of Korra;Korra/Asami Sato;Korra (Avatar), Asami Sato, Mako (Avatar), Hiroshi Sato, Amon (Avatar), Bolin (Avatar);Equalist!Asami, Alternate Universe, Slow Burn;English;2015-03-05;Updated;2016-03-21;51997;9/?;123;498;53;9495
2847797;Four Times Korra and Asami had to Explain their Relationship and One Time they Didn't;General Audiences;F/F;Avatar: Legend of Korra;Korra/Asami Sato;Korra (Avatar), Asami Sato, Bolin (Avatar), Mako (Avatar), Tenzin (Avatar), Jinora (Avatar), Pema (Avatar), Tonraq (Avatar), Senna (Avatar);;English;2014-12-25;Completed;2014-12-25;1472;1/1;25;497;23;7674
4803422;History: Part II;Mature;F/F, F/M, Gen;Avatar: Legend of Korra;Korra/Asami Sato, Senna/Tonraq (Avatar);Korra (Avatar), Naga (Avatar), Tonraq (Avatar), Senna (Avatar), Asami Sato, Hiroshi Sato, Order of the White Lotus - Character, Kya II (Avatar), Katara (Avatar);Korrasami - Freeform, legend of korra - Freeform, Angst, Whump, Femslash, Not Canon Compliant - The Legend of Korra, Alternate Universe - Canon Divergence, Sort of an AU, Slow Build, Slow Burn, Like really slow, korra whump, asami whump, Original Character(s), out the wazoo, Minor Character Death, Hurt/Comfort, Emotional Hurt/Comfort, Not putting too much more until we get more into the story, also, I AM SORRY, as usual, Elements, Installment II, Part II, History, Chemistry, Series, less tags than before, For reasons;English;2015-09-15;Completed;2016-03-05;130454;41/41;1058;495;23;10300
3397787;Heavy Sleeper;General Audiences;F/F;Avatar: Legend of Korra;Korra/Asami Sato;Korra (Avatar), Asami Sato;Fluff, prompt;English;2015-02-20;Completed;2015-02-20;846;1/1;12;494;40;4046
4338308;Cognizance;General Audiences;F/F;Avatar: Legend of Korra;Korra/Asami Sato;Korra, Asami Sato, Opal (Avatar), Meelo (Avatar);Canon Compliant, post 4x08 or thereabouts, missing scenes maybe?;English;2015-07-14;Completed;2015-07-14;2282;1/1;24;490;23;2742
3943819;Homeless;Mature;F/F;Avatar: Legend of Korra;Korra/Asami Sato;Korra (Avatar), Asami Sato, Bolin (Avatar), Opal (Avatar), Kuvira (Avatar), Baatar Jr. (Avatar), Tonraq (Avatar), Senna (Avatar), Mako (Avatar), Hiroshi Sato;Fluffy, Emotional Hurt/Comfort;English;2015-05-15;Updated;2016-03-10;44843;20/?;206;490;54;14139
3542567;Safe Harbor;Teen And Up Audiences;F/F;Avatar: Legend of Korra;Korra/Asami Sato;Korra (Avatar), Asami Sato, Senna (Avatar), Kya II (Avatar), Naga (Avatar);Season 3 Finale, Canon Compliant, Hurt/Comfort, Angst with a Happy Ending, Friendship/Love, Injury Recovery;English;2015-03-14;Completed;2015-03-27;12139;6/6;76;488;39;5723
2630594;Traditions;Explicit;F/F;Avatar: Legend of Korra;Korra/Asami Sato;Korra (Avatar), Asami Sato;Smut;English;2014-11-17;Updated;2015-02-06;13242;6/?;57;485;56;12812
3396842;Morning Came Twice;Teen And Up Audiences;F/F;Avatar: Legend of Korra;Korra/Asami Sato;Korra (Avatar), Asami Sato;;English;2015-02-20;Completed;2015-02-20;9230;2/2;17;483;49;5532
3934852;The Avatar's Love(s);Mature;F/F;Avatar: Legend of Korra;Korra/Asami Sato, Lin Beifong/Kya II;Korra (Avatar), Asami Sato, Mako (Avatar), Bolin (Avatar), Kya II (Avatar), Lin Beifong, Suyin Beifong, Varrick (Avatar), Zhu Li Moon;Fluff, Smut, Family, I imagine they have lots of kids, because both of them grew up with no siblings, still not over it being cannon tbh, some angsty chapters, but it's most likely all fluff, also i can't wait for auntie lin and kya moments, and mako being an awkward uncle while bolin is the kid's favourites;English;2015-05-14;Updated;2016-01-06;100878;8/?;91;481;60;12779
5248739;R.A.a.V.A.;Teen And Up Audiences;F/F, F/M;Avatar: Legend of Korra;Korra/Asami Sato;Kuvira (Avatar), Bolin (Avatar), Hiroshi Sato, Asami Sato, Korra (Avatar), Varrick (Avatar);I'm Sorry, Angst, Hurt/Comfort, Alternate Universe - Science Fiction, Korrasami - Freeform;English;2015-11-20;Completed;2016-04-20;51513;22/22;219;478;50;8536
6446203;Growing Up Sato;Teen And Up Audiences;F/F;Avatar: Legend of Korra;Korra/Asami Sato;Korra (Avatar), Asami Sato, Hiroshi Sato, Senna (Avatar);Alternate Universe - Modern Setting, Step-siblings, High School, Slice of Life;English;2016-04-03;Updated;2016-09-10;19364;9/16;170;477;39;7378
5660356;Sweetest Devotion;Mature;F/F;Avatar: Legend of Korra;Korra/Asami Sato;Korra (Avatar), Asami Sato, Opal (Avatar), Bolin (Avatar), Mako (Avatar), Kuvira (Avatar), Hiroshi Sato, and basically everyone else;AU, No Bending, but keeping the nations, University, Soccer player!korra;English;2016-01-07;Updated;2016-02-21;49795;18/?;218;474;46;10594
6062290;Aubade;Teen And Up Audiences;F/F;Avatar: Legend of Korra;Korra/Asami Sato;Asami Sato, Korra (Avatar);Canon Compliant, Friends to Lovers, Pining, Developing Relationship;English;2016-02-20;Completed;2016-02-20;5259;1/1;28;474;43;3345
4087450;Mile High Club;Mature;F/F;Avatar: Legend of Korra;Korra/Asami Sato;Korra (Avatar), Asami Sato, Bolin (Avatar), Mako (Avatar);Alternate Universe - Modern Setting, Implied Sexual Content, Pilot!Korra, Co-Pilot!Mako, FlightAttendant!Bolin, CEO!Asami;English;2015-06-06;Completed;2015-06-06;2834;1/1;12;473;25;3074
2823548;Through the Portal;Mature;F/F;Avatar: Legend of Korra;Korra/Asami Sato;Korra (Avatar), Asami Sato;;English;2014-12-22;Updated;2015-07-17;21977;11/17;18;472;33;8514
3473174;tripping over roots;Teen And Up Audiences;F/F;Avatar: Legend of Korra;Korra/Asami Sato, Korra & Mako (Avatar);Korra (Avatar), Asami Sato, Mako (Avatar);Korra and Mako brotp, Alternate Universe - Modern Setting, Texting, Jogging, Jogger!Asami, Jogger!Korra;English;2015-03-04;Completed;2015-03-04;2718;1/1;15;471;16;2492
3502304;Love Me Like You Do;Mature;F/F;Avatar: Legend of Korra;Korra/Asami Sato;Korra (Avatar), Asami Sato;Tattoos, Turtleduck(s), Turtleduck Date Night;English;2015-03-09;Completed;2015-03-09;3377;1/1;21;471;32;3547
6291598;Red String (Brought Us Together & Tied Us Together);Mature;F/F;Avatar: Legend of Korra;Korra/Asami Sato;Korra (Avatar), Asami Sato, Kuvira (Avatar), Opal (Avatar), Bolin (Avatar), Mako (Avatar), Suyin Beifong, Hiroshi Sato, Tonraq (Avatar), Senna (Avatar);Alternate Universe - College/University, Alternate Universe - Modern Setting, Alternate Universe - Soulmates, though the soulmate thing doesn't dominate the story, Angst and Hurt/Comfort, Eventual Fluff, Enemies to Friends to Lovers, Korra being badass but mushy for Asami is my aesthetic, asami you precious cinnamon roll, badass Korra, goody goody Asami, Slow Burn, like slow burn AF;English;2016-03-20;Updated;2016-06-19;64175;13/?;338;470;57;10270
4145286;Susceptible;Explicit;F/F;Avatar: Legend of Korra;Korra/Asami Sato;Korra (Avatar), Asami Sato;Alpha/Beta/Omega Dynamics, Omega Verse, Alpha/Omega, Non-Traditional Alpha/Beta/Omega Dynamics, Alpha!Asami, Omega!Korra, Inexplicable Ejaculating Clit Cock, Smut, Explicit Sexual Content, Knotting, Clit-cock, Lady-cock, Teasing;English;2015-06-19;Completed;2015-06-19;4837;1/1;15;470;47;12564
4052923;Crazy. Stupid. Pillow Fights... Wait that's supposed to be love.;Teen And Up Audiences;F/F;Avatar: Legend of Korra;Korra/Asami Sato;Korra (Avatar), Asami Sato, Opal (Avatar), Bolin (Avatar), Mako (Avatar);Alternate Universe - Modern Setting, Fluff and Angst, Angst and Humor, Cross-Posted on FanFiction.Net, Alternate Universe - No Bending;English;2015-06-01;Completed;2015-07-26;43208;12/12;141;469;36;7853
2954174;The Rhythm of Their Heartbeats;Teen And Up Audiences;F/F;Avatar: Legend of Korra;Korra/Asami Sato;Korra (Avatar), Asami Sato;Dancing, New Beginnings, also zuko and mako have a moment, Canon Compliant, Series Finale, Femslash;English;2014-12-29;Completed;2014-12-29;1080;1/1;12;467;29;5865
3738043;The Principles of Engineering;Explicit;F/F;Legend of Korra;Korrasami, Korra/Asami Sato;Korra, Asami;Engineering, Femslash, D/s, f/f - Freeform, legend of korra - Freeform;English;2015-04-13;Completed;2015-04-13;2894;1/1;16;466;27;6533
3098729;The Stake In the Pond;Teen And Up Audiences;F/F;Avatar: Legend of Korra;Korra/Asami Sato;Korra, Asami Sato, Jinora, Rohan (Avatar);Korrasami - Freeform, Fighting, Martial Arts, relationships, my girlfriend is amazing, Asami's got the mooooves;English;2015-01-02;Completed;2015-01-02;3158;1/1;28;464;19;7724
4434926;Living the Life;Explicit;F/F;Avatar: Legend of Korra;Korra/Opal (Avatar), Korra/Asami Sato;Korra (Avatar), Opal (Avatar), Asami Sato, Mako (Avatar), Bolin (Avatar), Senna (Avatar), Tonraq (Avatar), Suyin Beifong;Omegaverse, Alpha/Beta/Omega Dynamics, Alpha!Korra, Omega!Opal, Omega!Asami, Alternate Universe - High School, Fluff and Smut, Smut, Fluff, Drama, No Bending, Heartbreak, Mating Cycles/In Heat, Knotting;English;2015-07-27;Updated;2016-10-20;40644;15/?;167;464;33;16291
4466705;Seasons;General Audiences;F/F;Avatar: Legend of Korra;Korra/Asami Sato;Korra (Avatar), Asami Sato, Mako (Avatar), Bolin (Avatar), Opal (Avatar), Lin Beifong, Hiroshi Sato;Fluff, Angst, Alternate Universe - High School, Modern Setting, One Shot;English;2015-07-31;Completed;2015-07-31;11155;1/1;41;463;31;3104
3956404;Into the Sunset;Explicit;F/F, F/M;Avatar: Legend of Korra;Korra/Asami Sato, Bolin/Opal (Avatar);Korra (Avatar), Asami Sato, Mako (Avatar), Bolin (Avatar), Lin Beifong, Zaheer (Avatar), Kuvira (Avatar), Hiroshi Sato, Tenzin (Avatar), Jinora (Avatar), Kai (Avatar), Opal (Avatar), Suyin Beifong, Ginger (Avatar), Varrick (Avatar), Zhu Li Moon, P'li (Avatar), Ming-Hua (Avatar), Ghazan (Avatar), Tarrlok (Avatar);Alternate Universe - Western, Alternate Universe - No Bending;English;2015-05-17;Updated;2016-06-27;56731;14/?;216;462;35;5938
2847716;Unspoken Words;Teen And Up Audiences;F/F;Avatar: Legend of Korra;Korra/Asami Sato;Korra (Avatar), Asami Sato;Post-Finale, Canon Compliant, Canon Lesbian Relationship;English;2014-12-25;Completed;2015-08-11;102162;22/22;80;462;54;15101
2769233;Pulse;Teen And Up Audiences;F/F;Avatar: Legend of Korra;Korra/Asami Sato;Korra (Avatar), Asami Sato;Soulmate-Identifying Marks, First Kiss, First Time;English;2014-12-14;Completed;2014-12-14;1400;1/1;9;462;30;7316
3236924;You are the girl I've been dreaming of since I was a little girl;General Audiences;F/F;Avatar: Legend of Korra;Korra/Asami Sato;Korra (Avatar), Katara (Avatar), Tonraq (Avatar), Senna (Avatar), Mako (Avatar), Bolin (Avatar), Hiroshi Sato, Asami Sato;Soulmate-Identifying Marks, Alternate Universe - Soulmates;English;2015-01-26;Updated;2015-03-19;5928;3/?;51;459;54;7463
5441792;Camp Amon;Not Rated;F/F, F/M, M/M;Avatar: Legend of Korra;Korra/Asami Sato, Varrick/Zhu Li Moon, Mako/Prince Wu (Avatar);Korra (Avatar), Asami, Bolin, Mako, Eska, Unalaq, Noatak, Tarrlok, Wu, Kuvira, Varrick, Zhu Li;Homophobia, Korra's sixteen and Asami's seventeen, AU where Korra lived in the North, AU- no bending, AU- no Avatar, AU- Homophobia De-Gay Camp, Counselor Badgermole tho, Bolin is older than Mako in this fic, AU - mentions of pop culture because why not, Everyone's gay, I hate Tarrlok, Set in the summer of 2016, a funny story, at least I think it's funny, it's also sad, basically emotionally invest your ass if you're going to read this, As fluffy as a kitten;English;2015-12-16;Completed;2016-01-17;49186;30/30;242;458;38;9129
3777148;So Close;Mature;F/F, Other;Avatar: Legend of Korra,  | So Close (2002);Korra/Asami Sato;Korra (Avatar), Asami Sato, Opal (Avatar), Bolin (Avatar), Mako (Avatar);Assassins, Violence, Romance, Alternate Universe, Fluff and Angst, Hurt/Comfort, Crossover;English;2015-04-19;Completed;2015-07-30;42597;22/22;53;455;12;4238
4867730;Prompts & Shorts;Mature;Multi;Avatar: Legend of Korra;Korra/Asami Sato, Bolin/Opal (Avatar), Jinora/Kai (Avatar), Lin Beifong/Kya II, Pema/Tenzin (Avatar);;;English;2015-09-25;Updated;2016-01-18;22959;17/?;169;454;11;9057
3065759;Open Doors;Teen And Up Audiences;F/F, Gen;Avatar: Legend of Korra;Korra/Asami Sato, Kai/Jinora, little tiny pinch of bopal;Jinora (Avatar), Korra (Avatar), Asami Sato, Tenzin (Avatar), Kai;Sex is mentioned, but it's not explicitly described, take that as you will;English;2014-12-31;Completed;2014-12-31;1079;1/1;11;449;25;5825
4143252;History: Part I;Mature;F/F, F/M, Gen;Avatar: Legend of Korra;Korra/Asami Sato, Senna/Tonraq (Avatar);Korra (Avatar), Asami Sato, Naga (Avatar), Tonraq (Avatar), Senna (Avatar), Original Characters, Original Female Character(s), Original Male Character(s), Katara (Avatar), Sokka (Avatar), Aang (Avatar), Lin Beifong, Bolin (Avatar), Mako (Avatar), Zuko (Avatar), Tenzin (Avatar), Pema (Avatar), Jinora (Avatar), Ikki (Avatar), Meelo (Avatar), Izumi (Avatar), Iroh II (Avatar);Korrasami - Freeform, korra x asami - Freeform, College AU, college au turned into something else, Alternate Universe, Slow Build, Like really slow, korra whump, asami whump, legend of korra - Freeform, Avatar, LOK - Freeform, tlok - Freeform, Hurt/Comfort, Emotional Hurt/Comfort, Emotional Hurt, Angst, Alternate Universe - College/University, Memory Loss, Flashbacks, Violence, Nightmares, Depression, Fluff, sorta - Freeform, Femslash, Hurt, Minor Character Death, Recurring Characters, Original Character(s), so many original characters, Part I, Installment II, History, Chemistry, precanon, multiseries, Series, Emotions, Growth, more pain, Lots of Storyline, so much more, more tags to come, also, I AM SORRY, So so sorry, Feels, Whump, Canon Divergence;English;2015-06-15;Completed;2015-09-08;121231;43/43;953;447;39;9537
3439820;We Were In Screaming Color;General Audiences;F/F;Avatar: Legend of Korra;Korra/Asami Sato;Korra (Avatar), Asami Sato;Domestic Fluff;English;2015-02-26;Completed;2015-02-26;1738;1/1;7;446;14;5621
2665631;Living With the Avatar;Teen And Up Audiences;F/F;Avatar: Legend of Korra;Korra/Asami Sato;Korra (Avatar), Asami Sato;Fluff, Domestic, Friends to Lovers;English;2014-11-24;Updated;2014-12-10;5852;4/?;43;445;29;8337
6599920;Tinted;Teen And Up Audiences;F/F;Avatar: Legend of Korra;Korra/Asami Sato, Korrasami;Asami Sato, Korra (Avatar);Alternate Universe - Modern Setting, Modern AU, AU, Fluff;English;2016-04-19;Completed;2016-08-03;13866;11/11;71;442;32;6601
2827466;Promise Me Forever;Explicit;F/F;Avatar: Legend of Korra;Korra/Asami Sato;Korra (Avatar), Asami Sato;Korrasami - Freeform;English;2014-12-22;Completed;2014-12-22;2759;1/1;8;441;32;11718
4155615;Teenage Wasteland;Not Rated;F/F, F/M;Avatar: Legend of Korra;Korra/Asami Sato;Korra (Avatar), Mako (Avatar), Asami Sato, Opal (Avatar), Kuvira (Avatar), Baatar Jr. (Avatar), Bolin (Avatar);High School AU, Softball AU, Modern AU, Strangers to Friends, Friends to Lovers, Romance, Drama, Fluff and Angst, Humor, Slow Burn;English;2015-06-17;Updated;2016-08-29;56065;30/?;122;440;31;11939
