work_id;title;rating;category;fandom;relationship;character;additional tags;language;published;status;status date;words;chapters;comments;kudos;bookmarks;hits
91885;The Student Prince;Mature;Multi;Merlin - Fandom;Arthur/Merlin, Various Others - Relationship;Arthur Pendragon, Merlin Emrys, Gwen (Guinevere), Lancelot du Lac, Morgana, Morgause, Gaius;Modern AU, AU, Slash;English;2010-06-03;Completed;2010-07-10;145222;35/35;1655;9565;3699;461854
413847;Post-it Note Romance;Mature;M/M;Merlin (TV);Merlin/Arthur Pendragon, Merlin/Arthur Pendragon (Merlin);;;English;2012-05-27;Completed;2012-05-27;9963;1/1;168;6485;1405;95872
1069420;No Matter How Far Away You Roam;Explicit;M/M;Merlin (TV);Merlin/Arthur Pendragon (Merlin), Minor or Background Relationship(s), Ygraine de Bois/Nimueh (Merlin);Merlin (Merlin), Arthur Pendragon (Merlin), Ygraine de Bois (Merlin), Morgana (Merlin), Freya (Merlin), Nimueh (Merlin), Hunith (Merlin), Uther Pendragon (Merlin), Gaius (Merlin), Morgause (Merlin);Alternate Universe - Modern Setting, Christmas Fluff, Fake/Pretend Relationship, Family, Meet the Family, Alive Ygraine;English;2013-12-04;Completed;2013-12-04;11537;1/1;210;5721;1306;81506
689934;Dying to Return;Teen And Up Audiences;M/M;Merlin (TV);Merlin/Arthur Pendragon (Merlin), Gwen/Arthur Pendragon (Merlin), Gwen/Lancelot (Merlin);Merlin (Merlin), Arthur Pendragon (Merlin), Morgana (Merlin), Gwaine (Merlin);Alternate Universe - Canon Divergence, Gwaine's cloak is expressive, Arthur is a big ball of angst, BAMF Merlin, Future Fic;English;2013-02-18;Completed;2013-02-18;19869;1/1;112;4899;1414;57414
317898;Ashes, Embers, Flames;Explicit;M/M;Merlin (TV);Merlin/Arthur Pendragon, Guinevere/Lancelot du Lac;Morgana, Mordred (Arthurian), Gaius (Merlin), Uther Pendragon, Will (Merlin);Alternate Universe - Modern Setting, Friends to Lovers, Magic, Podfic Welcome;English;2012-01-11;Completed;2012-02-12;65453;18/18;426;4697;1325;112528
387876;Fundamental Imperfection;Mature;M/M;Merlin (TV);Merlin/Arthur Pendragon;Merlin (Merlin), Arthur Pendragon, Morgana (Merlin);Literary References & Allusions, Nerdery, arguments are the best foreplay, snobbery, AU, Alternate Universe - Modern Setting, Alternative Universe - Authors;English;2012-04-21;Completed;2012-04-21;12175;1/1;201;4626;1482;83904
2519;Onfindan;Mature;M/M;Merlin (TV);Arthur/Merlin;Arthur Pendragon, Merlin, Uther Pendragon;Originally Posted on LiveJournal;English;2009-01-06;Completed;2009-01-06;15827;1/1;103;4597;1332;84465
40561;The Crown of the Summer Court;Explicit;M/M;Merlin (TV);Arthur/Merlin;Arthur Pendragon (Merlin), Merlin (Merlin), Uther Pendragon (Merlin), Morgana (Merlin);Elves, Originally Posted on LiveJournal;English;2009-02-16;Completed;2009-02-16;24339;1/1;196;4498;2060;98431
785571;That's His Name;General Audiences;M/M;Merlin (TV);Merlin/Arthur Pendragon (Merlin);Merlin (Merlin), Arthur Pendragon (Merlin), Leon (Merlin), Gwaine (Merlin), Hunith (Merlin);Alternate Universe - Canon, Humor, Oblivious Merlin, Pining Arthur, Magic Revealed;English;2013-05-05;Completed;2013-05-05;6834;1/1;118;4463;843;50238
40569;Favorite;Explicit;M/M;Merlin (TV);Merlin/Arthur Pendragon;Merlin, Arthur Pendragon;Originally Posted on LiveJournal;English;2009-03-12;Completed;2009-03-12;13012;1/1;129;4417;1426;85290
488100;The Lonely King;Explicit;M/M;Merlin (TV);Merlin/Arthur Pendragon;Merlin (Merlin), Arthur Pendragon, Arthur, Merlin, Gwaine (Merlin), Percival, Elyan (Merlin), Mithian (Merlin), Elena (Merlin), Gaius (Merlin), Will (Merlin), Hunith (Merlin), Leon (Merlin);Bisexuality, Bisexual Male Character, Alternate Universe - Modern Setting, Alternate Universe - Royalty, Modern Era;English;2012-08-16;Completed;2016-02-02;58002;2/2;311;4330;1473;128098
963587;when the truth comes out;Teen And Up Audiences;M/M;Merlin (TV);Merlin/Arthur Pendragon (Merlin);Merlin (Merlin), Arthur Pendragon (Merlin), Elena (Merlin);Alternate Universe - Modern Setting, Fluff, Schmoop, Self-Indulgent, this is the schmoopiest thing I've ever written I'm so sorry, Hospitals, Established Relationship;English;2013-09-11;Completed;2013-09-11;1334;1/1;109;4265;713;50756
110953;Not In This Land Alone;Teen And Up Audiences;M/M;Merlin (BBC);Arthur/Merlin, Merlin/Will, Gwen/Lancelot;Arthur Pendragon, Merlin, Gwen (Guinevere), Lancelot du Lac, Morgana, Morgause, Will (Merlin);Alternate Universe - Modern Setting, Merlin big bang;English;2010-09-01;Completed;2010-09-01;36408;1/1;133;4169;1344;107407
463667;The Practice Boyfriend;Mature;M/M;Merlin (TV);Merlin/Arthur Pendragon, Elena/Gwaine (Merlin), Lancelot du Lac/Merlin, Merlin/Arthur Pendragon (Merlin);Merlin (Merlin), Arthur Pendragon, Gwaine (Merlin), Elena (Merlin), Morgana (Merlin), Lancelot du Lac;Fake/Pretend Relationship, Fluff and Angst;English;2012-07-19;Completed;2012-07-19;24495;1/1;316;4081;1053;68584
1834075;It's Nice to Finally Tweet You;Teen And Up Audiences;Multi, F/M, M/M;Merlin (TV);Merlin/Arthur Pendragon (Merlin);Merlin (Merlin), Arthur Pendragon (Merlin), Gwaine (Merlin), Morgana (Merlin), Gwen (Merlin), Uther Pendragon (Merlin), Lancelot (Merlin), Percival (Merlin), Leon (Merlin);Alternate Universe - Modern Setting, Twitter, Angst and Humor, Kink Meme, Soulmate-Identifying Marks, Alternate Universe - Soulmates, Soulmates, Community: kinkme_merlin;English;2014-06-26;Completed;2014-06-26;15432;1/1;153;4024;803;58088
362891;Gadarene;Explicit;M/M;Merlin (TV);Merlin/Arthur Pendragon, Merlin/Other(s) (Merlin);Merlin (Merlin), Arthur Pendragon, Agravaine, Gaius (Merlin), Kanen, Leon (Merlin), Hunith (Merlin), Great Dragon (Merlin), Balinor (Merlin);Slavery, Alternate Universe - Canon Divergence, Magic Revealed, Podfic Welcome;English;2012-03-15;Completed;2012-04-25;76831;28/28;623;3984;1299;137165
471683;Straight On Till Morning;General Audiences;M/M;Merlin - Fandom;Merlin/Arthur;Merlin, Arthur;AU, Olympics, student prince;English;2012-07-29;Completed;2012-07-29;1452;1/1;154;3939;258;67947
315343;Spartacus and the Open Taxi Door;Mature;M/M;Merlin (TV);Merlin/Arthur Pendragon, Merlin/Arthur Pendragon (Merlin);Merlin, Arthur Pendragon;;English;2012-01-07;Completed;2012-01-07;8661;1/1;70;3449;713;55396
453042;The Difference of You;Explicit;M/M;Merlin (TV);Merlin/Arthur Pendragon, Guinevere/Lancelot du Lac;Merlin (Merlin), Arthur Pendragon, Gwen, Lancelot du Lac, Leon (Merlin), Morgana (Merlin);Alternate Universe - Modern Setting, Fluff, Romantic Comedy, kind of, Public Transportation, Coming Out;English;2012-07-06;Completed;2012-07-06;14512;1/1;154;3319;995;58930
7451;The Weight of Words;Explicit;M/M;Merlin (BBC);Arthur/Merlin;Arthur Pendragon, Merlin, Uther Pendragon;Season/Series 01, smart!Arthur, offscreen suicide of an OC, Alternate Universe - Canon Divergence;English;2008-12-10;Completed;2008-12-10;6921;1/1;73;3318;697;46662
386244;Something Yellow This Time;General Audiences;F/M, M/M;Merlin (TV);Elena/Gwaine (Merlin), Merlin/Arthur Pendragon (Merlin);Merlin (Merlin), Arthur Pendragon, Elena (Merlin);;English;2012-04-18;Completed;2012-04-18;3802;1/1;175;3299;593;39944
246615;Sort of a Tourniquet;Teen And Up Audiences;M/M;Merlin (TV);Merlin/Arthur Pendragon (Merlin);Merlin (Merlin), Arthur Pendragon (Merlin), Gwen (Merlin), Lancelot (Merlin), Morgana (Merlin), Gwaine (Merlin);Alternate Universe - Modern Setting;English;2011-08-29;Completed;2011-08-29;6231;1/1;62;3260;676;36238
43117;The Truth Is You;Mature;M/M;Merlin (BBC);Arthur/Merlin;;Romance, First Time, Season/Series 01;English;2010-01-01;Completed;2010-01-01;8957;1/1;27;3246;502;43295
337632;But It's a Good Refrain;Teen And Up Audiences;M/M;Merlin (TV);Merlin/Arthur Pendragon, Elena/Gwaine (Merlin);Merlin (Arthurian), Arthur Pendragon, Morgan le Fay, Mithian, Elena (Merlin), Leon (Merlin), Percival (Arthurian), Gwaine (Merlin), Guinevere (Arthurian), Lancelot du Lac, Freya (Merlin), Elyan (Merlin);Alternate Universe - Modern Setting;English;2012-02-12;Completed;2012-02-12;23090;1/1;129;3208;1138;64878
382838;The Hunt;Explicit;M/M;Merlin - Fandom;Merlin/Arthur Pendragon;Merlin (Merlin), Arthur Pendragon, Nimue, Hunith (Merlin);Knotting, Rimming, Rough Sex, Mildly Dubious Consent, Alternate Universe, Happy Ending, Romance, Mythical Beings & Creatures, First Time, Scent Kink, Fingerfucking;English;2012-04-14;Completed;2012-04-14;12132;1/1;45;3042;823;59009
293817;The Son-in-Law;Teen And Up Audiences;M/M;Merlin (TV);Merlin/Arthur Pendragon;Uther Pendragon, Merlin (Arthurian), Arthur Pendragon;Alternate Universe - Modern Setting;English;2011-12-14;Completed;2011-12-14;4531;1/1;129;2944;639;54095
932981;Emrys Ascending;Teen And Up Audiences;M/M;Merlin (TV), Harry Potter - Fandom;Merlin/Arthur Pendragon (Merlin), Original Female Character/Original Female Character;Merlin (Merlin), Harry Potter, Hermione Granger, Ron Weasley, Arthur Pendragon, Albus Dumbledore, Cedric Diggory, OC's, Original Female Character(s), Original Male Character(s);BAMF!Merlin, Reunion fic (kinda), Merlin goes to Hogwarts, Future Fic, Trans Characters, lgbt diversity;English;2013-08-19;Completed;2016-04-22;110870;26/26;689;2942;857;66454
617025;The Pact;Explicit;F/M, M/M;Merlin (TV);Merlin/Arthur Pendragon (Merlin);Merlin (Merlin), Arthur Pendragon, Gwaine (Merlin), Lancelot (Merlin), Uther Pendragon (Merlin), Percival (Merlin), Leon (Merlin);Knotting, Genderswap, Genderfuck, Genderbending, Alternate Universe - Royalty, Alternate Universe - Modern Setting, Soul Bond, Impregnation, Genderfluid Character, Genderfluid;English;2012-12-31;Completed;2012-12-31;17700;1/1;88;2885;813;73980
703322;Until You Do (I'll Bring You Tea and Honey);Teen And Up Audiences;M/M;Merlin (TV);Merlin/Arthur Pendragon (Merlin);Merlin (Merlin), Arthur Pendragon (Merlin), Morgana (Merlin), Gwen (Merlin), Lancelot (Merlin), Gwaine (Merlin), Uther Pendragon (Merlin);Alternate Universe - Modern Setting, Modern Era, Slash, Male Slash, Friends to Lovers, Fluff, Denial of Feelings, Love, Falling In Love, Alternate Universe - Office, Romance, Complete, Humor;English;2013-02-28;Completed;2013-02-28;10280;1/1;94;2882;693;49471
958295;License to Thrill;Teen And Up Audiences;M/M;Merlin (TV);Merlin/Arthur Pendragon (Merlin), Minor or Background Relationship(s);Merlin (Merlin), Arthur Pendragon (Merlin), Freya (Merlin), Gwen (Merlin), Morgana (Merlin), Mithian (Merlin), Vivian (Merlin), Sefa (Merlin);Alternate Universe - Modern Setting, Alternate Universe - Spies & Secret Agents, Chocolate, Bets & Wagers;English;2013-09-07;Completed;2013-09-07;14174;1/1;77;2834;700;42125
573946;All's Well That Ends Well;Explicit;M/M;Merlin (TV);Merlin/Arthur Pendragon (Merlin);Merlin (Merlin), Arthur Pendragon (Merlin), Gwaine (Merlin);Arthur Finds Out;English;2012-11-26;Completed;2012-11-26;6298;1/1;40;2809;608;31676
488775;We Are All Diamonds;Explicit;M/M;Merlin (TV);Merlin/Arthur Pendragon;Merlin, Arthur Pendragon, Gwen, Lancelot, Morgana, Leon;Off-screen Character Death, Angst, Disability, Discrimination;English;2012-08-17;Completed;2012-08-17;134304;4/4;396;2750;1048;76710
668926;Nine Weddings and a Funeral;Explicit;F/M, M/M, F/F;Merlin (TV);Elena/Mithian (Merlin), Gwen/Lancelot (Merlin), Elyan/Vivian (Merlin), Leon/Percival (Merlin), Gwaine/Morgana (Merlin), Freya/Will (Merlin), Merlin/Arthur Pendragon (Merlin);Merlin (Merlin), Arthur Pendragon (Merlin), Morgana (Merlin), Gwen (Merlin), Lancelot (Merlin), Elyan (Merlin), Gwaine (Merlin), Percival (Merlin), Leon (Merlin), Mithian (Merlin), Elena (Merlin), Will (Merlin), Freya (Merlin), Cenred (Merlin), Morgause (Merlin);Fluff, Weddings, Romantic Comedy;English;2013-02-03;Completed;2013-02-03;11322;1/1;224;2716;584;36652
276745;Let Us Dare;Mature;M/M;Merlin (TV);Merlin/Arthur Pendragon, Balinor/Hunith (Merlin);Merlin (Merlin), Arthur Pendragon, Morgana, Lancelot du Lac, Gwaine (Merlin), Nimueh (Merlin), Balinor (Merlin), Ygraine Pendragon (Merlin);Alternate Universe - Canon, Action/Adventure, First Time, Romance;English;2011-11-14;Completed;2011-11-14;29511;1/1;94;2658;961;49419
20442;So Are They All, All Honourable Men;Explicit;M/M;Merlin (BBC);Merlin/Arthur Pendragon;Arthur Pendragon, Merlin, Morgana, Gwen;;English;2009-02-02;Completed;2009-02-02;18199;1/1;89;2532;769;46166
167156;Finding Home;Explicit;M/M;Merlin BBC;Arthur/Merlin;;;English;2010-08-03;Completed;2010-08-03;7857;1/1;58;2520;586;37085
966840;Come Alive;Explicit;M/M;Merlin (TV);Merlin/Arthur Pendragon (Merlin);Merlin (Merlin), Arthur Pendragon (Merlin), Gwaine (Merlin), Elena (Merlin), Gwen (Merlin), Lancelot (Merlin), Leon (Merlin), Owain (Merlin), Percival (Merlin), Morgana (Merlin), Morgause (Merlin);Alternate Universe, Alternate Universe - Modern Setting, Plot, Mystery, First Time, Age Difference, Attempted Rape/Non-Con, Violence, Non-Consensual Drug Use;English;2013-09-14;Completed;2013-10-07;60302;2/2;204;2490;890;65164
46199;Damsel in Distress;Mature;M/M;Merlin (BBC);Arthur/Merlin;;;English;2010-01-06;Completed;2010-01-06;4285;1/1;49;2474;523;28491
46197;Misrule;Explicit;M/M;Merlin (BBC);Arthur/Merlin;;Crossdressing;English;2010-01-06;Completed;2010-01-06;4293;1/1;26;2444;528;36055
423343;The Omega Ball;Explicit;M/M;Merlin (TV);Merlin/Arthur Pendragon, Arthur/Merlin;Uther Pendragon, Gaius (Merlin), Hunith (Merlin), Morgana (Merlin), Cenred (Merlin), Gwaine (Merlin);Alpha/Beta/Omega Dynamics, Knotting, Arranged Marriage, Dubious Consent, Mating Cycles/In Heat, Druids, Dark Comedy, Kissing Contest;English;2012-06-04;Completed;2012-06-29;31782;11/11;226;2405;547;67203
316357;That Time of Truth;Teen And Up Audiences;M/M;Merlin (TV);Merlin/Arthur Pendragon;Merlin, Arthur Pendragon;Pre-Slash, Magic Revealed;English;2012-01-08;Completed;2012-01-08;10036;1/1;36;2394;553;30819
1015782;The Wasting Game;Mature;;Merlin (TV);Merlin/Arthur Pendragon (Merlin);Merlin (Merlin), Arthur Pendragon (Merlin), Gwen (Merlin), Gwaine (Merlin), Freya (Merlin), Hunith (Merlin), Lancelot (Merlin);Anorexia, Eating Disorders, Angst, Suicidal Thoughts, Depression, Suicide Attempt, Implied/Referenced Rape/Non-con, Hopeful Ending;English;2013-10-23;Completed;2014-05-26;47022;16/16;568;2374;435;41749
366393;Every Story is a Love Story;Explicit;M/M;Merlin (TV);Merlin/Arthur Pendragon;Freya (Merlin), Morgana (Merlin), Mithian (Merlin), Elena (Merlin), Gwen (Merlin), Gwaine (Merlin);Alternate Universe - Modern Setting, romance novels, Explicit Sexual Content;English;2012-03-21;Completed;2012-03-21;24639;1/1;88;2367;763;49215
322841;Thicker Than Water;Teen And Up Audiences;M/M;Merlin (TV), Sherlock (TV);Merlin/Arthur Pendragon, Merlin/Arthur Pendragon (Merlin);Merlin, Arthur Pendragon, Sherlock Holmes, John Watson;;English;2012-01-18;Completed;2012-01-18;8136;1/1;70;2357;507;38104
779253;Of Faith and Hope and Love;Teen And Up Audiences;M/M;Merlin (TV);Merlin/Arthur Pendragon (Merlin);Merlin (Merlin), Arthur Pendragon (Merlin), Aithusa (Merlin), Agravaine (Merlin), Alator (Merlin), Elyan (Merlin), Gaius (Merlin), George (Merlin), Gwaine (Merlin), Gwen (Merlin), Morgana (Merlin), Leon (Merlin), Percival (Merlin), Kilgharrah (Merlin);Alternate Universe - Canon Divergence, Episode Related, Episode: s04e07 The Secret Sharer, Action/Adventure, Magic Revealed, Angst, Hurt/Comfort, Dragons, Baby Dragon, Destiny, Arthur Finds Out, BAMF Arthur, Season/Series 04, Hurt Merlin, Canon Era;English;2013-04-30;Completed;2013-04-30;30095;5/5;153;2345;783;45048
412889;Smoke and Mirrors;Teen And Up Audiences;M/M;Merlin (TV);Merlin/Arthur Pendragon;Merlin (Merlin), Arthur Pendragon;Alternate Universe - Canon, Magic Revealed, Angst;English;2012-05-26;Completed;2012-05-26;6023;1/1;151;2332;368;34362
424496;The Ugly Duckling Syndrome;Mature;M/M;Merlin (TV);Merlin/Arthur Pendragon, Gwaine/Merlin, Merlin/Arthur Pendragon (Merlin);Merlin (Merlin), Arthur Pendragon, Gwaine (Merlin);Age Difference, First Crush, Alternate Universe - Movie Fusion, Romantic Comedy, Alternate Universe - Modern Setting, Unresolved Sexual Tension;English;2012-06-11;Completed;2012-07-11;30248;15/15;377;2324;458;56143
3473420;Keep the Magic Secret;Explicit;M/M;Merlin (TV);Merlin/Arthur Pendragon (Merlin), Gwen/Lancelot (Merlin), Mordred/Morgana (Merlin);Merlin (Merlin), Arthur Pendragon (Merlin), Gwen (Merlin), Lancelot (Merlin), Gwaine (Merlin), Morgana (Merlin), Mordred (Merlin), Ruadan (Merlin), Gaius (Merlin), Aithusa (Merlin), Kilgharrah (Merlin);Canon Era, Magic Revealed, Secrets, Angst, Fluff, Anal Sex, BAMF Merlin, Sneaking Around, Established Relationship, Soul Bond, Minor Character Death;English;2015-03-14;Completed;2015-03-14;73580;4/4;94;2322;693;44420
941517;Unicorn Bait;Explicit;M/M;Merlin (TV);Merlin/Arthur Pendragon (Merlin);Merlin (Merlin), Arthur Pendragon (Merlin), Gaius (Merlin), Hunith (Merlin), Gwen (Merlin), Gwaine (Merlin), Percival (Merlin), Geoffrey of Monmouth (Merlin), Cernunnos;Mpreg, Magic Revealed, Romance, Angst, Humor, Dubious Consent, Sex Pollen, Fuck Or Die, Loss of Virginity, Possessive Behavior, Protective Arthur, Season/Series 01, Season/Series 03, Canon Era;English;2013-08-25;Completed;2013-08-25;11561;1/1;64;2308;473;39174
46196;Past Imperfect;Explicit;M/M;Merlin (BBC);Arthur/Merlin;;;English;2010-01-06;Completed;2010-01-06;2310;1/1;25;2286;403;31291
315298;Same River Twice;Teen And Up Audiences;M/M;Merlin (TV);Merlin/Arthur Pendragon, Elena/Gwaine (Merlin);Merlin (Merlin), Arthur Pendragon, Leon (Merlin), Elena (Merlin), Gwaine (Merlin), Gwen (Merlin), Morgana (Merlin);Alternate Universe - Modern Setting, Alternate Universe - Royalty, Angst, Romance, Merlin Holidays, Harlequin;English;2012-01-07;Completed;2012-01-07;21574;1/1;77;2275;632;48237
315418;A Heavy Heart to Carry;Mature;M/M;Merlin (TV);Merlin/Arthur Pendragon;Merlin, Arthur Pendragon, Gwaine (Merlin), Lancelot du Lac;Hurt/Comfort, Rescue, Magic Reveal;English;2012-01-07;Completed;2012-01-07;12561;1/1;54;2233;460;49861
1143347;The Coming of Spring;Explicit;M/M;Merlin (TV);Merlin/Arthur Pendragon (Merlin);Arthur Pendragon (Merlin), Merlin (Merlin);Canon Era, Pining, Pining Arthur, UST, Bottoming from the Top, Outdoor Sex;English;2014-01-19;Completed;2014-01-19;9746;1/1;82;2232;408;39621
198142;A Binding Contract;Explicit;F/M, M/M;Merlin (TV);Merlin/Arthur Pendragon (Merlin), Nimueh/Uther Pendragon (Merlin);Merlin (Arthurian), Arthur Pendragon, Freya (Merlin), Morgana, Aredian (Merlin), Uther Pendragon, Nimue (Arthurian), Will (Merlin);Alternate Universe - Modern Setting, Modern Era, sex trade work, authoritative figures;English;2011-05-12;Completed;2011-05-12;99285;12/12;239;2228;848;70811
474708;Game, Set, Match;Explicit;M/M;Merlin (TV);Merlin/Arthur Pendragon;Elena (Merlin), Gwaine (Merlin), Lancelot du Lac, Gaius (Merlin), Leon (Merlin), Will (Merlin);Alternate Universe - Modern Setting, Tennis, Fluff, Twisted and Fluffy Feelings, Community: merlinolympics, Banter;English;2012-08-01;Completed;2012-08-01;15621;1/1;64;2215;485;36079
602134;Marconi Plays the Palace;Explicit;M/M;Merlin (TV);Merlin/Arthur Pendragon (Merlin);Merlin (Merlin), Arthur Pendragon (Merlin);Alpha/Beta/Omega Dynamics, Age Difference, Alternate Universe - Soulmates, Alternate Universe - Modern Setting, Alternate Universe - Modern Royalty, Knotting, Hurt/Comfort, First Time;English;2012-12-21;Completed;2012-12-21;12359;1/1;80;2192;514;62883
746956;The Dirty Little Things You Say;Explicit;M/M;Merlin (TV);Merlin/Arthur Pendragon (Merlin);Owain (Merlin), Percival (Merlin), Elyan (Merlin), Arthur Pendragon (Merlin), Merlin (Merlin), Pellinore (Merlin), Gwaine (Merlin), Leon (Merlin);Dirty Talk, Implied versatile Arthur and Merlin, Knights being raunchy, mentions of rimming;English;2013-04-03;Completed;2013-04-03;8689;1/1;99;2179;470;39279
2476625;Sexy Times For Every Fandom;Explicit;;Agents of S.H.I.E.L.D. (TV), Marvel, The Avengers (Marvel Movies), Iron Man (Movies), The Incredible Hulk - All Media Types, Sherlock (TV), Doctor Who, Doctor Who (2005), Torchwood, Supernatural, Captain America (Movies), Thor (Movies), Buffy the Vampire Slayer, Once Upon a Time (TV), Merlin (TV), Dollhouse, Midnight in Paris (2011), Hawkeye (Comics), Firefly, Serenity (2005), Star Wars - All Media Types, Star Wars Original Trilogy, Warehouse 13, Sons of Anarchy, Star Trek: The Original Series, Star Trek: Alternate Original Series (Movies), Burn Notice, Lost Girl, The Night Shift (TV 2014);"Grant Ward/Reader, Tony Stark/Reader, Bruce Banner/Reader, Phil Coulson/Reader, Greg Lestrade/Reader, Jack Harkness/Other(s), Jack Harkness/Reader, Castiel/Reader, Steve Rogers/Reader, Thor/Reader, Wesley Wyndam-Pryce/Reader, Spike/Reader, Loki/Reader, James ""Bucky"" Barnes/Reader, Jefferson/Reader, Dean Winchester/Reader, Lancelot/Reader, Topher Brink/Reader, Robin Hood/Reader, Ernest Hemingway/Reader, Gwaine (Merlin)/Reader, Clint Barton/Reader, Malcolm Reynolds/Reader, Han Solo/Reader, Sherlock Holmes & Reader, Sam Winchester/Reader, Pete Lattimer & Trailer, Jax Teller/Reader, Pavel Chekov/Reader, Captain Hook | Killian Jones / Reader, Michael Westen/Reader, Crowley (Supernatural)/Reader, Gabriel / Reader, Leonard McCoy/Reader, Antoine Triplett/Reader, Dyson (Lost Girl)/Original Female Character(s), Balthazar/reader, Hale (Lost Girl)/Reader, Opie Winston/Reader, TC Callahan/Reader, Leo Fitz/Reader, Montgomery ""Scotty"" Scott/Reader, Benny Lafitte/reader";"Reader, Grant Ward, Tony Stark, Bruce Banner, Phil Coulson, Greg Lestrade, Jack Harkness, Castiel, Castiel (Supernatural), Steve Rogers, Thor (Marvel), Wesley Wyndam-Pryce, Spike (BtVS), Loki (Marvel), James ""Bucky"" Barnes, Mad Hatter | Jefferson, Dean Winchester, Lancelot (Merlin), Topher Brink, Robin Hood (Once Upon a Time), Ernest Hemingway, Gwaine (Merlin), Clint Barton, Malcolm Reynolds, Han Solo, Sherlock Holmes, Sam Winchester, Pete Lattimer, Jax Teller, Pavel Chekov, Captain Hook | Killian Jones, Michael Westen, Crowley (Supernatural), Gabriel (Supernatural), Leonard McCoy, Antoine Triplett, Dyson (Lost Girl), Balthazar (Supernatural), Hale (Lost Girl), Opie Winston, TC Callahan, Leo Fitz, Montgomery ""Scotty"" Scott, Benny Lafitte";Morning Sex, Blow Jobs, Kitchen Sex, First Time, Silver Fox Lestrade, Casual Sex, One Night Stands, Post-Break Up, Virgin Castiel, Bondage, Femdom, Cunnilingus, Teasing, Comfort Sex, Rebound Sex, Implied/Referenced Cheating, Body Worship, Weddings, Fantasy, Lust Potion/Spell, 1920s, Paris (City), Post-Mission, Rough Sex, Biting, Hate Sex, Smuggling, Rivalry, Semi-Public Sex, Blindfolds, Sexual Experimentation, Shower Sex, Hunters & Hunting, Magical Artifacts,  | Russian, Vaginal Fingering, Spanking, Public Blow Jobs, Orgasm Delay/Denial, Playing Doctor, Office Sex, Angry Sex, Nurses, Woman on Top, Car Sex, Sex in a Car, Werewolf Sex, Stress Relief, Car Accidents, Chair Sex, Knifeplay, Dom/sub;English;2014-10-19;Updated;2016-10-29;49265;61/?;160;2170;136;115592
340682;Time Forward;Teen And Up Audiences;F/M, M/M;Merlin (TV);Merlin/Arthur Pendragon, Guinevere/Arthur Pendragon, Merlin/Original Male Character;Merlin, Arthur Pendragon, Gwen, Elena (Merlin), Gwaine (Merlin), Leon (Merlin), Morgana (Merlin);Angst, Drama, Alternate Universe - Modern Setting;English;2012-02-15;Completed;2012-02-15;23180;1/1;226;2129;717;57494
1115742;Revealed;Mature;M/M;Merlin (TV);Merlin/Arthur Pendragon (Merlin);Merlin (Merlin), Arthur Pendragon (Merlin), Gaius (Merlin), Leon (Merlin), Gwaine (Merlin);Truth Spells, Magic Revealed;English;2014-01-02;Completed;2014-01-02;2198;1/1;39;2125;286;28513
398614;The Seduction Predicament;Explicit;M/M;Merlin (TV);Merlin/Arthur Pendragon;Merlin (Merlin), Arthur Pendragon, Gwen, Elena (Merlin), Gwaine (Merlin), Uther Pendragon;Alternate Universe - Modern Setting, Alternate Universe - College/University, Intoxication, Explicit Language, Humor, Oblivious, Fluff;English;2012-05-06;Completed;2012-05-06;13669;1/1;75;2122;393;37395
234459;Radioman;General Audiences;M/M;Merlin (TV);Merlin/Arthur Pendragon;Merlin, Arthur Pendragon, Gwen, Morgana, Leon, Lancelot, Gwaine, Knights;Alternate Universe - Modern Setting, Action/Adventure, First Meetings, Military;English;2011-08-05;Completed;2011-08-05;34857;1/1;136;2107;326;113256
367206;Let me be your canvas;Explicit;M/M;Merlin (TV);Arthur/Merlin, Merlin/Arthur Pendragon;;Tattoos, Age Difference, Coming of Age, High School, Alternate Universe - Modern Setting, tattoo artist - Freeform, Light Bondage, Body Paint, Artists, Drawing, Virginity;English;2012-03-22;Completed;2012-03-22;11499;1/1;67;2089;527;31127
47843;Lord Drake's Bequest;Mature;M/M;Merlin (BBC);Arthur/Merlin, Gwen/Lancelot;;Harlequin, pretending to be dating, Marriage of Convenience, AU;English;2010-01-09;Completed;2010-01-09;9966;1/1;50;2085;473;27709
688825;Tributes;Mature;M/M;Merlin (TV), Hunger Games Trilogy - Suzanne Collins;Merlin/Arthur Pendragon (Merlin), Gwen/Lancelot (Merlin);Merlin (Merlin), Arthur Pendragon (Merlin), Gwen (Merlin), Morgana (Merlin), Gaius (Merlin), Uther Pendragon (Merlin);Crossover, Romance, Angst, Character Death, Enemies to Friends to Lovers, Tragedy, Hunger Games, Alternate Universe, Slash, Male Slash, Hurt/Comfort, Emotional Hurt/Comfort, Wordcount: 50.000-100.000;English;2013-02-17;Completed;2013-03-25;87370;10/10;231;1992;647;40119
3189;Drastically Redefining Protocol;Explicit;M/M;Merlin - Fandom;;;;English;2009-02-22;Completed;2009-02-22;46059;1/1;126;1966;1110;180188
389925;The Tournament of All Magicks;Explicit;F/M, M/M;Merlin (TV);Merlin/Arthur Pendragon, Merlin/OFC, Merlin/Other(s) (Merlin), Merlin/Original Female Character (Merlin);Merlin (Merlin), Gaius (Merlin), Arthur Pendragon, Arthur (Merlin);Magic Revealed, Reveal;English;2012-04-23;Completed;2012-04-23;41314;1/1;56;1960;650;29590
422059;Gamut;Explicit;M/M;Merlin (TV);Merlin/Arthur Pendragon;Merlin, Arthur Pendragon, Freya (Merlin), Gwaine (Merlin), Gaius;Military Jargon, soulbonding, size!kink, Age Difference, Virgin!Merlin, Dirty Talk, Mild D/s, Mentions of War, some violence (not sexual);English;2012-06-03;Completed;2012-06-03;13031;1/1;144;1955;446;45459
7287;In Want of a Wife;Explicit;M/M;Merlin (BBC);Arthur/Merlin;;;English;2009-08-31;Completed;2009-08-31;43209;1/1;63;1945;585;81322
153715;Natural Occurrences in Order of Need to Live;General Audiences;M/M;Merlin (BBC);Arthur/Merlin;Arthur, Merlin, Morgana, Freya, Lancelot, Gwen;Alternate Universe - Modern Setting;English;2011-01-19;Completed;2011-01-19;4951;1/1;27;1944;388;27618
927595;In Plain Sight;Teen And Up Audiences;M/M;Merlin (TV);Merlin/Arthur Pendragon (Merlin), Gwen/Lancelot (Merlin);Merlin (Merlin), Arthur Pendragon (Merlin), Lancelot (Merlin), Gwen (Merlin), Gwaine (Merlin), Leon (Merlin), Morgana (Merlin), Valiant (Merlin);Reincarnation, Blind Character, Alternate Universe - Modern Setting, Alternate Universe - College/University;English;2013-08-15;Completed;2013-08-15;8219;1/1;23;1940;374;28935
46212;Treason to Us;Teen And Up Audiences;M/M;Merlin (BBC);Arthur/Merlin;Arthur Pendragon, Merlin;Angst, Arthur Finds Out;English;2008-11-19;Completed;2008-11-19;4680;1/1;46;1926;316;26014
3097850;The Wall of Arthur;Mature;M/M;Merlin (TV);Merlin/Arthur Pendragon, Merlin/Arthur Pendragon (Merlin);;Alternate Universe - Modern Setting, Alternate Universe - College/University, Alternate Universe - Modern: No Powers, Fluff and Crack, Fluff;English;2015-01-02;Completed;2015-01-02;4557;1/1;119;1920;407;13790
730238;There Are No Gays in Football;Explicit;M/M;Merlin (TV), Arthurian Mythology;Merlin/Arthur Pendragon (Merlin);Arthur Pendragon (Merlin), Merlin (Merlin), Knights (Arthurian), Knights (Merlin), Canon Character(s), Original Characters;Alternate Universe - Modern Setting, Coming Out, Explicit Sexual Content, Friendship, Football | Soccer, Homophobia, Homosexuality, Love, Queer Themes, Sports, Additional Warnings In Author's Note;English;2013-03-21;Completed;2013-04-22;212919;53/53;353;1915;693;72764
937771;Remember When We Never Faded;Explicit;M/M;Merlin (TV);Merlin/Arthur Pendragon (Merlin);Merlin (Merlin), Arthur Pendragon (Merlin), Hunith (Merlin), Will (Merlin);Alternate Universe - Pre-Canon, Magic Revealed, Amnesia, Fluff, Magic, First Time, Merlin Big Bang Challenge, Community: paperlegends, Friendship;English;2013-08-23;Completed;2013-08-23;37246;1/1;162;1901;532;42574
513464;The Time Tried our Souls, and Through the Darkness we Overcame;Teen And Up Audiences;Gen;Merlin (TV);Merlin & Arthur Pendragon (Merlin);Merlin (Merlin), Arthur Pendragon (Merlin), Gwaine (Merlin), George the Manservant, Kilgharrah (Merlin), Leon (Merlin), Lancelot (Merlin);Scars, Torture, Hurt/Comfort, Hurt!Merlin, Grief/Mourning, Protective!Arthur, Magic Revealed, Minor Character Death;English;2012-09-16;Completed;2012-09-16;8427;1/1;29;1891;370;26851
921453;Counterpoint;Explicit;F/M, M/M;Merlin (TV);Merlin/Arthur Pendragon (Merlin), Gwen/Leon (Merlin), Freya/Percival (Merlin);Uther Pendragon (Merlin), Gaius (Merlin), Hunith (Merlin), Morgana (Merlin), Morgause (Merlin), Gwaine (Merlin), Lancelot (Merlin), Cenred (Merlin), Elyan (Merlin), Kilgharrah (Merlin);Alternate Universe - Dystopia, Arranged Marriage, Magic, Hurt/Comfort, Angst, First Time;English;2013-08-12;Completed;2013-08-12;56481;12/12;174;1880;554;40135
938709;pain has an element of blank;Not Rated;;Teen Wolf (TV), Merlin (TV);Derek Hale/Stiles Stilinski;Merlin (Merlin), Morgana (Merlin), Arthur Pendragon (Merlin), Stiles Stilinski, Scott McCall, Derek Hale, Cora Hale, Cory Hale;Optional, merlin is alone and sad, morgana won't leave, i wrote this drunk okay, you can ignore this;English;2013-08-23;Completed;2013-08-23;2223;1/1;58;1879;84;54199
385902;Lupercalia;Explicit;M/M;Merlin - Fandom;Merlin/Arthur Pendragon;Merlin, Arthur Pendragon, Will (Merlin), Hunith (Merlin);Alpha/Beta/Omega Dynamics, age disparity, Coming of Age, Scent Kink, Alpha Males, Knotting, Porn, Alternate Universe, Alternate Universe - Canon Divergence, Alternate Universe - Fantasy, Mating Cycles/In Heat;English;2012-04-18;Completed;2012-04-18;8268;1/1;37;1862;321;50026
3631902;Noble Intentions;Explicit;M/M;Merlin (TV);Merlin/Arthur Pendragon, Merlin/Arthur Pendragon (Merlin);;Knotting, Alpha/Beta/Omega Dynamics, PWP, Fluff, canon AU, Omega!Merlin, Brief mentions of mpreg, Dubious Consent;English;2015-03-28;Completed;2015-03-28;2845;1/1;25;1844;244;28845
21036;Privileges of Rank;Explicit;M/M;Merlin (BBC);Merlin/Arthur Pendragon;Merlin, Arthur Pendragon;;English;2009-02-10;Completed;2009-02-10;8001;1/1;51;1799;524;29054
703105;One of the Wonders;General Audiences;M/M;Merlin (TV);Merlin/Arthur Pendragon (Merlin);Merlin (Merlin), Arthur Pendragon (Merlin), Gwaine (Merlin), Lancelot (Merlin), Percival (Merlin), Elyan (Merlin);Missing Scene, Arthur Knows, Magic Revealed, Episode: s04e01-02 The Darkest Hour, Character Study, Hurt/Comfort, Protective Arthur, Season/Series 04;English;2013-02-28;Completed;2013-02-28;2243;1/1;76;1773;277;21543
238793;A New Low;Teen And Up Audiences;F/F, M/M;Merlin (TV);Arthur/ Merlin, background Gwen/Morgana;Arthur Pendragon, Merlin (Merlin), Gwen (Merlin), Morgana (Merlin);Merlin Modern AU, Diabetes, Teaching, Alternate Universe - Office;English;2011-02-06;Completed;2011-02-06;14957;2/2;50;1752;557;31768
155599;All Its Splendid Glory;Mature;M/M;Merlin (TV);Merlin/Arthur Pendragon;;Humour, First Time, Love Potion/Spell;English;2011-01-24;Completed;2011-01-24;8029;1/1;46;1738;412;25822
523143;All Bets Are Off;Explicit;M/M;Merlin (TV);Merlin/Arthur Pendragon, Merlin/Other(s) (Merlin), Elena/Arthur Pendragon (Merlin);Merlin (Merlin), Arthur Pendragon, Gwaine (Merlin), Leon (Merlin), Morgana (Merlin), Gaius (Merlin), Percival (Arthurian), Elena (Merlin);Friends to Lovers, Humor, Romantic Comedy, Bets, Explicit Sexual Content, Jealous!Arthur, Jealous!Merlin, Hijinks & Shenanigans, Fluff and Angst;English;2012-09-27;Completed;2012-10-19;22525;12/12;287;1738;342;35237
193594;Best Man;Teen And Up Audiences;F/M, M/M;Merlin (TV);Guinevere/Lancelot du Lac, Merlin/Arthur Pendragon;;Alternate Universe - Modern Setting, First Time;English;2011-05-02;Completed;2011-05-02;9826;1/1;50;1736;293;27861
478046;Catch Me A Catch;Explicit;F/M, M/M;Merlin (TV);Elena/Gwaine (Merlin), Merlin/Arthur Pendragon (Merlin), Elena/Arthur Pendragon (Merlin);Merlin (Merlin), Arthur Pendragon, Gwaine (Merlin), Elena (Merlin);Fluff and Angst, Alternate Universe - Modern Setting, Magic, Merlin Big Bang Challenge;English;2012-08-05;Completed;2012-08-05;32546;1/1;191;1674;479;50992
632562;lights go out, here I go again;Explicit;M/M;Merlin (TV);Merlin/Arthur Pendragon;Merlin (Merlin), Arthur Pendragon (Merlin);First Time, Romance, Plot What Plot/Porn Without Plot, Modern Era, Resurrection, Fix-It, Crack, Vibrator, Anal Sex, Fluff, Snark, bottom!Arthur, I JUST DON'T EVEN KNOW;English;2013-01-09;Completed;2013-01-09;4474;1/1;111;1670;392;40359
1582922;Dickmagician;Explicit;M/M;Merlin (TV);Merlin/Arthur Pendragon (Merlin);Arthur Pendragon (Merlin), Merlin (Merlin);Alternate Universe - Modern Setting, Dick Pics, Humor, Roommates;English;2014-05-07;Completed;2014-09-15;7934;2/2;105;1670;284;20876
957967;Shadowlord and Pirate King;Explicit;M/M;Merlin (TV);Merlin/Arthur Pendragon (Merlin);Merlin (Merlin), Arthur Pendragon (Merlin), Leon (Merlin), Gwaine (Merlin), Percival (Merlin), Elyan, Galahad (Arthurian), Geraint (Merlin), Lucan, Kay (Arthurian), Will (Merlin), Uther Pendragon (Merlin), Morgana (Merlin), Morgause (Merlin), full cast;Alternate Universe, Space Opera, Minor Character Death, Light Bondage, futuristic warfare, graphic scenes of military violence;English;2013-09-07;Completed;2013-09-07;169425;4/4;243;1669;677;73829
185695;Touch Me (Not);Explicit;M/M;Merlin (TV);Merlin/Arthur Pendragon;Gwen (Merlin), Great Dragon (Merlin), Arthur Pendragon, Merlin (Arthurian);Loss of Virginity, Unresolved Sexual Tension, Flirting, Yenta Sue, Magic Revealed, Banter, Frustration, Arthur Finds Out;English;2011-04-17;Completed;2011-04-17;7701;1/1;25;1653;417;33325
425397;Dew Point;Explicit;M/M;Merlin (TV);Merlin/Arthur Pendragon;Merlin (Merlin), Arthur Pendragon, Morgana (Merlin), Gwaine (Merlin), Leon (Merlin), Gwen (Merlin), Aredian (Merlin), Mithian (Merlin);Alternate Universe - Modern Setting, Alternate Universe - High School, First Time;English;2012-06-06;Completed;2012-06-06;58355;1/1;171;1652;484;49365
2675528;Maybe We Were Coming All Along;Explicit;M/M;Merlin (TV);Merlin/Arthur Pendragon (Merlin);Morgana (Merlin), Gwaine (Merlin), Leon (Merlin), Uther Pendragon (Merlin), Hunith (Merlin), Elena (Merlin), Mithian (Merlin), Will (Merlin), Aithusa (Merlin);Alternate Universe - Modern Setting, Alternate Universe - Royalty, Christmas Fluff, Friends to Lovers, Fake/Pretend Relationship, Sharing a Bed, Falling In Love, Mutual Pining, Kissing;English;2014-12-06;Completed;2014-12-06;22181;1/1;128;1645;414;25118
2788;The Trouble With Unicorns;Explicit;M/M;Merlin (TV);Arthur/Merlin;Arthur Pendragon, Merlin;Originally Posted on LiveJournal, Virginity, Unicorns;English;2009-01-20;Completed;2009-01-20;2735;1/1;27;1641;253;30077
204776;Learning The Rules;General Audiences;M/M;Merlin (TV);Merlin/Arthur Pendragon;Gwaine (Merlin), Lancelot du Lac, Elyan (Merlin), Percival (Arthurian), Leon (Merlin), Arthur Pendragon, Merlin (Arthurian), Original Male Character;Fluff, Humor, Jealous!Arthur, indulgent!Merlin, Slash, AU;English;2011-05-27;Completed;2012-02-22;3107;2/2;40;1619;298;30896
317838;The Future Soon;Mature;M/M;Merlin (TV);Merlin/Arthur Pendragon;Morgan le Fay, Uther Pendragon, Taliesin (Gwion Bach), Guinevere (Arthurian), Lancelot du Lac, Elyan (Merlin), Elena (Merlin), Freya (Merlin), Leon (Merlin), Gwaine (Merlin);Alternate Universe - Modern Setting, Screw Destiny;English;2012-01-11;Completed;2012-01-11;30211;1/1;41;1619;463;27690
2846312;Of Dragonbabies and Noblemen;Explicit;M/M;Merlin (TV);Merlin/Arthur Pendragon (Merlin);Merlin (Merlin), Arthur Pendragon (Merlin), Uther Pendragon (Merlin), Morgana (Merlin), Aithusa (Merlin);Romance, Fluff, Intoxication, Matchmaking, Oblivious Merlin, Pining, Wooing, Alternate Universe - Modern with Magic, Modern Royalty;English;2014-12-25;Completed;2014-12-25;15241;1/1;41;1613;338;23227
800772;All of This Was Only Coming Back to You;Teen And Up Audiences;M/M;Merlin (TV);Merlin/Arthur Pendragon (Merlin), Leon/Morgana (Merlin);Merlin (Merlin), Arthur Pendragon (Merlin), Leon (Merlin), Morgana (Merlin), Gwaine (Merlin);Break Up, Making Up, Fluff and Angst, Established Relationship, Alternate Universe - Modern Setting;English;2013-05-12;Completed;2013-05-12;16534;1/1;130;1600;375;27174
966914;Awake;Explicit;M/M;Merlin (TV);Merlin/Arthur Pendragon (Merlin);Merlin (Merlin), Arthur Pendragon (Merlin), Morgana (Merlin), Aithusa (Merlin);Community: paperlegends, Romance, Angst, Magic, Character Study, Avalon - Freeform, Canon Compliant, Fanart, Merlin Big Bang Challenge, Post-Season/Series 05, Future Fic, Post-Season/Series 05 Finale, Historical References, Powerful Merlin, Arthur Pendragon Is King, Immortal Merlin, Arthur Knows About Merlin's Magic, Magic and Science, Modern Era, POV Arthur;English;2013-09-14;Completed;2013-09-14;50711;1/1;206;1598;578;26820
840184;Out Of Words;Explicit;M/M;Merlin (TV);Merlin/Arthur Pendragon (Merlin);Merlin (Merlin), Arthur Pendragon (Merlin), Gwaine (Merlin), Gwen (Merlin);Alternate Universe - Modern Setting, Alternate Universe - High School, Tutoring;English;2013-06-12;Completed;2013-06-12;27856;1/1;58;1595;341;28858
835089;Such a Life, a Heart, a Mind as Thine;Explicit;M/M;Merlin (TV);Merlin/Arthur Pendragon (Merlin);Arthur Pendragon (Merlin), Merlin (Merlin), Morgana (Merlin), Gwen (Merlin), Uther Pendragon (Merlin), Gaius (Merlin);First Time, Non Consensual, Rape, Magic, Explicit Sexual Content, Magic Makes Them Do It, Angst, Guilt, Romance, Soul Bond;English;2013-06-08;Completed;2013-09-26;42379;11/11;165;1594;379;34920
243609;War Games;Teen And Up Audiences;M/M;Merlin (TV);Merlin/Arthur Pendragon;Merlin, Leon, Lancelot, Gwaine, Perceval, Owain, Gwen, Morgana, Knights, Uther Pendragon, Arthur Pendragon;Alternate Universe - Modern Setting, Action/Adventure, Military;English;2011-08-22;Completed;2011-08-22;36863;1/1;91;1593;83;70006
73164;Love, Toast, and Post-It Notes;Teen And Up Audiences;F/M, M/M;Merlin (BBC);Arthur/Merlin, Gwen/Lancelot;Arthur Pendragon, Gwen (Guinevere), Merlin, Uther Pendragon;Fluff, Humor, Alternate Universe - Modern Setting, Alternate Universe - College/University;English;2010-01-09;Completed;2010-01-09;6704;1/1;39;1579;298;20177
336585;When Morning Comes;Mature;M/M;Merlin (TV);Merlin/Arthur Pendragon;Arthur Pendragon, Merlin, Guinevere, Gwaine (Merlin), Gaius (Merlin), Elyan (Merlin);Alternate Universe - Apocalypse, Alternate Universe - Alien Invasion, I like my angst with a healthy dose of absurdity, Alternate Universe - Modern Setting;English;2012-02-10;Completed;2012-02-10;9248;1/1;100;1578;435;22389
2155;August;Explicit;M/M;Merlin (BBC);Merlin/Arthur;;;English;2008-12-04;Completed;2008-12-04;10217;1/1;30;1574;431;33857
330147;Despoiled;Explicit;M/M;Merlin (TV);Merlin/Arthur Pendragon;Merlin (Arthurian), Arthur Pendragon;Originally Posted on LiveJournal;English;2009-01-12;Completed;2009-01-12;11099;1/1;23;1570;367;27801
923672;Virgin Territory;Explicit;M/M;Merlin (TV);Merlin/Arthur Pendragon (Merlin);Merlin (Merlin), Arthur Pendragon (Merlin);Alternate Universe - Modern Setting, Alternate Universe - High School, Plot What Plot/Porn Without Plot, Blindfolds, First Time, Additional Warnings In Author's Note;English;2013-08-12;Completed;2013-08-12;4493;1/1;76;1567;245;28479
318823;Made of Dreams and Bones;Teen And Up Audiences;M/M;Merlin (TV);Merlin/Arthur Pendragon;Hunith (Merlin), Will (Merlin), Morgan le Fay, Guinevere (Arthurian), Gaius (Merlin), Balinor (Merlin), Great Dragon (Merlin);Alternate Universe - Canon, Friends to Lovers;English;2012-01-12;Completed;2012-01-12;7476;1/1;36;1561;366;17254
2761712;The Bedwarmer and the Reluctant Prince;Explicit;M/M;Merlin (TV);Merlin/Arthur Pendragon (Merlin);Merlin (Merlin), Arthur Pendragon (Merlin), Uther Pendragon (Merlin), Gaius (Merlin), Original Female Character(s), George (Merlin);Sharing a Bed, Winter, First Time, Sexual Content, Bottom Arthur, Alternate Universe - Canon, Cuddling & Snuggling, Sleepy Sex, Jealousy, Magic Revealed;English;2014-12-12;Completed;2014-12-12;14457;1/1;55;1560;267;23312
644424;Chatroom;Mature;M/M;Merlin (TV);Merlin/Arthur Pendragon (Merlin);Arthur Pendragon (Merlin), Merlin (Merlin), Leon (Merlin), Gwen (Merlin), Mordred (Merlin);Humor, Romance, Chatting & Messaging, Masturbation, Anonymity, Bi-Curiosity, Hand Jobs, Fluff, Drunkenness, Alternate Universe - Modern Setting;English;2013-01-18;Completed;2013-01-18;20601;1/1;70;1544;374;27711
779701;Come around;Explicit;M/M;Merlin (TV);Merlin/Arthur Pendragon (Merlin);Merlin (Merlin), Arthur Pendragon (Merlin), Freya (Merlin), Will (Merlin), Kilgharrah (Merlin);Alternate Universe - Modern Setting, Alternate Universe - High School, Field Trip, Sharing a Bed, Roommates, Orgasm Delay/Denial, Discovery, Awkwardness, First Time, Frottage, Teen Angst, Denial, Enemies to Friends to Lovers, Porn With Plot, Unsafe Sex, Rimming, Fingerfucking, Barebacking, Sharing Body Heat, Libraries, Pining, Oblivious, Fluff and Smut, Morning Sex, Morning Cuddles, Awkward Boners, Slow Burn, Getting to Know Each Other, Getting Together, Oblivious Merlin, Oblivious Arthur, Stupidity, Hand Jobs, Porn, Realization, Attraction, Angst and Fluff and Smut, Bad Jokes;English;2013-04-30;Completed;2013-04-30;9675;1/1;66;1543;218;31747
583789;Skipping Beats, Blushing Cheeks;Explicit;M/M;Merlin (TV);Merlin/Arthur Pendragon;Arthur Pendragon, Merlin, Percival, Gwaine (Merlin), Morgana (Merlin), Leon (Merlin);Fluff, Christmas, Rimming;English;2012-12-05;Completed;2012-12-05;10530;1/1;94;1536;324;28467
157384;All I Want For Christmas (Is You);Explicit;M/M;Merlin (BBC);Arthur/Merlin, Elena/Gwaine, Morgana/Leon;;;English;2011-01-29;Completed;2011-01-29;18493;1/1;43;1528;395;27537
330144;Reciprocation;Explicit;M/M;Merlin (TV);Merlin/Arthur Pendragon;Merlin (Arthurian), Arthur Pendragon;Imported;English;2009-02-04;Completed;2009-02-04;8657;1/1;27;1485;343;26710
87847;All is Semblative;General Audiences;M/M;Merlin (BBC);Arthur/Merlin;Arthur Pendragon, Merlin, Morgana;Humour, Romance, First Time, Fairy Tales, Genderbending;English;2010-05-18;Completed;2010-05-18;10608;1/1;39;1483;307;27141
581626;Paint the World Orange and Blue;Explicit;M/M;Merlin (TV);Merlin/Arthur Pendragon;Merlin (Merlin), Arthur Pendragon, Elena (Merlin), Freya (Merlin), Alator (Merlin);Alternate Universe - Modern Setting, Fluff, Banter, Artists, Past Character Death;English;2012-12-03;Completed;2012-12-03;17372;1/1;88;1482;359;31223
257669;The Perfect Scry;Teen And Up Audiences;Gen;Merlin (TV);;Arthur Pendragon (Merlin), Merlin (Merlin);Drama, Magic Revealed, Arthur Finds Out;English;2011-09-26;Completed;2011-09-26;50728;3/3;83;1482;472;35208
317059;Possibly Maybe I'm Falling For You;Teen And Up Audiences;M/M;Merlin (TV);Merlin/Arthur Pendragon;Morgan le Fay, Gwaine (Merlin), Guinevere (Arthurian), Lancelot du Lac, Percival (Arthurian), Leon (Merlin), Hunith (Merlin), Nimue (Arthurian);Alternate Universe - Modern Setting, Fluff, Copious geeky references;English;2012-01-09;Completed;2012-01-09;13762;1/1;42;1473;365;44828
4761170;Damsel in a Phone Booth;Teen And Up Audiences;M/M;Merlin (TV);Merlin/Arthur Pendragon, Merlin/Arthur Pendragon (Merlin);Merlin (Merlin), Arthur Pendragon (Merlin);Stalker, lots of swearing, Protective Arthur, Phone Booth - Freeform;English;2015-09-09;Completed;2015-09-09;3053;1/1;44;1468;293;12185
1272403;The Authoritative Guide on Being the Bloke;Not Rated;M/M;Merlin (TV);Merlin/Arthur Pendragon (Merlin);Merlin (Merlin), Arthur Pendragon (Merlin), Morgana (Merlin), Gwen (Merlin), Lancelot (Merlin), Gwaine (Merlin);Humor, Alternate Universe - Modern Setting, Merlin has a Blog, Oblivious Arthur, Established Relationship;English;2014-03-05;Completed;2015-06-13;9092;3/3;154;1458;286;12898
1055542;Acts of Man;Teen And Up Audiences;M/M;Merlin (TV);Merlin/Arthur Pendragon (Merlin);Arthur Pendragon (Merlin), Merlin (Merlin), Gwen (Merlin), Uther Pendragon (Merlin), Morgana (Merlin), Gwaine (Merlin), Will (Merlin);Alternate Universe - Modern Setting, Misunderstandings, Fluff, Christmas Dinner;English;2013-12-21;Completed;2013-12-21;5165;1/1;55;1457;222;19973
7079071;Strike of Lightning;Teen And Up Audiences;M/M;Merlin (TV);Merlin/Arthur Pendragon (Merlin);Arthur Pendragon (Merlin), Merlin (Merlin), Gwen (Merlin), Morgana (Merlin), Leon (Merlin), Uther Pendragon (Merlin);Alternate Universe - Soulmates, Soulmates, Canon Era, Alternate Universe - Canon, Fluff and Angst, Angst with a Happy Ending, Magic Revealed;English;2016-06-03;Completed;2016-06-03;4830;1/1;62;1451;241;10085
987049;Heart in a Headlock;Not Rated;F/M, M/M, Other, F/F;Merlin (TV), Fandompalooza!;Merlin/Arthur Pendragon (Merlin), Gwen/Lancelot (Merlin), Whatever/Happens;Merlin (Merlin), Arthur Pendragon (Merlin), Gwen (Merlin), Lancelot (Merlin), Freya (Merlin), Uther Pendragon (Merlin), All of Them;Alpha/Beta/Omega Dynamics, Alternate Universe - Modern Setting, College, Academia, Romance, Comedy, Slice of Life, Just playing around, Explicit Sexual Content, Mystery, Omega Verse, Knotting, Social Issues;English;2013-10-01;Updated;2015-08-30;287019;10/?;1329;1450;459;55756
4647243;In Spite of Everything, the Stars;Mature;M/M;Merlin (TV);Merlin/Arthur Pendragon (Merlin);Arthur Pendragon (Merlin), Merlin (Merlin), Uther Pendragon (Merlin), Valiant (Merlin), Cenred (Merlin);Kidnapping, Violence, Hurt/Comfort, Romance, Sexual Content, Angst and Humor, Alternate Universe - Modern with Magic;English;2015-09-10;Completed;2015-09-10;82243;10/10;548;1444;472;26603
2025849;Of Kings and Sorcerers;Explicit;F/M, M/M;Merlin (TV);Merlin/Arthur Pendragon, Merlin/Arthur Pendragon (Merlin);Merlin (Merlin), Arthur Pendragon (Merlin), Gwen (Merlin), Lancelot (Merlin);Romance, Drama, Season 4 AU, Season/Series 04, Merlin/Arthur Marriage, Arranged Marriage, Knights Plans for Merlin and Arthur, Mpreg;English;2014-07-26;Completed;2014-08-14;40041;15/15;261;1440;332;30318
818112;Lost in the Northern Lands;Explicit;M/M, Multi;Merlin (TV);Merlin/Arthur Pendragon (Merlin), Knights/Merlin (Merlin);Merlin (Merlin), Arthur Pendragon (Merlin), Gwaine (Merlin), Percival (Merlin), Leon (Merlin), Original Female Character(s);Knotting, Alpha/Beta/Omega Dynamics, Felching, Gangbang, Magic Makes Them Do It, Bonding, Multiple Orgasms, Mpreg, Alternate Universe - Canon, Dubious Consent;English;2013-05-26;Completed;2013-05-26;6520;1/1;42;1428;233;51471
1107376;It Didn't Mean Anything;Explicit;M/M;Merlin (TV);Merlin/Arthur Pendragon (Merlin);Merlin (Merlin), Arthur Pendragon (Merlin), Elena (Merlin), Gwen (Merlin), Mithian (Merlin);Alternate Universe - Modern Setting, Magic, Forced Bonding, Pining, Boss/Employee Relationship, Holidays, Winter, mention of Arthur/Vivian;English;2013-12-29;Completed;2013-12-29;9420;1/1;69;1425;195;17545
317061;Fallen Quite Hard Over You;Teen And Up Audiences;M/M;Merlin (TV);Merlin/Arthur Pendragon;Morgan le Fay, Gwaine (Merlin), Hunith (Merlin);Alternate Universe - Modern Setting, Fluff, Weddings;English;2012-01-09;Completed;2012-01-09;1555;1/1;30;1408;98;22673
83334;Everything, Always;Explicit;M/M;Merlin (BBC);Arthur/Merlin;Arthur Pendragon, Merlin;;English;2010-04-27;Completed;2010-04-27;6469;1/1;30;1405;270;19830
902073;A Beacon In The Dark;Explicit;M/M;Merlin (TV);Merlin/Arthur Pendragon (Merlin);Morgana, Leon, Gwen, Gwaine, Uther, Hunith, Lancelot;Modern AU with Magic, Hurt/Comfort, Kid Fic, Prostitution, Crime & Law, Merlin Big Bang Challenge, Community: paperlegends;English;2013-08-02;Completed;2013-08-02;96372;10/10;254;1404;320;24848
1761807;How to Untrain Your Dragon;Explicit;M/M;Merlin (TV);Merlin/Arthur Pendragon (Merlin);Merlin (Merlin), Arthur Pendragon (Merlin), Hunith (Merlin), Gwen (Merlin), Morgana (Merlin), Gaius (Merlin), Uther Pendragon (Merlin), Leon (Merlin);Alternate Universe, Canon divergent, Magic Reveal;English;2014-06-09;Completed;2014-12-28;34375;5/5;81;1387;377;16565
575333;Our Lives Have Just Begun;Explicit;M/M;Merlin (TV);Merlin/Arthur Pendragon (Merlin);Merlin (Merlin), Arthur Pendragon (Merlin), Gaius (Merlin);Mpreg, Childbirth, Protective Arthur, Alpha/Beta/Omega Dynamics, Omega Verse, Alpha/Omega, Established Relationship, Hurt/Comfort, Mating Cycles/In Heat, Pregnant Sex, pregnant!Merlin, Knotting;English;2012-11-27;Completed;2012-11-27;3411;1/1;13;1386;164;53730
340202;These Castle Walls Bleed Lies;Mature;M/M;Merlin (TV);Arthur/Merlin, mention of Arthur/Gwen, Lancelot/Gwen;;Magic Revealed;English;2012-03-01;Completed;2012-03-01;12132;1/1;25;1385;376;19841
588932;Flat 6;Mature;M/M;Merlin (TV);Merlin/Arthur Pendragon (Merlin);Morgana (Merlin);Alternate Universe - Modern Setting, Magic;English;2012-12-10;Completed;2012-12-10;3114;1/1;70;1383;157;16701
585030;Jerusalem;Explicit;M/M;Merlin (TV);Merlin/Arthur Pendragon;Merlin (Merlin), Arthur Pendragon, Uther Pendragon (Merlin), Leon (Merlin), Percy, Lancelot (Merlin), Gwaine (Merlin), Gaius (Merlin), Alice (Merlin), Morgana (Merlin);Romance, Alternate Universe - Modern Setting, Alternate Universe - Royalty, Bullying, Explicit Language, Explicit Sexual Content, Non-Graphic Violence, Captivity, Hurt/Comfort;English;2012-12-06;Completed;2012-12-06;28859;1/1;77;1383;324;31213
923809;Wrong Number, Right Person;Teen And Up Audiences;M/M;Merlin (TV);Merlin/Arthur Pendragon (Merlin);Merlin (Merlin), Arthur Pendragon (Merlin), Gwen (Merlin);Suicide Attempt, Alternate Universe - Modern Setting, Age Difference (19/25);English;2013-08-13;Completed;2013-08-13;3576;1/1;26;1378;225;17253
850294;Empires Gleam;Mature;F/M, M/M;Merlin (TV);Merlin/Arthur Pendragon (Merlin), Gwen/Arthur Pendragon (Merlin), Gwen/Lancelot (Merlin);;Fix-It, Time Travel, Magic Revealed, Canon Rewrite, Humor, Pining, Romance, BAMF Merlin, Slow Burn, Canon-Typical Violence, Epic Friendship;English;2013-06-20;Updated;2016-06-22;42705;5/?;311;1376;484;20396
379756;Past These County Lines;Mature;M/M;Merlin (TV);Merlin/Arthur Pendragon;Merlin (Merlin), Arthur Pendragon, Hunith (Merlin), Freya (Merlin);Cameos, Alternate Universe - High School, Skipping School, John Hughes References;English;2012-04-10;Completed;2012-04-10;6280;1/1;30;1376;230;14907
591761;With Sufficient Thrust, Pigs Fly Just Fine;General Audiences;Gen;Merlin (TV);;Merlin (Merlin), Arthur Pendragon (Merlin), Gwaine (Merlin), Gwen (Merlin), Leon (Merlin), Percival (Arthurian), Gaius (Merlin);Humor, Magic Revealed, Arthur Finds Out, BAMF Merlin;English;2012-12-13;Completed;2012-12-13;2508;1/1;35;1360;353;16128
584231;My Density Has Brought Me To You;Explicit;F/M, M/M;Merlin (TV);Merlin/Arthur Pendragon, Gwen/Lancelot (Merlin), Gwen/Merlin (Merlin);Merlin (Merlin), Arthur Pendragon, Gwen (Merlin), Mordred (Merlin), Will (Merlin), Gilli (Merlin);Alternate Universe - College/University, Minor Violence, Mutual Masturbation, Protective Arthur, Hurt/Comfort, Humor;English;2012-12-05;Completed;2012-12-05;17959;1/1;55;1359;344;23521
965850;If Greater Want of Skill;Explicit;M/M;Merlin (TV);Merlin/Arthur Pendragon (Merlin);Merlin (Merlin), Arthur Pendragon (Merlin);Alternate Universe - Fraternity, Fingerfucking, Poetry, Banter, Drunk Sex, Trope Bingo Round 2, Bets & Wagers, PWP;English;2013-09-14;Completed;2013-09-14;4947;1/1;115;1359;287;16857
251615;R&R;Mature;M/M;Merlin (TV);Merlin/Arthur Pendragon;Merlin, Gwaine, Leon, Lancelot, Perceval, Owain, Gwen, Morgana, Arthur Pendragon, Knights;Alternate Universe - Modern Setting, Military, Action/Adventure;English;2011-09-10;Completed;2011-09-10;56881;1/1;140;1352;72;69508
237980;From The Ashes;Explicit;M/M;Merlin (TV);Merlin/Arthur Pendragon;Merlin (Merlin), Arthur Pendragon;;English;2011-08-11;Completed;2011-08-11;42102;1/1;68;1352;412;48253
227285;Sacrificial Lamb;Mature;M/M;Merlin (TV);Merlin/Arthur Pendragon (Merlin);Merlin (Merlin), Arthur Pendragon (Merlin), Leon (Merlin), Uther Pendragon (Merlin), Gaius (Merlin);Angst and Humor, Pining, First Time, First Kiss, Episode Related, Post Season 1, Misunderstanding, Community: kinkme_merlin;English;2011-07-23;Completed;2011-07-23;8430;1/1;28;1351;234;20835
981169;Somebody to Lean On;Teen And Up Audiences;M/M;Merlin (TV);Merlin/Arthur Pendragon (Merlin);Merlin (Merlin), Arthur Pendragon (Merlin);Hurt/Comfort, First Kiss;English;2013-09-26;Completed;2013-09-26;6371;1/1;28;1351;223;17848
830032;The Heart's Search;Explicit;M/M;Merlin (TV);Merlin/Arthur Pendragon (Merlin);Merlin (Merlin), Arthur Pendragon (Merlin), Morgana (Merlin), Mordred (Merlin), Morgause (Merlin), Gwen (Merlin), Uther Pendragon (Merlin);Romance, Action/Adventure, Violence, Minor Character Death, Kidnapping, Hostage Situations, Barebacking, Alternate Universe - Modern Setting, Dystopia, instances of bodily pain, h/c;English;2013-06-04;Completed;2013-06-04;115365;2/2;127;1351;466;44374
1461307;Heart Strings (A Remix of Our Lives);Explicit;M/M;Merlin (TV);Merlin/Arthur Pendragon (Merlin);Merlin (Merlin), Arthur Pendragon (Merlin), Morgana (Merlin), Mithian (Merlin), Elena (Merlin);Alternate Universe - Modern Setting, Soul Bond, Musicians;English;2014-05-06;Completed;2014-05-06;9608;1/1;28;1350;264;16453
270100;Intermission;Teen And Up Audiences;M/M;Merlin (TV);Merlin/Arthur Pendragon;Merlin, Arthur Pendragon, Gwaine, Leon, Lancelot, Perceval, Owain, Kay - Character, Knights;Alternate Universe - Modern Setting, Action/Adventure, Military;English;2011-10-28;Completed;2011-10-28;53760;1/1;151;1311;59;62115
579191;Starting Something;Mature;M/M;Merlin (TV);Merlin/Arthur Pendragon (Merlin);Merlin (Merlin), Arthur Pendragon (Merlin);camelotremix compliant, Alternate Universe - College/University, Alternate Universe - Library, Post-it Notes, Silence, Sponsored Silence, Kissing, Romance, First Kiss, University Merlin, Podfic Available;English;2012-12-01;Completed;2015-09-11;5347;2/2;124;1311;238;16475
408441;The Anti-Wingman;Teen And Up Audiences;M/M;Merlin (TV);Merlin/Arthur Pendragon, Guinevere/Lancelot du Lac;Merlin (Merlin), Arthur Pendragon, Lancelot du Lac, Guinevere (Merlin);AU-modern setting, Pub AU, Closeted gay characters, Bisexual Character;English;2012-05-20;Completed;2012-05-20;4159;1/1;41;1307;163;14194
176020;Intended;Explicit;M/M;Merlin (TV);Merlin/Arthur Pendragon, Merlin/Gwaine, Arthur/Other;;School, Teacher-Student Relationship, Age Difference;English;2011-04-01;Completed;2011-04-01;16653;1/1;59;1303;335;null
845620;Pining for the Moon;Mature;M/M;Merlin (TV);Merlin/Arthur Pendragon (Merlin);Merlin (Merlin), Arthur Pendragon (Merlin), Morgana (Merlin), Leon (Merlin), Uther Pendragon (Merlin), Gwen (Merlin), Gaius (Merlin);Angst, s1/s2, Heartbreak, Arthur Finds Out, Magic Revealed, Awesome Morgana, Idiot Arthur, Happier Ending Than It Ought To Be;English;2013-06-16;Completed;2013-06-16;13297;1/1;25;1301;276;23123
305017;Now That I'm Rich They Give Me Coffee;Mature;M/M;Merlin (TV);Merlin/Arthur Pendragon;Morgan le Fay, Gwen, Will (Merlin);Alternate Universe - Modern Setting;English;2011-12-10;Completed;2011-12-10;4686;1/1;26;1299;320;15579
929300;Arthur Pendragon Is Many Things;Explicit;F/M, M/M, F/F;Merlin (TV);Merlin/Arthur Pendragon (Merlin), Gwen/Lancelot (Merlin), Leon/Morgana (Merlin), Elena/Mithian (Merlin), Sophia/Will (Merlin), Elyan/Freya (Merlin), Vivian/Percival (Merlin), Morgause/Gwaine (Merlin), Isolde/Tristan (Merlin);Merlin (Merlin), Arthur Pendragon (Merlin), Gwen (Merlin), Lancelot (Merlin), Morgana (Merlin), Leon (Merlin), Elena (Merlin), Mithian (Merlin), Sophia (Merlin), Will (Merlin), Freya (Merlin), Elyan (Merlin), Vivian (Merlin), Percival (Merlin), Morgause (Merlin), Gwaine (Merlin), Tristan (Merlin), Isolde (Merlin), Nimueh (Merlin), Kay (Arthurian), Mordred (Merlin), Daegal (Merlin), Agravaine (Merlin), Sefa (Merlin), Gilli (Merlin), George (Merlin), Cedric (Merlin), Tyr (Merlin);Alternate Universe - Modern Setting, Alternate Universe - After College/University, Friends to Lovers, Roommates, Fluff, Pining, so much pining you'll go blind, enough characters to make a football team;English;2013-08-16;Completed;2013-08-16;38446;1/1;121;1298;344;27049
2701283;In the Winter of My Soul;Mature;M/M;Merlin (TV);Merlin/Arthur Pendragon (Merlin);Kilgharrah (Merlin);Alternate Universe - Canon Divergence, Canon Era, Fluff and Angst, Romance, Hurt/Comfort, Magic Revealed, Winter, Sharing a Bed, Protectiveness, Soul Bond, First Time, Fuck Or Die, Druids, Rituals;English;2014-12-15;Completed;2014-12-15;20206;1/1;64;1288;248;19134
2282970;Rule Number Four;Explicit;M/M;Merlin (TV);Merlin/Arthur Pendragon (Merlin), Gwen/Lancelot (Merlin);Merlin (Merlin), Arthur Pendragon (Merlin), Gwen (Merlin), Lancelot (Merlin), Morgana (Merlin), Uther Pendragon (Merlin), Mordred (Merlin), Minor Characters;Alternate Universe - Modern Setting, Cybersex, Chatting & Messaging, Hacking, Interactive Fiction, Anal Sex, Espionage, Based on a Tumblr Post;English;2014-09-12;Completed;2014-09-12;47732;4/4;138;1270;382;20913
7189;Three Tasks;Mature;M/M;Merlin (BBC);Arthur/Merlin;;;English;2008-12-19;Completed;2008-12-19;30869;1/1;45;1270;492;38706
610871;Hold My Heart Until it Beats;Teen And Up Audiences;M/M;Merlin (TV);Merlin/Arthur Pendragon;Arthur Pendragon, Merlin (Merlin), Gaius (Merlin), Freya (Merlin), Gwen (Merlin), Ygraine de Bois (Merlin);Angst, Canonical Character Death, Fix-It, Happy Ending;English;2012-12-27;Completed;2012-12-27;1921;1/1;57;1267;219;21452
960893;A Shot in the Dark;General Audiences;M/M;Harry Potter - J. K. Rowling, Merlin (TV);Merlin/Arthur Pendragon (Merlin);Harry Potter, Ron Weasley, Hermione Granger, Merlin (Merlin), Arthur Pendragon (Merlin);One Shot, Humor, Alternate Universe - Canon;English;2013-09-09;Completed;2013-09-09;2680;1/1;29;1265;210;14656
1010150;All the Wooing is Done;Not Rated;M/M;Merlin (TV);Merlin/Arthur Pendragon (Merlin), Leon/Morgana (Merlin), Freya/Merlin (Merlin);Merlin (Merlin), Arthur Pendragon (Merlin), Freya (Merlin), Leon (Merlin), Morgana (Merlin), Gaius (Merlin), Uther Pendragon (Merlin), Hunith (Merlin), Mordred (Merlin), Edwin Muirden, Original Characters;Fake/Pretend Relationship, Marriage, Marriage Proposal, Marriage of Convenience, Alternate Universe - Modern Setting, Romance, Children, Kid Fic, Kid Mordred, is this, Angst, because i seriously hope not, Sexual Content, Friends to Lovers;English;2013-10-19;Completed;2014-07-11;30768;12/12;90;1264;266;28277
306001;Isn't It Lovely How Artists Can Capture Us?;Teen And Up Audiences;M/M;Merlin (TV);Merlin/Arthur Pendragon, Guinevere/Morgan le Fay;Gaius (Merlin);Alternate Universe - Modern Setting;English;2011-12-28;Completed;2011-12-28;10762;2/2;26;1264;291;16441
155132;Mind the Gap;Mature;F/M, M/M;Merlin (BBC);Merlin/Arthur Pendragon, Guinevere/Lancelot du Lac;;Alternate Universe - Modern Setting, First Time;English;2011-01-23;Completed;2011-01-23;8472;1/1;81;1263;232;23475
423254;Crossing the Line;General Audiences;Gen;Merlin (TV);;Merlin, Arthur, Gwaine, Leon, Lancelot, Gaius;Crack, BAMF!Merlin, Magic Reveal, Hurt!Merlin, Humor;English;2012-06-04;Completed;2012-06-04;4167;1/1;35;1262;315;17069
924094;Finding the Truth;Explicit;F/M, M/M;Merlin (TV);Merlin/Arthur Pendragon (Merlin), past Gwen/Arthur Pendragon (Merlin) - Relationship, Gwen/Lancelot (Merlin), Gwaine/Morgana (Merlin);Merlin (Merlin), Arthur Pendragon (Merlin), Gwen (Merlin), Lancelot (Merlin), Gaius (Merlin), Gwaine (Merlin), Morgana (Merlin), Hunith (Merlin);Alpha/Beta/Omega Dynamics, Alpha/Omega, alpha!arthur, Omega!Merlin, Alpha!Lancelot, Omega!Gwaine, Omega!Gwen, Alpha!Morgana, Mpreg;English;2013-08-13;Completed;2013-08-13;12413;1/1;20;1251;278;40313
914874;We'll Be a Dream;Teen And Up Audiences;M/M, F/M;Merlin (TV);Arthur/Merlin, Brief Arthur/Sophia;Arthur Pendragon (Merlin), Merlin (Merlin), Hunith (Merlin), Gaius (Merlin), Uther Pendragon (Merlin), Morgana (Merlin), Gwen (Merlin), Lancelot (Merlin), Nimueh (Merlin), Sophia (Merlin), Kilgharrah (Merlin), Ygraine de Bois (Merlin), Other Characters;Reincarnation, Growing Up Together, Kid Fic, Fluff, Angst, Modern Royalty, Codependency, Bonding, Childhood, Death in Childbirth, Hurt/Comfort, Paperlegends 2013, Alternate Universe - Modern Setting;English;2013-08-07;Completed;2013-08-07;33278;1/1;42;1245;396;22696
406643;We Can Burn Brighter;Mature;M/M;Merlin (TV);Merlin/Arthur Pendragon, Guinevere/Lancelot du Lac;Merlin (Merlin), Arthur Pendragon, Gwen, Lancelot du Lac, Gwaine (Merlin), Leon (Merlin), Morgana (Merlin);Angst, Fluff, Angsty Schmoop, Alternate Universe - Modern Setting, Internalized Homophobia;English;2012-05-17;Completed;2012-05-17;35626;1/1;59;1244;332;26954
488853;dreams for wings and wanderers;Explicit;M/M;Merlin (TV), Temeraire - Naomi Novik;Merlin/Arthur Pendragon;Merlin (Merlin), Arthur Pendragon, Gwaine (Merlin), Great Dragon (Merlin), Leon (Merlin), Lancelot du Lac, Elyan (Merlin), Percival (Merlin), Gwen (Merlin), Aithusa (Merlin);Crossover, Dragons;English;2012-08-17;Completed;2012-08-17;66717;12/12;91;1241;512;31628
262807;Avalon;Teen And Up Audiences;M/M;Merlin (TV);Merlin/Arthur Pendragon;Merlin, Arthur, Leon, Lancelot, Perceval, Owain, Kay - Character, Gwaine, Knights;Alternate Universe - Modern Setting, Action/Adventure, Military;English;2011-10-09;Completed;2011-10-09;39568;1/1;114;1237;55;60014
543016;Capable of Love;Teen And Up Audiences;M/M;Merlin (TV);Merlin/Arthur Pendragon (Merlin);Merlin (Merlin), Arthur Pendragon (Merlin), Uther Pendragon (Merlin), Hunith (Merlin), Gwen (Merlin), Morgana (Merlin);;English;2012-10-22;Completed;2012-11-10;32651;14/14;76;1227;298;25788
530640;A Choice is All That's Left Him;Mature;M/M;Merlin (TV);Merlin/Arthur Pendragon (Merlin);Merlin (Merlin), Arthur Pendragon (Merlin);Magic Revealed;English;2010-05-07;Completed;2010-05-07;4516;1/1;19;1220;181;15002
582234;Causes and Correlates;Mature;M/M;Merlin (TV);Merlin/Arthur Pendragon (Merlin);Merlin (Merlin), Arthur Pendragon (Merlin), Morgana (Merlin), Gwen (Merlin), Gaius (Merlin);Alternate Universe - College/University, Kissing, Graduate School, Sexual orientation confusion;English;2012-12-04;Completed;2012-12-04;3392;1/1;55;1216;168;15839
1057839;And This Is How I See You;Teen And Up Audiences;M/M;Merlin (TV);Merlin/Arthur Pendragon (Merlin);Elena (Merlin), Mithian (Merlin), Gwaine (Merlin), Will (Merlin), Freya (Merlin), Leon (Merlin), Percival (Merlin), Hunith (Merlin), Merlin (Merlin), Arthur Pendragon (Merlin);Alternate Universe - Modern Setting, Holidays, Neighbors, Fluff, Christmas Fluff, Domestic, Pining, Crushes;English;2013-12-07;Completed;2013-12-07;15565;1/1;114;1210;262;21128
252563;The One Where Merlin Has a Shady Work History;Teen And Up Audiences;M/M;Merlin (TV);Merlin/Arthur Pendragon (Merlin);Merlin (Merlin), Arthur Pendragon (Merlin), Gwen (Merlin);;English;2009-07-20;Completed;2009-07-20;1683;1/1;48;1210;126;19759
923952;Para Bellum;Explicit;M/M;Merlin (TV);Merlin/Arthur Pendragon (Merlin);Merlin (Merlin), Arthur Pendragon (Merlin), Gwaine (Merlin), Elyan (Merlin), Percival (Merlin), Leon (Merlin), Gaius (Merlin), Gwen (Merlin), Morgana (Merlin), Mordred (Merlin), Iseldir (Merlin), Alator (Merlin), George (Merlin), Aithusa (Merlin), Eira (Merlin), Kara (Merlin), Ruadan (Merlin), Mithian;Alternate Universe - Canon Divergence, Happy Ending, Hurt/Comfort, Established Relationship, Canon Era;English;2013-08-14;Completed;2013-08-14;51464;1/1;112;1209;433;47560
779297;You're the Voice;Explicit;M/M;Merlin (TV);Merlin/Arthur Pendragon (Merlin);Merlin (Merlin), Arthur Pendragon (Merlin), Morgana (Merlin);Phone Sex, Dirty Talk, Masturbation, Anonymity, Romance, Fluff, Blow Jobs, Anal Sex, Humor, Drunkenness;English;2013-05-02;Completed;2013-05-06;11378;3/3;73;1208;224;20487
785043;Sunset Over Coruscant;Teen And Up Audiences;M/M;Merlin (TV);Merlin/Arthur Pendragon (Merlin);Merlin, Arthur Pendragon (Merlin), Leon;Alternate Universe - Star Wars Setting, Angsty Schmoop, Reunions;English;2013-05-04;Completed;2013-05-04;2644;1/1;74;1203;128;16407
6083;Paraphrase;Explicit;M/M;Merlin (BBC);;;;English;2009-09-16;Completed;2009-09-16;3304;1/1;44;1201;224;52775
610218;The Warmth of Winter;Explicit;M/M;Merlin (TV);Merlin/Arthur Pendragon (Merlin), Merlin/Arthur Pendragon;;dystopian au, Alternate Universe - Dystopia, Balinor/Hunith - Freeform, With Magic and Dragons;English;2012-12-26;Completed;2012-12-26;25239;1/1;61;1198;300;22078
911832;Flying Change;Explicit;M/M;Merlin (TV);Merlin/Arthur Pendragon (Merlin), Gwaine/Arthur Pendragon (Merlin);Merlin (Merlin), Arthur Pendragon (Merlin), Mordred (Merlin), Gaius (Merlin), Gwaine (Merlin), Mithian (Merlin), Gwen (Merlin), Lancelot (Merlin), Percival (Merlin), George the Manservant, Kara (Merlin), Original Characters;Alternate Universe - Modern Setting, Magic, Sexual Tension, Sex Magic, Father-Son Relationship;English;2013-08-04;Completed;2013-08-04;48425;16/16;139;1191;296;21933
252144;Bank Holiday;Teen And Up Audiences;M/M;Merlin (TV);;;;English;2011-09-11;Completed;2011-09-11;2827;1/1;36;1171;61;31322
281723;First Contact;Explicit;M/M;Merlin (TV);Merlin/Arthur Pendragon;Merlin, Arthur Pendragon, Gwaine, Lancelot, Perceval, Owain, Kay - Character, Leon, Knights;Alternate Universe - Modern Setting, Action/Adventure, Military;English;2011-11-21;Completed;2011-11-21;65795;1/1;127;1171;50;73162
652615;The Meat Feast;Explicit;M/M;Merlin (TV);Merlin/Arthur Pendragon (Merlin);Gwen (Merlin), Morgana (Merlin), Knights (Merlin), Vivian (Merlin);Actor!Arthur, artist!Merlin, Fandom, Secret Identity, Porn With Plot, SDCC, video pornography, Voyeurism, Online Relationship, Meta!fic;English;2013-01-24;Completed;2013-01-24;60763;1/1;118;1169;540;33550
695577;And Leaving Me Whole;Explicit;M/M;Merlin (TV);Merlin/Arthur Pendragon (Merlin);Merlin (Merlin), Arthur Pendragon (Merlin), Morgana (Merlin), Leon (Merlin), Gwaine (Merlin), Elena (Merlin);Alternate Universe - Werewolf, Alternate Universe - Fusion, Alternate Universe - Modern Setting, Angst, Romance, Fluff, Minor Violence, Scenting, Marking, Pack Dynamics;English;2013-02-22;Completed;2013-02-22;35699;1/1;48;1168;308;30352
249531;Where Legends Lie;Not Rated;M/M;Merlin (TV);Merlin/Arthur Pendragon, Gwaine/Merlin, Gwen/Lancelot (Merlin);Will (Merlin), Merlin (Merlin), Arthur Pendragon (Merlin), Lancelot (Merlin), Leon (Merlin), Gwaine (Merlin), Uther Pendragon (Merlin), Gaius (Merlin), Gwen (Merlin);Time Travel, Romance, Slash, Community: paperlegends, canon/modern AU fusion, Angst, Hurt/Comfort;English;2011-09-05;Completed;2011-09-05;63204;1/1;44;1168;367;31134
581929;Breaking Point;Mature;M/M;Merlin (TV);Merlin/Arthur Pendragon (Merlin);Merlin (Merlin), Arthur Pendragon (Merlin);Suicide Attempt, Blood, Magic Reveal;English;2012-12-03;Completed;2012-12-03;8511;1/1;23;1167;215;21213
1598246;American Apparel Underwear;Not Rated;M/M;Merlin (TV);Merlin/Arthur Pendragon (Merlin);Merlin (Merlin), Arthur Pendragon (Merlin), Gwaine (Merlin), Leon (Merlin), Morgana (Merlin);Fluff, Cute, Humor, Alternate Universe - Modern Setting, Modern Day, AU;English;2014-05-11;Completed;2014-05-11;6769;1/1;22;1167;145;13537
339255;Before the Sun Rises;Explicit;M/M;Merlin (TV);Merlin/Arthur;;Age Difference, Master/Servant, Voyeurism, Protective!Arthur, Possessive Behavior, oblivious!Merlin;English;2011-04-16;Completed;2011-04-16;8611;1/1;15;1165;287;25334
588218;As Long As We Have We;Teen And Up Audiences;M/M;Merlin (TV);Merlin/Arthur Pendragon, Minor or Background Relationship(s);Arthur Pendragon, Merlin (Merlin), Morgana (Merlin), Elena (Merlin), Mithian (Merlin), Leon (Merlin), Percival (Merlin), Freya (Merlin), Lancelot (Merlin), Elyan (Merlin), Tristan (Merlin), Isolde (Merlin), Gwaine (Merlin);Alternate Universe - Modern Setting, Alternate Universe - Bookstore, Past minor character death, Christmas;English;2012-12-09;Completed;2012-12-09;17517;1/1;69;1162;323;23607
343684;Wager of Battle;Mature;M/M;Merlin (TV);Merlin/Arthur Pendragon;Arthur Pendragon, Merlin;;English;2012-02-20;Completed;2012-02-20;12073;1/1;17;1159;312;18160
570561;Not Quite Hogwarts;Explicit;M/M;Merlin (TV);Merlin/Arthur Pendragon;;Alternate Universe - Modern Setting, Alternate Universe - College/University, Professors;English;2012-11-22;Completed;2012-11-22;23221;1/1;108;1158;336;23004
930827;Not Just a Knot;Explicit;M/M;Merlin (TV);Merlin/Arthur Pendragon (Merlin);Merlin (Merlin), Arthur Pendragon (Merlin);One Shot, PWP, Plot What Plot/Porn Without Plot, Omega Verse, Alpha/Beta/Omega Dynamics, Knotting, Mating Cycles/In Heat, alpha!arthur, Omega!Merlin, Magic, Mates, Soul Bond;English;2013-08-17;Completed;2013-08-17;1635;1/1;17;1156;140;35336
1103951;Threads;Explicit;M/M;Merlin (TV);Merlin/Arthur Pendragon (Merlin);Merlin (Merlin), Arthur Pendragon (Merlin), Gaius (Merlin);Magic Made Them Do It, Soul Bond, Mildly Dubious Consent, Sleep Sex;English;2013-12-27;Completed;2013-12-27;5758;1/1;26;1156;205;21443
46202;And None But We Can Be Such Kings;Mature;M/M;Merlin (BBC);Arthur/Merlin;Arthur Pendragon, Merlin;First Time;English;2008-10-20;Completed;2008-10-20;8683;1/1;52;1151;302;24261
4201539;The Tulip Thief;General Audiences;M/M;Merlin (TV);Merlin/Arthur Pendragon (Merlin);Merlin (Merlin), Arthur Pendragon (Merlin);Fluff, Humor, References to Mourning, Forced Hand Holding, Arthur's an oddball, Merlin kinda digs it;English;2015-06-24;Completed;2015-06-24;3182;1/1;106;1137;160;7465
266222;We Cannot Live Unbruised;Teen And Up Audiences;M/M;Merlin (TV);Arthur/Merlin;Merlin, Arthur Pendragon, Leon (Merlin);;English;2011-01-11;Completed;2011-01-11;4021;1/1;17;1123;212;13552
724803;Social Networking Encourages Stalkerish Tendencies;Teen And Up Audiences;M/M;Merlin (TV);Merlin/Arthur Pendragon;;;English;2013-01-01;Completed;2013-03-17;16626;3/3;71;1116;357;23012
348227;The Things That Want To Let Go;Mature;M/M;Merlin (TV);Merlin/Arthur Pendragon;Arthur Pendragon, Merlin (Arthurian);;English;2012-02-28;Completed;2012-02-28;6760;1/1;88;1112;174;14784
7155737;Emblazoning;Mature;Multi;Merlin (TV);Arthur/Merlin/Morgana/Gwen;Arthur Pendragon (Merlin), Gwen (Merlin), Merlin (Merlin), Morgana (Merlin), Uther Pendragon (Merlin);Foursome, Alternate Universe - Canon Divergence, Season One Canon;English;2016-06-10;Completed;2016-06-10;18797;1/1;92;1105;258;7311
1053598;Hidden Light;Teen And Up Audiences;M/M;Merlin (TV);Merlin/Arthur Pendragon;Arthur Pendragon (Merlin), Merlin (Merlin), Gwaine (Merlin), Leon (Merlin), Elyan (Merlin), Percival (Merlin);Canon Era, Alternate Universe - Canon Divergence;English;2013-12-02;Completed;2013-12-02;9490;1/1;97;1104;251;14920
3214;Fostered;Teen And Up Audiences;M/M;Merlin - Fandom;;;;English;2009-02-24;Completed;2009-02-24;6511;1/1;65;1100;257;27134
982482;The Omega Run;Explicit;M/M;Merlin (TV);Merlin/Arthur Pendragon (Merlin);Merlin (Merlin), Arthur Pendragon (Merlin);Alpha/Beta/Omega Dynamics, Omega Verse, Knotting, Fuck Or Die, Sex Pollen, Underage Sex, Age Difference, Dubious Consent;English;2013-09-27;Completed;2013-09-27;1327;1/1;33;1092;135;27944
508248;Shelter from the Storm;Explicit;M/M;Merlin (TV);Merlin/Arthur Pendragon;Merlin (Merlin), Arthur Pendragon (Merlin);Fluff, Angst, Romance, Emotional Hurt/Comfort, Alternate Universe - Homeless, Alternate Universe - Modern Setting, New York City, Storms;English;2012-09-09;Completed;2012-09-09;7895;1/1;50;1091;187;16418
3471794;Metamorphose;Teen And Up Audiences;M/M;Merlin (TV);Merlin/Arthur Pendragon;Merlin (Merlin), Arthur Pendragon (Merlin), Morgana (Merlin);Between Seasons/Series, Episode: s03e01 The Tears of Uther Pendragon (Part I), Episode: s03e02 The Tears of Uther Pendragon (Part II), Mpreg, Magic Reveal;English;2015-03-03;Completed;2015-03-23;33681;5/5;145;1091;242;14408
945499;"Tulips Are Better; Dragons Are Best";Explicit;F/M, M/M, F/F;Merlin (TV);Merlin/Arthur Pendragon (Merlin), Leon/Morgana (Merlin), Gwaine/Percival (Merlin), Elena/Mithian (Merlin), Gwen/Lancelot (Merlin);Merlin (Merlin), Arthur Pendragon (Merlin), Will (Merlin), Morgana (Merlin), Leon (Merlin), Freya (Merlin), Gwen (Merlin), Lancelot (Merlin), Mordred (Merlin), Gwaine (Merlin), Percival (Merlin), Elena (Merlin), Mithian (Merlin), Uther Pendragon (Merlin), Ygraine de Bois (Merlin), Hunith (Merlin), Balinor (Merlin), Gaius (Merlin), George (Merlin), Nimueh (Merlin), Kilgharrah (Merlin), Isolde (Merlin), Tristan (Merlin);Community: paperlegends, Alternate Universe - Modern Setting, Romantic Comedy, Schmoop;English;2013-09-03;Completed;2013-09-03;58627;11/11;168;1089;320;23448
3749110;The Three Stages of Attraction to Merlin;Explicit;M/M;Merlin (TV);Merlin/Arthur Pendragon (Merlin), minor mentions of Arthur/Gwen;Merlin (Merlin), Arthur Pendragon (Merlin), Original Characters;Insecure merlin, Humor, Fluff, Emotional Hurt/Comfort, POV Arthur, Canon Era, Alternate Universe, Alternate Universe - Canon Divergence, Episode: s03e04 Gwaine, AU after episode 3x04;English;2015-04-15;Completed;2015-04-15;8837;1/1;27;1084;160;13744
551124;What Could Be Lost;General Audiences;M/M;Merlin (TV);Merlin/Arthur Pendragon (Merlin);Arthur Pendragon (Merlin), Merlin (Merlin), Gwaine (Merlin), Morgana (Merlin);Established Relationship, Hurt/Comfort, Hurt!Merlin, Kid Fic, Crying, Modern Era;English;2012-10-31;Completed;2012-10-31;2134;1/1;14;1085;160;18788
2761262;Tally Mark;Explicit;M/M;Merlin (TV);Merlin/Arthur Pendragon, Merlin/Arthur Pendragon (Merlin);;Alternate Universe - Modern Setting, Alternate Universe - Soulmates, Soulmates, Alternate Universe - Office;English;2014-12-12;Completed;2014-12-12;8937;1/1;38;1080;226;14407
313834;before his eyes (he now sees clear);Teen And Up Audiences;M/M;Merlin (TV);Merlin/Arthur Pendragon;Merlin, Arthur Pendragon, Uther Pendragon;POV Outsider, Kink Meme;English;2012-01-05;Completed;2012-01-05;2305;1/1;25;1077;221;11334
326887;Burn;Explicit;M/M;Merlin (TV);Merlin/Arthur Pendragon;Merlin, Arthur Pendragon, Gaius (Merlin);First Time, Explicit Sexual Content, Aphrodisiacs;English;2012-01-25;Completed;2012-01-25;6629;1/1;27;1077;222;23247
104055;More Lovely and More Temperate;Explicit;F/M, M/M, Other;Merlin (BBC);Arthur/Merlin;;Genderswap, Girl!Arthur, Sex Magic, Smut, Romantic Comedy, Breasts, Master/Servant, Drunk Sex;English;2010-07-29;Completed;2010-08-06;9754;2/2;104;1076;262;30009
741112;Fuckweasel;Explicit;M/M;Merlin (TV);Merlin/Arthur Pendragon (Merlin);Merlin (Merlin), Arthur Pendragon (Merlin);Alternate Universe - High School, Porn Watching, Masturbation, Wanking Comment Fest, First Time, Sex Toys, Friends to Lovers, Podfic Available;English;2013-03-30;Completed;2013-03-30;4775;1/1;92;1074;196;17606
2193282;The Frog Prince;Teen And Up Audiences;M/M;Merlin (TV);Merlin/Arthur Pendragon (Merlin);Merlin (Merlin), Arthur Pendragon (Merlin), Uther Pendragon (Merlin), Leon (Merlin), Gwaine (Merlin), Lancelot (Merlin), Percival (Merlin), Agravaine (Merlin), Morgana (Merlin), Gwen (Merlin), Gaius (Merlin), George (Merlin), Geoffrey of Monmouth (Merlin);Physical Disability, Angst, Canon Era, Alternate Universe - Canon, Druids, Muteness, Transformation, Character Death;English;2014-08-25;Completed;2014-08-25;58130;3/3;103;1073;322;17159
162516;Little Wooden Boy and the Belly of Love;Explicit;M/M;Merlin (BBC);Merlin/Arthur Pendragon;Merlin (Arthurian), Arthur Pendragon;Modern AU;English;2011-02-14;Completed;2011-02-14;14925;1/1;89;1072;234;null
55307;Seven Magpies;Explicit;M/M;Merlin (BBC);Arthur/Merlin;Arthur Pendragon, Merlin, Morgana, Gwen (Guinevere), Hunith;;English;2009-12-31;Completed;2009-12-31;33448;1/1;55;1072;366;38265
409341;Second Choice;Teen And Up Audiences;M/M;Merlin (TV);Merlin/Arthur Pendragon, Leon/Morgana (Merlin), Guinevere/Lancelot du Lac, Guinevere/Arthur Pendragon;Merlin (Merlin), Arthur Pendragon, Morgana (Merlin), Leon (Merlin), Lancelot du Lac, Gwen, Will (Merlin), Freya;Angst, Fluff (maybe?), blantant disregard for any arthurian legends, Modern Day, Reincarnation;English;2012-05-21;Completed;2013-02-13;7111;2/2;47;1065;258;21583
966805;"Art for Paperlegends 2013 - ""Come Alive"" by kianspo";Not Rated;M/M;Merlin (TV);Merlin/Arthur Pendragon (Merlin);Merlin (Merlin), Arthur Pendragon (Merlin), Gwaine (Merlin), Elena (Merlin), Gwen (Merlin), Lancelot (Merlin), Leon (Merlin), Owain (Merlin), Percival (Merlin), Morgana (Merlin), Morgause (Merlin);Fanart, Community: paperlegends;English;2013-09-14;Completed;2013-09-14;126;1/1;68;1065;96;11079
312295;Something Dumb to Do;Teen And Up Audiences;M/M;Merlin (TV);Merlin/Arthur Pendragon, Guinevere/Lancelot du Lac;;Alternate Universe - Modern Setting, Weddings, Fluff;English;2012-01-04;Completed;2012-01-04;4595;1/1;11;1058;155;12743
2627111;The Heart of the Dragon;Teen And Up Audiences;M/M;Merlin (TV);Merlin/Arthur Pendragon (Merlin);Merlin (Merlin), Arthur Pendragon (Merlin), Morgana (Merlin), Uther Pendragon (Merlin), Balinor (Merlin), Hunith (Merlin), Leon (Merlin), Lancelot (Merlin), Gwen (Merlin), Gaius (Merlin), Mordred (Merlin), Kilgharrah (Merlin), Aithusa (Merlin), Gwaine (Merlin);Mpreg, Modern Royalty, Alternate Universe - Modern Setting;English;2014-11-16;Completed;2014-11-16;22629;1/1;76;1058;222;17250
556350;The Fearsome Sir Martin;General Audiences;Gen;Merlin (TV);;Gwaine (Merlin), Merlin (Merlin), Arthur Pendragon (Merlin), Knights of the Round Table (Merlin);BAMF!Merlin, Training, Swords & Fencing, oblivious!Merlin;English;2012-11-06;Completed;2012-11-06;2281;1/1;18;1056;259;11271
476073;The Space Between;Teen And Up Audiences;M/M;Merlin (TV);Merlin/Arthur Pendragon;Merlin (Merlin), Arthur Pendragon;Alternate Universe - Modern Setting, every fandom needs elevator fic;English;2012-08-02;Completed;2012-08-02;3403;1/1;16;1051;162;16655
22602;Truth Is a Whisper;Explicit;M/M;Merlin (BBC);Merlin/Arthur Pendragon, Merlin/Other;Merlin, Arthur Pendragon, Gaius, Uther Pendragon, Morgana, Gwen;;English;2009-03-30;Completed;2009-03-30;25096;1/1;52;1046;304;30018
315152;The Very Important Quest;Explicit;M/M;Merlin (TV);Arthur/Merlin;Arthur Pendragon, Merlin;Quest, First Time;English;2012-01-07;Completed;2012-01-07;24506;1/1;36;1042;260;21724
950057;Like a Lonely House;Mature;M/M;Merlin (TV);Merlin/Arthur Pendragon (Merlin);;WIP, Longing, Trigger Warnings, Mention of past drug use/addiction, Mention of past drug overdose, Depression, Angst, No but seriously this is a ton of angst, Angst with a Happy Ending, Death of a Parent, Grief;English;2013-09-01;Updated;2015-02-15;33970;21/?;307;1040;221;24421
1169815;Best You Ever Had;Explicit;M/M;Merlin (TV);Merlin/Arthur Pendragon (Merlin);Merlin (Merlin), Gwen (Merlin), Arthur Pendragon (Merlin), Vivian (Merlin), Elena (Merlin), Hunith (Merlin), Minor Characters, Percival (Merlin);Alternate Universe - Modern Setting, Blow Jobs, Angst, Anal Sex, First Time Bottoming, Drunkenness, Promiscuity, Bottoming from the Top, Alternate Universe - High School, Party, Facebook, Romance;English;2014-02-14;Completed;2014-02-14;36305;1/1;73;1040;258;18197
389368;Circle 'round the Truth;Teen And Up Audiences;Gen;Merlin (TV);Merlin + Knights friendship, background canon het;Merlin (Merlin), Gwaine (Merlin), Leon (Merlin), Elyan (Merlin), Tristan, Percival (Merlin), Gareth (Arthurian);Character Study, Action/Adventure, Magic Revealed, Serkets, squires in trees, runaway horses, Friendship;English;2012-04-22;Completed;2012-04-22;7804;1/1;37;1038;294;14333
302362;Groundwork;Explicit;M/M;Merlin (TV);Merlin/Arthur Pendragon;Merlin, Arthur Pendragon, Gwaine, Lancelot, Leon, Perceval, Owain, Bohrs, Kay - Character, Morgana, Knights;Alternate Universe - Modern Setting, Military, Action/Adventure;English;2011-12-24;Completed;2011-12-24;75839;1/1;165;1034;46;75550
314151;All But Memories;Teen And Up Audiences;M/M;Suits (TV), Merlin (TV);Mike Ross/Harvey Specter, Merlin/Arthur Pendragon;Mike Ross, Harvey Specter, Jenny Griffith, Donna (Suits), Mike's Grandmother (Suits), Rachel Zane, Jessica Pearson, Trevor Evans;Reincarnation, Crossover, Jossed;English;2012-01-06;Completed;2012-01-06;24713;1/1;74;1033;343;21086
3067331;Signs;General Audiences;M/M;Merlin (TV);Merlin/Arthur Pendragon (Merlin);Arthur Pendragon (Merlin), Merlin (Merlin);Canon Era, Holidays, Fluff, Arthur Knows About Merlin's Magic, Protective Arthur, Oblivious Merlin, Magic, Hijinks & Shenanigans, Gift Giving;English;2014-12-31;Completed;2014-12-31;2073;1/1;53;1034;170;10160
1144678;For Starters;Teen And Up Audiences;M/M;Merlin (TV);Merlin/Arthur Pendragon (Merlin);Arthur Pendragon (Merlin), Merlin (Merlin), Hunith (Merlin), Gaius (Merlin), Uther Pendragon (Merlin), Percival (Merlin), Mithian (Merlin), Leon (Merlin), Lancelot (Merlin), Elena (Merlin), Other canon characters;Age Difference, Alternate Universe - Modern Setting, Alternate Universe - Restaurant, childhood crush, Closeted Character, Food, Friendship, Implied/Referenced Homophobia, Internalized Homophobia, Love, Minor Violence, Minor Character Death, Romance, Swearing, Veterans, References to Traumatic Injury and Terminal Illness, Families of Choice;English;2014-01-20;Completed;2014-01-20;15273;1/1;87;1030;254;16693
748376;Does it have to be as it was before?;Mature;M/M;Merlin (TV);Merlin/Arthur Pendragon (Merlin);Arthur Pendragon (Merlin), Merlin (Merlin), Gwen (Merlin), Leon (Merlin), Elyan (Merlin);Reincarnation, Alternate Universe - Modern Setting, Angst, Emotional Hurt/Comfort;English;2013-04-04;Completed;2013-04-04;14870;7/7;32;1028;233;20189
402367;It's Only Time (Why Would I Stop Loving You A Hundred Years From Now?);Explicit;M/M;Merlin (TV);Merlin/Arthur Pendragon, Merlin/Arthur Pendragon (Merlin);Merlin (Merlin), Gwaine (Merlin), Leon (Merlin), Arthur Pendragon (Merlin), Gwen (Merlin), Freya (Merlin);Time Travel, Reincarnation, Alternate Universe, Modern Era, Alternate Universe - Modern Setting, Alternate Universe - Historical, Alternate Universe - Future, Canon Era, Alternate Universe - Reincarnation;English;2012-05-11;Completed;2012-05-11;10697;1/1;34;1021;202;15516
864864;A Disarming Act of Loyalty;Mature;M/M;Merlin (TV);Merlin/Arthur Pendragon (Merlin);Arthur Pendragon (Merlin), Merlin (Merlin);Major Character Injury, Angst, Humor, Magic Revealed, Hurt/Comfort;English;2013-07-01;Completed;2013-07-01;23706;1/1;140;1017;339;23755
394992;The Right Track;Mature;M/M;Merlin (TV);Merlin/Arthur Pendragon;;Alternate Universe - Modern Setting, First Time, Bookshop;English;2012-04-30;Completed;2012-04-30;5971;1/1;73;1015;170;13579
916097;Iced!;Explicit;M/M;Merlin (TV);Merlin/Arthur Pendragon (Merlin);Merlin (Merlin), Arthur Pendragon (Merlin), Gwaine (Merlin), Lancelot (Merlin), Leon (Merlin), Hunith (Merlin), Morgana (Merlin), Gwen (Merlin), Percival (Merlin), Kilgharrah (Merlin), Gaius (Merlin);Alternate Universe - High School, First Time, Outing, Fluff, Romance;English;2013-08-07;Completed;2013-08-07;54613;1/1;90;1009;244;28606
305000;No Business Like Show Business;Teen And Up Audiences;M/M;Merlin (TV);Merlin/Arthur Pendragon, Guinevere/Morgan le Fay;Uther Pendragon, Gaius (Merlin);Alternate Universe - Modern Setting, Fluff;English;2011-12-27;Completed;2011-12-27;8599;1/1;35;1007;261;24325
1321255;(Un)like any other;Explicit;M/M;Merlin (TV);Merlin/Arthur Pendragon (Merlin);Merlin (Merlin), Arthur Pendragon (Merlin), Gwen (Merlin), Gwaine (Merlin), Leon (Merlin), Percival (Merlin), Mordred (Merlin);Alternate Universe - Modern Setting, Drama, First Time, Disability, Angst, xbox as foreplay, Fluff;English;2014-03-16;Completed;2014-03-16;20681;1/1;94;1006;231;20339
707136;Forcing Serendipity;Explicit;M/M;Merlin (TV);Merlin/Arthur Pendragon, Merlin/Arthur Pendragon (Merlin), Gwen/Lancelot (Merlin);Merlin (Merlin), Arthur Pendragon (Merlin), Merlin, Arthur Pendragon, Gwaine (Merlin), Gwen (Merlin), Percival (Merlin), Will (Merlin), Hunith (Merlin), Mithian (Merlin), Elyan (Merlin), Gaius (Merlin);Office AU, Twink-ish!Merlin, Virgin!Merlin, Possessive!Arthur, Inappropriate use of an office, Snark, Boss/Employee Relationship, Publishing Company, Foot-in-Mouth Syndrome, Power Play, Mild Kink, Dirty Talk, Frottage, slight D/s, top!arthur, bottom!Merlin, Alternate Universe - Modern Setting, Alternate Universe - Office;English;2013-03-03;Completed;2013-03-04;10885;3/3;41;1005;165;24109
350576;Protecting the Pendragon Lineage;Explicit;M/M;Merlin (TV);Arthur/Merlin;;Master/Slave, Alternate Universe - Canon, Knotting, Object Insertion, Tattoos, Forced Bonding, Chastity Device;English;2012-03-03;Completed;2012-03-03;3443;1/1;19;1005;119;34308
610501;Old Love, But In Shapes That Renew And Renew Forever;General Audiences;M/M;Merlin (TV);Merlin/Arthur Pendragon, Guinevere/Arthur Pendragon;Merlin (Merlin), Arthur Pendragon (Merlin), Gwen (Merlin);Angst, Reincarnation, Friendship, Canonical Character Death, First Kiss;English;2012-12-27;Completed;2012-12-27;3527;1/1;89;1004;180;16238
309049;Not an Act, But a Habit;Explicit;M/M;Merlin (TV);Arthur/Merlin, Merlin/Arthur Pendragon;Gwen, Morgana, Uther;High School, University, Age Difference, Hurt/Comfort;English;2011-12-31;Completed;2011-12-31;17634;1/1;34;1003;275;18821
349890;In Love With My Radio;Teen And Up Audiences;M/M;Merlin (TV);Merlin/Arthur Pendragon;;over the top supporting cast, this could only work in fanfiction, obliviousness to the point of agony, dubious behaviour:stalking, Audio Format: Streaming, Fanart, I tried to funny;English;2012-03-02;Completed;2012-03-02;27669;1/1;123;1001;417;40631
394167;Champagne from a paper cup (is never quite the same);Explicit;M/M;Merlin (BBC);Merlin/Arthur Pendragon;Merlin (Merlin), Arthur Pendragon, Gwaine (Merlin), Elena (Merlin), Morgana (Merlin), Leon (Merlin), Percival (Merlin), Elyan (Merlin), Lancelot du Lac, Gwen (Merlin), Uther Pendragon;Alternate Universe - Modern Setting;English;2012-04-29;Completed;2012-04-29;37806;1/1;28;995;361;null
3368024;IMPRINTING;Explicit;F/M, M/M;Merlin (TV);Merlin/Arthur Pendragon, Gwaine/Percival (Merlin), Morgana/Cenred (good), Gaius/Uther Pendragon (Merlin);Merlin (Merlin), Arthur Pendragon (Merlin), Gwaine (Merlin), Percival (Merlin), Morgana (Merlin), Knights of the Round Table (Merlin), Gaius (Merlin), Cenred (Merlin), Uther Pendragon (Merlin), Agravaine (Merlin);Alpha/Beta/Omega Dynamics, traslation from Italian to English, Alpha Arthur, Omega Merlin, Beta Gwaine, Good morgana, Possessive Behavior, Jealousy, Jealous Arthur, True Mates, Kidnapping, Dubious Consent, Omega Verse, Mpreg, Angst, Alternate Universe - Modern Setting, Happy Ending, Complete, Rape/Non-con Elements (not between Merthur);English;2015-02-16;Completed;2015-07-03;145397;28/28;406;990;188;36367
3231557;The Catalyst;Explicit;M/M;Merlin (TV);Merlin/Arthur Pendragon, Merlin/Arthur Pendragon (Merlin);Merlin (Merlin), Arthur Pendragon (Merlin), Other(s);Post-Canon, Modern Era, Reincarnation, Arthur Pendragon Returns, Post 5X13, Hurt/Comfort, Romance, Sexual Content, Humor, Immortal Merlin, Mutual Pining, Angst, Fanart, Magic Revealed, Implied/Referenced Suicide, Crossovers & Fandom Fusions, Blood and Injury, Slow Burn;English;2015-01-25;Updated;2016-09-26;189693;39/?;734;988;265;27282
725176;Bird With A Broken Wing;Explicit;M/M;Merlin (TV);Merlin/Arthur Pendragon (Merlin);Merlin (Merlin), Arthur Pendragon (Merlin), Gaius (Merlin), Morgana (Merlin), Gwen (Merlin);Angst, Fluff and Angst, Hurt/Comfort, Masturbation, First Time, Romance, Episode: s02e01 The Curse of Cornelius Sigan, Episode Related, Sex Magic, Humor, Season/Series 02, Pining, Loss of Virginity, Smut, Hurt Merlin, POV Merlin, Canon Era, Broken Bones, Fanart;English;2013-03-17;Completed;2013-03-17;11087;2/2;93;984;144;33484
308992;Call It Love;Explicit;M/M;Merlin (TV) RPF, Merlin (TV);Bradley James/Colin Morgan;Bradley James, Colin Morgan, Angel Coulby, Katie McGrath, Eoin Macken, Rupert Young, Adetomiwa Edun, Tom Hopper, Georgia King, Anthony Stewart Head;Future Fic, First Time;English;2012-01-01;Completed;2012-01-01;29223;1/1;129;969;223;26534
4911604;The Magic of Love;General Audiences;M/M;Merlin (TV);Merlin/Arthur Pendragon;Merlin (Merlin), Arthur Pendragon (Merlin), Gwaine (Merlin), Gaius (Merlin), Percival (Merlin), Elyan (Merlin), Geoffrey of Monmouth (Merlin);Fluff, Magic Reveal, First Kiss;English;2015-10-01;Completed;2015-10-01;4194;1/1;40;968;167;6939
628453;The Long Shadow;Mature;M/M;Merlin (TV);Merlin/Arthur Pendragon (Merlin);Merlin (Merlin), Arthur Pendragon (Merlin), Gwen (Merlin), Gaius (Merlin), Percival (Merlin);Happy Ending, Canon Era, Alternate Universe - Canon Divergence;English;2013-01-07;Completed;2013-01-07;13738;1/1;60;969;217;17788
46195;Owning Up;Teen And Up Audiences;M/M;Merlin (BBC);Arthur/Merlin;;;English;2010-01-06;Completed;2010-01-06;2679;1/1;5;966;119;22902
5766526;Practice Makes Perfect;Teen And Up Audiences;M/M;Merlin (TV);Merlin/Arthur Pendragon (Merlin), Arthur Pendragon/A Tree;Merlin (Merlin), Arthur Pendragon (Merlin);Fluff, Arthur Knows About Merlin's Magic, Love Potion/Spell, Fluff and Crack, First Kiss, Canon Era;English;2016-01-19;Completed;2016-01-19;3057;1/1;35;966;144;7543
