work_id;title;rating;category;fandom;relationship;character;additional tags;language;published;status;status date;words;chapters;comments;kudos;bookmarks;hits
7744534;Teething;Explicit;M/M;100 | Mob Psycho 100;"Kageyama ""Mob"" Shigeo/Reigen Arataka";"Kageyama ""Mob"" Shigeo, Reigen Arataka, Dimple (Mob Psycho 100), Kageyama Ritsu, Kurata Tome";Angst, Fluff, Growing Up, Sexual Tension, Time Skips, Alpha/Beta/Omega Dynamics, Omega!Reigen, Alpha!Mob, Slow Burn, Slow Build;English;2016-08-11;Updated;2016-09-26;43530;10/?;209;988;155;11823
8079550;Three;General Audiences;Gen;100 | Mob Psycho 100;"Kageyama ""Mob"" Shigeo & Reigen Arataka";"Kageyama ""Mob"" Shigeo, Reigen Arataka, Kageyama Ritsu, Hanazawa Teruki, Minor Characters, Suzuki Shou";outsider pov fic, minor description of injuries?, pretty reigen and mob centric, Salt Mid Is Perpetually Confused, small swearing, i trust you're not all weenies about the Shit Word, Canon divergent, Eventual Future Fic, No Manga Spoilers, Found Family, Reigen is the Best Dad;English;2016-09-19;Completed;2016-10-11;8008;5/5;105;759;132;4742
7587136;We've Really Grown Up;Teen And Up Audiences;Gen, M/M;100 | Mob Psycho 100;"Kageyama ""Mob"" Shigeo/Reigen Arataka";"Kageyama ""Mob"" Shigeo, Reigen Arataka, Ekubo | Dimple, Kageyama Ritsu";Platonic Relationship, Bonding, Humor, Hurt/Comfort, Mutual and Healthy Influences;English;2016-07-26;Updated;2016-11-02;25581;7/?;136;630;91;6675
8042689;Growth;Teen And Up Audiences;Gen, M/M;100 | Mob Psycho 100;"Hanazawa Teruki/Kageyama ""Mob"" Shigeo, Kageyama Ritsu/Suzuki Shou";"Hanazawa Teruki, Kageyama ""Mob"" Shigeo, Kageyama Ritsu, Suzuki Shou, Reigen Arataka, Serizawa Katsuya";Fluff, like no srsly, mob being lowkey jealous and pining, Mutual Pining, teru is complicated, shou is just laughing his ass off, ritsu is overprotective and supportive;English;2016-09-15;Updated;2016-10-26;18710;8/?;102;558;73;6941
8095519;Mob Boss;Teen And Up Audiences;Gen;100 | Mob Psycho 100, Naruto;;Reigen Arataka, Original Characters, Other Character Tags to Be Added;Crossover, Crack, Swearing, Land of Waves Arc, Other Additional Tags to Be Added;English;2016-09-20;Updated;2016-09-21;6296;2/?;92;545;135;4372
8179957;Temporary Accommodations;Teen And Up Audiences;Gen;100 | Mob Psycho 100;"Kageyama ""Mob"" Shigeo & Reigen Arataka";"Reigen Arataka, Kageyama ""Mob"" Shigeo, Dimple (Mob Psycho 100)";Canon-Typical Violence, Canon Compliant, Post-Canon, (Except Totally Ignoring The Broccoli Arc), Sharing a Body, Psychic Abilities, Possession, Blood, Emotional Hurt/Comfort, Mob needs a hug, Reigen is a Good Person, Mob is also a Good Person, Reigen's body was not made to handle psychic powers, Serial Psychic Killers, Spoilers for manga, Platonic Relationship;English;2016-10-01;Updated;2016-10-31;17340;6/?;114;538;76;3874
7893886;Cringe Week;Explicit;M/M;100 | Mob Psycho 100;"Kageyama ""Mob"" Shigeo/Reigen Arataka";"Reigen Arataka, Kageyama ""Mob"" Shigeo, Kageyama Ritsu, Dimple (Mob Psycho 100)";Romance, Teen Crush, Disability, Orgasm Delay/Denial, Trust, Slow Burn, Slow Build, Age Difference, Sexual Tension, Fluff, Character Development, character development for everybody!, A responsible Reigen, A mature Ritsu, Mob growing as a person, Falling In Love, First Time, Kidnapper Plot and villain OCs, multiple POVs, Mob is pure but not celibate, He's shy but he really wants Reigen, Reigen is very very admirable, and a good kisser, original storyline, situational ironies, erotic comedy, a lot of sweat, slow hot torturous sex, after much wait and anticipation, possible sequel in the works;English;2016-08-28;Completed;2016-10-30;47630;18/18;69;529;30;10106
7930129;Absolutely No Ulterior Motives;Explicit;M/M;100 | Mob Psycho 100;"Hanazawa Teruki/Kageyama ""Mob"" Shigeo";"Hanazawa Teruki, Kageyama ""Mob"" Shigeo";Crossdressing, Frottage, First Love, Fluff and Smut, Plot What Plot/Porn Without Plot, Seduce your crush with math problems, Making Out;English;2016-09-01;Completed;2016-09-01;3087;1/1;59;459;55;4985
5888575;On The Other Side;Teen And Up Audiences;M/M;100 | Mob Psycho 100;Kageyama Shigeo/Hanazawa Teruki, Kageyama Ritsu/Suzuki Shou;;age switch!, Reigen is a child and Mob is an Adult, I hate to tag this as teen but there are two-ish kisses and swears, idk - Freeform, better safe than sorry i suppose!;English;2016-02-03;Completed;2016-02-03;4634;1/1;60;430;51;3102
7719790;Contentment;Teen And Up Audiences;Gen;100 | Mob Psycho 100;"Kageyama ""Mob"" Shigeo & Reigen Arataka";"Reigen Arataka, Kageyama ""Mob"" Shigeo";Adoption, reigen is a good guy give him a break, Alternate Universe - Orphanage, the au is more of an adoption au but an orphanage is involved ok;English;2016-08-09;Completed;2016-08-09;8279;1/1;86;411;62;3129
5782909;Double Team Tactic;Mature;M/M;100 | Mob Psycho 100;Reigen Arataka/Shigeo Kageyama;Reigen Arataka, Shigeo Kageyama;handjobs, Crossdressing, a little before that one arc;English;2016-01-22;Completed;2016-01-22;5281;1/1;34;409;42;5151
8325238;Of Cold Hands Reaching;General Audiences;Gen, M/M;100 | Mob Psycho 100;"Hanazawa Teruki/Kageyama ""Mob"" Shigeo, Hanazawa Teruki & Kageyama ""Mob"" Shigeo, Kageyama ""Mob"" Shigeo & Reigen Arataka, Kageyama Ritsu & Kageyama ""Mob"" Shigeo";"Kageyama ""Mob"" Shigeo, Hanazawa Teruki, Kageyama Ritsu, Reigen Arataka, Dimple (Mob Psycho 100)";Angst, Fluff and Angst, Post-Traumatic Stress Disorder - PTSD, Trauma Recovery, Mogami Arc Spoilers, Emotional Hurt/Comfort, Mention of canon-typical violence, the angst is probably not as angsty as it could be, the shippy stuff isn't all that shippy either, can definitely be read as just friendship, or pre-slash I suppose, Dissociative Episode, Miscommunication;English;2016-10-19;Updated;2016-11-03;12792;5/?;209;411;63;2743
5418677;A Half A Spoonful of Sugar;General Audiences;Gen, M/M;100 | Mob Psycho 100;Kageyama (Mob) Shigeo/Hanazawa Teruki;Kageyama (Mob) Shigeo, Hanazawa Teruki;First Kisses, som real fluffy shit;English;2015-12-13;Completed;2015-12-13;1588;1/1;25;398;47;2967
7888690;A House Made of Cards;Teen And Up Audiences;Other;100 | Mob Psycho 100;;"Reigen Arataka, Kageyama ""Mob"" Shigeo";;English;2016-08-27;Completed;2016-08-27;2772;1/1;44;395;99;2834
8131430;it's okay to rest;General Audiences;M/M;100 | Mob Psycho 100;"Hanazawa Teruki/Kageyama ""Mob"" Shigeo";"Hanazawa Teruki, Kageyama ""Mob"" Shigeo";teru has a crush, mob thinks everything teru does is platonic, its not, this is literally pure fluff btw;English;2016-09-25;Completed;2016-09-27;2358;2/2;74;393;34;2477
6248869;Marshmallows;General Audiences;M/M;100 | Mob Psycho 100;Hanazawa Teruki/Kageyama Shigeo;Hanazawa Teruki, Kageyama Shigeo;its really innocent since they're 13...;English;2016-03-14;Completed;2016-03-14;1221;1/1;15;329;16;2623
5990878;Slush;Not Rated;M/M;100 | Mob Psycho 100;Hanazawa Teruki/Kageyama Shigeo;Hanazawa Teruki, Kageyama Shigeo;TeruMob, PDA, Future Senario, Drabble, kinda fluffy kinda gross, Squick;English;2016-02-13;Completed;2016-02-13;1737;1/1;6;304;34;2604
7953658;Second Crushes Are Always Better Than The First;Teen And Up Audiences;M/M;100 | Mob Psycho 100;"Kageyama ""Mob"" Shigeo/Reigen Arataka, Kageyama ""Mob"" Shigeo & Reigen Arataka";"Kageyama ""Mob"" Shigeo, Reigen Arataka, Kageyama Ritsu";Second crush, Mob is dealing with feelings, one OC, Fluff, Jealousy, Nothing explicit, Fluff and Angst, Angst with a Happy Ending, Angst, A little ooc Mob, Because he can't be the pokerface Mob when he has a crush;English;2016-09-04;Updated;2016-10-12;5332;6/?;61;282;10;3807
8045662;Come out the closet if you can;Mature;M/M;100 | Mob Psycho 100;"Hanazawa Teruki/Kageyama ""Mob"" Shigeo";"Hanazawa Teruki, Kageyama ""Mob"" Shigeo, Serizawa Katsuya";Established Relationship, TeruMob, Making Out, lots of kisses, You're a lucky reader, Teru's a flirt, Mob's only human, Closet Sex, Aged-Up Character(s);English;2016-09-15;Completed;2016-10-01;7474;2/2;34;281;25;3607
8135155;Weak Conviction;Explicit;M/M;100 | Mob Psycho 100;"Kageyama ""Mob"" Shigeo/Reigen Arataka";"Kageyama ""Mob"" Shigeo, Reigen Arataka";Extremely Dubious Consent, Alcohol, Drunken Confessions, Abuse of Authority, Emotional Hurt/Comfort, Tears, Frottage, Molestation, Sexual Inexperience, Self-Hatred, Self-Indulgent, probably out of character, Angst, Trauma, Drama Drama Drama, lots and lots of crying;English;2016-09-25;Completed;2016-10-25;8919;4/4;138;281;16;4020
7430573;Third Glance Around;General Audiences;M/M;100 | Mob Psycho 100;"Hanazawa Teruki/Kageyama ""Mob"" Shigeo";"Hanazawa Teruki, Kageyama ""Mob"" Shigeo";Character Study, Realizations;English;2016-07-08;Completed;2016-07-08;617;1/1;19;278;16;2051
5769397;Parallel;Teen And Up Audiences;F/M, M/M, Other; | One-Punch Man, 100 | Mob Psycho 100;;Saitama (One-Punch Man), Genos (One-Punch Man), King (One-Punch Man), Fubuki (One-Punch Man), Kageyama (Mob) Shigeo, Arataka Reigen;Crossover, ONE's Works, OPM meets MP100, there are pairings, though later mentioned, Manga Spoilers, from BOTH series, just as a warning, slight... canon?;English;2016-01-20;Updated;2016-02-10;24538;4/?;35;278;57;4515
8012131;Testing Out Meat Suits;Explicit;M/M;100 | Mob Psycho 100;Dimple/Reigen Arataka;"Dimple (Mob Psycho 100), Reigen Arataka, Kageyama ""Mob"" Shigeo";Shameless Smut, Spectrophilia, sort of, Plot What Plot/Porn Without Plot, Anal Sex, Anal Fingering, Smoking, Shotgunning, Smut;English;2016-09-11;Completed;2016-09-17;7962;2/2;28;274;21;3008
7912702;Any Which Way;Explicit;M/M;100 | Mob Psycho 100;"Kageyama ""Mob"" Shigeo/Reigen Arataka, Kageyama ""Mob"" Shigeo & Reigen Arataka";"Kageyama ""Mob"" Shigeo, Reigen Arataka";Smut, Plot What Plot/Porn Without Plot, Anal Fingering, Anal Sex, First Time, Hand Jobs, also other things but you'll see, We're all going to HELL, Explicit Consent, Praise Kink;English;2016-08-30;Completed;2016-08-30;2174;1/1;46;269;31;4427
3864454;Snap/Rewind;Teen And Up Audiences;;100 | Mob Psycho 100;Kageyama Ritsu & Kageyama Shigeo;Kageyama Ritsu, Kageyama Shigeo;Blood and Gore, Violence, Recovery, Mogami Keiji Arc, Post-Traumatic Stress Disorder - PTSD;English;2015-05-02;Completed;2016-01-31;6907;3/3;23;264;35;2190
7832239;tying up the loose ends;Not Rated;M/M;100 | Mob Psycho 100;"Hanazawa Teruki/Kageyama ""Mob"" Shigeo";"Hanazawa Teruki, Kageyama ""Mob"" Shigeo";Choking, trust play, Post-Traumatic Stress Disorder - PTSD;English;2016-08-22;Completed;2016-08-22;4889;1/1;20;258;36;2388
7792960;and now i just sit in silence;Not Rated;Gen;100 | Mob Psycho 100;;"Kageyama ""Mob"" Shigeo, Reigen Arataka, Dimple (Mob Psycho 100)";life is strange au, ...Kinda, this is absolutely supposed to be a genfic so like, if it seems like mob has a crush on reigen that is entirely an accident, i don't know if i can suppress my love for the sweaty salt man forgive me, Non-Permanent Character Death;English;2016-08-17;Updated;2016-09-19;4118;3/?;46;257;42;2529
8159755;Quintessential;General Audiences;M/M;100 | Mob Psycho 100;"Hanazawa Teruki/Kageyama ""Mob"" Shigeo, Hanazawa Teruki & Kageyama ""Mob"" Shigeo";"Hanazawa Teruki, Kageyama ""Mob"" Shigeo";Fluff, Holding Hands, Confessions, cheek kisses;English;2016-09-29;Completed;2016-09-29;2541;1/1;17;236;22;1703
8115760;Sugar;General Audiences;M/M;100 | Mob Psycho 100;"Hanazawa Teruki/Kageyama ""Mob"" Shigeo";"Kageyama ""Mob"" Shigeo, Hanazawa Teruki";Fluff, lots of fluff, SO MUCH FLUFF, IMC RYING, Cutie pies;English;2016-09-23;Completed;2016-09-23;2180;1/1;17;234;28;1946
8100553;Three Weeks Later;General Audiences;Gen;100 | Mob Psycho 100;"Kageyama ""Mob"" Shigeo & Reigen Arataka";"Kageyama ""Mob"" Shigeo, Reigen Arataka";Angst, Hospitals, Coma, Angst with a Happy Ending, Fluff;English;2016-09-21;Completed;2016-09-21;1416;1/1;13;232;19;1558
8069428;A Risk of Going Through a Doorway Is That It May Be Locked Shut Behind You;General Audiences;Gen;100 | Mob Psycho 100;"No Romantic Relationship(s), Kageyama ""Mob"" Shigeo & Reigen Arataka";"Reigen Arataka, Kageyama ""Mob"" Shigeo, Kageyama Ritsu, Koyama (Mob Psycho 100), Kageyama parents, Banshoumaru Shinra, Grandma Tome, Ishiguro (Mob Psycho 100), Sakurai (Mob Psycho 100), Reigen's Mom, Takane Tsubomi, Serizawa Katsuya, Dimple (Mob Psycho 100)";Alternate Universe, Alternate Universe - Canon Divergence, Family Dynamics, loosely based off of The Graveyard Book by Neil Gaiman, Minor Original Character(s);English;2016-09-18;Updated;2016-10-31;17428;9/?;85;223;20;2103
7992376;Compass Instructions - Or - How I Might be Able to Teach You How to Properly Hold a Knife;Teen And Up Audiences;Gen;100 | Mob Psycho 100,  | One-Punch Man;"Kageyama ""Mob"" Shigeo & Milk";"Reigen Arataka, Kageyama ""Mob"" Shigeo, Saitama (One-Punch Man), Genos (One-Punch Man), Kageyama Ritsu, Dimple (Mob Psycho 100), Tatsumaki (One-Punch Man), Hanazawa Teruki";Reigen might not be a dad, Saitama might not be a dad, But they are both trying to dad well for an orphaned mob that showed up on their doorstep, Saitama and Reigen are Neighbors, Mob's just a kid;English;2016-09-09;Updated;2016-10-13;15028;5/?;37;219;23;2571
7976149;All These Tame Futures;General Audiences;Gen;100 | Mob Psycho 100;;"Kageyama ""Mob"" Shigeo, Dimple (Mob Psycho 100), Reigen Arataka, Kageyama Ritsu, Hanazawa Teruki, Mesato Ichi, Mari - client, Chihiro - client, Kurosaki Rei, Hoshino Takeshi, Asahi Go, Shiratori Daichi, Shiratori Kaito, Suzuki Shou";Future Fic, Nothing Hurts, nothing happens, No Plot/Plotless, possibly a series of one-shots, however they come to me, i'm just going to write until i'm finished, i want these characters to be happy, reference to OPM since i'm pretty sure they're in the same universe;English;2016-09-06;Updated;2016-09-30;11300;6/?;27;195;17;1986
8171383;Ghost Service;General Audiences;;100 | Mob Psycho 100;"Kageyama ""Mob"" Shigeo & Reigen Arataka";"Kageyama ""Mob"" Shigeo, Reigen Arataka";Age Swap, Fluff, young reigen, mentor mob, Alternate Universe - Canon Divergence;English;2016-09-30;Completed;2016-09-30;2388;1/1;22;195;20;1189
7610914;Bustin' Makes Me Feel Good;Teen And Up Audiences;; | One-Punch Man, 100 | Mob Psycho 100;;"Saitama, Genos, Kageyama ""Mob"" Shigeo, Ekubo | Dimple, Reigen Arataka, Kageyama Ritsu, Hanazawa Teruki, Kurata Tome";crossover AU, Ghosts, Genos is a ghost, The title is temporary, and this story has nothing to do with ghostbusters, 'sporadic just drew me cute ghosts and I had to gift something back;English;2016-07-28;Updated;2016-09-09;4280;3/?;43;194;33;1724
7771813;bleeding heart;General Audiences;Gen;100 | Mob Psycho 100;;"Kageyama ""Mob"" Shigeo, Dimple (Mob Psycho 100)";Emotional Hurt/Comfort, Self-Hatred;English;2016-08-15;Completed;2016-08-15;355;1/1;17;194;28;1517
7717465;Gooze;General Audiences;Gen;100 | Mob Psycho 100;"Kageyama ""Mob"" Shigeo & Dimple, Kageyama ""Mob"" Shigeo & Reigen Arataka";"Kageyama ""Mob"" Shigeo, Ekubo | Dimple, Reigen Arataka, ritsu very briefly";obligatory sickfic, Sickfic, uhhhhhhhhh, anti-fast food dimple - freeform;English;2016-08-09;Completed;2016-08-09;4830;1/1;6;194;19;1879
7508740;I Love the Way;Teen And Up Audiences;M/M;100 | Mob Psycho 100;"Hanazawa Teruki/Kageyama ""Mob"" Shigeo, Musashi Gouda/Kageyama ""Mob"" Shigeo";"Hanazawa Teruki, Kageyama ""Mob"" Shigeo, Musashi Gouda";kill me, This is what I am, Kissing, Ten questions, oneshots, knee injury, Thunder - Freeform, Cuddling;English;2016-07-17;Updated;2016-07-22;2821;3/?;11;190;13;1784
8155135;Parental Advisory;Teen And Up Audiences;Gen;100 | Mob Psycho 100;"Kageyama ""Mob"" Shigeo & Reigen Arataka";"Kageyama ""Mob"" Shigeo, Reigen Arataka, Dimple (Mob Psycho 100)";Spoilers for the Mogami arc;English;2016-09-28;Completed;2016-10-09;5079;2/2;16;187;26;1239
7132652;It Doesn't Get Better All At Once;Teen And Up Audiences;Gen, M/M;100 | Mob Psycho 100;Serizawa Katsuya x Reigen Arataka;Serizawa Katsuya;Spoilers, Introspection;English;2016-06-08;Updated;2016-07-24;3901;3/?;22;186;21;1233
8258461;for her, the fair and debonair;General Audiences;Gen;100 | Mob Psycho 100;"Hanazawa Teruki/Kageyama ""Mob"" Shigeo";"Takane Tsubomi, Kageyama ""Mob"" Shigeo, Hanazawa Teruki";the terumob only shows up at the end haha;English;2016-10-11;Completed;2016-10-11;1514;1/1;19;186;25;1059
7564429;Green;Teen And Up Audiences;Gen;100 | Mob Psycho 100;"Kageyama Ritsu & Kageyama ""Mob"" Shigeo";"Kageyama Ritsu, Kageyama ""Mob"" Shigeo";Brotherly dynamic, ritsu angst, dammit ritsu, tomatoes, Cacti - Freeform, Flowers, Summer, also Tome is mentioned, sorta - Freeform, not that Tome but the other one, Plants, EXPLODING plants, And regular plants too, Subtext, this whole thing is introspection and subtext, Angst;English;2016-07-23;Completed;2016-07-23;1696;1/1;20;180;25;2004
8025049;Introductory Phase;Teen And Up Audiences;Gen;100 | Mob Psycho 100;"Kageyama ""Mob"" Shigeo & Reigen Arataka";"Kageyama ""Mob"" Shigeo, Reigen Arataka";;English;2016-09-13;Completed;2016-09-22;4396;2/2;10;177;19;1588
8282638;Becoming Familiar;General Audiences;Gen;100 | Mob Psycho 100;"Kageyama ""Mob"" Shigeo & Reigen Arataka";"Kageyama ""Mob"" Shigeo, Reigen Arataka";Adoption, Bonding, First Meetings;English;2016-10-14;Completed;2016-10-14;1730;1/1;31;177;18;1054
7937407;Rescue (The Long Way);Explicit;M/M;100 | Mob Psycho 100;"Kageyama Ritsu/Kageyama ""Mob"" Shigeo";"Kageyama ""Mob"" Shigeo, Kageyama Ritsu";"coughs, First Kiss, First Time, Rimming, Dry Humping, Anal Fingering, Anal Sex, Kageyama ""Angery"" Ritsu, Explicit Consent, ritsu is a perveeeeeeeeeeeert, mob's taking it all";English;2016-09-02;Completed;2016-09-02;2885;1/1;14;175;22;3259
7764838;Bait & Switch;Teen And Up Audiences;M/M;100 | Mob Psycho 100;"Kageyama ""Mob"" Shigeo/Reigen Arataka";"Kageyama ""Mob"" Shigeo, Reigen Arataka, Kageyama Ritsu";Illegal Activities, Humor, if yall need jesus, if youre a dirty sinner, please read on;English;2016-08-14;Completed;2016-08-14;2222;1/1;60;173;14;2155
8184649;A Narcissus and a Wallflower;General Audiences;Gen, M/M;100 | Mob Psycho 100;"Hanazawa Teruki/Kageyama ""Mob"" Shigeo, Hanazawa Teruki & Kageyama ""Mob"" Shigeo";"Hanazawa Teruki, Kageyama ""Mob"" Shigeo, Tome Kurata, Takane Tsubomi, And the rest :))))";Budding Relationship, Slow Burn;English;2016-10-02;Updated;2016-10-02;1463;1/?;21;172;18;1432
7961632;Filters;Teen And Up Audiences;;100 | Mob Psycho 100;"Kageyama ""Mob"" Shigeo & Reigen Arataka, Dimple & Kageyama ""Mob"" Shigeo";"Reigen Arataka, Dimple (Mob Psycho 100), Kageyama ""Mob"" Shigeo";Lots of Cursing, Mob curses a lot, Tons of foul language, Mostly the f word, May contiue this if I get inspired again, Reigen is just at a loss for words;English;2016-09-05;Updated;2016-09-05;458;1/?;19;169;10;1315
8166604;Toxic Boy;Explicit;M/M;100 | Mob Psycho 100;"Kageyama Ritsu/Kageyama ""Mob"" Shigeo";"Kageyama Ritsu, Kageyama ""Mob"" Shigeo";Incest, Sibling Incest, Masturbation, Unresolved Sexual Tension, some dub/non-con themes, teen angst lol;English;2016-09-30;Completed;2016-09-30;3013;1/1;31;167;12;1942
8235754;100% Fucked;Explicit;M/M;100 | Mob Psycho 100;"Hanazawa Teruki/Kageyama ""Mob"" Shigeo";"Kageyama ""Mob"" Shigeo, Hanazawa Teruki";Anal Fingering, Plot What Plot/Porn Without Plot, Shameless Smut, They're just cute and curious, My precious sons;English;2016-10-08;Completed;2016-10-08;2234;1/1;8;158;9;2059
8235584;Drifting;Teen And Up Audiences;M/M;100 | Mob Psycho 100;Reigen Arataka/Serizawa Katsuya;Reigen Arataka, Serizawa Katsuya;Established Relationship, Kissing, Sleeping Together, Fluff;English;2016-10-08;Completed;2016-10-08;1067;1/1;10;157;16;null
7951795;Goody Goody Brother Act;General Audiences;Gen;100 | Mob Psycho 100;;"Kageyama ""Mob"" Shigeo, Kageyama Ritsu";the brothers being happy for once, poor souls are never happy, spoilers if you aren't caught up with the manga;English;2016-09-04;Updated;2016-10-27;2529;4/?;13;157;14;1059
6148717;Egg;General Audiences;Gen;100 | Mob Psycho 100;;Kageyama Shigeo, Reigen Arataka;egg;English;2016-03-02;Completed;2016-03-02;208;1/1;14;157;12;1299
8039158;Whispers;Mature;;100 | Mob Psycho 100;;"Reigen Arataka, Kageyama ""Mob"" Shigeo, Mesato Ichi, Serizawa Katsuya, Dimple (Mob Psycho 100), Hanazawa Teruki, Onigawara Tenga, Gouda Musashi, Kageyama Ritsu";Crime Fighting, Private Investigators, Violence, Thriller, Psychic Abilities;English;2016-09-14;Updated;2016-09-17;6013;2/?;16;156;31;1256
8169767;INK;Teen And Up Audiences;M/M;100 | Mob Psycho 100;"Hanazawa Teruki/Kageyama ""Mob"" Shigeo";Reigen Arataka, Kurata Tome, and others - Character;College AU, Swearing, Magical Pens, no one is an esper, teru is confused, Teru POV, somewhat comedic;English;2016-09-30;Updated;2016-10-01;4298;2/?;15;156;15;1059
8196655;A Way With Words;General Audiences;M/M;100 | Mob Psycho 100;"Hanazawa Teruki/Kageyama ""Mob"" Shigeo";"Hanazawa Teruki, Kageyama ""Mob"" Shigeo";Unrequited Love;English;2016-10-08;Completed;2016-10-08;2183;2/2;37;151;13;961
8175782;between friends;Teen And Up Audiences;Gen, M/M;100 | Mob Psycho 100;Reigen Arataka/Serizawa Katsuya;Reigen Arataka, Serizawa Katsuya;Pre-Relationship;English;2016-10-01;Completed;2016-10-01;1167;1/1;10;149;10;756
7791730;Red;Teen And Up Audiences;Gen;100 | Mob Psycho 100;"Kageyama Ritsu & Kageyama ""Mob"" Shigeo, Reigen Arataka & Kageyama ""Mob"" Shigeo";"Reigen Arataka, Kageyama Ritsu, Kageyama ""Mob"" Shigeo";Ritsu stop angsting, if you don't someone might actually die, Feelings, Angst, Reigen is basically the counselor to all these troubled kids, Ritsu versus Reigen, Furniture abuse, RIP Reigen's office, Sequel to green;English;2016-08-18;Completed;2016-08-18;2877;1/1;39;148;21;2238
7973128;Personal Space;General Audiences;M/M;100 | Mob Psycho 100;"Hanazawa Teruki & Kageyama ""Mob"" Shigeo";"Hanazawa Teruki, Kageyama ""Mob"" Shigeo";Frogs, Fluff, Cute, teru is exceptionally smooth whilst Shigeo is oblivious, Shigeo has no concept of personal space, If I wrote it you should assume Shigeo has Asperger's, because that is how I characterize him, You should also assume Teru is bi, because that is also consistently how i characterize him regardless of pairing, this has been a psa;English;2016-09-06;Completed;2016-09-06;517;1/1;21;147;19;982
8108374;Odd Ritsu;General Audiences;;100 | Mob Psycho 100;"Kageyama Ritsu & Kageyama ""Mob"" Shigeo";"Kageyama Ritsu, Kageyama ""Mob"" Shigeo";minor spoilers for the manga, And the first minute of the anime, What if Mob couldn't regenerate his physical form?;English;2016-09-22;Completed;2016-09-22;1997;1/1;21;145;27;960
8320717;With a Little Practice;Teen And Up Audiences;M/M;100 | Mob Psycho 100;"Kageyama ""Mob"" Shigeo/Reigen Arataka";;Kissing Practice;English;2016-10-19;Completed;2016-10-19;2019;1/1;44;144;13;1038
8250298;Quiet Talks;General Audiences;M/M;100 | Mob Psycho 100;Reigen Arataka/Serizawa Katsuya;Reigen Arataka, Serizawa Katsuya;Ficlet, Fluff;English;2016-10-10;Completed;2016-10-10;635;1/1;23;144;15;665
8116477;Standing on a box full of stars;General Audiences;M/M;100 | Mob Psycho 100;"Hanazawa Teruki/Kageyama ""Mob"" Shigeo";"Kageyama ""Mob"" Shigeo, Hanazawa Teruki";Fluff, date with stars in the background, Aged-Up Character(s);English;2016-09-23;Completed;2016-09-23;713;1/1;14;144;12;1058
3471512;Hold My Hand As I Sleep;General Audiences;Gen;100 | Mob Psycho 100;;Kageyama Ritsu, Kurata Tome, Musashi (Mob Psycho 100), Dimple (Mob Psycho 100), Onigawara Tenga, Hanazawa Teruki, Kageyama (Mob) Shigeo;one shots, Mob Psycho 100 - Freeform, No Romance;English;2015-03-03;Updated;2016-03-28;3857;9/?;44;143;31;1548
8051338;Vanishing Point;Not Rated;M/M;100 | Mob Psycho 100;Kageyama Ritsu/Suzuki Shou;Kageyama Ritsu, Suzuki Shou, Ootsuki, Various Characters;drabbles, Fluff, No Plot/Plotless, Rating May Change, Angst, pet death, Squick, Kissing, Nosebleed, idk my dudes, Manga Spoilers, Arguing;English;2016-09-16;Updated;2016-10-13;4077;4/?;18;143;14;1085
7627687;Silver and Gold;Teen And Up Audiences;Gen;100 | Mob Psycho 100;;"Reigen Arataka, Hanazawa Teruki, Kageyama ""Mob"" Shigeo";A character piece, petition for more Reigen and Teru interaction, they're my favorite egotistical boys, kind of a rambling story, but oh well, written in honor of Teru's anime debut;English;2016-08-01;Completed;2016-08-01;3347;1/1;30;141;20;1102
8320906;ReiMob Drabbles;Teen And Up Audiences;M/M;100 | Mob Psycho 100;"Kageyama ""Mob"" Shigeo/Reigen Arataka, Kageyama ""Mob"" Shigeo & Reigen Arataka";"Reigen Arataka, Kageyama ""Mob"" Shigeo";varies by chapter, Age Swap, French Kissing, hugs and kisses, Alternate Universe - College/University, Fluff and Hurt/Comfort, humor?, drunk reigen, older mob, reigen's birthday, Omake, flustered mob, dimple is the little voice in his head;English;2016-10-19;Updated;2016-10-26;3754;4/?;28;140;6;1173
8076691;Tension;Explicit;M/M;100 | Mob Psycho 100;Reigen Arataka/Serizawa Katsuya;;Massage, reigen is the best bf, Accidental Boners, Hand Jobs, Office Sex, sort of??, Embarrassment, Accidental Stimulation, accidental facial, idek, Touch-Starved, Established Relationship;English;2016-09-19;Completed;2016-09-19;1456;1/1;13;139;9;1381
7759690;Beware of Flying Boogers;General Audiences;Gen;100 | Mob Psycho 100;;"Kageyama ""Mob"" Shigeo, Kageyama Ritsu, Reigen Arataka";Brotherly Fluff, Sickfic, Cute, Fluff, Hurt/Comfort, Kinda, reigen and ritsu don't get along, sick mob, caring ritsu, caring reigen;English;2016-08-13;Completed;2016-08-13;5759;1/1;12;139;25;1762
8259091;Pineapple and Anchovies;General Audiences;Gen;100 | Mob Psycho 100;"Kageyama ""Mob"" Shigeo & Reigen Arataka";"Kageyama ""Mob"" Shigeo, Reigen Arataka";Fluff, Birthday, Found Family, No Spoilers;English;2016-10-11;Completed;2016-10-11;1331;1/1;19;137;8;702
8210473;day tour;General Audiences;Gen, M/M;100 | Mob Psycho 100;"Hanazawa Teruki/Kageyama ""Mob"" Shigeo";"Hanazawa Teruki, Kageyama ""Mob"" Shigeo, Kageyama Ritsu, Suzuki Shou";bike touring;English;2016-10-04;Completed;2016-10-04;1317;1/1;10;137;5;null
5965273;Late Night Reigen;Explicit;Other;100 | Mob Psycho 100;;Reigen Arataka;Masturbation, Drunkenness;English;2016-02-10;Completed;2016-02-10;962;1/1;10;137;14;1478
7962616;Spatial Orientation;Teen And Up Audiences;Gen;100 | Mob Psycho 100;;"Reigen Arataka, Kageyama ""Mob"" Shigeo";Reigen-centric, First Meetings, Origin Story, Mob will come at the latter half;English;2016-09-06;Completed;2016-09-10;3162;3/3;11;136;13;1177
8173396;Do Unto Others;Teen And Up Audiences;;100 | Mob Psycho 100;;"Kageyama ""Mob"" Shigeo, Kageyama Ritsu, Kageyama parents";delinquent mob au, Violence, Canon-Typical Violence, Alternate Universe - Canon Divergence, Blood;English;2016-10-01;Updated;2016-10-10;6490;2/?;30;136;18;1249
8113717;Okay;General Audiences;M/M;100 | Mob Psycho 100;"Hanazawa Teruki/Kageyama ""Mob"" Shigeo";"Kageyama ""Mob"" Shigeo, Hanazawa Teruki";Fluff, Flashbacks, Aged-Up Character(s);English;2016-09-22;Completed;2016-09-22;666;1/1;26;135;12;1214
8002495;Born From;Mature;Gen;100 | Mob Psycho 100;;"Reigen Arataka, Kageyama ""Mob"" Shigeo";silent hill au, Horror, Reader-Interactive;English;2016-09-10;Updated;2016-10-26;25143;7/?;299;135;14;1973
8158439;(Bad Experience);Not Rated;Gen, M/M;100 | Mob Psycho 100;"Hanazawa Teruki/Kageyama ""Mob"" Shigeo, Hanazawa Teruki & Kageyama ""Mob"" Shigeo";"Hanazawa Teruki, Kageyama ""Mob"" Shigeo, one Ritsu mention lol (RIP his jacket)";Humor, pining teru, save teru oh my god, TeruMob, i cant belive i wrote a 1.5k fic all for one joke, this was so fun to write, this fic made me go to Cosmopolitan.com so y'all better appreciate, oysters are gross, they're high school age, basically a crack fic lol;English;2016-09-28;Completed;2016-09-28;1594;1/1;13;134;11;857
2535437;senses;General Audiences;M/M;Mob Psycho 100;;Kageyama Shigeo, Kageyama Ritsu;Sibling Incest;English;2014-10-30;Completed;2014-10-30;267;1/1;3;134;4;1930
8148802;Drop Pop Lollipop;Explicit;M/M;100 | Mob Psycho 100;"Hanazawa Teruki/Kageyama ""Mob"" Shigeo, Hanazawa Teruki & Kageyama ""Mob"" Shigeo";"Kageyama ""Mob"" Shigeo, Hanazawa Teruki";Romantic Fluff, Fluff and Smut, First Time Blow Jobs, Intercrural Sex, Explicit Consent, lots of kisses, coffee date and sleepover, They are so in love, Multiple Orgasms, Sleepy Cuddles, teenage hormones lol, Hand Jobs;English;2016-09-27;Completed;2016-09-27;2833;1/1;12;131;5;2125
8289853;Fly Together;Teen And Up Audiences;M/M;100 | Mob Psycho 100;Reigen Arataka/Serizawa Katsuya, Dimple/Reigen Arataka;Serizawa Katsuya, Reigen Arataka, Dimple (Mob Psycho 100);Ghosts, Baristas, kind of an au since it doesn't fit with the current arc;English;2016-10-15;Completed;2016-10-16;3879;2/2;13;131;9;698
8138096;pretty little head;Explicit;M/M;100 | Mob Psycho 100;Kageyama Ritsu/Suzuki Shou;Kageyama Ritsu, Suzuki Shou;PWP, blushy shou is my lifeblood, ritsu is somehow the one with boring thoughts during sex, Blow Jobs, teenagers being teenagers, First Time, kissing!!, ritsu is and continues to be Kind Of An Asshole;English;2016-09-26;Completed;2016-09-26;2780;1/1;8;131;15;1473
8225062;Could Do, Should Do, Will Do;Explicit;M/M;100 | Mob Psycho 100;"Hanazawa Teruki/Kageyama ""Mob"" Shigeo";"Kageyama ""Mob"" Shigeo, Hanazawa Teruki, Kageyama Ritsu, Reigen Arataka";Boys In Love, Fluff and Smut, Blow Jobs, Anal Fingering, Wet Dream, it seems like a lot but it's mostly fluff;English;2016-10-06;Completed;2016-10-06;1594;1/1;15;127;7;1402
8075578;Grey;Teen And Up Audiences;Gen;100 | Mob Psycho 100;"Kageyama Ritsu & Kageyama ""Mob"" Shigeo, Kageyama ""Mob"" Shigeo & Reigen Arataka, reigen Arataka & Kageyama Ritsu";"Kageyama ""Mob"" Shigeo, Kageyama Ritsu, Dimple (Mob Psycho 100), Reigen Arataka";Direct Sequel to Red, Brotherly Bonding, Angst, Ritz is a dummy but we love him, Hospitals, injuries, Takoyaki;English;2016-09-19;Completed;2016-09-19;2360;1/1;15;127;16;1344
8341504;Sunwards;General Audiences;M/M;100 | Mob Psycho 100;Kageyama Ritsu/Suzuki Shou;Kageyama Ritsu, Suzuki Shou;Phone Calls & Telephones, Long-Distance Friendship;English;2016-10-21;Completed;2016-10-21;1912;1/1;26;125;17;1124
7986199;Freezing Teasing;Teen And Up Audiences;M/M;100 | Mob Psycho 100;"Hanazawa Teruki/Kageyama ""Mob"" Shigeo";"Hanazawa Teruki, Kageyama ""Mob"" Shigeo, Kageyama ritsu (mentioned)";Fluff, Cold Weather, Warm coats, They have a crush on each other but are too chicken shit, Also Teru you are not very good at hiding your feelings, Mob has a poker face of a lifetime;English;2016-09-08;Completed;2016-09-08;604;1/1;12;124;11;1169
8000281;Plane Theory;General Audiences;M/M;100 | Mob Psycho 100;"Hanazawa Teruki/Kageyama ""Mob"" Shigeo";"Kageyama ""Mob"" Shigeo, Hanazawa Teruki, Dimple (Mob Psycho 100)";First Kiss, Fluff, teru goes all romantic, it's almost domestic lmao, i have no ideas for tags;English;2016-09-10;Completed;2016-09-10;1717;1/1;14;120;14;1329
7490997;Heavy Feet;Teen And Up Audiences;;100 | Mob Psycho 100;;"Kageyama Ritsu, Kageyama ""Mob"" Shigeo";Character Study, implied depression;English;2016-07-15;Completed;2016-07-15;636;1/1;9;120;22;929
8174035;on a neck, on a spit;General Audiences;M/M;100 | Mob Psycho 100;Kageyama Ritsu/Suzuki Shou;Kageyama Ritsu, Suzuki Shou;Rating May Change, Warnings May Change, let's go to shou's house, with headcanons in excess but as much canon compliance as possible;English;2016-10-01;Updated;2016-10-15;8262;2/?;18;120;11;996
8389825;The XXXorcist;Explicit;M/M;100 | Mob Psycho 100;"Kageyama ""Mob"" Shigeo/Reigen Arataka, Kageyama Ritsu/Kageyama ""Mob"" Shigeo";"Kageyama ""Mob"" Shigeo, Reigen Arataka, Kageyama Ritsu";Plot What Plot/Porn Without Plot, Underage Sex, Omorashi, Sibling Incest, Additional Warnings Apply, Masturbation, Oral Sex;English;2016-10-28;Updated;2016-10-29;5858;2/?;61;117;8;1400
8232358;A Babysitter for Hire;General Audiences;Gen;100 | Mob Psycho 100;;"Kageyama ""Mob"" Shigeo, Kageyama Ritsu, Reigen Arataka, Dimple (Mob Psycho 100)";Cute, Fluff, little Kageyama bros, Dimple is a plush, Mob has powers, Ritsu does not;English;2016-10-07;Completed;2016-10-07;9509;1/1;21;116;19;964
8327677;Better or Worse;Teen And Up Audiences;Gen;100 | Mob Psycho 100;"Kageyama ""Mob"" Shigeo & Reigen Arataka";"Kageyama ""Mob"" Shigeo, Reigen Arataka";Rated for a tiny bit of swearing, I don't feel that confident writing for these guys after only 12 episodes but OH WELL, Pre-Series, Young Mob, Early days at the exorcism job, Hurt/Comfort, Friendship, reigen is a good mentor;English;2016-10-20;Completed;2016-10-20;1570;1/1;9;116;12;547
8210120;The Boy Who Cried Wolf;Teen And Up Audiences;Gen;100 | Mob Psycho 100;;"Kageyama ""Mob"" Shigeo, Reigen Arataka, Dimple (Mob Psycho 100), Kageyama Ritsu, Hanazawa Teruki, Onigawara Tenga, Gouda Musashi";OppositeAgeAU, mob is the adult, reigen is the middle schooler, headcanons, Fluff, Friendship, Cute, first world problems, overprotective little bro ritsu, overprotective teru;English;2016-10-04;Completed;2016-10-04;5713;1/1;9;114;13;1044
8252683;Change of Attire;General Audiences;Gen;100 | Mob Psycho 100;;"Reigen Arataka, Kageyama ""Mob"" Shigeo";;English;2016-10-12;Completed;2016-10-11;1146;2/2;6;114;7;557
8039698;Black;General Audiences;M/M;100 | Mob Psycho 100;"Hanazawa Teruki/Kageyama ""Mob"" Shigeo";"Teruki hanazawa, Kageyama ""Mob"" Shigeo";This could be genfic, but nah, i'll tag it as ship because that gets more hits, hahaha, TeruMob;English;2016-09-15;Completed;2016-09-15;1283;1/1;30;114;13;1530
8199497;Parents, Huh?;Teen And Up Audiences;Gen;100 | Mob Psycho 100;;"Reigen Arataka, Kageyama ""Mob"" Shigeo, Kageyama Ritsu";Age Swap, Background Character Death, Language and Heavy Content, Angst with a Happy Ending, Mob with no Reigen in his life until he met the kid Reigen, He's pretty much as much of a mess as Reigen was when he met Reigen, Reigen is pretty much every bit of a balm to the broken adult as a child as Mob was, Mentions include Tome Dimple and Teru;English;2016-10-03;Completed;2016-10-10;5684;2/2;9;111;11;1183
7625179;Seasons;General Audiences;M/M;100 | Mob Psycho 100;"Gouda Musashi/Kageyama ""Mob"" Shigeo";LMAO thats p much it, other ppl r mentioned BUT;farming, takes place in the future of the manga, just a boy farming, Friends to Lovers, just good old boys being guys;English;2016-07-30;Completed;2016-07-30;1825;1/1;12;110;17;821
8033626;unspoken vices;Explicit;M/M;100 | Mob Psycho 100;Dimple/Reigen Arataka;Dimple (Mob Psycho 100), Reigen Arataka;Mildly Dubious Consent, Blow Jobs, Anal Fingering, Snowballing, Face-Fucking, Come Swallowing, Established Relationship;English;2016-09-14;Completed;2016-09-14;2263;1/1;7;110;11;1393
8330935;Counter Psycho;General Audiences;Gen;100 | Mob Psycho 100;"Kageyama ""Mob"" Shigeo & Reigen Arataka";"Kageyama ""Mob"" Shigeo, Reigan Arataka, The rest of the kids idk";Gang Violence, Homelessness, Angst, Alternate Universe - Counter Psycho, its sad but also happy, mob is a baby pls help him, ritsu why, this is a pain train, Fights, Death, Trauma, Blood;English;2016-10-20;Updated;2016-11-02;7025;5/?;44;108;8;919
8229496;Ruthless;Explicit;M/M;100 | Mob Psycho 100;Dimple/Reigen Arataka;Dimple (Mob Psycho 100), Reigen Arataka;Anal Sex, Rough Sex, Wall Sex, Shameless Smut, Plot What Plot/Porn Without Plot, Reigen gets annihilated, Dimple would totally fuck him to death, Dry Orgasm;English;2016-10-07;Completed;2016-10-07;2375;1/1;10;108;10;1535
5239292;Brother's Keeper;Not Rated;Gen;100 | Mob Psycho 100;;Kageyama Shigeo, Kageyama Ritsu;Canon Divergence, Drabble, Introspection, Graphic Description, Set After the Hanazawa Arc, God These Kids, Need to Talk More, Ambiguous/Open Ending;English;2015-11-18;Completed;2015-11-18;1722;1/1;4;105;24;765
8137409;What Are Skirts For?;Explicit;M/M;100 | Mob Psycho 100;Dimple/Reigen Arataka;Dimple (Mob Psycho 100), Reigen Arataka;Crossdressing, Oral Sex, Blow Jobs, Plot What Plot/Porn Without Plot, Shameless Smut, dimple is fucking gross;English;2016-09-26;Completed;2016-09-26;4030;1/1;8;104;5;1304
8248462;Self Confrontation;Teen And Up Audiences;M/M;100 | Mob Psycho 100;"Hanazawa Teruki/Kageyama ""Mob"" Shigeo";"Hanazawa Teruki, Kageyama ""Mob"" Shigeo";Asexual Character, Homoromantic Teru, Awkward Conversations, Sexuality Crisis, Teru has a lot of confusing feelings, Is this completely self indulgent?, yes - Freeform;English;2016-10-09;Completed;2016-10-09;1200;1/1;16;99;5;636
7919989;Rapturous Deep Heat Exorcism Package with Pearl Milk Facial;Explicit;F/M, Other;100 | Mob Psycho 100;Reigen Arataka/Reader;Reigen Arataka, Reader;Reader-Insert, Spa Treatments, Massage, Happy Ending, Smut, Oral Sex, Vaginal Fingering, Magic Fingers, Blow Jobs, Light Bondage;English;2016-08-31;Completed;2016-08-31;3452;1/1;21;99;9;1577
6835318;Good Vibrations;General Audiences;;100 | Mob Psycho 100;;Kageyama Shigeo, Ensemble Cast - Character;Mob Birthday Celebration, happy birthday kid!!!!!;English;2016-05-13;Completed;2016-05-13;781;1/1;10;98;6;618
8109757;Sunsets;General Audiences;;100 | Mob Psycho 100;;"Kageyama ""Mob"" Shigeo, Reigen Arataka";;English;2016-09-22;Updated;2016-10-19;1355;3/?;24;98;7;706
8077960;Slow Days;General Audiences;Gen;100 | Mob Psycho 100;"No Romantic Relationship(s), Kageyama ""Mob"" Shigeo & Reigen Arataka";"Reigen Arataka, Kageyama ""Mob"" Shigeo";hm... this was written more to avoid doing english hw, so it doesn't exactly fit anywhere very well chronologically ahahah, just try to think of it as a regular mob n reigen interaction, also the summary is so shitty LOL I apologize;English;2016-09-19;Completed;2016-09-19;1383;1/1;10;97;8;558
8355361;We Can Talk About It Tomorrow;General Audiences;M/M;100 | Mob Psycho 100;"Hanazawa Teruki/Kageyama ""Mob"" Shigeo, Hanazawa Teruki & Kageyama ""Mob"" Shigeo";"Kageyama ""Mob"" Shigeo, Hanazawa Teruki";Confessions, Fluff, just mushy cute fluff, thats it;English;2016-10-23;Completed;2016-10-23;1030;1/1;3;96;3;838
7985161;of cosmic potential;General Audiences;M/M;100 | Mob Psycho 100;"Hanazawa Teruki/Kageyama ""Mob"" Shigeo, Hanazawa Teruki & Kageyama ""Mob"" Shigeo";;Unrequited Love;English;2016-09-08;Completed;2016-09-08;500;1/1;17;94;14;906
8302520;That's not how you eat lunch Shigeo;Explicit;M/M;100 | Mob Psycho 100;"Hanazawa Teruki/Kageyama ""Mob"" Shigeo, Hanazawa Teruki & Kageyama ""Mob"" Shigeo";"Hanazawa Teruki, Kageyama ""Mob"" Shigeo, faceless student- kun";boyfriends first bdsm, BDSM, Blow Jobs, Deep Throating, shigeo and teruki are still in the same highschool, lunches go missing, property is slightly damage, reputations are slightly destroyed, terukis world is throughly reckt, shigeo explores his kinks, PWP, Plot What Plot/Porn Without Plot, do i need more tags?, save the bento 2k16;English;2016-10-17;Completed;2016-10-17;2186;2/2;null;94;4;1037
6835351;Mishto;General Audiences;M/M;100 | Mob Psycho 100;kageyama shigeo/musashi gouda;Kageyama Shigeo, Musashi Gouda;Confessions, Cute, they're Small;English;2016-05-13;Completed;2016-05-13;557;1/1;7;93;7;788
7937134;White;Teen And Up Audiences;Gen;100 | Mob Psycho 100;"Kageyama ""Mob"" Shigeo & Reigen Arataka";"Mogami Keiji, Kageyama ""Mob"" Shigeo, Reigen Arataka";"Ableism, Angst, this is not fluff, this is not gore, it is also not sexual in any way, But still it might upset you, it's less like ""angst"" and more like, just sad, a little mean too, but not maliciously so, it's simply cruel is all, Death, quiet death, Cats";English;2016-09-03;Completed;2016-09-03;1460;1/1;6;92;8;1082
8290477;100% Possessiveness;Explicit;M/M;100 | Mob Psycho 100;"Kageyama ""Mob"" Shigeo/Reigen Arataka";"Dimple (Mob Psycho 100), Kageyama Ritsu, Suzuki Shou, Kageyama ""Mob"" Shigeo, Reigen Arataka";Angst, yandere mob, Minor Character Death, Gun Violence, No Underage Sex, One-Sided Relationship;English;2016-10-15;Updated;2016-10-15;2280;1/?;10;92;8;938
8056717;Shishou's apartment;General Audiences;Gen;100 | Mob Psycho 100;"Kageyama ""Mob"" Shigeo & Reigen Arataka";"Kageyama ""Mob"" Shigeo, Reigen Arataka";platonic reimob?, Fluff without Plot, FWP, lol, reigen being a cute dad, mob being reigen's cute esper child;English;2016-09-17;Completed;2016-09-17;1181;1/1;7;89;8;1211
8146186;After School Activities;Explicit;M/M;100 | Mob Psycho 100;"Hanazawa Teruki/Kageyama ""Mob"" Shigeo";"Hanazawa Teruki, Kageyama ""Mob"" Shigeo";they do it on a teachers desk, high schoolers amiright, shigeo is secretly a kinky bastard, Condoms, school sex, set a little bit in the future were hanazawa and shigeo go to the same highschool, I feel like I need more tags, PWP, Plot What Plot/Porn Without Plot;English;2016-09-27;Completed;2016-09-27;1076;1/1;4;88;7;1645
7770538;this boy i see;Teen And Up Audiences;M/M;Mob Psycho 100;"Reigen Arataka/Kageyama ""Mob"" Shigeo";"Reigen Arataka, Kageyama ""Mob"" Shigeo, Kageyama Ritsu, an evil spirit i made up haha";introspective, Reigen being a selfish dick but, he's also very caring, he's falling for Mobu isn't he?, Mobu and unrequited love, ritsu being overprotective younger brother, light manga spoilers, nothing to be afraid of;English;2016-08-14;Completed;2016-08-14;1752;1/1;9;88;6;922
8357818;A simple question;General Audiences;M/M;100 | Mob Psycho 100;"Kageyama ""Mob"" Shigeo/Reigen Arataka";"Reigen Arataka, Kageyama ""Mob"" Shigeo";Cute, Marriage Proposal, Time Skips, ooc i think, Forgive Me;English;2016-10-23;Completed;2016-10-23;1256;1/1;15;88;4;641
7520398;the tipping point;General Audiences;Gen;100 | Mob Psycho 100;;"Kageyama ""Mob"" Shigeo";POV Second Person;English;2016-07-18;Completed;2016-07-18;533;1/1;8;88;7;613
7830520;The Truth Will Set You Free;Teen And Up Audiences;M/M;Mob Pyscho 100;"Kageyama Ritsu & Kageyama ""Mob"" Shigeo";"Kageyama ""Mob"" Shigeo, Kageyama Ritsu";Brotherly Love, Brotherly Bonding, Brotherly Affection, Brotherly Angst, Emotional Hurt/Comfort, Out of Character;English;2016-08-21;Completed;2016-08-21;2440;1/1;8;86;16;1073
8123449;Mob Only Event ~Masturbation And Reigen~;Mature;M/M;100 | Mob Psycho 100;"Kageyama ""Mob"" Shigeo/Reigen Arataka, Kageyama ""Mob"" Shigeo & Reigen Arataka";"Kageyama ""Mob"" Shigeo, Reigen Arataka";Masturbation, Teacher-Student Relationship, Telekinesis, Anal Fingering, Resolved Sexual Tension, Dirty Thoughts;English;2016-09-24;Completed;2016-09-24;1505;1/1;5;83;6;1963
8246678;Urges;Explicit;M/M;100 | Mob Psycho 100;Dimple/Reigen Arataka;Dimple (Mob Psycho 100), Reigen Arataka;Blow Job, Orgasm Denial, PWP, Plot What Plot/Porn Without Plot;English;2016-10-09;Completed;2016-10-09;2043;1/1;9;83;3;819
7996381;Impulsive;General Audiences;M/M;100 | Mob Psycho 100;"Hanazawa Teruki/Kageyama ""Mob"" Shigeo";"Kageyama ""Mob"" Shigeo, Hanazawa Teruki, Reigen Arataka, Dimple (Mob Psycho 100)";Superheroes;English;2016-09-09;Completed;2016-09-09;3378;1/1;10;82;12;792
8265866;There Will Be Time;General Audiences;Gen;100 | Mob Psycho 100;"Kageyama Ritsu & Kageyama ""Mob"" Shigeo";"Kageyama ""Mob"" Shigeo, Kageyama Ritsu";Missing Scene, Siblings;English;2016-10-12;Completed;2016-10-12;1045;1/1;9;81;12;492
8116354;Friends?;General Audiences;Gen;100 | Mob Psycho 100;;"Hanazawa Teruki, Reigen Arataka, Kageyama ""Mob"" Shigeo";(but mob is only mentioned), this might b a little ooc for teruki? idk, he just wants to Know where he stands yknow;English;2016-09-23;Completed;2016-09-23;465;1/1;11;79;5;543
7885342;We'll shoot across the sky;General Audiences;M/M;100 | Mob Psycho 100;"Hanazawa Teruki/Kageyama ""Mob"" Shigeo";"Hanazawa Teruki, Kageyama ""Mob"" Shigeo";haha Gay dates with Gay boys, Fluff, First Date;English;2016-08-27;Updated;2016-08-27;489;1/?;8;79;1;837
8338690;it must be madness (the way we let this devour us);Mature;M/M;100 | Mob Psycho 100;Dimple/Reigen Arataka;"Dimple (Mob Psycho 100), Reigen Arataka, Kageyama ""Mob"" Shigeo";;English;2016-10-21;Updated;2016-11-02;4511;2/?;19;79;7;737
8362153;Still Here;Teen And Up Audiences;Gen;100 | Mob Psycho 100;"Kageyama Ritsu & Kageyama ""Mob"" Shigeo";"Kageyama ""Mob"" Shigeo, Kageyama Ritsu";Rated for teeny bit of language, Nightmares, Brotherly Love, bro fluff, Anime spoilers only, Hurt/Comfort, Family;English;2016-10-23;Completed;2016-10-23;1546;1/1;5;80;6;464
8119156;Indigo;General Audiences;Gen;100 | Mob Psycho 100;;"Hanazawa Teruki, Kurata Tome, Kageyama ""Mob"" Shigeo";Teruki is trolling, what a little jerk, Comedy;English;2016-09-23;Completed;2016-09-23;1372;1/1;12;78;7;981
7573645;Blue;Teen And Up Audiences;Gen, Multi, Other;100 | Mob Psycho 100;"Hanazawa Teruki/Kageyama ""Mob"" Shigeo, kurata tome/Gouda Musashi";"Kageyama ""Mob"" Shigeo, Kageyama Ritsu, Reigen Arataka, Ekubo | Dimple, Hanazawa Teruki, Suzuki Shou";Yes there is an OC, said Oc is the plot object and the plot, More tags to be added, Slow Burn, Alternate Universe - Canon Divergence, Introspection;English;2016-07-24;Updated;2016-07-26;2486;2/?;15;78;11;1337
8165401;Dear diary;General Audiences;M/M;100 | Mob Psycho 100,  | One-Punch Man;Genos/Saitama (One-Punch Man), Genos & Saitama (One-Punch Man);"Kageyama ""Mob"" Shigeo, Saitama (One-Punch Man), Genos (One-Punch Man)";First Person, I'll probably add more tags later, aged up Mob, I have no idea fam;English;2016-09-29;Updated;2016-09-29;2818;1/?;7;77;8;543
8268320;Swimming in the Flood;Teen And Up Audiences;Gen;100 | Mob Psycho 100;"Hanazawa Teruki & Kageyama ""Mob"" Shigeo";"Hanazawa Teruki, Kageyama ""Mob"" Shigeo";Mental Breakdown, lil bit of terumob fluff, this is purely self indulgent;English;2016-10-12;Completed;2016-10-12;1337;1/1;6;76;7;646
8372185;Vertigo;General Audiences;Gen;100 | Mob Psycho 100;;"Reigen Arataka, Kageyama ""Mob"" Shigeo";"Ferris Wheel, Amusement Park, Power Dynamics, this is sort of ""what was happening while Shou and Teru were talking in Blue"", exploration of relationship dynamic, Introspection, without actually taking an introspective point of view";English;2016-10-24;Completed;2016-10-24;832;1/1;10;75;10;384
8453314;how the light gets in;General Audiences;M/M;100 | Mob Psycho 100;"Hanazawa Teruki/Kageyama ""Mob"" Shigeo";"Hanazawa Teruki, Kageyama ""Mob"" Shigeo";Fluff, First Kiss, Confessions, Post-Canon, oblivious teru, wow this is so self indulgent;English;2016-11-02;Completed;2016-11-02;2197;1/1;14;79;5;445
8272805;Finding Opportunities;General Audiences;M/M;100 | Mob Psycho 100;Kageyama Ritsu/Suzuki Shou;Ritsu Kageyama, Shou Suzuki;Fluff, First Date, They may not Know it's a date but it is, Awkwardness, general audiences but it does contain swear words...!;English;2016-10-13;Completed;2016-10-13;8280;5/5;22;75;5;587
7929856;Sweaty Smooches;Teen And Up Audiences;Other;100 | Mob Psycho 100;Reigen Arataka/Reader, Reigen Arataka/Original Character(s);Reigen Arataka;( // a _ a // ), Reader-Insert, Reader-Interactive, Gender-Neutral Pronouns;English;2016-09-01;Completed;2016-09-01;1257;1/1;8;75;3;792
8438257;You Can't Go Trick-or-Treating By Yourself;General Audiences;Gen;100 | Mob Psycho 100;;"Kageyama ""Mob"" Shigeo, Reigen Arataka";Halloween, Halloween Costumes, Trick or Treating, Reigen and Mob go Trick-or-Treating, Friendship, or Father-Son Relationship, why not both?, No Spoilers, Possibly Pre-Canon?, short and sweet, Fluff, Reigen is a Good Person, Mob likes milk, So why not milk chocolate?;English;2016-11-01;Completed;2016-11-01;937;1/1;7;74;6;316
5613691;1;General Audiences;;100 | Mob Psycho 100;Ekubo | Dimple/Reigen Arataka;Reigen Arataka, Ekubo | Dimple;;English;2016-01-02;Completed;2016-01-02;356;1/1;9;72;5;887
8016760;Spirits and Succ;Explicit;F/M;100 | Mob Psycho 100;Reigen Arataka/Reader;Reigen Arataka;Cunnilingus, POV Female Character, Plot What Plot/Porn Without Plot, Shameless Smut;English;2016-09-12;Completed;2016-09-12;892;1/1;7;71;6;1044
8209579;A Different Outcome;General Audiences;Gen;100 | Mob Psycho 100;"Kageyama Ritsu & Kageyama ""Mob"" Shigeo";"Hanazawa Teruki, Kageyama Ritsu, Kageyama ""Mob"" Shigeo, Reigen Arataka";Eventually everyone else - Freeform, blind!Ritsu, Angst, I don't know how many angst, If Ritsu did not escape unharmed, and Mob is a mess, and everyone else is also a mess;English;2016-10-04;Updated;2016-10-20;15273;4/?;12;71;8;1012
8126578;space voyage;Teen And Up Audiences;F/F;100 | Mob Psycho 100;Ichi Mezato/Tome Kurata;Kurata Tome, Mezato Ichi;mezato is a gay;English;2016-09-24;Completed;2016-09-24;1526;1/1;9;70;10;null
8285759;Peaceful Days;General Audiences;Gen;100 | Mob Psycho 100;"Gouda Musashi & Kageyama ""Mob"" Shigeo";"Gouda Musashi, Kageyama ""Mob"" Shigeo";;English;2016-10-15;Completed;2016-10-15;5110;2/2;16;69;6;334
8288827;Like That;Mature;M/M;100 | Mob Psycho 100;Dimple/Reigen Arataka;Dimple (Mob Psycho 100), Reigen Arataka;Unresolved Sexual Tension, Kissing, Teasing;English;2016-10-15;Completed;2016-10-15;1228;1/1;19;69;4;530
6591958;2;Teen And Up Audiences;M/M;100 | Mob Psycho 100;Ekubo | Dimple/Reigen Arataka;Ekubo | Dimple, Reigen Arataka, some mob;;English;2016-04-18;Completed;2016-04-18;365;1/1;10;68;1;710
8285141;Blue;General Audiences;Gen;100 | Mob Psycho 100;;Suzuki Shou, Hanazawa Teruki, Kageyama Ritsu, Kageyama Shigeo;Boys Being Boys, Festivals, Fair, Fun, Mirrors, Amusement Parks, sudden truces, Friendship, diplomatic truce, same thing;English;2016-10-18;Completed;2016-10-18;1269;1/1;8;68;5;739
8115124;keep him close;Teen And Up Audiences;Gen;100 | Mob Psycho 100;Gouda Musashi & Onigawara Tenga;Gouda Musashi, Onigawara Tenga;Light Angst, innocuous chapter 92 spoilers;English;2016-09-23;Completed;2016-09-23;1790;1/1;10;67;5;303
8133154;Our years at UA;Teen And Up Audiences;M/M;100 | Mob Psycho 100,  | Boku no Hero Academia | My Hero Academia;"Hanazawa Teruki & Kageyama ""Mob"" Shigeo";"Kageyama ""Mob"" Shigeo, Kageyama Ritsu, Hanazawa Teruki, Reigen Arataka, Midoriya Izuku, Uraraka Ochako, Kayama Nemuri | Midnight, Kamui Woods (My Hero Academia), Desutegoro (My Hero Academia), Other Character Tags to Be Added, Yamada Hizashi | Present Mic, Shuuzenji Chiyo | Recovery Girl, Kirishima Eijirou, Tetsutetsu Tetsutetsu, Suzuki Shou, Shiego's parents, Teru's parents";Crossover, Alternate Universe - Canon Divergence, Manga Spoilers, Other Additional Tags to Be Added, Maybe a little OOC, Fluff;English;2016-09-25;Updated;2016-10-16;6043;2/?;20;67;14;881
8184655;Spoons;General Audiences;Gen;100 | Mob Psycho 100;;"Kageyama ""Mob"" Shigeo, Kageyama Ritsu";Angst, Self-Doubt, Mob needs a hug, Brotherly Love;English;2016-10-02;Completed;2016-10-02;389;1/1;2;66;6;438
8033311;Serizawa's Independence;General Audiences;Gen;100 | Mob Psycho 100;"Serizawa Katsuya & Suzuki Touichirou, Serizawa Katsuya & Kageyama ""Mob"" Shigeo, Serizawa Katsuya & Reigen Arataka, Serizawa & Everyone, Kageyama ""Mob"" Shigeo & Reigen Arataka";"Serizawa Katsuya, Suzuki Touichirou, Reigen Arataka, Kageyama ""Mob"" Shigeo";Serizawa-centric, Rating may go up, Give this man a hug!;English;2016-09-14;Updated;2016-10-15;4723;2/?;15;66;3;651
8250836;Self-Preservation;Teen And Up Audiences;M/M;100 | Mob Psycho 100;"Hanazawa Teruki/Kageyama ""Mob"" Shigeo";"Kageyama ""Mob"" Shigeo, Hanazawa Teruki";flufffff, but first violence, Blood, Trauma, Broken Bones, mob is a baby I love him, teru is a homo, First Kiss, super cliche, TeruMob, this fic is crazy it's just self indulgent sorry not sorry;English;2016-10-10;Completed;2016-10-10;2143;1/1;6;65;4;921
8161240;Cigarette Smoke;Mature;M/M;100 | Mob Psycho 100;Dimple/Reigen Arataka;Reigen Arataka, Dimple (Mob Psycho 100);Blackmail, Sexual Content;English;2016-09-30;Updated;2016-09-30;1708;1/2;8;65;5;722
8184061;bonny and blithe, good and gay;General Audiences;Gen;100 | Mob Psycho 100;;"Kageyama Ritsu, Reigen Arataka, Kageyama ""Mob"" Shigeo";AU, Unreliable Narrator, Ritsu POV, Self-Hatred, For Want of a Nail;English;2016-10-02;Completed;2016-10-02;1994;1/1;9;64;6;550
8364604;The Time of Change;General Audiences;M/M;100 | Mob Psycho 100;Kageyama Ritsu/Suzuki Shou;Kageyama Ritsu, Suzuki Shou, Dimple;Love Confessions, Crushes, Fluff;English;2016-10-24;Completed;2016-10-24;3380;1/1;3;63;7;null
8048500;Lunch Break;Mature;;100 | Mob Psycho 100;Reigen Arataka/Reader;Reader, Reigen Arataka;Romance, Fluff, Sexual Content;English;2016-09-17;Completed;2016-09-17;1516;1/1;6;63;3;815
8141375;The Best Medicine;Teen And Up Audiences;Other;100 | Mob Psycho 100;Reigen Arataka/Reader, Reigen Arataka/Original Character(s);Reigen Arataka;Reader-Insert, Reader-Interactive, Gender-Neutral Pronouns, this's basically hurt-comfort without the 'hurt' heheh;English;2016-09-26;Completed;2016-09-26;3456;1/1;8;62;1;583
7952830;heartbeat;Teen And Up Audiences;M/M;100 | Mob Psycho 100;"Kageyama ""Mob"" Shigeo/Reigen Arataka";;Established Relationship, Fluff, Nightmares, reigen is a softie, Future AU, ugh trash fic, drabble sorta;English;2016-09-04;Completed;2016-09-04;981;1/1;10;60;3;1135
8272351;Party Tricks;General Audiences;Gen;100 | Mob Psycho 100;"Kageyama ""Mob"" Shigeo & Reigen Arataka";"Reigen Arataka, Kageyama ""Mob"" Shigeo";Mostly Reigen, Reigen tries to learn a cigarette trick;English;2016-10-13;Completed;2016-10-13;643;1/1;6;60;2;378
7746763;Birds and Bees;Explicit;M/M;100 | Mob Psycho 100;"Kageyama ""Mob"" Shigeo/Dimple";"Kageyama ""Mob"" Shigeo, Dimple (Mob Psycho 100)";bara dimple, mob's crush on tsubomi explored and devoured, Size Difference, sex ed;English;2016-08-12;Completed;2016-08-12;2496;1/1;11;59;2;1290
8139536;Dual Rapid Piston Astral Therapy with Hands-on Cooldown;Explicit;F/M, Multi, Other;100 | Mob Psycho 100;Reigen Arataka/Reader, Dimple (Mob Psycho 100)/Reader, Reigen Arataka/Dimple/Reader;Reigen Arataka, Dimple (Mob Psycho 100), Reader;Smut, Office Sex, Couch Sex, Possession, Psychic Abilities, Vaginal Fingering, Double Penetration, Oral Sex, Threesome - F/M/M, Eiffel Tower, Reader-Insert;English;2016-09-26;Completed;2016-09-26;5268;1/1;6;59;9;1186
7908505;Hearts of Fools;Explicit;F/M;100 | Mob Psycho 100;Reigen Arataka/Original Character(s), Reigen Arataka/Reader;Reigen Arataka;Drinking, Premature Ejaculation, Vaginal Fingering, Drunk Sex, Implied/Referenced Suicide, Implied/Referenced Child Death, Depression, Reigen-Centered Perspective, Cunnilingus, Dirty Talk, Endearingly Awkward Drunk-Reigen, Feat. Reigen Smoking Himself to Next Life, Feat. A Painfully Obvious Reference to The Smiths, Special Guest Star: Reigen's Day-Glo Track Suits, Sadly Not Appearing: Any References to Salt;English;2016-08-29;Completed;2016-08-29;9302;1/1;14;59;5;827
6254176;Pertinax;Mature;Gen;100 | Mob Psycho 100;;Kurata Tome, Suzuki Shou, Kageyama Shigeo, Kageyama Ritsu, Hanazawa Teruki;the muscle club and the telepathy club make apperances, Alternate Universe - Canon Divergence;English;2016-03-15;Completed;2016-03-28;5243;3/3;14;59;12;387
8234912;mob's big gay step;Teen And Up Audiences;M/M;100 | Mob Psycho 100;"Kageyama Ritsu/Kageyama ""Mob"" Shigeo";;Sibling Incest, mob wonders about kissing and then learns about kissing from everyone's favorite brocon, somehow does not contain very detailed depictions of kissing though;English;2016-10-08;Completed;2016-10-08;1002;1/1;10;58;1;824
8295625;Taste;Explicit;M/M;100 | Mob Psycho 100;Dimple/Reigen Arataka;Reigen Arataka, Dimple (Mob Psycho 100);Fear Play, BDSM, D/s, Threats of Violence, Ekurei, Sensation Play;English;2016-10-16;Completed;2016-10-16;1144;1/1;15;57;2;525
8108197;The Fluff Everyone Needs (After Episode Eleven);Not Rated;F/M;100 | Mob Psycho 100;"Kageyama ""Mob"" Shigeo/Reigen Arataka, Hanazawa Teruki/Kageyama ""Mob"" Shigeo";"Reigen Arataka, Kageyama ""Mob"" Shigeo, Hanazawa Teruki";Beware: fluff;English;2016-09-22;Updated;2016-09-21;421;1/?;4;56;1;626
7914658;A Support System?;General Audiences;Other;100 | Mob Psycho 100;"Kageyama ""Mob"" Shigeo/Reader";"Reader, Kageyama ""Mob"" Shigeo";Reader-Insert, Shapeshifting, Friendship, Platonic Relationships, Crying;English;2016-08-30;Completed;2016-08-30;861;1/1;3;56;4;548
8325229;A Kick in the Teeth is Good for Some;Teen And Up Audiences;M/M;100 | Mob Psycho 100;Hanazawa Teruki/Kageyama Ritsu;"Kageyama Ritsu, Hanazawa Teruki, Suzuki Shou, Kageyama ""Mob"" Shigeo";Angst and Humor, Rivalry, Self-Acceptance, Self-Hatred, Non-Graphic Violence, Hurt/Comfort, Slow Build;English;2016-10-19;Updated;2016-10-29;4483;3/?;9;56;6;428
8243896;What the Bard Said;Teen And Up Audiences;Gen;100 | Mob Psycho 100;;"Reigen Arataka, Kageyama ""Mob"" Shigeo, Mogami Keiji, Ekubo, Dimple";Magic AU, mage shigeo, separation arc, something small and quick and different, Bard Reigen;English;2016-10-09;Completed;2016-10-10;2705;2/2;14;56;6;409
7676914;these are my bones;Teen And Up Audiences;M/M;Mob Psycho 100;"Kageyama ""Mob"" Shigeo/Reigen Arataka";"Reigen Arataka, Mob's Mom, a dead cat, Kageyama ""Mob"" Shigeo";Pre-Slash, Contemplative, Mobu thinking way too much, emotionally inclining towards Reigen?, yeah - Freeform, pretty much AU-ish cuz i suck at remembering dialogues and don't have a PC, MOBU is a GEM;English;2016-08-04;Completed;2016-08-04;548;1/1;9;56;1;1063
7965514;55%;Not Rated;Other;100 | Mob Psycho 100;;"Kageyama ""Mob"" Shigeo, Reigen Arataka";Spoilers, Heavy spoilers if you haven't read the manga, it's literally from the latest chapter;English;2016-09-05;Completed;2016-09-05;998;1/1;6;56;8;690
8318944;Orange;General Audiences;Gen;100 | Mob Psycho 100;Shigeo Kageyama/Tsubomi Takane;"Kageyama ""Mob"" Shigeo, Takane Tsubomi, Kurata Tome";One sided canon crush, tsubomi gets rekt, but not as bad as Shigeo, sorry my boy, Tome's got you though, this is a comedy, teenaged heartbreak, Ice Cream, Friendship;English;2016-10-18;Completed;2016-10-18;1158;1/1;16;55;5;456
8366065;The Stars And The Moon;General Audiences;Gen;100 | Mob Psycho 100;"Teruki Hanazawa & Kageyama ""Mob"" Shigeo";"Teruki hanazawa, Kageyama ""Mob"" Shigeo";introspective, Loneliness, 14 year old tries to figure out things and fails;English;2016-10-24;Completed;2016-10-24;1605;1/1;8;54;3;342
8392216;Bitter (and other short stories);Explicit;M/M;100 | Mob Psycho 100;"Kageyama ""Mob"" Shigeo/Reigen Arataka, Kageyama ""Mob"" Shigeo & Reigen Arataka";"Reigen Arataka, Kageyama ""Mob"" Shigeo";varies by chapter, non-established relationship, ReiMob, Mild Smut, Masturbation, drunk reigen;English;2016-10-27;Updated;2016-10-28;2302;2/?;2;52;null;542
8442208;Easier Said;General Audiences;Multi;100 | Mob Psycho 100;"Kageyama ""Mob"" Shigeo/Takane Tsubomi, Hanazawa Teruki/Kageyama ""Mob"" Shigeo";;;English;2016-11-01;Updated;2016-11-01;1170;1/2;4;52;4;286
7533574;How NOT to fix demonic possession;Explicit;M/M;100 | Mob Psycho 100;Ekubo | Dimple/Reigen Arataka;"Reigen Arataka, Ekubo | Dimple, Kageyama ""Mob"" Shigeo";mob mentioned briefly, sin - Freeform, sorry - Freeform, shrug, google search how to write porn, cause I sure dunno, furaitsu, this sin is for you, you and your love for sweat man, Oneshot, Crack Fic, handjob, Demonic Possession, Possession;English;2016-07-20;Completed;2016-07-20;1286;1/1;6;51;1;1337
8274356;Failure to Deliver;Teen And Up Audiences;M/M;100 | Mob Psycho 100;"Hanazawa Teruki & Kageyama ""Mob"" Shigeo";"Hanazawa Teruki, Kageyama ""Mob"" Shigeo";Mild Angst, Blood and Injury, Spoilers for current arc;English;2016-10-13;Completed;2016-10-13;896;1/1;9;50;5;458
8425033;Trust Me;Explicit;M/M;100 | Mob Psycho 100;"Kageyama ""Mob"" Shigeo/Reigen Arataka";"Kageyama ""Mob"" Shigeo, Reigen Arataka";Underage Rape/Non-con, Rape/Non-con Elements, Non-Consensual Oral Sex, Alcohol, Emotional Manipulation, Abuse of Authority, Crying, Pain, Blood, Angst, Self-Indulgent;English;2016-10-30;Completed;2016-10-30;4295;1/1;34;50;4;660
8410774;Limit Break;Teen And Up Audiences;Gen;100 | Mob Psycho 100;;"Kageyama ""Mob"" Shigeo, Reigen Arataka";Alternate Universe;English;2016-10-29;Updated;2016-11-03;4941;3/?;11;51;3;523
8257178;Surprise!;General Audiences;;100 | Mob Psycho 100;;"Reigen Arataka, Kageyama ""Mob"" Shigeo, Kageyama Ritsu, Dimple (Mob Psycho 100), Hanazawa Teruki";happy birthday garbage man, I love him, he gets a surprise, i tried my best this is my first Mob Psycho fic plz don't kill me, Birthdays;English;2016-10-10;Completed;2016-10-10;743;1/1;2;49;2;316
8359690;Unspoken;Explicit;M/M;100 | Mob Psycho 100;Dimple/Reigen Arataka;Dimple (Mob Psycho 100), Reigen Arataka;BDSM, breath play, Asphyxiation, D/s, Established Relationship, Teasing, Begging, Overstimulation, Choking, Ekurei;English;2016-10-23;Completed;2016-10-23;2105;1/1;6;49;3;560
8118733;Light Pollution;General Audiences;F/F;100 | Mob Psycho 100;Kurata Tome/Kurosaki Rei;Kurata Tome, Kurosaki Rei;Fluff, First Kiss, Self Esteem Issues, Loneliness, and how to overcome it, this ship is a good ship i highly recommend it;English;2016-09-23;Completed;2016-09-23;2648;1/1;20;49;8;337
8374048;Seeds;General Audiences;Gen;100 | Mob Psycho 100;;"Reigen Arataka, Kageyama ""Mob"" Shigeo, Dimple (Mob Psycho 100), Serizawa Katsuya, Mom Reigen";Family, Reigen needs a break seriously, Manga Spoilers, Probably after yokai arc, OH I HAVE WORK BUT ITS KINDA OK AT THIS POINT, I MEAN MOB PSYCHO AMRIGHT??;English;2016-10-27;Updated;2016-10-27;763;1/?;7;48;2;354
7757914;Sometimes, it's not a happy ending.;Teen And Up Audiences;Gen;100 | Mob Psycho 100;"Kageyama Ritsu & Kageyama ""Mob"" Shigeo";"Kageyama Ritsu, Kageyama ""Mob"" Shigeo, Kageyama parents";hey angst bros this fandom needs more of it, bc i fucking hate myself and i overthink over how to break my own feelings, yeah ritsu dies instead of just getting a wound, mob gets even more traumatised, I die, a hospital is mentioned, Post-Traumatic Stress Disorder - PTSD;English;2016-08-13;Completed;2016-08-13;348;1/1;9;47;2;693
8177683;Love Bite;General Audiences;M/M;100 | Mob Psycho 100;"Hanazawa Teruki & Kageyama ""Mob"" Shigeo";"Kageyama ""Mob"" Shigeo, Hanazawa Teruki, Reigen Arataka, Dimple (Mob Psycho 100)";Fluff, vampire!mob, vampire!reigen, vampire!dimple, no psychic powers, fluffy terumob, Halloween, Halloween Special, Trick or Treating, Kinktober, One-Shot;English;2016-10-01;Completed;2016-10-01;11192;1/1;10;47;6;919
8252639;when dogs can fly;General Audiences;M/M;100 | Mob Psycho 100;"Kageyama ""Mob"" Shigeo/Reigen Arataka";"Reigen Arataka, Kageyama ""Mob"" Shigeo";Alternate Universe reverse age, First Meetings, Character Study, Fluff, more to come - Freeform, troubled child reigen;English;2016-10-10;Completed;2016-10-10;981;1/1;2;46;3;441
8297240;At Dusk;Explicit;M/M;100 | Mob Psycho 100;Dimple/Reigen Arataka;Reigen Arataka, Dimple (Mob Psycho 100);Masturbation, Teasing, Ekurei;English;2016-10-16;Completed;2016-10-16;928;1/1;8;45;2;487
8003407;Thanks;Not Rated;Gen;100 | Mob Psycho 100;;"Kageyama ""Mob"" Shigeo, Dimple (Mob Psycho 100), Reigen Arataka";Oneshot;English;2016-09-10;Completed;2016-09-10;677;1/1;3;45;5;466
8283880;Unforseen Circumstances;Teen And Up Audiences;M/M;100 | Mob Psycho 100;"Hanazawa Teruki/Kageyama ""Mob"" Shigeo";"Kageyama ""Mob"" Shigeo, Hanazawa Teruki";"Goreeee, like no fluff this time p much, Established Relationship, Kidnapping, its such a good plot device, TeruMob for the soul, Blood, Death, psychic powers, Torture, have fun! ;&gt;";English;2016-10-14;Completed;2016-10-14;2577;1/1;6;45;2;473
7755928;Just Feel;Mature;M/M;100 | Mob Psycho 100;"Dimple/Kageyama ""Mob"" Shigeo";"Dimple (Mob Psycho 100), Kageyama ""Mob"" Shigeo";Plot What Plot/Porn Without Plot, Smut, Mentions of Voyeurism, Masturbation;English;2016-08-13;Completed;2016-08-13;1801;1/1;3;44;3;836
8303398;You Pulled A Gem Out Of The Mess;Teen And Up Audiences;M/M;100 | Mob Psycho 100;Reigen Arataka/Serizawa Katsuya;"Reigen Arataka, Serizawa Katsuya, Kageyama ""Mob"" Shigeo, Hanazawa Teruki";background terumob, Trans Character;English;2016-10-17;Completed;2016-10-17;3485;1/1;4;43;5;657
6192592;Salt Water;Mature;;100 | Mob Psycho 100;Hanazawa Teruki/Kageyama Shigeo, Ekubo | Dimple/Reigen Arataka;Kageyama Shigeo, Kageyama Ritsu, Reigen Arataka, Ekubo | Dimple, Hanazawa Teruki, Suzuki Shou, Kurata Tome, Mesato Ichi, Musashi Gouda, Suzuki Touichirou;one sided Suzuki Shou/Kageyama Ritsu, in which theyre pirates, Alternate Universe - Pirate;English;2016-03-08;Updated;2016-03-07;1389;1/?;4;43;4;490
8327161;A Long and Grueling Road;Not Rated;;100 | Mob Psycho 100;"Kageyama ""Mob"" Shigeo/ Asagiri Minori";"Kageyama ""Mob"" Shigeo, Mogami Keiji, Asagiri Minori, Kageyama Ritsu, Takane Tsubomi";kind of mob/minori, but not really, Angst, So much angst, A little twisted, but not more than you'd expect given the circumstances;English;2016-10-19;Completed;2016-10-19;1761;1/1;8;42;3;241
6200978;Resurfaces within Time;General Audiences;M/M;100 | Mob Psycho 100;There will be some slight shipping, Ritsu/Shou, These kids are all messes please save them, Teruki/Mob;Kageyama Shigeo, Kageyama Ritsu, Hanazawa Teruki, Suzuki Shou, Reigen Arataka, Ekubo | Dimple;Kinda getting a slice of life feel right now, I just want these kids to live peacefully ok im sorry;English;2016-03-19;Updated;2016-03-22;2062;2/?;2;42;3;924
8292593;Softer Sides;General Audiences;;100 | Mob Psycho 100;"Kageyama ""Mob"" Shigeo & Reigen Arataka";"Kageyama ""Mob"" Shigeo, Reigen Arataka";this was a partial prompt from a friend, Fluff, this was super fun tbh, Sorry if this is OOC, No Manga Spoilers;English;2016-10-16;Completed;2016-10-16;363;1/1;5;41;1;298
8389621;When No One Is Watching;Explicit;M/M;100 | Mob Psycho 100;Dimple/Reigen Arataka;Dimple (Mob Psycho 100), Reigen Arataka;Crossdressing, Grinding, Teasing, UST, Unresolved Sexual Tension;English;2016-10-26;Completed;2016-10-26;871;1/1;2;41;null;402
7898602;In Need;Explicit;F/M;100 | Mob Psycho 100;Reigen Arataka/Reader;Reigen Arataka, Reader;Kissing, Wax Play, Anal, Female Reader;English;2016-08-28;Completed;2016-08-28;4145;1/1;6;41;2;861
8252282;For You I Bleed Myself Dry;Teen And Up Audiences;M/M;100 | Mob Psycho 100;"Hanazawa Teruki/Kageyama ""Mob"" Shigeo, Hanazawa Teruki/Kageyama Ritsu";"Reigen Arataka, Kageyama ""Mob"" Shigeo, Kageyama Ritsu, Hanazawa Teruki";Unrequited Love, Flower AU, onesided terumob, ritsuteru, I Wrote This Instead of Sleeping, pls save me from hell, Angst, One Shot, maybe ??;English;2016-10-10;Completed;2016-10-10;938;1/1;5;40;2;464
8319919;Not A Massage Parlor;Explicit;M/M;100 | Mob Psycho 100;ekurei - Relationship, Dimple/Reigen Arataka;Ekubo, Reigen Arataka, Dimple (Mob Psycho 100);Massage, Happy Ending, Hand Jobs, Edgeplay, yes THAT sort of happy ending;English;2016-10-22;Completed;2016-10-22;4637;1/1;2;40;2;445
8275711;Into the Wolf's Den;General Audiences;Gen;100 | Mob Psycho 100;;"Kageyama ""Mob"" Shigeo, Reigen Arataka, Dimple (Mob Psycho 100), Kageyama Ritsu, Hanazawa Teruki, Suzuki Shou, Serizawa Katsuya";AgeAU, mob is the adult, reigen is the middle-schooler, ritsu is the principal, teru and shou are both teachers, the claw are all kids, characters included that are still yet to appear in the anime, super 5 and others included as well, Fluff, Cute, Friendship, Humor, so many headcanons that i can't even count;English;2016-10-13;Completed;2016-10-13;5315;1/1;10;40;5;517
8451679;Bonds;Teen And Up Audiences;M/M;100 | Mob Psycho 100;"Hanazawa Teruki/Kageyama ""Mob"" Shigeo";"Hanazawa Teruki, Kageyama Ritsu, Suzuki Shou, Kageyama ""Mob"" Shigeo, Dimple (Mob Psycho 100), Serizawa Katsuya, Reigen Arataka";Halloween AU, vamps and demons ahhooooyyy, witch teruki, demon mob and seri, ??? dimple, vamp reigen, human(?) shou, werewolf ritsu, TeruMob, seriekurei because reigen has a damn harem, Shouritsu;English;2016-11-02;Completed;2016-11-02;6650;1/1;3;39;9;260
6115183;Say My Name;Explicit;Other;100 | Mob Psycho 100;Dimple/Reader, Ekubo/Reader;Ekubo | Dimple, Reader, Reigen Arataka;Ghost Sex;English;2016-02-27;Completed;2016-02-27;1092;1/1;12;38;4;918
8101906;Suck It up!;Not Rated;M/M;100 | Mob Psycho 100;"Kageyama ""Mob"" Shigeo/Reigen Arataka, Reimob - Relationship";"Kageyama ""Mob"" Shigeo, Reigen Arataka";;English;2016-09-20;Updated;2016-09-24;2308;2/?;7;37;null;988
8215286;Cacti Don't Need Care;Teen And Up Audiences;M/M;100 | Mob Psycho 100;"Hanazawa Teruki/Kageyama Ritsu, Hanazawa Teruki & Kageyama ""Mob"" Shigeo";Kageyama Ritsu, Kageyama Shigeo, Hanazawa Teruki;the terumob is for a few seconds, but also really important, Domestic Fluff, Curtain Fic, Growing Up, Aged-Up Character(s);English;2016-10-05;Updated;2016-10-23;5118;3/?;3;37;1;535
8304899;Feathered Friends;General Audiences;;100 | Mob Psycho 100;"Kageyama ""Mob"" Shigeo & Reigen Arataka";"Kageyama ""Mob"" Shigeo, Reigen Arataka";Fluff, mooooore prompt stuff, Sorry if this is OOC, No Manga Spoilers;English;2016-10-17;Completed;2016-10-17;390;1/1;4;37;1;240
8171272;Take My Hand;Teen And Up Audiences;M/M;100 | Mob Psycho 100;Hanazawa Teruki/Kageyama Ritsu;"Hanazawa Teruki, Kageyama Ritsu, Kageyama ""Mob"" Shigeo, Reigen Arataka, Suzuki Shou";First Kiss, Depression, Angst and Hurt/Comfort, Mutual Pining, Supernatural Elements, Head Injury, ritsu likes teru's fluffy hair, he won't admit it though..., Holding Hands, some tags won't apply until. later chapters!!;English;2016-10-02;Updated;2016-10-01;3434;1/?;3;36;2;244
8353090;What the King Said;General Audiences;Gen;100 | Mob Psycho 100;;"Kageyama ""Mob"" Shigeo, Reigen Arataka";it'a basically the separation arc;English;2016-10-23;Completed;2016-10-23;854;1/1;18;35;null;265
8417734;Blossom of Youth;Teen And Up Audiences;M/M;100 | Mob Psycho 100;"Kageyama Ritsu/Kageyama ""Mob"" Shigeo";"Kageyama Ritsu, Kageyama ""Mob"" Shigeo";Incest, Sibling Incest, Kissing, Fluff;English;2016-10-30;Updated;2016-10-30;971;1/?;6;34;1;328
8460481;Aubade;Teen And Up Audiences;M/M;100 | Mob Psycho 100;"Kageyama Ritsu/Suzuki Shou, Minor or Background Relationship(s), Hanazawa Teruki/Kageyama ""Mob"" Shigeo";"Kageyama Ritsu, Suzuki Shou, Kageyama ""Mob"" Shigeo, Hanazawa Teruki, Reigen Arataka, Kageyama parents";Future Fic, College Setting, Slow Burn, Fluff, small angst, why are the kageyamas Like This, let's just call this a romcom in fic format, tags and rating will change;English;2016-11-03;Updated;2016-11-03;4181;1/?;5;33;2;118
8256793;Birthday Gift;General Audiences;M/M, Multi;100 | Mob Psycho 100;Reigen Arataka/Serizawa Katsuya, Dimple/Reigen Arataka, Dimple & Serizawa Katsuya, Dimple/Reigen Arataka/Serizawa Katsuya, Esper Squad (OT4);Reigen Arataka, Serizawa Katsuya, Dimple (Mob Psycho 100), and the esper squad, but its mostly a focus on Them Boys;U HAVE HEARD SERIREI AND EKUREI AND NOW I PRESENT TO U, SERIEKUREI, ageswap au, Fluff, its reigens bday and these boys are gay for him, (also..no inest in the ot4 thing cause I AInt Nasty);English;2016-10-10;Completed;2016-10-10;1100;1/1;3;33;2;418
8441101;Long After Death Do Us Part;Explicit;M/M;100 | Mob Psycho 100;"Hanazawa Teruki/Kageyama ""Mob"" Shigeo";"Hanazawa Teruki, Kageyama ""Mob"" Shigeo, Kageyama Ritsu";Decapitation, Witchcraft;English;2016-11-01;Updated;2016-11-01;5339;1/2;4;32;2;251
8454700;Something So Simple;General Audiences;M/M;100 | Mob Psycho 100;Dimple/Reigen Arataka;Dimple (Mob Psycho 100), Reigen Arataka;Bathing, baths, Ekurei, reigen being awkward;English;2016-11-02;Completed;2016-11-02;1661;1/1;4;32;1;144
8131787;Finger Lickin' Good;Teen And Up Audiences;M/M;100 | Mob Psycho 100;Dimple/Reigen Arataka;Dimple, Reigen Arataka;I think i have a kink for fingers, Sexual Tension, pls do not ask me what this is even I do not know, I can only say this is a mess, Pardon my mistakes i wrote this on phone and on a whim, i love this pairing there should be more works;English;2016-09-25;Completed;2016-09-25;754;1/1;2;31;1;417
8458504;Sick;Explicit;M/M;100 | Mob Psycho 100;"Dimple/Reigen Arataka, Dimple/Kageyama ""Mob"" Shigeo, Kageyama ""Mob"" Shigeo/Reigen Arataka";"Dimple (Mob Psycho 100), Reigen Arataka, Kageyama ""Mob"" Shiego - Mentioned";Slurs, Violence, Blood, Threats of Rape/Non-Con, Ambiguous Age, Off-screen Relationship(s), Hand Jobs;English;2016-11-03;Completed;2016-11-03;1898;1/1;7;32;1;null
8192128;Deterioration;Teen And Up Audiences;;100 | Mob Psycho 100;;"Kageyama ""Mob"" Shigeo, Kageyama Ritsu, Reigen Arataka";;English;2016-10-02;Completed;2016-10-02;1702;1/1;2;30;3;571
8401468;In the palm of your hand;General Audiences;M/M;100 | Mob Psycho 100, Mob Psycho;"Kageyama ""Mob"" Shigeo & Reigen Arataka";"Reigen Arataka, Kageyama ""Mob"" Shigeo";ReiMob, MobRei, m/m - Freeform, Mob Psycho 100 - Freeform;English;2016-10-28;Completed;2016-10-28;1113;1/1;1;30;null;234
8295313;I Need Him;Teen And Up Audiences;M/M;100 | Mob Psycho 100;"Hanazawa Teruki/Kageyama Ritsu/Kageyama ""Mob"" Shigeo/Suzuki Shou";"Hanazawa Teruki, Suzuki Shou, Kageyama ""Mob"" Shigeo, Kageyama Ritsu";everyone wants a piece of cactus child, Harem, teru's harem, Fluff, every boi is overly attached;English;2016-10-16;Completed;2016-10-16;1079;1/1;null;29;2;332
8059726;It was nice knowing you;Teen And Up Audiences;Gen;100 | Mob Psycho 100;;"Reigen Arataka, Kageyama ""Mob"" Shigeo, the claw squad";"boss reigen, lmao im dead insid, im fucking dying, its so late why did i write this idk, i suggest u drink tea while reading this ;))))))";English;2016-09-17;Completed;2016-09-17;2506;1/1;17;28;null;733
8232427;Mob's Trip To Gravity Falls, Oregon;Not Rated;F/M;100 | Mob Psycho 100, Gravity Falls;"Kageyama ""Mob"" Shigeo | Mabel Pines, Gideon Gleeful/Mabel Pines";"Reigen Arataka, Kageyama ""Mob"" Shigeo, Dipper Pines, Mabel Pines, Gideon Gleeful, Bill Cipher, Dimple (Mob Psycho 100), Grunkle Stan | Stanley ""Stanford"" Pines, Wendy Corduroy";Crossover, Fluff and Shenanigans Abound;English;2016-10-07;Completed;2016-10-07;3738;1/1;4;28;2;393
7886602;Table Manners;Not Rated;M/M;100 | Mob Psycho 100;"Kageyama ""Mob"" Shigeo & Reigen Arataka";"Kageyama ""Mob"" Shigeo, Reigen Arataka";Psychological Drama, Romance, Teen Crush;English;2016-08-27;Completed;2016-08-27;1451;1/1;2;28;4;933
8436214;ritsu's big gay step;Explicit;M/M;100 | Mob Psycho 100;"Kageyama Ritsu/Kageyama ""Mob"" Shigeo";"Kageyama ""Mob"" Shigeo, Kageyama Ritsu";Sibling Incest, Coming In Pants, some physical actions that precede the coming in pants, such as rubbing and making out, it's a learning experience for everyone involved;English;2016-10-31;Completed;2016-10-31;3433;1/1;4;27;1;441
7920499;Maybe;General Audiences;Gen;100 | Mob Psycho 100;;Sakurai - Character, Koyama;Character Study, Spoilers up to Chapter 91.3, I wouldn't consider this romantic but it's not entirely platonic either;English;2016-08-31;Completed;2016-08-31;942;1/1;4;25;2;100
8285518;come down;Teen And Up Audiences;;100 | Mob Psycho 100;;"Kageyama ""Mob"" Shigeo, Mogami Keiji";;English;2016-10-15;Completed;2016-10-15;745;1/1;1;25;1;192
8389210;Life Ending (And Beginning Again);Teen And Up Audiences;M/M, Other;100 | Mob Psycho 100;"Reigen Arataka/Serizawa Katsuya, Hanazawa Teruki/Kageyama ""Mob"" Shigeo";"Reigen Arataka, Serizawa Katsuya, Kageyama ""Mob"" Shigeo, Kageyama Ritsu, Hanazawa Teruki";Trans Character, implied ritshou;English;2016-10-26;Completed;2016-10-26;3221;1/1;1;24;1;392
8129656;Written in the Stars;Teen And Up Audiences;M/M;100 | Mob Psycho 100;"Hanazawa Teruki & Kageyama ""Mob"" Shigeo";"Kageyama ""Mob"" Shigeo, Kageyama Ritsu, Reigen Arataka, Dimple (Mob Psycho 100), Suzuki Shou, Kurata Tome, Onigawara Tenga, Hanazawa Teruki, Sakurai (Mob Psycho 100), Mogami Keiji";kingdom au, when they sing their souls show, each soul has a wavelength and color, scribe!mob, prince!teru, medicine man!reigen, squire!ritsu, prince!shou, there will be pain, Singing, Cute, TeruMob, mob and teru are like 20, the espers are magik users;English;2016-09-25;Updated;2016-10-17;4319;3/?;7;23;2;417
8457574;About Time;Explicit;M/M;100 | Mob Psycho 100;Dimple/Reigen Arataka;Dimple (Mob Psycho 100), Reigen Arataka;Shameless Smut, Sex Toys, Dildos, um this turned out different than i expected, but you know i love me some ekurei, so i posted this;English;2016-11-03;Completed;2016-11-03;2159;1/1;2;23;1;182
8310151;Unseen;General Audiences;;100 | Mob Psycho 100;;Reigen Arataka;Esper Reigen, Character mention, After Ep. 12;English;2016-10-17;Completed;2016-10-17;353;1/1;5;23;null;281
8445091;Reigen Arataka: Part One;Teen And Up Audiences;;100 | Mob Psycho 100;No Romantic Relationship(s);"Reigen Arataka, Kageyama ""Mob"" Shigeo, Original Antagonist Character(s), random background characters, Reigen's parents";Blood, some colorful language, Minor Character Death(s), angst angst angst, Esper Reigen, Reigen backstory, The first time Reigen throws salt at something, Cliffhanger, Part two will be posted later;English;2016-11-01;Completed;2016-11-01;4883;1/1;3;22;1;127
8254291;Pawprints in the Snow;General Audiences;Gen;100 | Mob Psycho 100;;"Kageyama ""Mob"" Shigeo, Hanazawa Teruki, Dimple (Mob Psycho 100), Reigen Arataka";slight terumob, Cute, Fluff, Furry, cat mob, Cat Ears and Tail, AU, mob has no powers, neither does teruki, reigen is still the same as ever tho, dimple is a human;English;2016-10-10;Completed;2016-10-10;6643;1/1;2;22;null;417
7542772;Dream Girl;Teen And Up Audiences;F/M;100 | Mob Psycho 100;"Shigeo/Yume, Kageyama ""Mob"" Shigeo/Original Female Character(s)";"Kageyama ""Mob"" Shigeo, Reigen Arataka, Kageyama Ritsu, Ekubo | Dimple, Original Characters, Original Female Character(s), Original Male Character(s), Various Character(s)";Supernatural Elements, Horror, Psychological Horror, Demons, Ghosts, Psychic Abilities, Religious Imagery & Symbolism, Religious Content, Past Character Death, Past Violence, Demonic Possession, Paranormal, Emotional/Psychological Abuse, Deception, Exorcisms, Slight Reigen/Original Female Character(s);English;2016-07-24;Updated;2016-07-27;1327;2/?;null;22;2;261
8402800;Aloof;General Audiences;Gen;100 | Mob Psycho 100;;Minegishi (Mob Psycho 100);;English;2016-10-28;Completed;2016-10-28;564;1/1;4;19;null;115
8346709;Existing;Teen And Up Audiences;M/M;100 | Mob Psycho 100;Kageyama Ritsu/Suzuki Shou;Kageyama Ritsu, Suzuki Shou;Angst, Based on Real Events, Dealing with emotion;English;2016-10-22;Completed;2016-10-22;1606;1/1;null;19;null;266
8336464;hate me at least;Teen And Up Audiences;Gen;100 | Mob Psycho 100;"Hanazawa Teruki & Kageyama ""Mob"" Shigeo";"Hanazawa Teruki, Kageyama ""Mob"" Shigeo";Angst, really emo vent, wound mentions, self harmish???, not literally but more emotionally;English;2016-10-21;Completed;2016-10-21;492;1/1;2;19;null;225
8307101;Runway Wars;General Audiences;M/M;100 | Mob Psycho 100;;"Dimple (Mob Psycho 100), Reigen Arataka, Kageyama ""Mob"" Shigeo, Kageyama Ritsu, Hanazawa Teruki";terumob at the end, Humor, just wrote this for the heck of it, Don't take it seriously, a headcanon, headcanons, TeruMob, Alternate Universe - No Powers;English;2016-10-17;Completed;2016-10-17;3190;1/1;8;18;2;165
8340106;A Fragile Lotus and The Dragon Tattoo;Mature;M/M;100 | Mob Psycho 100;"Gouda Musashi & Kageyama ""Mob"" Shigeo";"Kageyama ""Mob"" Shigeo, Gouda Musashi, Dimple (Mob Psycho 100), Reigen Arataka, Kageyama Ritsu, Hanazawa Teruki";Suicidal Thoughts, Suicide, Triggers, Fluff, relationship, unlikely couple, Implied/Referenced Sex, Implied/Referenced Underage Sex, Brothels, Edo Period, gouda/mob, kinda OOC, Alternate Universe - No Powers;English;2016-10-21;Completed;2016-10-21;6393;1/1;10;17;null;232
8443063;A Changing of Moment;Teen And Up Audiences;;100 | Mob Psycho 100;"Kageyama Ritsu & Kageyama ""Mob"" Shigeo, Kageyama ""Mob"" Shigeo & Reigen Arataka";"Kageyama ""Mob"" Shigeo, Kageyama Ritsu, Dimple (Mob Psycho 100), Reigen Arataka, minor OCs";ageswap au, Drabble Collection, Headcanon, More characters to be added;English;2016-11-01;Updated;2016-11-01;2034;1/?;null;17;1;168
8316391;Pills, Needles and Other Terrors;General Audiences;Gen;100 | Mob Psycho 100;;"Hanazawa Teruki, Kageyama ""Mob"" Shigeo, Dimple (Mob Psycho 100), Reigen Arataka";the underground doctor AU absolutely no one asked for, mob and dimple are nurses, reigen is a doctor, teruki is a middle-schooler, Humor, Funny, headcanons, funny outfits, maybe slightly OOC, Alternate Universe - No Powers;English;2016-10-18;Completed;2016-10-18;3001;1/1;3;17;2;185
8236027;Life's Last Gift;Teen And Up Audiences;Gen;100 | Mob Psycho 100;"Kageyama Ritsu & Kageyama ""Mob"" Shigeo";"Kageyama Ritsu, Kageyama ""Mob"" Shigeo";;English;2016-10-08;Completed;2016-10-08;431;1/1;3;14;null;273
8197471;Pallid Suffocation;General Audiences;Gen, Other;100 | Mob Psycho 100;;"Reigen Arataka, Kageyama ""Mob"" Shigeo, Kageyama Ritsu, Dimple (Mob Psycho 100)";Angst, Drabble;English;2016-10-03;Completed;2016-10-03;753;1/1;4;13;null;441
8462242;A Few Feelings;General Audiences;M/M;100 | Mob Psycho 100;Reigen Arataka & Serizawa Katsuya, Reigen Arataka/Serizawa Katsuya;Reigen Arataka, Serizawa Katsuya;Fluff, ?? i guess, help this is the first time ive used this site;English;2016-11-03;Completed;2016-11-03;805;1/1;null;16;null;91
8463079;House Call;Teen And Up Audiences;Gen;100 | Mob Psycho 100;"Kageyama ""Mob"" Shigeo & Reigen Arataka";"Reigen Arataka, Kageyama ""Mob"" Shigeo";Young Mob, Exorcism, ghost story, Horror, Drama, Hurt/Comfort, Reigen's a good mentor, even if he doesn't know it yet, Spirits, Spooky, I wanted this done for Halloween :P;English;2016-11-03;Completed;2016-11-03;3252;1/1;null;17;1;81
8009557;Orchids;General Audiences;Gen;100 | Mob Psycho 100;;Minegishi (Mob Psycho 100);just wanted to add more stuff about minegishi's redemption, more stuff about minegishi in general, lots of self pondering, minegishi interacts w/ a child, mob and claw are mentioned;English;2016-09-11;Completed;2016-09-11;2168;1/1;4;9;null;112
7868239;Hoggle one00 pork;Teen And Up Audiences;Other;100 | Mob Psycho 100;;"Kageyama ""Mob"" Shigeo, Reigen Arataka, Dimple (Mob Psycho 100), Kageyama Ritsu, Emi, Hanazawa Teruki, Kurata Tome";i really like mob psycho 100, sorry that its short;English;2016-08-25;Completed;2016-08-25;191;1/1;4;8;null;208
8434561;Shut up and give me candy;Not Rated;Other;100 | Mob Psycho 100;"Hanazawa Teruki & Kageyama ""Mob"" Shigeo, Kageyama Ritsu/Suzuki Shou, Dimple/Reigen Arataka";"Kageyama ""Mob"" Shigeo, Kageyama Ritsu, Hanazawa Teruki, Suzuki Shou, Reigen Arataka, Dimple (Mob Psycho 100)";Halloween, Trick or Treating, Fluff, Family Fluff;English;2016-10-31;Completed;2016-10-31;607;1/1;null;7;null;159
8184442;The Fluff Chronicles;General Audiences;Gen, Multi;100 | Mob Psycho 100, Steven Universe (Cartoon), Overwatch (Video Game);"Kageyama Ritsu & Kageyama ""Mob"" Shigeo";"Kageyama Ritsu, Kageyama ""Mob"" Shigeo, Peridot (Steven Universe), Hana ""D.Va"" Song";Fluff, Brotherly Bonding, Ladybugs, Deaf Character, Minor Original Character(s), Signing;English;2016-10-02;Updated;2016-10-02;648;3/?;null;7;null;158
7810348;Return By Mob;Not Rated;F/M;100 | Mob Psycho 100, Re: | Re:Zero Starting Life in Another World (Anime);Natsuki Subaru/Rem;"Natsuki Subaru, Rem (Re:Zero), Kageyama ""Mob"" Shigeo, Reigen Arataka";Light Novel Spoilers, This is pretty much what it says on the can, Crossover, And this will props come off as Crack but heartwarming and slightly serious crack none the less;English;2016-08-19;Updated;2016-08-19;1770;2/4;4;6;null;275
7938709;Shigeo, Reigen and Morso;Teen And Up Audiences;Other;100 | Mob Psycho 100;Hunting a monster, comedy - Relationship, Supernatural humans;"Kageyama ""Mob"" Shigeo, Reigen Arataka, Dimple (Mob Psycho 100), Morso";A character from a television series for children;English;2016-09-02;Completed;2016-09-02;2693;1/1;2;4;1;157
8456602;We can make it work;Not Rated;M/M, Other;100 | Mob Psycho 100;Dimple/Reigen Arataka;"Dimple (Mob Psycho 100), Reigen Arataka, Kageyama ""Mob"" Shigeo";Fluff, Family Fluff, Angst;English;2016-11-03;Updated;2016-11-03;986;1/?;2;4;null;73
8464453;admiration;General Audiences;M/M;100 | Mob Psycho 100;"Hanazawa Teruki/Kageyama ""Mob"" Shigeo";"Hanazawa Teruki, Kageyama ""Mob"" Shigeo";;English;2016-11-03;Completed;2016-11-03;257;1/1;null;5;null;44
