work_id;title;rating;category;fandom;relationship;character;additional tags;language;published;status;status date;words;chapters;comments;kudos;bookmarks;hits
1349920;Sexual Harassment in the Workplace;Explicit;M/M;Shameless (US);Ian Gallagher/Mickey Milkovich;Mickey Milkovich, Ian Gallagher, Original Characters, Lip Gallagher, Fiona Gallagher, Kev Ball, Veronica Fisher, Mandy Milkovich, Carl Gallagher;Alternate Universe, Romance, Humor, Angst, Crushes, Unresolved Sexual Tension, Recreational Drug Use, Sexual Content, Mentions of graphic violence, Violence, mentions of child abuse, mentions of sexual and physical abuse, Rimming, Slurs;English;2014-03-23;Completed;2014-10-11;161029;26/26;2324;5366;1011;139245
2957270;The Increasingly Poor Decisions of Ian Gallagher;Explicit;M/M;Shameless (US);Ian Gallagher/Mickey Milkovich, Ian Gallagher/Original Male Character, Mickey Milkovich/Original Characters;Ian Gallagher, Mickey Milkovich, Original Characters, Iggy Milkovich, Tony Milkovich, Jaimie Milkovich, Mandy Milkovich, Svetlana;Unresolved Sexual Tension, Unresolved Romantic Tension, Love Triangles, Organized Crime, Family, Slurs, Violence, Sexual Harassment, Abuse, Drug Use, Trans Female Character, Dysphoria, Slow Burn, Explicit Sexual Content, Anal Sex, Rough Sex, Praise Kink, erotic asphyxiation, Spanking, Rimming, Phone Sex, Oral Sex, Mental Health Issues, May/December Relationship, Masturbation, Mutual Masturbation, Mutual Pining, Anal Fingering, Light Bondage, Gun Violence;English;2014-12-30;Completed;2016-03-17;309848;36/36;2888;4108;546;96847
2198994;Lost in Translation;Explicit;M/M;Shameless (US);Ian Gallagher/Mickey Milkovich;Ian Gallagher, Mickey Milkovich, Fiona Gallagher, Carl Gallagher, Lip Gallagher, Liam Gallagher (Shameless US), Mandy Milkovich, Kev Ball, Veronica Fisher;Alternate Beginnings, Romance, language barriers, Masturbation, Long-Distance Relationship, Explicit Sexual Content, Reunions, Rimming;English;2014-08-25;Completed;2014-12-22;20462;4/4;361;1885;407;24016
1712258;Rookie Mistakes;Mature;M/M, F/F;Shameless (US);Ian Gallagher/Mickey Milkovich, Mandy Milkovich/Svetlana Milkovich;Mickey Milkovich, Ian Gallagher, Mandy Milkovich;Alternate Universe - Hockey, Past Child Abuse, mentions of bipolar disorder, cis-normative views about sex, basically warnings for all the types of things that occur in the show lol;English;2014-05-30;Completed;2015-05-15;62757;13/13;398;1798;427;37016
765476;Four Years, Minimum;Mature;M/M;Shameless (US), Shameless (TV);Ian Gallagher/Mickey Milkovich;Ian Gallagher, Mickey Milkovich;Explicit Language, Implied Sexual Content;English;2013-04-18;Completed;2013-04-18;2662;1/1;70;1773;213;15005
699016;cut ties with all the lies;Mature;M/M;Shameless (US), Shameless (TV);Ian Gallagher/Mickey Milkovich;Ian Gallagher, Mickey Milkovich, Lip Gallagher, Mandy Milkovich, Debbie Gallagher, Carl Gallagher, Fiona Gallagher;;English;2013-02-25;Completed;2013-05-06;35750;20/20;258;1771;395;43635
1561952;you are inked on my skin long before we begin;Not Rated;M/M;Shameless (US);Ian Gallagher/Mickey Milkovich;Ian Gallagher, Mickey Milkovich, Mandy Milkovich;AU, Soulmate AU;English;2014-05-04;Completed;2014-05-04;5278;1/1;82;1735;345;21960
2206479;Teenagers Scare The Living Shit Out Of Me;Explicit;M/M;Shameless (US);Ian Gallagher/Mickey Milkovich;Ian Gallagher, Mickey Milkovich, Svetlana, Uncle Ronnie, Lip Gallagher, Colin Milkovich, Fiona Gallagher, Debbie Gallagher, Mandy Milkovich, Tony Markovich;Alternate Universe, serial killer au, Mystery, Fluff and Angst, Hurt/Comfort, Smut, First Time, Anal Sex, Rimming, Oral Sex, murder/violence, Slow Burn, Alternate Universe - Canon Divergence;English;2014-08-26;Completed;2014-11-13;211843;20/20;603;1643;373;34122
3467579;Noisy Neighbours;Explicit;M/M;Shameless (US);Ian Gallagher/Mickey Milkovich;Ian Gallagher, Mickey Milkovich, Mandy Milkovich, Fiona Gallagher, Lip Gallagher, Debbie Gallagher, Carl Gallagher, Liam Gallagher (Shameless US), Terry Milkovich, Iggy Milkovich, Linda Karib;Violence, Internalized Homophobia, Homophobic Language, Some angst;English;2015-03-02;Completed;2015-07-24;63989;28/28;478;1627;265;30268
1673417;ian gallagher is a dead man;Mature;M/M;Shameless (US);Ian Gallagher/Mickey Milkovich;Ian Gallagher, Mickey Milkovich, Mandy Milkovich;;English;2014-05-22;Completed;2014-05-22;3504;1/1;143;1588;288;null
715248;The Halfway House;Explicit;M/M;Shameless (US);Ian Gallagher/Mickey Milkovich;Ian Gallagher, Lip Gallagher, Mickey Milkovich, Mandy Milkovich, Fiona Gallagher, Debbie Gallagher, Carl Gallagher, Liam Gallagher, Monica Gallagher, Frank Gallagher;AU;English;2013-03-10;Completed;2013-03-10;30490;20/20;72;1554;369;25940
3226250;Boy In The Box;Explicit;M/M;Shameless (US);Ian Gallagher/Mickey Milkovich, Ian Gallagher & Mandy Milkovich, Mickey Milkovich & Mandy Milkovich;Ian Gallagher, Mickey Milkovich, Mandy Milkovich, Lip Gallagher, Terry Milkovich, Iggy Milkovich, Colin Milkovich, Joey Milkovich, Fiona Gallagher;Emotional Hurt/Comfort, Post-Traumatic Stress Disorder - PTSD, Implied/Referenced Child Abuse, Kidnapping, Alternate Universe - Canon Divergence, Season 1, Slow Burn, Not That Slow Though, Anal Sex, Hand Jobs;English;2015-01-26;Completed;2015-04-13;145160;12/12;321;1495;364;25229
315750;Lonely Boy;Explicit;M/M;Shameless (US);Ian Gallagher/Mickey Milkovich;Ian Gallagher, Mickey Milkovich;sad boy porn;English;2012-01-08;Completed;2012-01-08;1922;1/1;44;1428;195;27309
990581;Bullets, Blunts and Baseball;Not Rated;Gen, F/M, M/M;Shameless (US);Ian Gallagher/Mickey Milkovich, Lip Gallagher/Mandy Milkovich;Ian Gallagher, Mickey Milkovich, Fiona Gallagher, Lip Gallagher, Debbie Gallagher, Carl Gallagher, Liam Gallagher, Mandy Milkovich, Veronica Fisher, Kev Ball;Alternate Universe;English;2013-10-04;Completed;2013-11-02;28791;31/31;207;1415;317;24744
3683562;The Wedding Planner;Mature;M/M;Shameless (US);Ian Gallagher/Mickey Milkovich, Ian Gallagher/Original Male Character, Mickey Milkovich/Original Male Character(s);Ian Gallagher, Mickey Milkovich, Mandy Milkovich, Original Male Character(s), Original Female Character(s);Slow Burn, Smut, Jealousy, Romance, AU, Flirting, Lust, Forbidden Love, Love Triangles, Jealous Ian Gallagher, Jealous Mickey Milkovich, Angst, Cheating, Mutual Pining, POV Alternating, Gay Bashing, Angst with a Happy Ending, Rimming;English;2015-04-05;Completed;2015-07-19;97098;20/20;793;1372;155;21737
4194918;Everybody Talks;Explicit;M/M;Shameless (US);Ian Gallagher/Mickey Milkovich, Mandy Milkovich & Mickey Milkovich, Ian Gallagher & Mandy Milkovich;Ian Gallagher, Mickey Milkovich, Mandy Milkovich, Karen Jackson, Carl Gallagher, Fiona Gallagher, Lip Gallagher, Debbie Gallagher, Kev Ball, Veronica Fisher, Jimmy Lishman;Alternate Universe, Slow Burn, Friendship/Love, Pining, Unresolved Sexual Tension, Unresolved Romantic Tension, more tags to follow as the story progresses, let's just say that it won't be too angst-heavy, Fluff, Closeted Mickey, at least at first, Friends to Lovers, Masturbation, Jealousy, Kissing, Mutual Pining, Oral Sex, Mutual Masturbation, Rimming, Romance, Anal Sex;English;2015-06-23;Completed;2016-01-28;91206;19/19;383;1283;201;27724
1532969;do not wander;Explicit;M/M;Shameless (US);Ian Gallagher/Mickey Milkovich;Ian Gallagher, Mickey Milkovich;Remix, Alternate Universe - Canon Divergence, Anonymous Sex, Semi-Public Sex, Rough Sex, Possessive Behavior, Alternate Canon, Alternate Universe - Different First Meeting;English;2014-04-27;Completed;2014-04-27;10083;1/1;49;1272;191;17930
2332199;Firebird;Explicit;M/M;Shameless (US);Ian Gallagher/Mickey Milkovich;Ian Gallagher, Mickey Milkovich, Mandy Milkovich, Svetlana, Original Characters, Fiona Gallagher, Debbie Gallagher, Carl Gallagher, Liam Gallagher (Shameless US);Alternate Universe, Mythology References, Artist!Mickey, Editor!Ian, Sexting, Fluff, Sexual Content, Overzealous Promotion of Certain Foods, Angst;English;2014-09-20;Completed;2015-03-03;128139;24/24;748;1253;237;28881
2399810;Stealing Songs;Explicit;M/M;Shameless (US);Ian Gallagher/Mickey Milkovich, Kev Ball/Veronica Fisher;Fiona Gallagher, Lip Gallagher, Debbie Gallagher, Carl Gallagher, Liam Gallagher (Shameless US), Mandy Milkovich, Karen Jackson;Alternate Universe - Rock Band, Anal Sex, Oral Sex, Bottom Mickey Milkovich, Top Ian Gallagher, Fake/Pretend Relationship;English;2014-10-04;Completed;2015-03-31;29096;15/15;119;1222;305;19071
742192;please try to be patient (and know that i'm still learning);General Audiences;M/M;Shameless (US);Ian Gallagher/Mickey Milkovich;Lip Gallagher, Mandy Milkovich;accidental/involuntary cuddling and hand-holding abound;English;2013-03-30;Completed;2013-03-30;3062;1/1;54;1194;185;13508
1114982;Locked;Not Rated;Gen, F/M, M/M;Shameless (US);Ian Gallagher/Mickey Milkovich;Ian Gallagher, Lip Gallagher, Mickey Milkovich, Fiona Gallagher, Debbie Gallagher, Carl Gallagher, Liam Gallagher, Veronica Fisher, Kev Ball, Mandy Milkovich;Alternate Universe, Alternate Universe - Canon Divergence;English;2014-01-02;Completed;2014-05-14;48720;36/36;243;1192;280;22410
4674467;The Boyfriend Experience;Explicit;M/M, F/M;Shameless (US);Ian Gallagher/Mickey Milkovich, Ian Gallagher & Original Male Character(s), Mandy Milkovich/Original Male Character(s);Original Characters, The Gallaghers, The Milkoviches;Explicit Sexual Content, Dirty Talk, Sex Work, Bipolar Ian, Praise Kink, Spanking, Affection, Confrontations, Hurt/Comfort, Phone Sex, A lot of sex;English;2015-09-21;Updated;2016-07-19;112734;24/?;417;1190;180;29827
724847;Take Me In;Explicit;F/M, M/M;Shameless (US);Ian Gallagher/Mickey Milkovich, Fiona Gallagher/Steve;Ian Gallagher, Mickey Milkovich, Fiona Gallagher, Debbie Gallagher, Liam Gallagher, Lip Gallagher, Jimmy Lishman, Steve (Shameless (US)), Carl Gallagher, Lloyd Lishman, Frank Gallagher;;English;2013-03-17;Completed;2013-03-17;47873;19/19;71;1182;403;22029
1899939;Disassemble and Restart;Explicit;M/M;Shameless (US);Ian Gallagher/Mickey Milkovich, Mickey Milkovich/Original Male Character(s);Ian Gallagher, Mickey Milkovich, Mandy Milkovich, Fiona Gallagher, Lip Gallagher, Debbie Gallagher, Carl Gallagher, Liam Gallagher (Shameless US), Original Male Character(s);Slow Burn, Alternate Universe;English;2014-07-05;Completed;2015-11-29;77885;19/19;432;1178;242;26224
2304710;Nobody's Fuckin' Business;General Audiences;M/M;Shameless (US);Ian Gallagher/Mickey Milkovich;Mickey Milkovich, Ian Gallagher, Mentions of Terry - Character, Mentions of Mandy, OFC, OMCs, Yevgeny Milkovich;Gallavich, Coming Out, Fluff, Nosy coworkers, Ian and Mickey talk dicks, interrogation ensues, Established Relationship, Lots of Cursing, but this is Shameless;English;2014-09-14;Completed;2014-09-14;5544;1/1;37;1110;207;12477
1605620;The Sky is Blue;Teen And Up Audiences;M/M;Shameless (US);Ian Gallagher/Mickey Milkovich;Ian Gallagher, Mickey Milkovich;Alternate Universe - Soulmates, Fantasy, Romance, Fate & Destiny;English;2014-05-12;Completed;2014-05-12;2283;1/1;59;1101;122;10999
2526704;Skylight;Explicit;M/M;Shameless (US);Ian Gallagher/Mickey Milkovich;Ian Gallagher, Mickey Milkovich, Lewis Carmichael, Mandy Milkovich, Fiona Gallagher, Lip Gallagher, Debbie Gallagher, Carl Gallagher, Liam Gallagher (Shameless US), Jimmy Lishman, Svetlana Milkovich, Yevgeny Milkovich, Linda Karib, Veronica Fisher, Kev Ball;Canon Divergence, Angst, Substance Abuse, Homophobic Language, alludes to rape;English;2014-10-28;Completed;2015-02-26;76875;27/27;619;1096;206;21934
1408492;The Miseducation of Derek Hill;Explicit;M/M;Shameless (US);Ian Gallagher/Mickey Milkovich;Ian Gallagher, Mickey Milkovich, Original Male Character(s), Original Female Character(s);Jealousy, Unrequited Love, Minor Violence, Explicit Sexual Content, Future Fic;English;2014-04-03;Completed;2014-04-03;5016;1/1;85;1079;116;17801
3511091;Trial & Error;Explicit;M/M;Shameless (US);Ian Gallagher/Mickey Milkovich;Mickey Milkovich, Ian Gallagher, Mandy Milkovich, Original Characters, Iggy Milkovich;;English;2015-03-09;Completed;2015-10-14;91607;26/26;306;1076;130;18976
2828552;Queen of Decatur;Mature;;Shameless (US);Ian Gallagher/Mickey Milkovich;Mickey Milkovich, Ian Gallagher, Mama Milkovich, Mary Milkovich, Yevgeny Milkovich, Mandy Milkovich, Svetlana Milkovich, Debbie Gallagher, Carl Gallagher, Fiona Gallagher, Kev Ball;Prison, Bipolar Disorder, mention of canon past rape;English;2014-12-22;Completed;2014-12-22;23277;1/1;48;1074;265;9517
3759913;The Dirtiest Thing You Know;Explicit;M/M;Shameless (US);Ian Gallagher/Mickey Milkovich;;Alternate Universe - Royalty, Tumblr Prompt;English;2015-04-16;Completed;2015-07-11;46975;9/9;366;1055;169;13112
2437424;You Comin', Fuckface?;Explicit;M/M;Shameless (US);Ian Gallagher/Mickey Milkovich;Ian Gallagher, Mickey Milkovich;Rimming, Anal Sex, Mickey really wants to ride Ian's face ok;English;2014-10-11;Completed;2014-10-11;3418;1/1;33;1052;138;11190
715233;Favours Owed;Explicit;M/M;Shameless (US);Ian Gallagher/Mickey Milkovich, Lip Gallagher/Mandy Milkovich;Ian Gallagher, Mickey Milkovich, Mandy Milkovich, Lip Gallagher, OFC, Fiona Gallagher;no doubt there are other characters I cba list, Major Character Death is not Ian or Mickey;English;2013-03-10;Completed;2013-03-10;45814;24/24;27;1043;225;14770
2278803;Fake It Till You Make It;Mature;M/M;Shameless (US);Ian Gallagher/Mickey Milkovich;Mickey Milkovich, Ian Gallagher, Original Male Character(s);Alternate Universe, Future Fic, Fake/Pretend Relationship, Jealousy, Oblivious, Secret Crush, Friends to Lovers, Humor, Fluff, Brief Mentions of Bipolar Disorder, Kind of smut;English;2014-09-08;Completed;2014-09-08;5632;1/1;22;1040;102;8311
1578647;a thousand and one ways to show you care;Not Rated;M/M;Shameless (US);Ian Gallagher/Mickey Milkovich;Ian Gallagher, Mickey Milkovich, Debbie Gallagher, Fiona Gallagher, Lip Gallagher, Carl Gallagher, Kevin Ball;domestic!Gallavich, Ghetto Married;English;2014-05-07;Completed;2014-05-07;2625;1/1;40;1035;188;11296
5108801;Restoration;Explicit;M/M;Shameless (US);Ian Gallagher/Mickey Milkovich, Ian Gallagher & Mickey Milkovich;Ian Gallagher, Mickey Milkovich, Lip Gallagher, Mandy Milkovich, Original Characters, Sully, Amanda;housebuilding/construction worker AU, slowish burn, Bipolar Disorder, Pining, Sexual Tension, Sexual Content, Closeted Mickey, Smut, Some Fluff, Some angst, Homophobia, Internalized Homophobia, Homophobic Language, early 20s, fistfights, Future Fic, memories of self-injury, morning sickness/vomiting, tw vomit, tw self injury, emotional sex and smut, thoughts of self-injury, thoughts about cutting, small scars, fully consensual possessive sex, bottom!Ian, top!Mickey, Rough Sex, Burns, Dirty Talk, Explicit Sexual Content, memories of past abuse;English;2015-10-30;Completed;2016-06-10;112761;14/14;789;1017;152;16032
4849010;Silent as Sunlight;Mature;M/M;Shameless (US);Ian Gallagher/Mickey Milkovich;Ian Gallagher, Mickey Milkovich, Fiona Gallagher, Lip Gallagher, Debbie Gallagher, Carl Gallagher, Liam Gallagher (Shameless US), Mandy Milkovich;Alternate Universe - College/University, Deaf Mickey, Romance, Smut, Fluff, Canon-Typical Violence;English;2015-09-22;Completed;2015-12-11;86994;73/73;604;1015;165;16366
3550727;from head to toe;Explicit;M/M;Shameless (US);Ian Gallagher/Mickey Milkovich;Ian Gallagher, Mickey Milkovich;Fluff, hand holding, I'm trash who wants to worship Mickey's body through Ian, Canon-Typical Violence, Explicit Sexual Content;English;2015-03-15;Completed;2015-04-12;30327;7/7;145;1014;193;14106
1493416;Study Buddies and Date Nights;Explicit;M/M;Shameless (US);Ian Gallagher/Mickey Milkovich;Ian Gallagher, Mickey Milkovich, Mandy Milkovich, Original Female Character(s);Date Night, Alternate Universe, Domestic, cuteness, Temporary role reversal, Top Mickey, Bottom Ian, Top Ian, Bottom Mickey, Future Fic;English;2014-04-20;Completed;2014-04-20;5906;1/1;61;1013;61;14990
1570223;Good Boy;Explicit;F/M, M/M;Shameless (US);Ian Gallagher/Mickey Milkovich, Mickey Milkovich/Original Characters, Mickey Milkovich/Svetlana Milkovich, Mickey Milkovich/Angie Zago;Mickey Milkovich, Ian Gallagher;Praise Kink, Discussion of canon non-consensual sexual situations;English;2014-05-05;Updated;2016-11-01;30523;8/?;98;1007;136;17478
2560583;Touched;Mature;M/M;Shameless (US);Ian Gallagher/Mickey Milkovich, Mandy Milkovich/Mickey Milkovich;Ian Gallagher, Mickey Milkovich, Mandy Milkovich, Matty Baker;Romance, Meet-Cute, Canon Divergence, mentions of sexual abuse, mentions of past violence, Ableism, unspecified mental disorder, magical thinking, Fantasy elements, Sexual Tension, Explicit Sexual Content, call center au, Gallavich, Referenced Suicidal Thoughts/Attempts;English;2014-11-03;Completed;2014-11-07;18947;5/5;174;997;167;9921
2136273;Bus Ride to Nowhere;Explicit;M/M;Shameless (US);Ian Gallagher/Mickey Milkovich;Ian Gallagher, Mickey Milkovich;Alternate Universe, Sexual Content;English;2014-08-14;Completed;2014-09-16;39959;14/14;253;996;125;12545
1345504;Sleepover Shenanigans;Explicit;M/M;Shameless (US);Ian Gallagher/Mickey Milkovich;Ian Gallagher, Mickey Milkovich;Coming Untouched, Rimming, Anal Sex, Fingerfucking, Prostate Massage, Prostate Milking, Crying After Sex, needy bottom Mickey aka actual canon Mickey, filler scene for 3x06, sleepover sex what whaaaaat;English;2014-03-21;Completed;2014-03-21;1916;1/1;20;995;96;16337
1678613;the right one's suspicious and the left one wants my love;Explicit;M/M;Shameless (US);Ian Gallagher/Mickey Milkovich;Ian Gallagher, Mickey Milkovich;Schmoop, Cuddling & Snuggling, Oh Dear, Sexual Content, and nothing bad ever happened, Canon divergent;English;2014-05-23;Completed;2014-05-23;3279;1/1;36;995;175;9593
752017;The Interrupters;Mature;M/M;Shameless (US), Shameless (TV);Ian Gallagher/Mickey Milkovich;Fiona Gallagher, Ian Gallagher, Mickey Milkovich;Sibling Bonding, Military, Mild Language;English;2013-04-07;Completed;2013-04-07;1878;1/1;19;993;59;9632
1678067;there's a possibility (i wouldn't know);Not Rated;M/M;Shameless (US);Ian Gallagher/Mickey Milkovich, Fiona Gallagher & Ian Gallagher;Ian Gallagher, Fiona Gallagher, Mickey Milkovich;Fluff, Breakfast;English;2014-05-20;Completed;2014-05-20;1057;1/1;26;991;59;9972
381546;these bones are mere accessories;Teen And Up Audiences;M/M;Shameless (US);Ian Gallagher/Mickey Milkovich;Mickey Milkovich, Ian Gallagher, Mandy Milkovich;;English;2012-04-12;Completed;2012-04-12;14085;1/1;32;991;136;18513
1933395;First Impressions;Mature;F/M, M/M;Shameless (US);Ian Gallagher/Mickey Milkovich, Fiona Gallagher/Jimmy Lishman;Ian Gallagher, Mickey Milkovich, Fiona Gallagher, Jimmy Lishman, Frank Gallagher, Lip Gallagher, Debbie Gallagher, Carl Gallagher, Robbie Pratt, Sammi Gallagher, Mandy Milkovich;modern day pride and prejudice au, i have no idea if this works, but the idea wouldn't leave me alone, mickey is darcy, ian is lizzie, this is probably total garbage ok;English;2014-07-10;Completed;2015-07-11;59650;14/14;207;985;139;15017
5640568;Eight Years Is A Long Time (Ten Years Is Longer);Not Rated;M/M;Shameless (US), Shameless (US) RPF;Ian Gallagher/Mickey Milkovich;Ian Gallagher, Mickey Milkovich, Yevgeny Milkovich, Fiona Gallagher, Lip Gallagher, Mandy Milkovich, Svetlana Milkovich, Debbie Gallagher, Carl Gallagher, Liam Gallagher (Shameless US);Domestic, Season/Series 06, Domestic Ian Gallagher/Mickey Milkovich, Gallavich;English;2016-01-04;Completed;2016-03-10;66219;30/30;271;984;130;22440
259092;you ought to look up more often;General Audiences;M/M;Shameless (US), Shameless (TV);Ian Gallagher/Mickey Milkovich;;;English;2011-09-30;Completed;2011-09-30;5992;1/1;37;984;177;13669
3144227;Total Frat Move;Explicit;M/M;Shameless (US);Ian Gallagher/Mickey Milkovich;Ian Gallagher, Mickey Milkovich, Lip Gallagher, Fiona Gallagher;Alternate Universe - College/University, Road Trip, Internalized Homophobia, Frats and Bros, Gas Station Sex, handjobs;English;2015-01-08;Completed;2015-01-08;11752;1/1;47;983;144;10240
1557191;of exams, secrets, and a thug who looks unexpectedly hot in glasses;Not Rated;M/M;Shameless (US);Ian Gallagher/Mickey Milkovich;Mickey Milkovich, Ian Gallagher, Lip Gallagher, Fiona Gallagher, Debbie Gallagher, Carl Gallagher, Kevin Ball;GED - Freeform, Studying;English;2014-05-03;Completed;2014-05-03;2879;1/1;29;983;90;8535
975365;a/s/l;Explicit;M/M;Shameless (US);Ian Gallagher/Mickey Milkovich, Ian Gallagher/Kash Karib;Ian Gallagher, Mickey Milkovich, Mandy Milkovich, Lip Gallagher, Karen Jackson, Kash Karib;;English;2013-09-21;Completed;2013-10-03;16424;9/9;113;982;197;14363
817462;Against the Stream;Teen And Up Audiences;M/M;Shameless (US);Ian Gallagher/Mickey Milkovich;Ian Gallagher, Mickey Milkovich, Mandy Milkovich;Alternate Universe, Soulmates;English;2013-05-25;Completed;2013-05-25;3937;1/1;20;982;123;12756
1968969;Over My Dead Body;Mature;M/M;Shameless (US);Ian Gallagher/Mickey Milkovich;Ian Gallagher, Mickey Milkovich, Lip Gallagher, Fiona Gallagher, Milkovich Crew, Kev Ball, Veronica Fisher, Mandy Milkovich, Iggy Milkovich;Alternate Universe - Zombie Apocalypse, Gallavich, Smut, Fluff, Zombie Violence, Hurt/Comfort, Anal Sex, Rimming, Oral Sex, Angst, Established Relationship;English;2014-07-16;Completed;2014-08-02;61728;15/15;192;978;182;13758
5701048;Our Stubborn Love;Mature;M/M;Shameless (US);Ian Gallagher/Mickey Milkovich;Ian Gallagher, Mickey Milkovich, Lip Gallagher, Debbie Gallagher, Fiona Gallagher, Carl Gallagher, Frank Gallagher, Mandy Milkovich, Svetlana Milkovich, Yevgeny Milkovich, Sean (Shameless US), Iggy Milkovich, Monica Gallagher, Liam Gallagher (Shameless US), Kev Ball, Veronica Fisher;Post-6x01, Getting Back Together, Family Drama, Slow Burn, multiple POVs, Referenced Suicide Attempt, Protective Siblings, Sexual Content;English;2016-01-12;Completed;2016-07-10;186215;22/22;233;976;141;17641
1772092;Pomp and Circumstance;Teen And Up Audiences;M/M;Shameless (US);Ian Gallagher/Mickey Milkovich;Ian Gallagher, Mickey Milkovich, Fiona Gallagher, Carl Gallagher, Debbie Gallagher, Frank Gallagher, Lip Gallagher, Mandy Milkovich, Kev Ball;Family, Milestones, Future Fic, Celebrations, Drinking;English;2014-06-12;Completed;2014-06-12;5523;1/1;61;972;43;9613
2562866;Beer & Candy;Explicit;M/M;Shameless (US);Ian Gallagher/Mickey Milkovich;Ian Gallagher, Mickey Milkovich;Alternate Universe - Canon Divergence, Alternate Canon, 3x06 didn't happen;English;2014-11-04;Completed;2014-11-04;3888;1/1;34;971;101;6744
1433692;Exhale;Mature;M/M;Shameless (US);Ian Gallagher/Mickey Milkovich;Ian Gallagher, Mickey Milkovich, Fiona Gallagher;Fiona PoV;English;2014-04-08;Completed;2014-04-08;995;1/1;22;969;79;7103
2837984;Maybe You'll Be Heard;General Audiences;M/M;Shameless (US);Ian Gallagher/Mickey Milkovich;Ian Gallagher, Mickey Milkovich;AU, Speech Disorders, High School, Bullying, Smoking, Stuttering;English;2014-12-24;Completed;2015-02-19;3941;3/3;70;968;93;8789
1398436;we're on fire now;Teen And Up Audiences;M/M;Shameless (US);Ian Gallagher/Mickey Milkovich, Ian Gallagher/OMC;Mandy Milkovich, Mickey Milkovich, Ian Gallagher, Original Male Character(s), Kev Ball;Future Fic, (like season 5 not too far in the future), Jealousy, Angst, don't worry it's happy though, rape mention, Suicide mention, (suicide mention is extremely brief but i figure better safe than sorry);English;2014-04-01;Completed;2014-04-01;4653;1/1;19;964;134;10801
1670273;your name like a song I sing to myself;Teen And Up Audiences;;Shameless (US);Ian Gallagher/Mickey Milkovich, Mandy Milkovich/Svetlana Milkovich;Ian Gallagher, Mickey Milkovich, Mandy Milkovich, Svetlana Milkovich;Alternate Universe - Rock Band, Internalized Homophobia, Bipolar Disorder, cissexist views about sex, Past Abuse, (all the content the show contains, Basically;English;2014-05-22;Completed;2014-09-27;81720;21/21;230;963;271;24280
702261;7 Simple Rules;Teen And Up Audiences;M/M;Shameless (US);Ian Gallagher/Mickey Milkovich;Ian Gallagher, Mickey Milkovich, Mandy Milkovich, Lip Gallagher;;English;2013-02-27;Completed;2013-04-10;7178;7/7;39;963;118;13207
762008;Through the Night;Teen And Up Audiences;Gen, M/M;Shameless (US), Shameless (TV);Ian Gallagher/Mickey Milkovich, Lip Gallagher/Mandy Milkovich;Ian Gallagher, Mickey Milkovich, Lip Gallagher, Mandy Milkovich, Fiona Gallagher, Debbie Gallagher, Carl Gallagher;Shameless;English;2013-04-15;Completed;2013-05-10;32002;24/24;107;962;124;18842
1355749;In Need of Assistance;Mature;M/M;Shameless (US);Ian Gallagher/Mickey Milkovich;Ian Gallagher, Mickey Milkovich, Mandy Milkovich, Lip Gallagher;Alternate Universe, Mickey has blond hair, and he's got money, mandy's still mandy pretty much, things are getting flirty, i think i should put this under sexual content, just for the next chapter, wasn't expecting this to happen, Smut, i just added that, it's bad though;English;2014-03-23;Completed;2014-05-31;49044;14/14;102;957;116;18425
3710863;Zero Hundred Hours;Explicit;M/M, F/M;Shameless (US), gallavich - Fandom;Ian Gallagher/Mickey Milkovich, Mandy Milkovich/Mickey Milkovich, Ian Gallagher/Mandy Milkovich, Ian Gallagher & Lip Gallagher, Fiona Gallagher/Ian Gallagher, Fiona Gallagher/Mickey Milkovich;Ian Gallagher, Mickey Milkovich, Mandy Milkovich, Lip Gallagher, Fiona Gallagher, Liam Gallagher (Shameless US), Frank Gallagher, Debbie Gallagher;Post-Season/Series 05 Finale, Angst, Heartache, True Love, Against the Odds, Shameless, Shameless Season 6, Gallavich Week, Gallavich, Sad Mickey, Jealous Ian Gallagher, Coma, Heartbreak, Shameless Smut, POV Mickey, Broken Mickey, Protective Mickey Milkovich, Bipolar Ian, Bipolar Disorder, Ian Gallagher and Mandy Milkovich are Best Friends, Character Death, Chicago (City), Long-Distance Relationship, Eventual Happy Ending;English;2015-04-09;Completed;2015-05-30;56190;34/34;869;956;103;15327
4328613;The Luck You Got;Mature;;Shameless - Fandom;Ian Gallagher/Mickey Milkovich, Lip Gallagher/Amanda, Kevin Ball/Veronica Fisher;Fiona Gallagher, Lip Gallagher, Ian Gallagher, Debbie Gallagher, Carl Gallagher, Liam Gallagher, Mickey Milkovich, Mandy Milkovich, Svetlana Milkovich, Yevgeny Milkovich, Veronica Fisher, Kevin Ball, Sheila Jackson;Canon Rewrite;English;2015-07-13;Completed;2015-09-27;167466;12/12;1030;955;236;19370
1295839;Fill in the gaps;Not Rated;M/M;Shameless (US);Ian Gallagher/Mickey Milkovich;Ian Gallagher, Mickey Milkovich, Lip Gallagher, Debbie Gallagher, Mandy Milkovich, Carl Gallagher;spoilers from 4x08 on;English;2014-03-10;Updated;2014-04-24;20280;27/?;90;954;77;20908
1932027;Benchpressed;Mature;M/M;Shameless (US);Ian Gallagher/Mickey Milkovich, Mickey Milkovich/Original Male Character(s);Ian Gallagher, Mickey Milkovich, Mandy Milkovich, Fiona Gallagher, Original Male Character(s);Alternate Universe, Pining, Sexual Content, Gym AU, Unresolved Sexual Tension, Romance, Sexual Frustration, crushing from afar, Slow Burn;English;2014-07-10;Updated;2015-05-31;31414;8/?;205;951;144;14331
1920105;Our Fate Is Red;Explicit;M/M;Shameless (US);Ian Gallagher/Mickey Milkovich;Ian Gallagher, Mickey Milkovich;Alternate Universe - Soulmates, Red String of Fate, Explicit Sexual Content, Minor Violence, Possible self harm trigger warning, soulmate!AU, Alternate Universe - High School, A.U.gust, Implied/Referenced Rape/Non-con, Homophobic Language, Locker Room Sex, Child Abuse, Sexual Abuse, Classroom Sex;English;2014-07-08;Completed;2014-11-27;23334;13/13;163;946;157;14117
4155825;Friends;Explicit;M/M;Shameless (US);Ian Gallagher/Mickey Milkovich, Ian Gallagher & Mickey Milkovich, Ian Gallagher/Mandy Milkovich, Ian Gallagher & Lip Gallagher, Ian Gallagher/Kash Karib, Fiona Gallagher/Ian Gallagher, Debbie Gallagher & Ian Gallagher, Carl Gallagher/Ian Gallagher, Mickey Milkovich/Terry Milkovich;Ian Gallagher, Mickey Milkovich, Fiona Gallagher, Lip Gallagher, Mandy Milkovich, Frank Gallagher, Monica Gallagher, Debbie Gallagher, Carl Gallagher, Liam Gallagher (Shameless US), Terry Milkovich;Childhood Friends, Alternate Universe - Canon Divergence, I'm not sure yet, Fluff and Angst, Smut, there will be smut, there is always smut, Homophobic Language, Internalized Homophobia, Male Homosexuality, Little Ian, Little Mickey, Self-Harm, Suicide Attempt, Bipolar Ian, Eating Disorder Not Otherwise Specified, Body Image;English;2015-06-18;Updated;2016-10-30;198421;30/?;577;934;142;21421
5208980;Is There Somewhere;Explicit;M/M;Shameless (US);Ian Gallagher/Mickey Milkovich;Ian Gallagher, Mickey Milkovich, Sully (Shameless US), Karen Jackson, Mandy Milkovich, Mama Milkovich, Lip Gallagher;Shameless Big Bang, Alternate Universe - Soulmates, Alternate Universe, Soulmates, Soulmates AU, Explicit Language, Explicit Sexual Content, mute ian;English;2015-12-01;Completed;2015-12-01;48887;1/1;139;923;203;9296
1683806;i close my eyes and wait for the echo;Not Rated;M/M;Shameless (US);Ian Gallagher/Mickey Milkovich;Mickey Milkovich, Fiona Gallagher, Lip Gallagher, Amanda (Shameless US), Debbie Gallagher, Carl Gallagher, Liam Gallagher (Shameless US), Frank Gallagher, Ian Gallagher;Families of Choice, Fluff, 5+1 Fic;English;2014-05-21;Completed;2014-05-21;2751;1/1;26;889;142;9302
683337;Four times Lip almost calls the police (and one time he didn't have to);Teen And Up Audiences;Gen, M/M;Shameless (US);Ian Gallagher/Mickey Milkovich, Ian Gallagher/Kash Karib, Ian/Lloyd;Ian Gallagher, Lip Gallagher, Mickey Milkovich, Kash Karib, Lloyd Lishman, Frank Gallagher;Ian sleeps with everyone he shouldn't, Lip is an awesome brother, except when he's not, Child Abuse, Non-Graphic Violence, Protective!Mickey, Protective!Lip, Ian is tired of everyone, Mild Language;English;2013-02-14;Completed;2013-02-14;1686;1/1;8;850;108;10134
585752;Small Talk;Mature;M/M;Shameless (US);Ian Gallagher/Mickey Milkovich;Ian Gallagher, Mickey Milkovich, Fiona Gallagher, Jimmy Lishman, Debbie Gallagher, Carl Gallagher, Lip Gallagher;Meet the Family, Family Dinner, Mentions of cock and coming but no graphic sex scenes, Angst/Fluff;English;2012-12-07;Completed;2012-12-07;6093;1/1;10;833;133;13239
500686;taking something (even when you know you don't need it);Mature;M/M;Shameless (US);Ian Gallagher/Mickey Milkovich;Ian Gallagher, Mickey Milkovich;;English;2012-08-31;Completed;2012-08-31;1548;1/1;7;832;79;12164
2062152;Out of his league;Explicit;M/M;Shameless (US);Ian Gallagher/Mickey Milkovich;Mandy Milkovich, Original Characters;Alternate Universe - High School, Jealous Mickey, Shotgunning, Drinking, Softdrugs, Sibling Bonding, Sexual Content, Violence, Bullying, Underage Drinking, Frottage, Blow Jobs, Hand Jobs, Prom, Anal Sex;English;2014-08-01;Completed;2014-12-01;47369;19/19;263;821;101;21418
715209;Amnesia;Mature;M/M;Shameless (US);Ian Gallagher/Mickey Milkovich, Lip Gallagher/Mandy Milkovich;Ian Gallagher, Mickey Milkovich, Mandy Milkovich, Lip Gallagher;Amnesia, some violence, obviously;English;2013-03-10;Completed;2013-03-10;25372;15/15;32;820;143;9296
1601318;On your wrist;Explicit;M/M;Shameless (US);Ian Gallagher/Mickey Milkovich, Ian Gallagher/OMC (brief), Lip Gallagher/Mandy Milkovich;Ian Gallagher, Mickey Milkovich, Mandy Milkovich, Lip Gallagher, Fiona Gallagher, Debbie Gallagher, Carl Gallagher, Jimmy Lishman, stevejimmyjack who the fuck knows, Liam Gallagher;Recreational Drug Use, Alternate Universe, Sexual Content, a disturbing amount of bad puns, Shotgunning, mentions/discussions of Bipolar disorder, No dude I mean like a disturbing amount of bad puns..., Panic Attacks, Anal Sex;English;2014-05-11;Updated;2016-09-14;38491;12/?;241;811;113;13879
1302076;The Iron Linda;Teen And Up Audiences;M/M;Shameless (US);Ian Gallagher/Mickey Milkovich;Mickey Milkovich, Ian Gallagher, Linda Karib;Mild Sexual Content, Slice of Life, Horny Teenagers;English;2014-03-12;Completed;2014-03-12;2102;1/1;29;784;38;11037
4278936;Two of Your Earth Minutes;Explicit;M/M;Shameless (US);Ian Gallagher/Mickey Milkovich;;Alien Character(s), Alien Cultural Differences, Mind Sex, Hand Jobs, Alien Ian, Anal Sex, Anal Fingering, Internalized Homophobia, Embarrassment, Misunderstandings, First Time, AU, Domestic Fluff, Ian's in human form, In case you were worried about that;English;2015-07-11;Completed;2015-08-20;12393;2/2;84;784;129;6124
3718252;Ransom;Mature;M/M;Shameless (US);Ian Gallagher/Mickey Milkovich;Ian Gallagher, Mickey Milkovich, Iggy Milkovich, Colin Milkovich, Terry Milkovich, Lip Gallagher, Fiona Gallagher, Debbie Gallagher, Mandy Milkovich, Carl Gallagher, Kash Karib, Clayton Gallagher, Frank Gallagher, Linda Karib, Kev Ball;Slow Burn, Kidnapping, Crimes & Criminals, Angst, Smut, Fluff, Falling In Love, Jealous Mickey Milkovich, First Time Bottoming, Rimming, Anal Sex, Slurs, Violence, Implied/Referenced Sexual Assault, Protective Mickey Milkovich, Drug Use, Blow Jobs, AU, Mildly Dubious Consent, Internalized Homophobia, Swearing, Gun Violence, Sharing a Bed;English;2015-04-10;Completed;2015-04-24;109757;40/40;173;781;177;13464
3713362;Stuck at Three for Days;Explicit;M/M;Shameless (US);Ian Gallagher/Mickey Milkovich;;Alternate Universe, Tumblr Prompt;English;2015-04-10;Completed;2015-04-10;5322;1/1;41;773;76;7257
3802408;Heartstrings;Mature;M/M, F/M;Shameless (US);Ian Gallagher/Mickey Milkovich, Ian Gallagher & Mandy Milkovich, Mandy Milkovich/Original Male Character;Ian Gallagher, Mickey Milkovich, Mandy Milkovich, Fiona Gallagher, Lip Gallagher, Carl Gallagher, Iggy Milkovich, Svetlana Milkovich;Fluff and Angst, Abuse, Alternate Universe - High School, Slow Burn, Alternate Universe - College/University, Emotional Hurt/Comfort, Underage Drinking, Underage Substance Use, Violence, Underage Prostitution, Bipolar Disorder, Original Character(s), Alcohol Abuse/Alcoholism, Pining, Homophobia;English;2015-04-22;Completed;2015-07-01;144214;42/42;703;770;121;20062
1932609;Private (School) Parts;Explicit;M/M;Shameless (US);Ian Gallagher/Mickey Milkovich;Fiona Gallagher, Debbie Gallagher, Lip Gallagher, Mandy Milkovich, Ian Gallagher, Mickey Milkovich, Svetlana Milkovich;Private School AU, Boarding School AU, Smoking, Marijuana, UST, Sexual Tension, Internalized Homophobia, Masturbation, showering, Alternate Universe, wealthy! ian, Concert, Dancing;English;2014-07-10;Completed;2014-07-30;27313;12/12;140;769;111;14184
3268073;blood cells pixelate and eyes dilate;Explicit;F/F, M/M;Shameless (US);Ian Gallagher/Mickey Milkovich, Minor or Background Relationship(s);Ian Gallagher, Mickey Milkovich, Karen Jackson, Mandy Milkovich;Alternate Universe - College/University, Fuckbuddies, Friends to Lovers, Light Angst, Indirect Mentions of Bipolar Disorder, Pining, Karen/Mandy background;English;2015-02-01;Completed;2015-02-01;4159;1/1;51;768;121;5162
4009498;Boy Without A Face;Not Rated;M/M;Shameless (US);Ian Gallagher/Mickey Milkovich, Ian Gallagher & Lip Gallagher, Ian Gallagher & Mandy Milkovich, Mandy Milkovich & Mickey Milkovich;Ian Gallagher, Mickey Milkovich, Lip Gallagher, Original Characters, Terry Milkovich, Mandy Milkovich, Iggy Milkovich, Colin Milkovich;Alternate Universe - College/University, Slow Burn, Sexual Tension, Art Student Mickey, English Major Ian, Pining, past and present abuse, Sexual Content, Eventual Smut, Eventual Happy Ending;English;2015-05-25;Completed;2015-06-15;32349;10/10;95;766;99;8748
2731616;if you love me, won't you let me know?;Not Rated;M/M;Shameless (US);Ian Gallagher/Mickey Milkovich;Ian Gallagher, Mickey Milkovich, Karen Jackson, Svetlana (briefly);Alternate Universe - College/University, Artist Mickey, Some Fluff, Boyfriends;English;2014-12-07;Completed;2014-12-07;15518;2/2;61;765;145;7096
1765210;Semi Charmed Life;Mature;M/M, Multi;Shameless (US);Ian Gallagher/Mickey Milkovich, Lip Gallagher/Mandy Milkovich, Mickey Milkovich/Svetlana Milkovich, Mandy Milkovich/Mickey Milkovich;Ian Gallagher, Mickey Milkovich, Svetlana Milkovich, Mandy Milkovich, Fiona Gallagher, Lip Gallagher, Terry Milkovich, Iggy Milkovich, Yevgeny Milkovich;Mentions of Sexual Assault, physical violence, Not Politically Correct, domestic gallavich, post 4x12, Bipolar Disorder, Past Domestic Violence, Sexual Content, Angst and Humor, Alcohol, Recreational Drug Use, All the swears, Romance;English;2014-06-10;Completed;2014-12-04;115424;25/25;615;762;158;22339
1655876;Written In The Stars;Explicit;M/M;Shameless (US);Ian Gallagher/Mickey Milkovich;Ian Gallagher, Mickey Milkovich;Shameless Big Bang 2014;English;2014-05-19;Completed;2014-06-13;32233;38/38;94;759;77;14209
2350502;the rule of thumb don't apply anymore;Explicit;M/M;Shameless (US);Mickey Milkovich & Yevgeny MIlkovich, Ian Gallagher/Mickey Milkovich;Mickey Milkovich, Yevgeny Milkovich, Ian Gallagher, Mandy Milkovich, Svetlana Milkovich, Debbie Gallagher, Liam Gallagher (Shameless US), Carl Gallagher, Fiona Gallagher, Lip Gallagher;Tumblr: otpprompts, Character Study, Father-Son Relationship, Coming Out, Explicit Language, Homophobic Language, Ableist Language, Bipolar Disorder, Alternate Universe, Kid Fic, Families of Choice, Slow Burn;English;2014-09-23;Completed;2014-09-26;25412;2/2;26;758;121;9203
3347519;Total Frat Move: Part Deux;Explicit;M/M;Shameless (US);Ian Gallagher/Mickey Milkovich;Ian Gallagher, Mickey Milkovich, Lip Gallagher, Joey Milkovich, Amanda (Shameless US);fraternities, Homophobia;English;2015-02-13;Completed;2015-02-13;10717;1/1;38;754;57;6814
3679713;Visions of Us;Explicit;M/M;Shameless (US);Ian Gallagher/Mickey Milkovich;Ian Gallagher, Mickey Milkovich;Roleplay, Explicit Sexual Content, Healthcare, Fluff;English;2015-04-04;Completed;2015-04-04;4342;1/1;79;750;28;6932
2486054;Denial, Revisited.;Explicit;M/M;Shameless (US);Mickey Milkovich/Original Characters, Ian Gallagher/Original Male Character, Ian Gallagher/Mickey Milkovich, Mandy Milkovich/Original Male Character;Mickey Milkovich, Ian Gallagher, Mandy Milkovich, Original Male Character(s);Alternate Universe, Apartment AU, mention of rape, Mention of Death, ((but it's barely there)), Sexual Content, Slow Burn, mentions of bipolar disorder, mention of suicide, Mention of abuse, Recreational Drug Use;English;2014-10-20;Completed;2015-06-30;144472;21/21;348;736;140;19827
5109071;La Vie En Rose;Explicit;F/F, M/M, F/M;Shameless (US);Ian Gallagher/Mickey Milkovich, Mandy Milkovich/Svetlana Milkovich, Yevgeny Milkovich/Charlie (OFC), Brian Cabrera Milkovich (OMC)/Cole (OMC);Ian Gallagher, Mickey Milkovich, Mandy Milkovich, Svetlana Milkovich, Fiona Gallagher, Lip Gallagher, Debbie Gallagher, Carl Gallagher, Yevgeny Milkovich, Briana Cabrera Milkovich (OFC), Brian Cabrera Milkovich (OMC), Nina Cabrera (OFC);post 5x12, Future Fic, Daddy!Mickey, Angst, Pining, Slow Burn, Masturbation, Crying, Flashbacks, Texting, Phone Calls, Smut, Coming Untouched, Blow Jobs, Riding, Bipolar Disorder, Phone Sex, Shooting, Loss of a limb - Freeform, Christmas, Family Reunions, Hot Tub Sex, Fluff, PDA, Rimming, Making Love, Gift Giving, bottom!Ian, breaking up, Getting Back Together, proposal, face riding, domestic!Gallavich, Shower Sex, jealous!Mickey, self abuse, Fisting, Marking, Drugs;English;2015-10-30;Completed;2016-04-22;270713;50/50;615;729;97;26311
4711109;story in the fog;Explicit;M/M;Shameless (US);Ian Gallagher/Mickey Milkovich;Ian Gallagher, Mickey Milkovich, Mandy Milkovich, Lip Gallagher, Fiona Gallagher, Karen Jackson, Debbie Gallagher, Carl Gallagher, Sully (Shameless US);Alternate Universe - Hogwarts, Alternate Universe, Alternate Universe - Magic, Fake/Pretend Relationship, Fake Dating, Slow Burn, Implied/Referenced Child Abuse, Recreational Drug Use, Masturbation, Semi-Public Sex, Explicit Sexual Content;English;2015-09-02;Completed;2016-06-13;145776;19/19;509;648;98;10517
1315360;Power Play;Mature;M/M;Shameless (US);Ian Gallagher/Mickey Milkovich;Ian Gallagher, Mickey Milkovich, Mandy Milkovich, Lip Gallagher, Original Female Character(s), Original Male Character(s);Angst with a Happy Ending, Violence, Mental Health Issues;English;2014-03-15;Completed;2014-03-15;6422;1/1;33;630;38;13612
6505633;The Casanova Catering Conflict;Explicit;M/M;Shameless (US);Ian Gallagher/Mickey Milkovich;Lip Gallagher, Original Characters, Mandy Milkovich, Iggy Milkovich, Colin Milkovich, Ned Lishman;Personal Chef! AU, Personal Chef Mickey, Model Ian, Blatant Flirting, Ian never has any chill, Slow-ish burn, Gratuitous Makeout Sesh, Impromptu Date Night, References to Abuse, Strong Homophobic Language, Slurs, violence/blood, Explicit Sexual Content;English;2016-04-19;Updated;2016-10-29;87750;13/?;426;630;64;8589
1558151;Crossing Over;Teen And Up Audiences;M/M;Shameless (US);Ian Gallagher/Mickey Milkovich;Ian Gallagher, Mickey Milkovich;Happy Ending, Humor, Angst with a Happy Ending, Ghosts, Future Fic, Afterlife;English;2014-05-03;Completed;2014-05-03;1906;1/1;57;628;37;8232
757179;Not The Worst Thing;Teen And Up Audiences;F/M, M/M;Shameless (US);Ian Gallagher/Mickey Milkovich, Lip Gallagher/Mandy Milkovich;Fiona Gallagher, Ian Gallagher, Mickey Milkovich, Mandy Milkovich, Lip Gallagher, Frank Gallagher;Not canon-compliant, Prompt Fill;English;2013-04-11;Completed;2013-04-11;1577;1/1;15;614;103;9276
2182521;Lending Pencils;Teen And Up Audiences;M/M;Shameless (US);Ian Gallagher/Mickey Milkovich;Ian Gallagher, Mickey Milkovich;Alternate Universe, Alternate Universe - College/University;English;2014-08-22;Completed;2014-08-22;3184;1/1;29;609;81;5421
951306;Runaway;Mature;Gen, F/M, M/M;Shameless (US);Ian Gallagher/Mickey Milkovich, Lip Gallagher/Mandy Milkovich;Ian Gallagher, Fiona Gallagher, Lip Gallagher, Carl Gallagher, Debbie Gallagher, Mickey Milkovich, Mandy Milkovich, Clayton, Frank Gallagher;AU, Alternate Universe - Canon Divergence;English;2013-09-02;Completed;2013-09-17;30431;20/20;129;600;156;12631
4856489;None the wiser;Teen And Up Audiences;M/M;Shameless (US);Ian Gallagher/Mickey Milkovich;Mickey Milkovich, Ian Gallagher, Yevgeny Milkovich, Svetlana Milkovich, Original Characters, Iggy Milkovich, Mandy Milkovich, Lip Gallagher;;English;2015-09-23;Updated;2016-10-10;108745;33/60;630;595;93;13161
1001825;i love you all the time, except when you are mine;Mature;M/M;Shameless (US);Ian Gallagher/Mickey Milkovich;Ian Gallagher, Mickey Milkovich, Mandy Milkovich;;English;2013-10-12;Completed;2013-10-12;4455;1/1;35;591;135;6918
1609550;He Did Say He Liked Them Sweet;Teen And Up Audiences;M/M;Shameless (US);Ian Gallagher/Mickey Milkovich;Ian Gallagher, Mickey Milkovich, Fiona Gallagher, Lip Gallagher, Debbie Gallagher, Carl Gallagher, Liam Gallagher, Kev Ball, Veronica Fisher, Frank Gallagher, Jimmy Lishman;Gallavich, Drunk Ian, mickey takes care of ian, cuteness, Fluff;English;2014-05-13;Completed;2014-05-13;1818;1/1;14;591;68;9395
892798;Freedom;Explicit;M/M;Shameless (US);Ian Gallagher/Mickey Milkovich;Ian Gallagher, Mickey Milkovich, Mandy Milkovich, Fiona Gallagher, Debbie Gallagher, Carl Gallagher, Linda Karib;Alpha/Beta/Omega Dynamics, Alpha! Ian, Omega! Mickey, Gratuitous Smut, Angst;English;2013-07-21;Completed;2013-07-24;7205;5/5;32;590;101;10654
5818036;Seconds;Explicit;Gen, M/M;Shameless (US);Mickey Milkovich/Jackson Young (OMC);Mickey Milkovich, Svetlana Milkovich, Yevgeny Milkovich, Kev Ball, Veronica Fisher, Original Characters, Lip Gallagher, Ian Gallagher, Mandy Milkovich;Post-Prison, nine years post 6x01, Tattoos, some angst/sadness, Slow Burn (probably), First Dates, Closure, Sexual Content, Fluff;English;2016-01-25;Updated;2016-10-05;74889;15/?;279;588;78;9550
6685828;The New Year;Mature;;Shameless - Fandom;Ian Gallagher & Mickey Milkovich, Mickey Milkovich/Original Male Character(s), Ian Gallagher/Original Male Character(s), Ian Gallagher/Mickey Milkovich;Ian Gallagher, Mickey Milkovich, Lip Gallagher, Carl Gallagher, Fiona Gallagher, Svetlana Milkovich, Yevgeny Milkovich;Post Season Six, Future Fic, Canon divergent;English;2016-04-28;Completed;2016-06-24;75532;20/20;400;584;70;7887
3633036;The Sum of All Its Factors;Not Rated;M/M;Shameless (US);Ian Gallagher/Mickey Milkovich;Ian Gallagher, Mickey Milkovich, Original Characters;Alternate Universe, Alternate Universe - Teachers, High School Teachers, Secret Relationship, Gossip, Fluff, Humor;English;2015-03-28;Completed;2015-03-28;4406;1/1;17;573;78;4534
1567901;dirty rolled up sweatpants never meant so much;Not Rated;M/M;Shameless (US);Ian Gallagher/Mickey Milkovich;Ian Gallagher, Mickey Milkovich, Mandy Milkovich;Mentions of Canon Rape, Sharing Clothes, cute boyfriends;English;2014-05-05;Completed;2014-05-05;1658;1/1;6;572;56;8169
1219810;The Ballad of Poor Callum Scott;Teen And Up Audiences;M/M;Shameless (US);Ian Gallagher/Mickey Milkovich, Ian Gallagher/Original Male Character;Ian Gallagher, Mickey Milkovich, Mandy Milkovich, Fiona Gallagher, Lip Gallagher, Debbie Gallagher, Carl Gallagher, Kev Ball, Veronica Fisher, Original Male Character(s);Jealousy;English;2014-02-22;Completed;2014-02-22;2557;1/1;44;571;84;8325
4441961;Lego House;Mature;F/M, M/M;Shameless (US);Ian Gallagher/Mickey Milkovich, Ian Gallagher & Mickey Milkovich, Fiona Gallagher & Ian Gallagher, Ian Gallagher & Lip Gallagher, Mickey Milkovich & Yevgeny MIlkovich, Ian Gallagher & Mickey Milkovich & Yevgeny Milkovich, Ian Gallagher & Yevgeny Milkovich;Ian Gallagher, Mickey Milkovich, Fiona Gallagher, Lip Gallagher, Original Female Character(s), Yevgeny Milkovich;Bipolar Ian, Bipolar Disorder, Explicit Language, Smut, Fluff, Angst, Dry Humping, different social classes, Rich Ian;English;2015-07-28;Completed;2015-07-28;38667;1/1;55;570;91;6479
1283422;Not-so-silent Treatment;Teen And Up Audiences;M/M;Shameless (US);Ian Gallagher/Mickey Milkovich;Ian Gallagher, Mickey Milkovich;mild violence, Suspicions, Happy Ending, Slice of Life;English;2014-03-08;Completed;2014-03-08;1510;1/1;6;570;26;12570
1409419;notes on the many different kinds of monsters, and the knights who fight them off;Not Rated;M/M;Shameless (US);Ian Gallagher/Mickey Milkovich, Mickey Milkovich & Fiona Gallagher, Mickey Milkovich & Liam Gallagher;Mickey Milkovich, Fiona Gallagher, Liam Gallagher, Ian Gallagher;Nightmares, Comforting Mickey, 3am Coffee;English;2014-04-03;Completed;2014-04-03;1982;1/1;35;569;86;5927
3485882;Whatever Our Souls are made Of;Explicit;M/M;Shameless (US);Ian Gallagher/Mickey Milkovich;Ian Gallagher, Mickey Milkovich, Mandy Milkovich, Fiona Gallagher, Debbie Gallagher, Carl Gallagher;Smut, Angst, Alternate Universe - Soulmates, Alcohol, Drugs, Frottage;English;2015-03-05;Completed;2015-03-05;7546;1/1;33;566;128;7128
2078466;Brown Sugar;Teen And Up Audiences;M/M;Shameless (US);Ian Gallagher/Mickey Milkovich, Ian Gallagher & Mickey Milkovich, Ian Gallagher & Lip Gallagher, Ian Gallagher & Mandy Milkovich;Ian Gallagher, Mickey Milkovich, Mandy Milkovich;Gallavich, AU, sober companion, Drug Use, Drug Addiction, Drug Abuse, References to Drugs, Rehabilitation, A.U.gust;English;2014-08-10;Completed;2014-08-29;34687;9/9;116;562;64;8165
2452541;Alleys Are the New Closets;Teen And Up Audiences;M/M;Shameless (US);Ian Gallagher/Mickey Milkovich;Mickey Milkovich, Ian Gallagher;Alternate Universe, Alternate Universe - Coffee Shops & Cafs, Coffee Shops, Denial of Feelings, Confrontations;English;2014-10-14;Completed;2014-10-14;1706;1/1;28;560;20;4281
1599668;so collect your scars and wear them well;General Audiences;M/M;Shameless (US);Ian Gallagher/Mickey Milkovich;Ian Gallagher, Mickey Milkovich, Lip Gallagher, Carl Gallagher, Amanda;;English;2014-05-11;Completed;2014-05-11;3225;1/1;28;560;106;null
4371035;No matter what the circumstances;Explicit;M/M, Gen, F/M;Shameless (US), Shameless - Fandom;Ian Gallagher/Mickey Milkovich, Ian Gallagher & Mandy Milkovich, Ian Gallagher/Kash Karib, Carl Gallagher/Original Female Character(s), Fiona Gallagher/Original Male Character, Ian Gallagher/Original Character(s);Ian Gallagher, Mickey Milkovich, Mandy Milkovich, Kash Karib, The whole Gallagher family, The Milkoviches, OMC like Alan, OFC like Lydia, Angie Zago, Fucking Ned, Svetlana;Alternate Universe - College/University, rich!ian, rich!Mickey, Bipolar Disorder, frat boy Mickey, Sexual Content, Ian's POV (for the most part), Christmas, slow burn? kind of?, not for the sex tho, that's right from the start, Pining, Jealousy, Car Accident, deeply closeted Mickey, tw: racial slurs etc, they're rich so they can go on vacation wherever they want, Rowing, Angst;English;2015-07-18;Completed;2015-12-30;130968;32/32;400;559;71;14404
3312083;the little things give you away;Explicit;M/M;Shameless (US);Ian Gallagher/Mickey Milkovich, Ian Gallagher & Mandy Milkovich, Mandy Milkovich & Mickey Milkovich, All Three of Them as The Trio;Ian Gallagher, Mandy Milkovich, Mickey Milkovich;AU, I'm Not Sure How to Explain This, Or tag this;English;2015-02-08;Completed;2015-04-30;19328;2/2;111;558;125;5419
2615696;Like Fathers, Like Son (Yevgeny Milkovich Is A Horrible Criminal);Teen And Up Audiences;M/M;Shameless (US);Ian Gallagher/Mickey Milkovich;Yevgeny Milkovich;Homophobic Language;English;2014-11-14;Completed;2014-11-14;2043;1/1;23;554;97;5069
1339495;Go the f*** to sleep!;Mature;M/M;Shameless (US);Ian Gallagher/Mickey Milkovich;Mickey Milkovich, Ian Gallagher, Original Female Character(s);Sexual Content, Family Bonding, Uncles, Unresolved Sexual Tension, Future Fic;English;2014-03-19;Completed;2014-03-19;1750;1/1;22;549;14;10011
1775908;i can be your boyfriend (and you can pretend not to know me);Teen And Up Audiences;M/M;Shameless (US);Ian Gallagher/Mickey Milkovich, Ian Gallagher/Kash Karib, Ian Gallagher/Lloyd Lishman, Ian Gallagher/Roger Spikey;Ian Gallagher, Mickey Milkovich, Lloyd Lishman, Kash Karib, Monica Gallagher, Roger Spikey;Recreational Drug Use, Skeevy Sexual Encounters;English;2014-06-12;Completed;2014-06-12;4198;1/1;22;548;77;5866
5604898;Rhythm;Mature;M/M;Shameless (US);Ian Gallagher/Mickey Milkovich;Ian Gallagher, Mickey Milkovich;Angst with a Happy Ending, Established Relationship, Anal Sex, Kissing, Conflicted Mickey, Alternate Universe - Canon Divergence, Mpreg, Vomiting, Mentions of bipolar, Electrician Mickey, Carpenter Ian, Morning Sickness, Talk of Abortion, talk of miscarriage, Talk of adoption, Self Confidence Issues, Oral Sex, Bastardization of Human Biology, Mpreg Mickey, Rimming, Barebacking, Anal Fingering, accidental injury, Bleeding, graphic birth, cute baby, Daddy Mickey, daddy ian, baby schmoop, Frottage;English;2016-01-01;Completed;2016-10-01;146287;24/24;533;542;86;15359
1658333;right place, right time, maybe tonight;Not Rated;M/M;Shameless (US);Ian Gallagher/Mickey Milkovich;Ian Gallagher, Mickey Milkovich, Fiona Gallagher, Lip Gallagher, Carl Gallagher, Debbie Gallagher, Veronica Fisher, Kevin Ball, Mandy Milkovich, Svetlana Milkovich;Coitus Interruptus;English;2014-05-17;Completed;2014-05-17;2034;1/1;27;539;61;6994
671957;Whoever Said Jealousy Was A Sin Didn't Know The End Result;Explicit;M/M;Shameless (US);Ian Gallagher/Mickey Milkovich;Ian Gallagher, Mickey Milkovich;jealous!Ian;English;2013-02-05;Completed;2013-02-05;2985;1/1;22;538;84;13379
2282589;We Go Cruising, Entertain Ourselves;Teen And Up Audiences;M/M;Shameless (US);Ian Gallagher/Mickey Milkovich;Ian Gallagher, Mickey Milkovich;Alternate Universe;English;2014-09-10;Completed;2014-09-10;5740;1/1;25;535;58;3953
4826171;Save Me or Let Me Drown;Explicit;M/M;Sherlock (TV), Shameless (US);Sherlock Holmes/John Watson, Clara/Harry Watson, Irene Adler/Janine, Mycroft Holmes/Greg Lestrade;Sherlock Holmes, John Watson, Harry Watson, Greg Lestrade, Mycroft Holmes, The Holmes Family, Irene Adler, Janine (Sherlock), a horde of little watson siblings;Dysfunctional Family, Alcohol Abuse/Alcoholism, Recreational Drug Use, Angst, Humor, Kid Fic, i have two little brothers i know what the fuck kids get up to, this is literally a johnlock version of shameless I regret nothing, Explicit Sexual Content, Clubbing, Bipolar Disorder, Custody Battle, Sherlock Loves John, John Loves Sherlock, and sherlock loves all of john's siblings so much, Family Fluff, Smut, Handcuffs, Anal Sex, Rimming, Shower Sex, Come Shot, Angst with a Happy Ending, UPDATES ARE EVERY TWO WEEKS!;English;2015-09-19;Completed;2016-08-17;72986;16/16;329;534;136;9301
3711217;Late Night Phone Call;Mature;;Shameless (US);Ian Gallagher/Mickey Milkovich;Ian Gallagher, Mickey Milkovich, Fiona Gallagher, Debbie Gallagher, Lip Gallagher;post 5x12;English;2015-04-09;Completed;2015-04-30;10777;3/3;67;534;57;5073
1622330;All Along the Watchtower;Mature;M/M;Shameless (US);Ian Gallagher/Mickey Milkovich;Ian Gallagher, Mickey Milkovich;Alternate Universe, End of the World, but not super angsty, Gallavich - AU;English;2014-05-16;Completed;2014-06-03;16720;3/3;85;531;95;4537
4068019;Someday;Explicit;M/M;Shameless (US);Ian Gallagher/Mickey Milkovich;;Fluff, Explicit Sexual Content, Weddings, Future Fic;English;2015-06-03;Completed;2015-06-03;9509;1/1;39;529;78;5286
1397614;We Built Our Foundations On Sweat and Blood;Mature;M/M;Shameless (US);Ian Gallagher/Mickey Milkovich;Ian Gallagher, Mickey Milkovich;;English;2014-03-31;Completed;2014-03-31;1175;1/1;17;527;63;6504
1335067;Wonderwall;General Audiences;Gen, M/M;Shameless (US);Ian Gallagher/Mickey Milkovich, Mandy Milkovich & Mickey Milkovich;Ian Gallagher, Mickey Milkovich, Mandy Milkovich;Sibling Love, Sibling Bonding, Sick Milkoviches, Humor, Future Fic, Crack, Inspired by Music;English;2014-03-18;Completed;2014-03-18;1271;1/1;34;523;23;10511
1783342;On_Line;Explicit;M/M;Shameless (US);Ian Gallagher/Mickey Milkovich;Ian Gallagher, Mickey Milkovich, Roger Spikey, Mandy Milkovich, Sheila Jackson, Lip Gallagher, Karen Jackson;AU, Cybersex, Online Romance, Smut, A LOT of impending smut, Fluff, S&M, Kinky, Angst, Drug Use, Suicidal Thoughts;English;2014-06-14;Completed;2014-07-09;30008;17/17;132;520;80;11383
1446769;Soft;Not Rated;M/M;Shameless (US);Ian Gallagher/Mickey Milkovich, Carl Gallagher/Bonnie;Carl Gallagher, Ian Gallagher, Mickey Milkovich;;English;2014-04-11;Completed;2014-04-11;1575;1/1;12;515;69;5389
1542683;Ghetto Husbands;Teen And Up Audiences;Gen, F/M, M/M;Shameless (US);Ian Gallagher/Mickey Milkovich, Kevin Ball and Ian Gallagher, Kev Ball & Mickey Milkovich, Kev Ball/Veronica Fisher;Kevin Ball, Ian Gallagher, Mickey Milkovich, Yevgeny Milkovich;Kevin's POV, Ghetto Married, Fluff, Bipolar Disorder Mentioned;English;2014-04-29;Completed;2014-04-29;1334;1/1;9;514;73;6233
4934098;i'm constantly on the cusp (of trying to kiss you);Mature;M/M;Shameless (US);Ian Gallagher/Mickey Milkovich;Ian Gallagher, Mickey Milkovich;Canon Compliant, (mostly), Ian just really wants to kiss Mickey;English;2015-10-04;Completed;2015-10-04;6290;1/1;74;514;93;4525
5646778;A+ For Complications;Explicit;M/M;Shameless (US);Ian Gallagher/Mickey Milkovich;Ian Gallagher, Mickey Milkovich, Fiona Gallagher, Carl Gallagher, Debbie Gallagher, OMCs, OFCs, Mandy Milkovich, Terry Milkovich (Mentioned), Kash Karib, Ned Lishman;AU, Slurs, Language, Explicit Sexual Content, Kissing, Emotional Sex, Mentions of childhood abuse, I love you's, Fluff, Angst, Betrayal;English;2016-01-05;Completed;2016-08-06;96087;19/19;396;513;71;11977
5485250;On Ice;Explicit;M/M;Shameless (US);Ian Gallagher/Mickey Milkovich;Mickey Milkovich, Ian Gallagher, OMC, OFC;Olympics AU, Language, Sexual decriptions, Sexual Humor, Implied Sexuality, Violence - Hockey, Threats of Violence, Blood, Sexual Situations, Masturbation, Sexual Tension, face fucking, Rimming, Anal Sex, Kissing, Dry Humping, Slow Burn, Winter Olympics, Mentions of mental and physical abuse, Mentions of harmful situations, mentions of anxiety and depression, Mild depressive episodes, Panic attacks - mild, Ice Hockey - Mickey, Figure Skating - Ian, Boys In Love, Soft Boys;English;2015-12-21;Updated;2016-10-06;219730;22/23;634;511;84;13693
2666810;Keep Pushing Me (Away);Explicit;M/M, F/M;Shameless (US);Ian Gallagher/Mickey Milkovich, Lip Gallagher/Mandy Milkovich, Mickey Milkovich & Yevgeny MIlkovich, Ian Gallagher & Yevgeny Milkovich, Liam Gallagher & Yevgeny Milkovich, Liam Gallagher/Yevgeny Milkovich;Mickey Milkovich, Mandy Milkovich, Yevgeny Milkovich, Lip Gallagher, Kev Ball, Fiona Gallagher, Debbie Gallagher, Ian Gallagher, Original Female Character(s), Original Male Character(s), Jess (The Bartender);more tags will come as this progresses, cheating Ian, dad mickey, ooc, Ensemble Cast, Future Fic, Canon Compliant, after 4x12, Bipolar Ian, serial dater ian, mickey's annoying ex, mandy is awesome, there's just no debate about it, some violence, not that much, dead terry, dead svetlana, Christmas, Groceries, Sibling Love, parent love, Isolation, some smut, pining mickey, Domestic Mickey, Slightly - Freeform, Jealous Mickey, Jealous Ian, size queen mickey, Insecure Mickey, Sexual Discovery, lol, discovering the gay, such fun!, Domestic Ian, domestic gallavich, food is a big part of this fic, not much drugs, not much smokes, not much beer, just a little, Domestic Bliss, Family Dinners, Angst with a Happy Ending, SO MUCH FLUFF, Fluff, fluuuuuuuuuuuuuuuuuuuuuuuuuff, adult yev, friendship is important;English;2014-11-24;Completed;2014-12-31;59464;20/20;229;502;91;12094
2435372;Classified;Explicit;M/M;Shameless (US);Ian Gallagher/Mickey Milkovich, Ian Gallagher/Original Male Character;Ian Gallagher, Lip Gallagher, Fiona Gallagher, Mickey Milkovich, Mandy Milkovich, Original Male Character(s);Shameless Big Bang, Alternate Universe, Alternate Universe - Roommates/Housemates, Oral Sex, Rimming, Drinking, cheating (sort of);English;2014-10-10;Completed;2014-11-02;39700;19/19;96;501;99;8787
1750952;I Don't Love You, But I Always Will;Not Rated;M/M;Shameless (US);Ian Gallagher/Mickey Milkovich, Ian Gallagher & Mickey Milkovich;Ian Gallagher, Mickey Milkovich;Gallavich, Multichapter, prompted, Angst, Hurt, Cheating, Adultery;English;2014-06-06;Completed;2014-11-06;11475;9/9;101;499;45;9982
2412515;How Far We've Come;Explicit;M/M;Shameless (US);Ian Gallagher/Mickey Milkovich;Ian Gallagher, Mickey Milkovich;Rimming, Anal Sex, Anal Beads, Sex Toys, Comeplay;English;2014-10-06;Completed;2014-10-06;5540;1/1;19;497;88;7268
3635229;kissed you once (you kissed me back);Explicit;M/M;Shameless (US);Ian Gallagher/Mickey Milkovich;Ian Gallagher, Mickey Milkovich, Svetlana Milkovich;"Shower Sex, Domesticity, Drinking, i wanted to hear mickey milkovich use the phrase ""monster cock""";English;2015-03-29;Completed;2015-03-29;2288;1/1;12;496;63;6448
252949;Coming up Questionable;General Audiences;M/M;Shameless (US), Shameless (TV);Ian Gallagher/Mickey Milkovich;Ian Gallagher, Mickey Milkovich;;English;2011-09-13;Completed;2011-09-13;1033;1/1;9;495;55;8917
3937420;Help Me (Tear down My Reason);Mature;M/M;Shameless (US);Ian Gallagher/Mickey Milkovich;Ian Gallagher, Mickey Milkovich, Angela, Fiona Gallagher, Lip Gallagher, Debbie Gallagher, Carl Gallagher, Monica Gallagher;Angst, Sexual Content, Minor Character Death, Cop!AU, Violence, hints at possible past prostitution;English;2015-05-15;Completed;2015-05-31;34600;4/4;92;494;89;5091
1592330;sunsets were made for us;Mature;Gen, M/M;Shameless (US);Ian Gallagher/Mickey Milkovich, Mandy Milkovich & Mickey Milkovich, Ian Gallagher & Mickey Milkovich & Mandy Milkovich, Ian Gallagher & Mandy Milkovich;Ian Gallagher, Mandy Milkovich, Mickey Milkovich;ot3 gang ride or die, Road Trips, Sexual Content, Mention of Canon Rape, Mental Health Issues, mentions of domestic abuse;English;2014-05-10;Completed;2014-05-10;5352;1/1;20;493;63;3208
1706795;Grease Monkey;Explicit;M/M;Shameless (US);Ian Gallagher/Mickey Milkovich;Ian Gallagher, Mickey Milkovich, Mandy Milkovich, Original Male Character(s), Original Female Character(s), Yevgeny Milkovich;Alternate Universe, Explicit Language, Explicit Sexual Content, Alternate Universe - Mechanics, Closeted Character;English;2014-05-29;Updated;2015-07-31;34503;9/?;108;492;64;11227
1544036;Silver Dreams;Explicit;M/M;Shameless (US);Ian Gallagher/Mickey Milkovich;Ian Gallagher, Mickey Milkovich;Internalized Homophobia, traditional views on masculinity and gender, a smidge of character-appropriate sexism, machismo like woah, character study kind of, Stream of Consciousness, mentions of bipolar disorder;English;2014-04-30;Completed;2014-04-30;1966;1/1;39;492;96;4643
3333272;Txt;Explicit;M/M;Shameless (US);Ian Gallagher/Mickey Milkovich, Ian Gallagher & Mickey Milkovich, Ian Gallagher/Lloyd Lishman, Lloyd Lishman/Mickey Milkovich;Ian Gallagher, Mickey Milkovich, Mandy Milkovich, Lloyd Lishman, Fiona Gallagher, Carl Gallagher, Liam Gallagher (Shameless US), Debbie Gallagher, Terry Milkovich;Texting, Misunderstandings, Alternate Universe - High School, Teacher!Ian, Sexting, Teacher-Student Relationship, Student!Mickey, Anal Sex, Oral Sex, Dirty Talk, ooc, Out of Character, Verbal Abuse, Physical Abuse, Homophobic Language, Slurs, Police, Extended Metaphors;English;2015-02-11;Completed;2015-05-13;41294;46/46;286;491;49;17677
1999065;Marry Me;Teen And Up Audiences;M/M;Shameless (US);Ian Gallagher/Mickey Milkovich;Ian Gallagher, Mickey Milkovich;Fluff and Angst;English;2014-07-22;Completed;2014-07-22;2676;1/1;19;490;73;4420
2228433;Endothermic Reactions;Teen And Up Audiences;Gen, M/M;Shameless (US);Ian Gallagher/Mickey Milkovich;Iggy Milkovich, Ian Gallagher, Mickey Milkovich;Family, Slurs;English;2014-08-31;Completed;2014-08-31;2025;1/1;53;488;22;6985
1601678;without you to hold i'd be freezing;Not Rated;M/M;Shameless (US);Ian Gallagher/Mickey Milkovich;Ian Gallagher, Mickey Milkovich, Mandy Milkovich;Drunk Ian, Silly Drunks;English;2014-05-11;Completed;2014-05-11;1150;1/1;25;487;50;7666
1695035;another kiss is all it takes;Not Rated;M/M;Shameless (US);Ian Gallagher/Mickey Milkovich;Mickey Milkovich, Ian Gallagher;Smoking, Kissing;English;2014-05-22;Completed;2014-05-22;1410;1/1;16;486;53;6333
2231418;Baby you can drive my car;Teen And Up Audiences;M/M;Shameless (US);Ian Gallagher/Mickey Milkovich, Ian Gallagher & Mickey Milkovich, Ian Gallagher/Mandy Milkovich;Ian Gallagher, Mickey Milkovich, Mandy Milkovich, Lip Gallagher, Fiona Gallagher;Fluff and Angst, Romance, I NEEDED THIS, Alternate Universe, Boys In Love, Recreational Drug Use, Mention of Physical Abuse, Smut;English;2014-08-31;Completed;2014-12-24;45659;17/17;136;485;45;8188
5348576;Adult Education;Explicit;M/M;Shameless (US);Ian Gallagher/Mickey Milkovich;Ian Gallagher, Mickey Milkovich, Yevgeny Milkovich, Svetlana Milkovich;;English;2015-12-05;Completed;2015-12-05;26191;1/1;34;482;74;4885
3247250;Winter Wonder;Mature;M/M;Shameless (US);Ian Gallagher/Mickey Milkovich;Ian Gallagher, Mickey Milkovich, OMC;apparently I'm keeping on going with this AU a bit;English;2015-01-28;Completed;2015-01-28;1417;1/1;19;482;21;5587
1814968;Boarding School;Mature;M/M;Shameless (US);Ian Gallagher/Mickey Milkovich;Mickey Milkovich, Ian Gallagher, Mandy Milkovich;AU, Alternate Universe - Military, Military School, Boarding School, Alternate Universe - Boarding School, ROTC, Shameless, Alternate Universe, Gallavich, Slight OOC;English;2014-06-20;Updated;2015-02-10;24333;14/?;125;481;73;9987
1534961;Coming Out is Hard to Do;Not Rated;M/M;Shameless (US);Ian Gallagher/Mickey Milkovich;Mickey Milkovich, Mandy Milkovich, Ian Gallagher, Iggy Milkovich, Joey Milkovich, Tony Milkovich, Jamie Milkovich;Coming Out;English;2014-04-28;Completed;2014-04-28;3968;1/1;15;481;73;6102
1435795;Gallavich Tumblr Prompts;Not Rated;M/M;Shameless (US);Ian Gallagher/Mickey Milkovich;Ian Gallagher, Mickey Milkovich;Tumblr Prompts;English;2014-04-08;Updated;2015-07-29;16062;23/?;27;480;32;10237
676695;Of all the Mini-Marts in all the World;Teen And Up Audiences;Gen, M/M;Shameless (US);Ian Gallagher/Mickey Milkovich;Ian Gallagher, Mickey Milkovich;Violence, bad life choices, Guns, Robbery, Protective!Mickey, Hostage!Ian;English;2013-02-08;Completed;2013-02-08;1445;1/1;5;480;59;7420
2127672;Remember Those Late Night Phone Calls;Teen And Up Audiences;M/M;Shameless (US);Ian Gallagher/Mickey Milkovich;Ian Gallagher, Mickey Milkovich;set in Season Two, Fluff, Canon Compliant;English;2014-08-13;Completed;2014-08-13;1171;1/1;17;480;48;4017
1433527;the broken boys collective;Not Rated;M/M;Shameless (US);Ian Gallagher/Mickey Milkovich;Ian Gallagher, Mickey Milkovich;Bipolar Disorder, Depressed Ian, Hurt/Comfort;English;2014-04-08;Completed;2014-04-08;1043;1/1;21;477;63;4780
2689949;I'm Here to Fuck Your Brother;Explicit;M/M;Shameless (US);Ian Gallagher/Mickey Milkovich;Ian Gallagher, Mickey Milkovich, Lip Gallagher;Friends With Benefits AU, Fluff, Smut, Rimming, cute dumbs who can't admit they like each other, Alternate Universe, i have no idea what this is dont look at me, sliiiiightly possessive ian i know some ppl dont like that so? yeah;English;2014-11-29;Completed;2014-11-29;4257;1/1;11;477;65;6548
3138389;The Good Life;Mature;F/M, M/M;Shameless (US);Ian Gallagher/Mickey Milkovich, Mandy Milkovich/Mickey Milkovich, Mickey Milkovich/Original Male Character(s), Lip Gallagher/Mandy Milkovich, Ian Gallagher & Mickey Milkovich, Mandy Milkovich & Mickey Milkovich, Ian Gallagher/Original Male Character;Mickey Milkovich, Mandy Milkovich, Iggy Milkovich, Terry Milkovich, Ian Gallagher, Original Characters, Clayton Gallagher, Fiona Gallagher, Lip Gallagher, Carl Gallagher, Debbie Gallagher, Liam Gallagher (Shameless US), Kev Ball, Veronica Fisher, Original Female Character(s), Original Male Character(s);Alternate Universe, Rich Mickey, Canon Ian, Privileged Milkoviches, Alternate Universe - High School, Alternate Universe - Twins, Homophobic Language, Explicit Language, Brother-Sister Relationships, Explicit Sexual Content, Smut, Fluff, Fluff and Smut, Anal Fingering, Anal Sex, Blow Jobs, Spooning, not edited, Jealousy, Teasing, Bipolar Disorder, Medication, Sex Toys, Angst, Fluff and Angst, Break Up, Making Up, Breaking Up & Making Up, Boyfriends, Falling In Love, Love Confessions, Friendship/Love, Long-Term Relationship(s), Best Friends, Rimming, Dom/sub, Domestic Fluff, Riding;English;2015-01-08;Completed;2015-04-25;42273;12/12;144;476;88;9946
3758704;Can't Go Over It, Can't Go Under It, Can't Go Around It, Got To Go Through It;Mature;M/M;Shameless (US);Ian Gallagher/Mickey Milkovich;Fiona Gallagher, Veronica Fisher, Mickey Milkovich, Ian Gallagher;Post Season 5, Canon Compliant, needed to exorcise some season 5 demons, Bipolar Disorder, Fluff and Angst, implied smut but only a teeny bit so sorry, let's all suspend disbelief about Linda letting Mickey keep that key okay?;English;2015-04-16;Completed;2015-04-16;6475;1/1;52;474;66;3517
330330;Marching Powder;Explicit;M/M;Shameless (US), Shameless (TV);Ian Gallagher/Mickey Milkovich;Ian Gallagher, Mickey Milkovich, Lip Gallagher;casual manipulative drug use, casual sexualized violence, very rude language, very very rude language, Rimming, rimming that isn't romantic or sweet or pretty, the state looks down on sodomy but mickey doesn't, look the author has a massive boner for mickey and his fucked up little head;English;2012-01-31;Completed;2012-01-31;4043;1/1;37;474;59;13829
1957476;Shots;Mature;F/M, M/M, F/F, Multi;Shameless (US);Ian Gallagher/Mickey Milkovich, Lip Gallagher/Mandy Milkovich, Lip Gallagher/Original Female Character, Mandy Milkovich/Original Female Character;Ian Gallagher, Mickey Milkovich, Mandy Milkovich, Lip Gallagher, Original Characters, Kash Karib, Linda Karib, Iggy Milkovich, Colin Milkovich, Kev Ball, Fiona Gallagher, Skylar Pierson (OC), Debbie Gallagher, Carl Gallagher;Fluff and Angst, Sexuality Crisis, Sibling Bonding, Emotional Constipation, Internal Conflict, Fate & Destiny, Guns, Alternate Universe, Violence, Derogatory Language, Slow Romance, Implied/Referenced Rape/Non-con, Gunshot Wounds, Implied/Referenced Abuse, Implied/Referenced Sex, Implied/Referenced Homophobia;English;2014-07-14;Completed;2014-09-13;55050;23/23;70;473;63;16513
1448308;And We Built a Fire Out in the Cold;Explicit;M/M;Shameless (US);Ian Gallagher/Mickey Milkovich, Lip Gallagher/Mandy Milkovich;Ian Gallagher, Mickey Milkovich, Lip Gallagher, Mandy Milkovich;Alternate Universe, Alternate Universe - Roommates/Housemates, they're bunkmates at gunderson house group home, Set in an alternative timeline to what wouldve been 3x06-7;English;2014-04-11;Completed;2014-04-11;5108;1/1;7;472;91;5670
5536397;Something Kinda Special;Explicit;M/M;Shameless (US);Ian Gallagher/Mickey Milkovich;;Alien Ian, Alien Cultural Differences, Oral Sex, Christmas;English;2015-12-26;Completed;2015-12-26;4796;1/1;28;472;54;3102
1762335;the way we hit the ground;General Audiences;M/M;Shameless (US);Ian Gallagher/Mickey Milkovich;Ian Gallagher, Mickey Milkovich;;English;2014-06-09;Completed;2014-06-09;2659;1/1;22;471;75;null
2010231;Ginger Snap;Mature;M/M;Shameless (US);Ian Gallagher/Mickey Milkovich, Ian Gallagher & Mandy Milkovich, Fiona Gallagher/Jimmy Lishman;Ian Gallagher, Mickey Milkovich, Mandy Milkovich, Lip Gallagher, Lloyd Lishman, Fiona Gallagher, Jimmy Lishman, Carl Gallagher, Debbie Gallagher, Liam Gallagher, Clayton Gallagher, Terry Milkovich, Kash Karib, Linda Karib, Original Characters, Monica Gallagher;Angst, Hurt/Comfort, Sexual Abuse, Emotional Abuse, Protectiveness;English;2014-07-23;Updated;2014-12-01;56520;17/?;470;454;110;12399
3848713;What He Wants;Explicit;M/M;Shameless (US);Ian Gallagher/Mickey Milkovich;Mandy Milkovich, Kash Karib, Linda Karib;Soulmates, Alternate Universe - Soulmates, Season 1, Masturbation, Anal Fingering, Frottage, canon typical hate speech, Happy Ending;English;2015-04-30;Completed;2015-04-30;3652;1/1;22;442;62;5893
1926729;The Fuck Are You Lookin' At?;General Audiences;M/M;Shameless (US);Ian Gallagher/Mickey Milkovich, Ian Gallagher & Mickey Milkovich, Lip Gallagher/Mandy Milkovich;Ian Gallagher, Mickey Milkovich, Lip Gallagher, Mandy Milkovich;Gallavich, Soul Mate AU, Alternate Universe- Soul Mate;English;2014-07-09;Completed;2014-07-09;3108;1/1;30;439;70;5996
2355188;Sunshine;Not Rated;M/M;Shameless (US);Ian Gallagher/Mickey Milkovich;;Alternate Universe - Time Travel;English;2014-09-25;Completed;2014-09-25;9780;1/1;32;439;73;5040
1677485;you know that i won't let you fall;Not Rated;M/M;Shameless (US);Ian Gallagher/Mickey Milkovich, Fiona Gallagher & Mickey Milkovich;Mickey Milkovich, Ian Gallagher, Fiona Gallagher, Carl Gallagher, Lip Gallagher, Debbie Gallagher;Hospitals, Broken Bones, Fluff, Worried boyfriends;English;2014-05-19;Completed;2014-05-19;1611;1/1;14;433;44;6673
2629028;open my heart right at the scars;Not Rated;M/M;Shameless (US);Ian Gallagher/Mickey Milkovich;Ian Gallagher, Mickey Milkovich, Mandy Milkovich, Fiona Gallagher, Lip Gallagher, Carl Gallagher, Debbie Gallagher, Kev Ball, Veronica Fisher;Hurt/Comfort, dont worry ian lives, of course mickey is pleased about that, he wouldnt let him die lets be real;English;2014-11-17;Completed;2014-11-17;3155;1/1;17;433;74;4100
1961322;I Ain't Anybody;Teen And Up Audiences;M/M;Shameless (US);Ian Gallagher/Mickey Milkovich;Ian Gallagher, Mickey Milkovich, Frank Gallagher, Fiona Gallagher, Debbie Gallagher, Lip Gallagher, Carl Gallagher, Liam Gallagher (Shameless US);Gallavich, Fluff, Frank is an asshole, Abuse, Alcohol Abuse/Alcoholism;English;2014-07-15;Completed;2014-07-15;895;1/1;6;429;41;7429
3695147;Fire Meet Gasoline;General Audiences;M/M;Shameless (US);Ian Gallagher/Mickey Milkovich;Ian Gallagher, Mickey Milkovich, Svetlana Milkovich, Yevgeny Milkovich, Fiona Gallagher, Lip Gallagher;Drug Use, Alcohol, Bipolar Disorder, Angst, Mickey and Ian use their fists, Mickey and Ian use their words, Slow Burn, Alternate Season 6 Gallavich Storyline, Gallavich;English;2015-04-06;Updated;2015-05-29;16360;8/?;86;428;56;8922
724568;Memories and Scars;Explicit;M/M;Shameless (US);Ian Gallagher/Mickey Milkovich;Ian Gallagher, Mickey Milkovich, OFC, Mandy Milkovich;Future Fic, injured!Ian, bouncer!Mickey;English;2013-03-17;Completed;2013-03-17;6087;1/1;5;428;86;5108
1705955;when you're gone;Not Rated;M/M;Shameless (US);Ian Gallagher/Mickey Milkovich;Ian Gallagher, Mickey Milkovich;Domestic Fluff;English;2014-05-24;Completed;2014-05-24;1511;1/1;30;423;51;6073
2322851;A Journey in the Dark;Explicit;M/M, Other;Shameless (US);Ian Gallagher/Mickey Milkovich, Lip Gallagher/Mandy Milkovich, Ian Gallagher/Mandy Milkovich, Mandy Milkovich/Mickey Milkovich;Ian Gallagher, Mickey Milkovich, Mandy Milkovich, Lip Gallagher, Fiona Gallagher, Debbie Gallagher, Liam Gallagher (Shameless US), Carl Gallagher, Svetlana Milkovich, Kev Ball, Kenyatta (Shameless US), Veronica Fisher;Family Fluff, Recreational Drug Use, Smut, Fluff, Angst, Sexual Content, Post-Canon, Canon Compliant, Winter, Christmas Fluff, New Year's Eve, Holidays, Alcohol, Domestic Violence, Christmas;English;2014-09-18;Completed;2014-10-20;36795;7/7;85;422;91;10105
864901;a sort of fairytale;Teen And Up Audiences;M/M;Shameless (US);Ian Gallagher/Mickey Milkovich;Mandy Milkovich, Lip Gallagher, Fiona Gallagher;Future Fic, Character Study;English;2013-07-01;Completed;2013-07-01;10302;1/1;29;421;111;6087
3356663;Tuesday;Explicit;M/M;Shameless (US);Ian Gallagher/Mickey Milkovich;Ian Gallagher, Mickey Milkovich, Mandy Milkovich;Soulmates, Alternate Universe - Soulmates, Alternate Universe - Canon Divergence, mentions of abuse, Unspecified Anxiety Disorder, Explicit Sexual Content, Canon-Typical Violence;English;2015-02-14;Completed;2015-02-22;20043;3/3;34;420;98;5353
1733615;it's a love story after all;Explicit;M/M;Shameless (US);Ian Gallagher/Mickey Milkovich;Ian Gallagher, Mickey Milkovich;Tattoos, Sexual Content;English;2014-06-03;Completed;2014-06-03;1903;1/1;16;420;55;4842
2201169;5 Times Mickey Drops And Ian Doesn't Get It +1 Time They Do It Right;Explicit;M/M;Shameless (US);Ian Gallagher/Mickey Milkovich;Ian Gallagher, Mickey Milkovich, Kash Karib, Mandy Milkovich, Frank Gallagher, Terry Milkovich, Svetlana Milkovich, Carl Gallagher, Lip Gallagher, Debbie Gallagher, Fiona Gallagher;Bad BDSM Etiquette, Dom/sub Undertones, Subdrop, Homophobic Language, Racist Language, Under-negotiated Kink, Breathplay, 5 Times, aftermath of canonical rape, sub!Mickey, dom!Ian, Subspace, Mildly Dubious Consent, (4x09 blowjob), Bondage, Edgeplay, Orgasm Delay/Denial, Exhibitionism, in a vague sense, Barebacking, No Aftercare, Aftercare, Topping from the Bottom, kind of, Shoe Kink, Also kind of;English;2014-08-26;Completed;2016-06-29;17813;6/6;77;418;49;10374
3598110;upon your hips;Explicit;M/M;Shameless (US);Ian Gallagher/Mickey Milkovich;Ian Gallagher, Mickey Milkovich;Riding, ?? - Freeform, Face-Fucking, Rimming, Explicit Sexual Content, uhh throw me in the trash, basically this is just pointless dick-riding with some accidental rimming thrown in, bottom!Ian, y'know just once;English;2015-03-23;Completed;2015-03-23;7578;1/1;35;412;95;8763
3066467;Crazy Stupid Shit;Explicit;M/M;Shameless (US);Ian Gallagher/Mickey Milkovich;Mickey Milkovich, Ian Gallagher;;English;2014-12-31;Completed;2014-12-31;2649;1/1;24;410;69;5320
1788874;Latch;Teen And Up Audiences;M/M;Shameless (US);Ian Gallagher/Mickey Milkovich, Ian Gallagher & Mickey Milkovich;Ian Gallagher, Mickey Milkovich, Mandy Milkovich, Lip Gallagher, Fiona Gallagher, Svetlana Milkovich;Angst, Fluff, Hurt/Comfort, Bipolar Disorder, Self-Harm, Discussion of Canonical Rape in Later Chapters;English;2014-06-15;Completed;2014-07-14;37938;17/17;68;410;111;12517
1509353;By the Cracks of the Skin I Climbed;Mature;M/M;Shameless (US);Ian Gallagher/Mickey Milkovich;;Gap Filler;English;2014-04-23;Completed;2014-04-23;2323;1/1;17;409;77;3558
4488861;He Blinded Me with Science;Explicit;M/M;Shameless (US);Ian Gallagher/Mickey Milkovich;;Alternate Universe - Teachers;English;2015-08-03;Completed;2015-08-03;9895;1/1;54;407;71;3402
1558256;Hey There, Short Stuff;Mature;M/M;Shameless (US);Ian Gallagher/Mickey Milkovich;Mickey Milkovich, Ian Gallagher, Svetlana Milkovich;Plot What Plot/Porn Without Plot;English;2014-05-03;Completed;2014-05-03;1536;1/1;5;407;57;6349
4191099;Free Samples;Explicit;M/M;Shameless (US);Ian Gallagher/Mickey Milkovich;Ian Gallagher, Mickey Milkovich;Texting, Alternate Universe - Canon Divergence, Long-Distance Relationship, Smut, Cybersex, Fluff and Angst;English;2015-06-23;Updated;2016-04-25;21254;13/?;216;407;61;6121
919437;Second Chances;Mature;M/M;Shameless (US), gallavich - Fandom;Ian Gallagher/Mickey Milkovich, Ian Gallagher & Mickey Milkovich, Ian Gallagher/OMC, Mickey Milkovich/Original Characters;Mickey Milkovich, Mandy Milkovich, Ian Gallagher;Future Fic;English;2013-08-10;Completed;2014-02-26;22905;12/12;52;406;51;6071
1785607;You're Somethin' Else, Man;Explicit;M/M;Shameless (US);Ian Gallagher/Mickey Milkovich;Ian Gallagher, Mickey Milkovich;;English;2014-06-14;Completed;2014-06-14;3186;1/1;5;406;44;5170
4497258;This boy is my destiny;Mature;M/M;Shameless (US);Ian Gallagher/Mickey Milkovich;Ian Gallagher, Mickey Milkovich, Mandy Milkovich, Mama Milkovich, Gallaghers (only in epilogue), Minor Original Characters - Character;Fake/Pretend Relationship, Kissing Booths, Friends to Lovers, Road Trips, Cute, Pining, Fluff, Sex, (because at the end of the day I always include sex), Challenge: A.U.gust;English;2015-08-04;Completed;2015-09-05;25663;7/7;128;406;68;6342
2332277;Is There A Mirror In Your Pants? (I Think I Can See Myself In Them);Teen And Up Audiences;M/M;Shameless (US);Ian Gallagher/Mickey Milkovich;Mandy Milkovich;drugged, anaesthetics;English;2014-09-20;Completed;2014-09-20;1063;1/1;21;405;59;4547
2171004;"Chairs Up Means ""Fucking Closed""";Teen And Up Audiences;M/M;Shameless (US);Ian Gallagher/Mickey Milkovich;Mickey Milkovich, Ian Gallagher;Alternate Universe, Alternate Universe - Coffee Shops & Cafs, Coffee Shops, Alternate Universe - Different First Meeting, Fluff;English;2014-08-20;Completed;2014-08-20;2359;1/1;13;405;23;5201
1059676;last blues for bloody knuckles;Teen And Up Audiences;M/M;Shameless (US);Ian Gallagher/Mickey Milkovich;Ian Gallagher, Mickey Milkovich, Fiona Gallagher, Lip Gallagher, Debbie Gallagher, Carl Gallagher, Liam Gallagher, Jimmy Lishman;Non-Graphic Violence, Aftermath of Violence, Hurt/Comfort, Established Relationship;English;2013-11-26;Completed;2013-11-26;2495;1/1;20;403;63;14258
1438027;Side Effects;Mature;M/M;Shameless (US);Ian Gallagher/Mickey Milkovich;Ian Gallagher, Mickey Milkovich;Bipolar Disorder, Medication, Sexual Dysfunction, Developing Relationship, Mental Health Issues, Established Relationship, supporting each other, Holding Hands;English;2014-04-09;Completed;2014-04-09;1124;1/1;10;403;34;7085
3092159;Lines;Explicit;M/M;Shameless (US);Ian Gallagher/Mickey Milkovich;Mickey Milkovich, Ian Gallagher;Rimming, Anal Sex, Oral Sex, Bathroom Sex;English;2015-01-02;Completed;2015-01-02;4489;1/1;28;401;85;5653
1651220;spoken words like moonlight;Not Rated;M/M;Shameless (US);Ian Gallagher/Mickey Milkovich, Fiona Gallagher & Mickey Milkovich;Mickey Milkovich, Fiona Gallagher, Ian Gallagher;Marriage Proposal, Emotional;English;2014-05-16;Completed;2014-05-16;1697;1/1;22;400;49;5850
3358670;It's A Match;Teen And Up Audiences;M/M;Shameless (US);Ian Gallagher/Mickey Milkovich;Ian Gallagher, Mickey Milkovich, Mandy Milkovich;alternative universe, Tinder, dating apps, Flirting, Coming Out;English;2015-02-15;Completed;2015-02-15;4193;1/1;17;400;61;3222
4333419;Flyboy and the Gearhead;Explicit;M/M;Shameless (US);Ian Gallagher/Mickey Milkovich;;Fighter Pilots, Alternate Universe - Space, Mechanic Mickey, pilot Ian, Self-Esteem Issues, for both of them tbh, Anal Sex, Misunderstandings, Happy Ending;English;2015-07-19;Completed;2015-07-19;7278;1/1;42;400;93;3195
742550;In Check;Explicit;M/M;Shameless (US);Ian Gallagher/Mickey Milkovich;Ian Gallagher, Mickey Milkovich;unprotected sex, 3x06 rework;English;2013-03-31;Completed;2013-03-31;2705;1/1;12;395;58;9257
1185234;Stay;Teen And Up Audiences;M/M;Shameless (US);Ian Gallagher/Mickey Milkovich;Ian Gallagher, Mickey Milkovich;Domesticity, Fluff;English;2014-02-15;Completed;2014-02-15;1479;1/1;2;395;54;5854
1712018;the best is yet to come.;Not Rated;M/M;Shameless (US);Ian Gallagher/Mickey Milkovich;Ian Gallagher, Mickey Milkovich, Fiona Gallagher, Mandy Milkovich;Birthday Party, Bad Birthday Memories, Fluff, past angst, French Toast;English;2014-05-26;Completed;2014-05-26;1748;1/1;8;395;36;5967
1102816;The Axe;Not Rated;M/M;Shameless (US);Ian Gallagher/Mickey Milkovich;;Christmas fic, top ten dumbest things i've ever written, Idiots in Love;English;2013-12-26;Completed;2013-12-26;2216;1/1;15;393;65;4452
3313463;I Second That Emotion;Teen And Up Audiences;M/M;Shameless (US);Ian Gallagher/Mickey Milkovich;Ian Gallagher, Mickey Milkovich, Mandy Milkovich;Alternate Universe - Soulmates, Pining, Fluff;English;2015-02-08;Completed;2015-02-08;5450;1/1;8;393;63;4415
1330945;Chasing After You Like Some Bitch;Explicit;M/M;Shameless (US);Ian Gallagher/Mickey Milkovich;Mickey Milkovich, Mandy Milkovich, Debbie Gallagher, Ian Gallagher;road trip au, the one where they go to rescue ian, implied blowjob in chapter two, gets a little matureish in chapter five, ian has a fantasy lol, dicks get grabbed in ch 7, shit gets explicit in chapter 8, Anal Sex, Anal Fingering, Rimming, Oral Sex, Bathroom Sex, Reunion Sex;English;2014-03-18;Completed;2015-01-15;23049;9/9;47;392;61;9389
3456122;The Wanting;Not Rated;M/M;Shameless (US);Ian Gallagher/Mickey Milkovich, Mickey Milkovich/Original Male Character(s);Ian Gallagher, Mickey Milkovich, Original Male Character(s), Mandy Milkovich;Jealous Ian Gallagher, Jealous Mickey Milkovich, Smut with a plot, Love, Angst;English;2015-03-01;Completed;2015-03-26;10121;3/3;37;392;57;6082
2779337;High School Sweetheart;General Audiences;M/M;Shameless (US);Ian Gallagher/Mickey Milkovich;Ian Gallagher, Mickey Milkovich;Fluff, Future Fic, Romance;English;2014-12-15;Completed;2014-12-15;1805;1/1;3;391;43;3817
3428330;Hiding in Plain Sight;Mature;M/M;Shameless (US);Ian Gallagher/Mickey Milkovich, Ian Gallagher & Mickey Milkovich;Ian Gallagher, Mickey Milkovich, Original Male Character(s), Original Female Character(s);Alpha/Beta/Omega Dynamics, Mating Cycles/In Heat, Alternate Universe - College/University, slightly ooc mickey, Attempted Rape/Non-Con, Blow Jobs, Angst, Unhappy Ending;English;2015-02-24;Completed;2015-04-05;21426;9/9;222;391;60;10513
1590608;makes a cathedral, him pressing against me;Not Rated;;Shameless (US);Ian Gallagher/Mickey Milkovich;Ian Gallagher, Mickey Milkovich;Violence, Fix-It, Post 4 x 11 Fix-It Fic, because I haven't been satisfied with any other descriptions of how it plays out so here this is;English;2014-05-09;Completed;2014-05-09;2157;1/1;11;391;81;4431
2297705;Like a Paperback Novel;Teen And Up Audiences;M/M;Shameless (US);Ian Gallagher/Mickey Milkovich;Ian Gallagher, Mickey Milkovich, Original Characters;Alternate Universe, Alternate Universe - Future, Future Fic, Laundromat, Meet-Cute, Fluff, Humor, Epithet Overload, Brief Mentions of Bipolar Disorder;English;2014-09-12;Completed;2014-09-12;3094;1/1;25;390;35;3531
3750304;A World Alone;Mature;M/M, Gen;Shameless (US);Ian Gallagher/Mickey Milkovich, Mickey Milkovich & Angela (Shameless), Mickey Milkovich & Carl Gallagher;Mickey Milkovich, Ian Gallagher, Angela, Carl Gallagher, Yevgeny Milkovich, Iggy Milkovich, Svetlana Milkovich, Mandy Milkovich, The Gallaghers;Sexual Content, Mention of Past Sexual Assault, Original Character(s), Minor Violence, Prostitution, Established Relationship, Confrontations, Brief Mention of Underage Prostitution, Recreational Drug Use, Panic Attacks, possible PTSD, Bipolar Ian;English;2015-04-15;Updated;2015-12-03;74845;18/?;175;390;84;7723
7174823;Across the Hall;Explicit;F/M, M/M;Shameless (US);Ian Gallagher/Mickey Milkovich, Ian Gallagher & Mickey Milkovich, Lip Gallagher/Mandy Milkovich;Ian Gallagher, Mickey Milkovich, Mandy Milkovich, Lip Gallagher;Sexual Content, Recreational Drug Use, Neighbors AU, Ian x Mandy friendship, Slow Burn, Internalized Homophobia;English;2016-06-12;Completed;2016-07-10;32308;22/22;403;390;38;7604
4425983;And the Oscar Goes to...;Explicit;M/M;Shameless (US);Ian Gallagher/Mickey Milkovich;Mandy Milkovich;Infidelity, Fake/Pretend Relationship, Unreliable Narrator;English;2015-07-26;Completed;2015-07-26;52583;1/1;128;389;110;6136
1620758;Puzzle Pieces;Not Rated;M/M;Shameless (US);Ian Gallagher/Mickey Milkovich;Ian Gallagher, Mickey Milkovich, Mandy Milkovich, Fiona Gallagher, Lip Gallagher, Debbie Gallagher, Carl Gallagher, Liam Gallagher;;English;2014-05-15;Updated;2014-07-17;19060;11/?;101;389;80;10496
3721573;and i hope there's someone;Explicit;M/M;Shameless (US);Ian Gallagher/Mickey Milkovich, Ian Gallagher & Mickey Milkovich, Ian Gallagher & Mandy Milkovich, Mandy Milkovich & Mickey Milkovich;Ian Gallagher, Mickey Milkovich, Mandy Milkovich, Lip Gallagher, Amanda (Shameless US), Joaquin (Shameless US), Brian (Shameless US), Svetlana, yevgeny;"coffee shop AU, I'd Say I'm Sorry but I'm not, include mentions of bi!lip and bi!fiona, lip is with joaquin and fiona is with angela bc i'm trash, mandy's at art school, mickey runs the cafe with mandy, it's /happy/ okay, only a little angst, lol, this fic was my happy place okay it's self indulgent, Brian's in it as a cockblock only, it's me after all; i needed some kind of tension, and svetlana and yev are in this but yev isn't mickey's son, and svetlana is a stranger, also bi mandy hahahha";English;2015-04-13;Completed;2015-04-13;10049;1/1;49;388;92;3749
1764665;I'm So High On Misery;Mature;M/M;Shameless (US);Ian Gallagher/Mickey Milkovich;Ian Gallagher, Mickey Milkovich, Lip Gallagher, Mandy Milkovich, Fiona Gallagher, Debbie Gallagher, Carl Gallagher, Veronica Fisher, Kevin Ball, Liam Gallagher;Alternate Universe, Gallavich, AU, Shameless AU, mickey is a sarcastic little shit, an attempt at smut that failed miserably i'm sorry, there's fluff i swear, they're so fucking gay, Mentions of Pedophilia, some violence idk?, Minor Character Death, Mental Health Issues, Anxiety Attacks, i picture jane levy's mandy in this tbh, even though the description is of emma greenwell's mandy, either way its mandy, exaggerated use of the word fuck;English;2014-06-10;Completed;2015-02-07;91450;17/17;169;386;107;12855
3624477;We Are Wild;Mature;M/M;Shameless (US);Ian Gallagher/Mickey Milkovich;Ian Gallagher, Mickey Milkovich, Yevgeny Milkovich, Mandy Milkovich, Fiona Gallagher, Lip Gallagher, Debbie Gallagher, Carl Gallagher, Liam Gallagher (Shameless US);AU, College, Fluff, Angst, like a lot of fluff;English;2015-03-27;Updated;2015-08-01;43717;12/?;191;382;65;9062
1516838;Game Changer;Mature;F/M, M/M;Shameless (US);Ian Gallagher/Mickey Milkovich, Gallavich - Relationship, Lip Gallagher/Mandy Milkovich, Mandy Milkovich/Mickey Milkovich, Ian Gallagher & Lip Gallagher;Lip Gallagher, Mandy Milkovich, Mickey Milkovich, Ian Gallagher, Terry Milkovich, Iggy Milkovich, Fiona Gallagher, Original Characters, Debbie Gallagher, Carl Gallagher, Liam Gallagher;Explicit Language, Minor Violence, Homophobic Language, Drugs, Alcohol, Bipolar Disorder, Sexual Content, Fluff, Angst, Shameless Smut, Love, cuteness, i love these two boys oh my;English;2014-04-24;Completed;2014-05-16;39770;22/22;95;381;59;10525
2218485;Love in an Elevator;Mature;M/M;Shameless (US);Ian Gallagher/Mickey Milkovich, Ian Gallagher/Mandy Milkovich, Mandy Milkovich/Mickey Milkovich;Ian Gallagher, Mickey Milkovich, Mandy Milkovich;A.U.gust, elevator hottness, corporate ian;English;2014-08-29;Updated;2014-11-01;16025;11/?;194;379;17;5843
2312798;Welcome Home, Mickey;Mature;;Shameless (US);Ian Gallagher/Mickey Milkovich, Ian Gallagher & Mickey Milkovich;Ian Gallagher, Mickey Milkovich, Mandy Milkovich, Lip Gallagher, Terry Milkovich, Kenyatta (Shameless US), Iggy Milkovich, Fiona Gallagher, Liam Gallagher (Shameless US);protective mickey, Bipolar Ian, Jealous Ian, Jealous Mickey, Pining, Angst, Prostitution;English;2014-09-16;Updated;2015-05-16;35504;13/14;98;379;63;9732
902716;In This Room;Not Rated;M/M, Other, Multi;Shameless (US);Ian Gallagher/Mickey Milkovich, Mandy Milkovich/Mickey Milkovich, Ian Gallagher/Original Male Character, Ian Gallagher/Mandy Milkovich, Lip Gallagher/Mandy Milkovich;Mickey Milkovich, Ian Gallagher, Mandy Milkovich, Terry Milkovich, Fiona Gallagher, Lip Gallagher, Debbie Gallagher, Carl Gallagher, Liam Gallagher, Monica Gallagher, Frank Gallagher, Original Characters;Gallavich, Gallavich AU, Abuse, Depression, Sexual Abuse, Violence, Drug Use, Alternate Universe, Alternate Universe - College/University;English;2013-07-29;Updated;2014-10-14;92535;16/?;214;379;101;10191
3890419;Better;Not Rated;Gen, M/M;Shameless (US);Ian Gallagher/Mickey Milkovich;Ian Gallagher, Mickey Milkovich, Lip Gallagher, Fiona Gallagher, Terry Milkovich, Frank Gallagher;10 years past 5x12, Reunion, Nostalgia, Minor Character Death, Angst, Bipolar Ian, but hes better now, cute and sad and i have a lot of feels about this, Sexual Content;English;2015-05-06;Completed;2015-05-16;11529;4/4;44;378;45;4708
241034;Some things don't change;Teen And Up Audiences;M/M;Shameless (US);Ian Gallagher/Mickey Milkovich;;;English;2011-08-17;Completed;2011-08-17;2016;1/1;1;377;50;null
1716347;Love's Toll;Explicit;M/M, F/M;Shameless (US);Ian Gallagher/Mickey Milkovich, Lip Gallagher/Mandy Milkovich, Fiona Gallagher/Jimmy Lishman;Ian Gallagher, Mandy Milkovich, Mickey Milkovich, Lip Gallagher, Fiona Gallagher;Alternate Universe - Soulmates, Canon-Typical Violence, Based on a Tumblr Post, Gallavich, canon-typical child abuse;English;2014-05-30;Updated;2015-11-08;12217;9/?;36;377;66;9881
3355274;Kissed and Unkissed (Phil)Lips;General Audiences;M/M;Shameless (US);Ian Gallagher/Mickey Milkovich;Mickey Milkovich, Ian Gallagher, mentions of Lip Gallagher, mentions of Mandy Milkovich, Mentions of Roger Spikey;Fluff, cuteness, Cuddling, Crushes, first crushes, Mickey gets a little jealous, but Ian gets even more jealous, Gallavich, Valentine's Day, Established Relationship, season 5, jealous!Ian, jealous!Mickey;English;2015-02-14;Completed;2015-02-14;1896;1/1;17;377;48;4980
3676293;Waiting on you;General Audiences;M/M;Shameless (US);Ian Gallagher/Mickey Milkovich;Ian Gallagher, Mickey Milkovich, Lip Gallagher;Soulmate AU, I give in too, Idiots in Love, [Spring break draft clean up];English;2015-04-04;Completed;2015-04-04;1342;1/1;18;376;47;3248
4154961;Boy In The Sun;Not Rated;M/M;Shameless (US);Ian Gallagher/Mickey Milkovich, Mandy Milkovich & Mickey Milkovich;Ian Gallagher, Mickey Milkovich, Mandy Milkovich, Iggy Milkovich, Colin Milkovich, Terry Milkovich, Original Characters;Alternate Universe - College/University, Sexual Tension, Art Student Mickey, English Major Ian, past and present abuse, Recreational Drug Use, Homophobic Language, Slow Burn, Non-Graphic Violence, Eventual Smut, Eventual Happy Ending;English;2015-06-18;Completed;2015-07-14;40733;10/10;96;375;42;5664
4060495;Hunter;Mature;M/M;Shameless (US);Ian Gallagher/Mickey Milkovich, Mickey Milkovich & Gallagher family;Mickey Milkovich, Ian Gallagher, Gallagher family;Season 5 AU, Reincarnation, blind!Ian, Guardian Angels, Kinda, homophobic violence, Suicidal Thoughts;English;2015-06-02;Completed;2015-06-02;13756;1/1;84;374;76;4472
4941085;Oh, Mickey, You're So Fine;Explicit;M/M;Shameless (US);Ian Gallagher/Mickey Milkovich;Mandy Milkovich, Original Characters, Lip Gallagher;High School AU, Holding Hands, Established Relationship, Idk What the hell this is, i just wanted ian to have neck tattoos and mickey to wear buddy holly glasses, kind of a role reversal?;English;2015-10-05;Completed;2015-10-07;8319;2/2;31;372;73;5272
6049837;We Want Mickey Milkovich;Explicit;F/M, M/M;Shameless (US);Ian Gallagher/Mickey Milkovich, One-Sided - Relationship, Kev Ball/Veronica Fisher, Fiona Gallagher/Sean;Mickey Milkovich, Ian Gallagher, Carl Gallagher, Fiona Gallagher, Lip Gallagher, Debbie Gallagher, Veronica Fisher, Svetlana Milkovich, Kev Ball, Yevgeny Milkovich, Liam Gallagher (Shameless US), Frank Gallagher, Sean (Shameless US);Voyeurism, Sexual Fantasy, Attempted infedelity, Flirting, Younger characters wanting older characters, Everybody wants Mickey, Season 5 Re-write, Season 6 does not exist, Het Sex;English;2016-02-18;Updated;2016-10-22;14319;9/?;235;372;44;7694
3131747;The Nurse Complication;Mature;M/M;Shameless (US);Ian Gallagher/Mickey Milkovich;Ian Gallagher, Mickey Milkovich;mentions of abuse, Alternate Universe, Alternate Universe - Hospital;English;2015-01-06;Completed;2015-01-06;2416;1/1;38;371;11;4043
3411914;Carl's Got a Crush;Mature;M/M, F/M;Shameless (US);Ian Gallagher/Mickey Milkovich, Carl Gallagher & Mickey Milkovich, Bonnie (Shameless)/Carl Gallagher, One-sided Carl Gallagher/Mickey Milkovich;Carl Gallagher, Mickey Milkovich, Ian Gallagher;The Underage tag is for Carl's solo sexual thoughts/activities, CARL AND MICKEY DO NOT HAVE ANY SEX, So please put down any pitchforks and torches you are readying, Unrequited Crush, Canon-Typical Violence, Bisexual Carl Gallagher;English;2015-02-23;Completed;2015-02-23;3513;1/1;18;369;48;3235
255980;Never Thought You'd Make Me Perspire, Never Thought I'd Do You The Same;Mature;M/M;Shameless (US), Shameless (TV);Ian Gallagher/Mickey Milkovich;Ian Gallagher, Mickey Milkovich;Top Mickey Milkovich, Handcuffs, Dirty Talk;English;2011-09-22;Completed;2011-09-22;2414;1/1;3;369;51;8292
489405;You Never Forget Your First (Or In This Case... Second);Mature;M/M;Shameless (US), Shameless (TV);Ian Gallagher/Mickey Milkovich;Ian Gallagher, Mickey Milkovich, Jimmy Lishman, Fiona Gallagher, Carl Gallagher, Lip Gallagher, Liam Gallagher, Original Characters, Kev Ball, Veronica Fisher, Debbie Gallagher;Future Fic, Het Relationship - don't run away!!, Alternate Universe - Canon Divergence;English;2012-08-18;Completed;2013-05-15;32963;21/21;144;368;56;14239
3725467;Picnics and Persuasions;Explicit;M/M;Shameless (US);Ian Gallagher/Mickey Milkovich;Mickey Milkovich, Ian Gallagher, OMC, OFC;some smut, Again, Picnics, proof of relationship;English;2015-04-11;Completed;2015-04-11;4357;1/1;10;367;27;5763
302109;kiss me like you did (my heart stopped beating);Mature;M/M;Shameless (US);Ian Gallagher/Mickey Milkovich;Ian Gallagher, Mickey Milkovich;Episode Related, Yuletide Treat;English;2011-12-24;Completed;2011-12-24;1758;1/1;19;367;44;10043
4208388;Outside It Stops Raining;Mature;M/M;Shameless (US);Ian Gallagher/Mickey Milkovich;;;English;2015-06-25;Completed;2015-06-25;8496;1/1;65;367;13;3200
5899822;Fine, I Don't Need You Either!;Not Rated;M/M;Shameless (US);Ian Gallagher/Mickey Milkovich, Mandy Milkovich/Mickey Milkovich;Ian Gallagher, Mickey Milkovich, Lip Gallagher, Debbie Gallagher, Fiona Gallagher, Kev Ball, Veronica Fisher, Carl Gallagher, Mandy Milkovich, Iggy Milkovich, Trevor/Original Character(s);Jealousy, Flirting, Break Up, Sibling Bonding, Mpreg;English;2016-02-04;Completed;2016-08-28;14447;9/9;122;366;46;7065
3816199;Might As Well Be My Fault;Explicit;M/M;Shameless (US);Ian Gallagher/Mickey Milkovich;;;English;2015-04-25;Completed;2015-04-25;5411;1/1;40;366;9;4841
7319206;Bird Set Free;Explicit;;Shameless (US);Ian Gallagher/Mickey Milkovich, Mickey/OMC;Mickey Milkovich, Ian Gallagher, Svetlana Milkovich, Yevgeny Milkovich;past Mickey/OMC, post season six (semi-canon divergent), Flashbacks, Prison, original character death;English;2016-07-05;Completed;2016-11-05;67215;8/8;259;366;36;4676
1957914;At Last;Explicit;M/M;Shameless (US);Ian Gallagher/Mickey Milkovich;Ian Gallagher, Mickey Milkovich, Fiona Gallagher, Carl Gallagher, Lip Gallagher, Kevin Ball, Veronica Fisher, Yevgeny Milkovich, Svetlana Milkovich, Debbie Gallagher, Frank Gallagher, Others are mentioned;Fluffy, Sexy, Discovery, Realization, Sleeping Together, Dancing, club, Feeding, Basically incidents in which people witness involving Ian and Mickey, People realize Mickey and Ian love each other very much, They are very adorable, A couple years after Season 4, And that's all the tags I got;English;2014-07-15;Completed;2014-07-15;6202;1/1;7;364;78;6532
