work_id;title;rating;category;fandom;relationship;character;additional tags;language;published;status;time;words;chapters;comments;kudos;bookmarks;hits
304382;The Internet Is Not Just For Porn;General Audiences;M/M;Sherlock (TV), Sherlock Holmes & Related Fandoms;Sherlock Holmes/John Watson;Sherlock Holmes, John Watson;Humor, Fluff, Crack, Alternate Universe, Alternate Universe - Different First Meeting;English;2011-12-27;Completed;2011-12-27;1911;1/1;486;14101;3672;172310
729134;Nature and Nurture;Mature;M/M;Sherlock (TV);Sherlock Holmes/John Watson;Sherlock Holmes, John Watson, Mycroft Holmes, Mrs. Hudson, Harry Watson, Greg Lestrade, Sally Donovan, Molly Hooper, Sarah Sawyer, Mike Stamford;Babylock, Parentlock, Kidlock, cloning;English;2013-03-21;Completed;2014-05-09;203273;57/57;8574;13899;3485;467846
225563;Performance In a Leading Role;Explicit;M/M;Sherlock (TV);Sherlock Holmes/John Watson;Sherlock Holmes, John Watson, Irene Adler, Harry Watson, Greg Lestrade, Sally Donovan, Molly Hooper;AU, Meta, Hollywood, Real Person Cameos, Romance, Show Business, Coming Out, Secret Relationship, Behind the Scenes;English;2011-07-19;Completed;2011-12-30;156714;21/21;1533;10820;5093;525051
173274;The Progress of Sherlock Holmes;Explicit;F/M, M/M;Sherlock (TV);Sherlock Holmes/John Watson, John Watson/Mary Morstan;Sherlock Holmes, John Watson, Mary Morstan;sherlock/john, UST, Pining, ACD Canon, Angst, first person present tense, author chooses not to add other plot tags in order to not give the plot away, author won't add misleading tags, but if you are sensitive about difficult relationship issues, consider yourself warned;English;2011-03-22;Completed;2011-03-27;62006;25/25;2599;9145;3293;373899
335385;A Cure For Boredom;Explicit;F/M, M/M;Sherlock (TV), Sherlock Holmes & Related Fandoms;Sherlock Holmes/John Watson, John Watson/Others;;Mild Kink, Porn Watching, Masturbation, Voyeurism, Het and Slash, Double Penetration, Dirty Talk, Threesome - F/M/M, Threesome - F/F/M, Sex Club, Light Bondage, Light Dom/sub, Blow Jobs, Rimming, cheeking, Mild Angst, UST, Anal Sex, Anal Play, Mildly Dubious Consent;English;2012-02-08;Completed;2012-03-28;81665;8/8;1429;9062;4182;559281
347350;What Meets the Eye;Mature;M/M;Sherlock (TV);Sherlock Holmes/John Watson;Sherlock Holmes, John Watson;Prompt Fic, Oneshot, de-anon, Amnesia;English;2012-02-26;Completed;2012-02-26;8251;1/1;363;9040;2174;128357
187762;and stand there at the edge of my affection;General Audiences;M/M;Sherlock (TV);Sherlock Holmes/John Watson;Sherlock Holmes, John Watson;John takes a while to catch on, Sherlock is logical;English;2011-04-20;Completed;2011-04-20;2683;1/1;536;8703;1707;null
342490;The Real Meaning of Idioms;Teen And Up Audiences;M/M;Sherlock (TV);Sherlock Holmes/John Watson;Sherlock Holmes, John Watson, Greg Lestrade;Texting, Humor, Awkward Romance, Post Season 2, spoilers for reichenbach;English;2012-02-18;Completed;2012-03-20;21691;13/13;531;8096;2173;168971
820938;Hitting the Water at Sixty Miles an Hour;Explicit;M/M;Sherlock (TV);Sherlock Holmes/John Watson;Sherlock Holmes, John Watson, Mycroft Holmes, Mummy (Sherlock);Fake/Pretend Relationship, Road Trips, Family, The Outer Hebrides;English;2013-05-28;Completed;2013-05-28;30568;5/5;746;7153;2129;110145
244826;26 Pieces;Explicit;M/M;Sherlock (TV);Sherlock Holmes/John Watson;Sherlock Holmes, John Watson, Mycroft Holmes, Sebastian Wilkes, Original Characters;First Time, Torture, Schmoop, Hurt/Comfort, Happy Ending;English;2011-08-25;Completed;2011-08-25;28236;1/1;696;7010;2661;208078
514787;Saving Sherlock Holmes;Mature;M/M;Sherlock (TV);Sherlock Holmes/John Watson, Mycroft Holmes/Greg Lestrade;Sherlock Holmes, Mycroft Holmes, Mrs. Hudson, Greg Lestrade, John Watson, Molly Hooper, Harry Watson, Sally Donovan, Dimmock (Inspector), Jim Moriarty;Teenlock, AU, Schoolboy AU;English;2012-09-17;Completed;2013-03-27;139494;43/43;3170;6964;2438;207697
256293;Once More, With Feeling;Teen And Up Audiences;F/M, M/M;Sherlock (TV);Sherlock Holmes/John Watson, John Watson/Mary Morstan;Sherlock Holmes, John Watson, Mary Morstan, Original Characters;Romance, Fluff, Humor;English;2011-09-23;Completed;2011-09-23;21178;7/7;439;6820;1813;156280
289734;A Study in Intimacy;Teen And Up Audiences;M/M;Sherlock (TV), Sherlock Holmes & Related Fandoms;Sherlock Holmes/John Watson;Sherlock Holmes, John Watson, Mrs. Hudson, Mycroft Holmes, Anthea (Sherlock), Sally Donovan, Inspector Gregson;First Time, First Kiss, Romance, Virginity, Touching;English;2011-12-07;Completed;2011-12-07;5183;1/1;146;6627;1353;131306
210785;Alone On the Water;General Audiences;M/M;Sherlock (TV);Sherlock Holmes/John Watson;Sherlock Holmes, John Watson;Angst, Unrequited Love, Unresolved Sexual Tension, Euthanasia, Deathfic, Love Confessions, Grief;English;2011-06-12;Completed;2011-06-12;7725;1/1;845;6596;2303;138108
1103555;The Gilded Cage;Explicit;M/M;Sherlock (TV);Sherlock Holmes/Original Male Character(s), Sherlock Holmes/John Watson;Sherlock Holmes, John Watson, Greg Lestrade, Mycroft Holmes;Alpha/Beta/Omega Dynamics, Omega Verse, Alpha John, Omega Sherlock, Gender Issues, Bonding, Friends to Lovers, Knotting, Arranged Marriage, Estrangement, Dubious Consent, Discussion of Abortion, Pro-choice attitude to contraceptive rights, None of the bad things happen between Sherlock and John, Discussions of Self Harm and Suicide Ideation, switch - Freeform, Implied/Referenced Rape/Non-con;English;2013-12-26;Completed;2015-05-22;326886;31/31;4740;6566;1665;175565
144734;Shadows on the Wall;Teen And Up Audiences;M/M;Sherlock (TV), Sherlock Holmes & Related Fandoms;Sherlock Holmes/John Watson;John Watson, Sherlock Holmes, Lestrade (Inspector), Sally Donovan, Mycroft Holmes, Jim Moriarty;;English;2010-12-25;Completed;2010-12-25;18160;1/1;400;6258;2210;159946
477669;The Great Sex Olympics of 221B;Explicit;F/M, M/M, Multi;Sherlock (TV), johnlock - Fandom;Sherlock Holmes/John Watson, Sherlock Holmes/Original Female Character, Sherlock Holmes/Original Male Character, John Watson & Original Male Character, John Watson & Original Female Character, Sherlock Holmes & John Watson;Sherlock Holmes, John Watson;Experiment, First Time, First Kiss, Sexual Experimentation, Multiple Pairings, Johnlock - Freeform;English;2012-08-04;Completed;2012-09-10;58611;10/10;843;6011;1784;130801
133861;The Whore of Babylon Was a Perfectly Nice Girl;Explicit;M/M;Sherlock (TV);Sherlock Holmes/John Watson;;;English;2010-11-17;Completed;2010-11-17;32896;1/1;524;5466;2201;206484
322978;The Quiet Man;Explicit;M/M, F/M;Sherlock (TV);Sherlock Holmes/John Watson, Mary Morstan/John Watson;John Watson, Mary Morstan, Sherlock Holmes, Sebastian Moran;Post-Reichenbach, First Person, memories are flexible, imaginary!Sherlock, Grief/Mourning, Angst, Present Tense;English;2012-01-19;Completed;2012-07-29;157369;58/58;6687;5428;1733;282507
380265;Dilaudid;Explicit;M/M;Sherlock (TV);Sherlock Holmes/John Watson, John Watson/OMC, past Sherlock Holmes/Victor Trevor - Relationship;John Watson, Sherlock Holmes, Lestrade (Inspector), Mycroft Holmes, Irene Adler, Jim Moriarty, Victor Trevor;Alpha/Beta/Omega Dynamics, Omega!John, Alpha!Sherlock, Alpha!Mycroft, Beta!Lestrade, No mpreg, Knotting, Mating Cycles/In Heat, Pining, Jealousy, social inequality, Sexual Tension, Sexual Content, Anal Sex, Oral Sex, Rape/Non-con References, Suicidal Thoughts;English;2012-04-10;Completed;2014-08-11;62082;15/15;930;5415;1334;195192
330685;The Least of All Possible Mistakes;Mature;F/M, Multi;Sherlock (TV);;;;English;2012-01-31;Completed;2013-02-20;118096;12/12;1075;5294;2225;195776
411839;The Heart On Your Sleeve;Teen And Up Audiences;M/M;Sherlock (TV), Sherlock Holmes & Related Fandoms;Sherlock Holmes/John Watson;;;English;2012-05-24;Completed;2012-05-24;5441;1/1;113;5277;1142;73469
404258;I'm Not Actually A Pervert;Explicit;M/M;Sherlock (TV), Sherlock Holmes & Related Fandoms;Sherlock Holmes/John Watson;;AU, Plot What Plot, Glory Hole, Anonymous Sex, Oral Sex, Anal Sex, Masturbation, What on earth did I just write?, It's all porn, Dirty Talk, Sherlock has a filthy mouth;English;2012-05-14;Completed;2012-05-14;7217;1/1;186;5231;1079;88756
394956;The Sum of Us (Mostly Calculated by Everybody Else);Teen And Up Audiences;M/M;Sherlock (TV);Sherlock Holmes/John Watson;Sherlock Holmes, John Watson;Fluff, Domestic Bliss, bit of angst, it's so fluffy I'm gonna die, John finds his Zen, Sherlock finds his whatever;English;2012-04-30;Completed;2012-04-30;9183;1/1;404;5226;505;106528
2647979;Dear John;Explicit;M/M;Sherlock (TV);Sherlock Holmes/John Watson;Sherlock Holmes, John Watson;long-distance romance, Online Dating, Post-Reichenbach, Pining, Epistolary, Cybersex, Sherlock is gonna be so screwed when John finds out, And yes you can take that multiple ways;English;2014-11-19;Completed;2015-02-09;23031;64/64;6802;5216;930;100291
582059;All the Best and Brightest Creatures;Explicit;M/M;Sherlock (TV), Sherlock Holmes & Related Fandoms;Sherlock Holmes/John Watson;Sherlock Holmes, John Watson, Jim Moriarty, Greg Lestrade, Sally Donovan, Anderson (Sherlock), Dimmock (Inspector), Mummy (Sherlock), Mycroft Holmes, Sarah Sawyer, Molly Hooper, Original Characters;Slash, Asexuality, Asexual Character, Romance, Case Fic, Hurt/Comfort, Emotional Hurt/Comfort, Asexual Relationship, Alternate Universe, Kidnapping, Torture, Explicit Sexual Content, Explicit Language, Action/Adventure, Drug Use, Drug Addiction, POV First Person, Love at First Sight, WIP;English;2012-12-04;Completed;2016-09-28;188426;33/33;5294;5143;1667;204286
387339;The Loss of Flesh and Soul;Mature;M/M;Sherlock (TV);Sherlock Holmes/John Watson;;Alternate Universe - Serial Killers, One-Sided Relationship, Crossover;English;2012-04-20;Updated;2013-06-30;69712;6/8;1411;5114;2129;260761
180121;Two Two One Bravo Baker;Explicit;M/M;Sherlock (TV);Sherlock Holmes/John Watson;Sherlock Holmes, John Watson, Mycroft Holmes;Alternate Universe - Military, Afghanistan, War Story, Thriller;English;2011-04-08;Completed;2013-02-16;114574;27/27;2684;5078;2414;387461
339204;echoes through time;Explicit;M/M;Sherlock (TV), Sherlock Holmes - Arthur Conan Doyle, Sherlock Holmes & Related Fandoms;Sherlock Holmes/John Watson;Sherlock Holmes, John Watson, Sarah Sawyer;First Time, Romance;English;2012-02-13;Completed;2012-02-13;21619;1/1;360;5057;1720;107981
442317;Electric Pink Hand Grenade;Explicit;M/M;Sherlock (TV);Sherlock Holmes/John Watson;Sherlock Holmes, John Watson, Greg Lestrade, Mycroft Holmes;Sickfic, Headaches & Migraines, Sherlock is never ordinary, First Time, First Kiss, Slash;English;2012-06-24;Completed;2012-09-23;67718;13/13;1014;5055;2195;147164
275828;A Quiet Murmuration;Teen And Up Audiences;M/M;Sherlock (TV);Sherlock Holmes/John Watson;Sherlock Holmes, John Watson;Kissing, Boys Kissing, Lots of kissing, Fluff, Sweet, Cuddling & Snuggling, Did I Mention Fluff;English;2011-11-11;Completed;2011-11-11;4684;1/1;371;5050;1320;98618
1134255;Whispers in Corners;Teen And Up Audiences;M/M;Harry Potter - J. K. Rowling, Sherlock (TV), Sherlock Holmes - Arthur Conan Doyle;Mycroft Holmes/Harry Potter;Harry Potter, Mycroft Holmes, John Watson, Molly Hooper, Sherlock Holmes, Greg Lestrade;Alternate Universe, Crossover, The Deathly Hallows, medium Harry Potter, Not Season/Series 02 Compliant, Not Season/Series 03 Compliant;English;2014-01-13;Completed;2014-01-13;64402;10/10;184;4985;1949;71389
333574;Curious Case;Explicit;M/M;Sherlock (TV);Sherlock Holmes/John Watson;John Watson, Sherlock Holmes;Masturbation, Assisted Masturbation, Autofellatio, Oral Sex, Massage, Prostate Massage, Sexuality Crisis;English;2012-02-05;Completed;2012-09-02;44653;11/11;467;4963;1422;158166
403644;Alphas, Betas, Omegas: A Primer;Not Rated;F/F, F/M, Gen, M/M, Multi, Other;Sherlock (TV), Supernatural, Supernatural RPF, X-Men: First Class (2011) - Fandom, The Avengers (2012), Sherlock Holmes & Related Fandoms, Teen Wolf (TV), Thor (Movies), Hannibal (TV);;Original Male Dog Character(s);Mpreg, Omegaverse, alpha/beta/omegaverse, soulbonds, semen - Freeform, Meta, Knotting, Heat Cycles, Alpha/Beta/Omega Dynamics, trope primer, assbabies, self lubricating, cock - Freeform, lots and lots of cock, fake science for the win, Worldbuilding, Tropes, Sad pandas, dogfuck rapeworld, Mantisfuck Consentworld, laundry service, questionable mathematics, Genghis Khan was the most badass omega of all time.;English;2012-05-13;Completed;2015-09-21;9689;5/5;1051;4962;1616;236578
116314;Let You Kiss Me (So Sweet and So Soft);General Audiences;M/M;Sherlock (TV);Sherlock Holmes/John Watson;;;English;2010-09-14;Completed;2010-09-14;8666;1/1;392;4892;1172;108264
639976;Left;Mature;M/M;Sherlock (TV);Sherlock Holmes/John Watson;Sherlock Holmes, John Watson, Mycroft Holmes, Molly Hooper, Greg Lestrade, Mrs. Hudson, Jim Moriarty;Alternate Universe - Canon Divergence, Alternate Universe - Magical Realism;English;2013-01-15;Completed;2013-03-08;45153;9/9;884;4892;2188;86875
713274;Seven Moons;Explicit;M/M;Sherlock (TV);Sherlock Holmes/John Watson;;Alpha/Beta/Omega Dynamics, Arranged Marriage, Non Consensual, Non-Consensual Drug Use, Knotting, Forced Marriage, Forced Heat, Mpreg, Mating Cycles/In Heat, Alpha Sherlock, Omega John, Alternate Universe - Historical, Alternate Universe - Fantasy, Alternate Universe - Magic, Loss of Virginity, Explicit Sexual Content, Brief mention of possible miscarriage, Slavery, Pregnant Sex, Soul Bond, Self-Acceptance, Self Confidence Issues, Childbirth, Male Lactation, Lactation, Breastfeeding, Children, Babies, Violence, Canon-Typical Violence, Kidnapping, Attempted Kidnapping, Betrayal, Blood, Graphic Labor and Delivery, War, Family, Families of Choice;English;2013-03-09;Completed;2014-03-01;66267;13/13;722;4738;1254;171678
1185555;Working on the Edges;Mature;M/M;Sherlock (TV);Sherlock Holmes/John Watson;Sherlock Holmes, John Watson, Greg Lestrade, Mike Stamford, Irene Adler, Jim Moriarty, Philip Anderson, Sally Donovan, Mycroft Holmes;Olympics;English;2014-02-15;Completed;2014-07-16;56089;16/16;1763;4738;1151;70451
856874;Learning Curve;Mature;M/M;Sherlock (TV), Sherlock Holmes & Related Fandoms;Sherlock Holmes/John Watson, Sherlock Holmes & John Watson;Sherlock Holmes, John Watson, Henry Holmes (original character);Parentlock, Johnlock - Freeform, AU, Fluff and Smut, Sex, Frottage, AU - America, AU - United States;English;2013-06-25;Completed;2014-01-08;41422;22/22;1232;4620;1268;95661
466922;you are a paradigm;Mature;M/M;Sherlock Holmes & Related Fandoms, Sherlock (TV), Harry Potter - J. K. Rowling;Sherlock Holmes/John Watson;Sherlock Holmes, John Watson, Harry Watson, Mycroft Holmes, Harry Potter, Charlie Weasley;Crossover, Sherlock/HP crossover, Alternate Universe, John is a wizard, Sherlock is a muggle, Mycroft is a twat, more things than are dreamt of, M for vaguely sexual situations, beware the non-linear narrative, Alternate Universe - Magic, Potterlock;English;2012-07-23;Completed;2012-07-23;10013;1/1;311;4579;1014;107536
641558;Nothing to Make a Song About;Explicit;M/M;Sherlock (TV), Sherlock Holmes & Related Fandoms;Sherlock Holmes/John Watson;Greg Lestrade;Post Reichenbach, First Time, Romance, Angst;English;2013-01-16;Completed;2013-03-20;36833;10/10;1535;4419;1644;104287
785061;You Give Me Fever;Explicit;M/M;Sherlock (TV), Sherlock Holmes & Related Fandoms;Sherlock Holmes/John Watson;Sherlock Holmes, John Watson, Mycroft Holmes, John Watson's Mother, Irene Adler;Greaser!lock, Teenlock, First Time, Carsex, Makeout Point, greaser!Sherlock, Nerdy!John, Porn with Feelings, Dirty Talk, Size Kink, Kinda, coercive!Sherlock, Greaserlock, Car Sex, Alternate Universe - 1950s, virginal!John, Size Difference, Explicit Sexual Content;English;2013-05-05;Completed;2013-05-05;16122;1/1;488;4416;1826;168634
635897;Midnight Blue Serenity;Explicit;M/M;Sherlock (TV);Sherlock Holmes/John Watson;Sherlock Holmes, John Watson;Case Fic, Unresolved Sexual Tension, Pining, Drug Use, Disguise, Sherlock makes a sexy bartender, Catching a date-rapist serial killer is never easy, Friends to Lovers, Pre-Slash;English;2013-01-12;Completed;2013-07-12;151907;19/19;1891;4416;1958;157731
1031893;Acceptable Behaviour;Mature;M/M;Sherlock (TV);Sherlock Holmes/John Watson;Sherlock Holmes, John Watson;Miscommunication, First Time, Developing Relationship, Fluff;English;2013-11-04;Completed;2013-11-04;3449;1/1;213;4293;1033;42928
225656;Let's Make a Bed Out in the Rain;Mature;F/M, M/M;Sherlock (TV);Sherlock Holmes/John Watson, Mary Morstan/John Watson;Sherlock Holmes, John Watson;First Time, Unrequited Love, Pining, Angst, Fluff, First Kiss;English;2011-07-19;Completed;2011-07-19;17664;11/11;309;4262;1328;96975
1009260;Some Nights;Explicit;M/M;Sherlock (TV);Sherlock Holmes/John Watson, John Watson/OC, Mycroft Holmes/Anthea;Sherlock Holmes, John Watson, Mycroft Holmes, Greg Lestrade, Mary Morstan, Jim Moriarty, Anthea (Sherlock), Molly Hooper, Mrs. Hudson, Anderson (Sherlock), Sally Donovan;Alpha/Omega, Alpha/Beta/Omega Dynamics, Sentinel/Guide Bonding, Sentinel/Guide, alternate universe - alpha and omega, alternate universe - sentinel and guide, Alpha!Sherlock, Omega!John, Sentinel!Sherlock, Guide!John, Hurt/Comfort, Angst, Fluff, Heat Cycles, Teenlock, Unilock;English;2013-10-18;Completed;2015-01-23;56212;34/34;672;4244;1020;126087
367831;From Westminster With Love;Explicit;M/M;X-Men: First Class (2011) - Fandom, Sherlock (TV);Erik Lehnsherr/Charles Xavier;Erik Lehnsherr, Charles Xavier, Mycroft Holmes, Logan (X-Men), Emma Frost, Raven Darkholme, Angel Salvadore, Janos Quested;Alternate Universe - Modern Setting, Alternate Universe - With Powers, Hurt/Comfort;English;2012-03-23;Completed;2012-03-23;16152;1/1;120;4231;1100;72584
218064;A Life Well-Lived;Explicit;M/M;Sherlock (TV), Sherlock Holmes & Related Fandoms;Sherlock Holmes/John Watson;Sherlock Holmes, John Watson, OMC, Mycroft Holmes;;English;2011-07-02;Completed;2011-07-02;20121;1/1;308;4082;1274;104399
427053;Just a Kiss;Explicit;M/M;Sherlock (TV), Sherlock Holmes & Related Fandoms;Sherlock Holmes/John Watson;Greg Lestrade, Mycroft Holmes;Five Times, Case Fic;English;2012-06-07;Completed;2012-07-09;19695;7/7;441;4061;1080;97093
552777;No Fare;Teen And Up Audiences;Gen;Sherlock (TV), Sherlock Holmes & Related Fandoms;;John Watson, Cabbie (Sherlock);Episode: s01e01 A Study in Pink, AU, BAMF!John;English;2012-11-02;Completed;2012-11-02;1996;1/1;256;4032;1122;39493
348259;Given In Evidence;Mature;M/M;Sherlock (TV);Sherlock Holmes/John Watson;Sherlock Holmes, John Watson, Greg Lestrade, Sally Donovan, Mrs. Hudson, Mycroft Holmes;Post Reichenbach, Angst, Drama, Case Fic, Romance, First Time, BAMF!John, submissive Sherlock, First Kiss, Podfic Available;English;2012-02-28;Completed;2012-10-01;97892;19/19;1541;3943;1547;156635
341311;Equilibrium;Mature;M/M;Sherlock (TV);Sherlock Holmes/John Watson;;;English;2012-02-16;Completed;2012-02-16;12351;1/1;545;3923;1792;98032
719229;With All My Heart;Explicit;M/M;Sherlock (TV), Sherlock Holmes & Related Fandoms;Sherlock Holmes/John Watson, Sherlock Holmes & John Watson;Sherlock Holmes, Mycroft Holmes, John Watson, John Watson's Mother, Mummy (Sherlock), Holmes' Father (Sherlock), Greg Lestrade, Lestrade (Sherlock Holmes), Irene Adler, Harry Watson;Alternate Universe, Alternate Universe - Modern Setting, Falling In Love, First Love, First Kiss, First Time, Sexual Content, Explicit Sexual Content, Explicit Language, progress through life, Kidlock, Teenlock, Present Tense, Sherlock Is A Bit Not Good, Fluff and Angst, Angst, mostly features them as adults, John can be a dick, Alternate Universe - Magical Realism, Magical Realism;English;2013-03-13;Completed;2014-11-25;19257;4/4;436;3911;1241;72448
790501;Corpus Hominis;Explicit;M/M;Sherlock (TV);Sherlock Holmes/John Watson;Sherlock Holmes, John Watson, Molly Hooper, Mycroft Holmes, Greg Lestrade;Humor, Romance, Silly, Sexual Content, Case Fic, Frottage, Fluff, Anal Sex, Blow Jobs, Rimming, Massage;English;2013-05-09;Completed;2013-12-29;47709;12/12;762;3902;1606;97294
368646;Captain John Watson, Genetics, and Other Crazy Things;Mature;M/M;Sherlock (TV), Sherlock Holmes & Related Fandoms;Sherlock Holmes/John Watson;Sherlock Holmes, John Watson;Humor, Crack, Crossover;English;2012-03-24;Completed;2012-03-24;5581;1/1;133;3897;1212;55622
248274;Lacuna;Explicit;M/M;Sherlock (TV);Sherlock Holmes/John Watson;Sherlock Holmes, John Watson;Angst, Amnesia, Drama;English;2011-09-27;Completed;2011-09-27;15607;1/1;318;3894;1380;null
391445;To Light Another's Path;Explicit;M/M;Sherlock (TV);Sherlock Holmes/John Watson;Sherlock Holmes, John Watson, Greg Lestrade, Mycroft Holmes;Sickfic, Hurt/Comfort, Post The Great Game, attempted suicide (in the past), Recreational Drug Use, Drug Addiction, Case Fic, First Time, First Kiss, Slash;English;2012-04-25;Completed;2012-07-27;128654;19/19;759;3874;1312;137970
106704;But Love Is A Voice On The Wind;Mature;M/M;Sherlock (TV);Sherlock Holmes/John Watson;Sherlock Holmes, John Watson, Mycroft Holmes;Mycroft being meddlesome, First Time, Community: sherlockbbc_fic;English;2010-08-11;Completed;2010-08-11;1832;1/1;133;3846;606;107584
3132719;All the Rest (of What I Want);Explicit;M/M;Sherlock (TV);Sherlock Holmes/John Watson;John Watson, Sherlock Holmes;Alternate Universe - Different First Meeting, First Time, Daddy Kink, sorta Sugar Daddy Sherlock, Episode: s01e01 A Study in Pink, Texting, Daddy Sherlock, Sex Toys, Phone Sex, Sexting, Unsafe Sex, Service Domination;English;2015-01-07;Completed;2015-06-19;68082;20/20;1483;3826;1032;64448
573019;Shames and Praises;Explicit;M/M;Sherlock (TV);Sherlock Holmes/John Watson;Mycroft Holmes, Greg Lestrade, Sally Donovan, Mrs. Hudson, Anderson (Sherlock);Alternate Universe, Alternate Universe - Dom/Sub, Dom!John, sub!Sherlock, Submission, Dominance, Humiliation, Punishment, Developing Relationship, Riding Crop, Cane;English;2012-11-25;Completed;2013-05-06;51919;7/7;552;3814;1285;102257
360739;The Adoption of John Watson Holmes;General Audiences;Gen;Sherlock (TV), Sherlock Holmes & Related Fandoms;Sherlock Holmes & John Watson;Sherlock Holmes, John Watson, Mycroft Holmes, Mummy (Sherlock);Crack, Fluff, Humor;English;2012-03-12;Completed;2012-03-12;2936;1/1;218;3801;1156;45691
1744148;Over Fathoms Deep;Explicit;M/M;Sherlock (TV);Sherlock Holmes/John Watson;Sherlock Holmes, John Watson, Philip Anderson, Greg Lestrade, Mycroft Holmes, Molly Hooper;Romance, Alternate Universe - Historical, Historical, Boats and Ships, Sailor!John, Aristocrat!Sherlock, AU, Johnlock Trope Challenge, Sexual Content, Explicit Sexual Content, sherlock POV, Pining Sherlock, Young!naive!Sherlock, Muscular!Sea-hardened!John, POV Sherlock Holmes, SailorLock, sailinglock, Angst, Hurt/Comfort, Slow Build, Slow Burn, Virgin Sherlock, Anderson has no redeeming qualities whatsoever, Sherlock is a sad gay baby, boxing lessons, Sherlock's Violin, sailor!lock, Sailing, First Kiss, Bottom Sherlock Holmes, Top John Watson, Sherlock is a trembling gay flower petal, John is a golden god of sex, First Time, Unresolved Sexual Tension, Resolved Sexual Tension, Hand Jobs, Blow Jobs, Frottage, Masturbation, Age of Sail, Regency, Threats of Violence, Threats of sexual violence, Angst with a Happy Ending, THIS STORY WILL HAVE THE HAPPIEST ENDING YOU CAN POSSIBLY STOMACH, but there will be angst and conflict along the way, and also lots and lots of sex;English;2014-06-05;Updated;2016-08-21;240441;34/?;4445;3776;1010;97683
900516;A Terrific Soporific;Teen And Up Audiences;M/M;Sherlock (TV), Sherlock Holmes & Related Fandoms;Sherlock Holmes/John Watson;Sherlock Holmes, John Watson;Fluff, Insomnia, Accidental Cuddling, Sharing a Bed, Sleepy Cuddles, Sherlock Experiments on John, Sleep Deprivation;English;2013-07-27;Completed;2013-07-27;11269;1/1;211;3771;981;50682
380775;Mummy, No Thank You;Explicit;M/M;Sherlock (TV), Sherlock Holmes & Related Fandoms;Sherlock Holmes/John Watson;Sherlock Holmes, John Watson, Mycroft Holmes, Mummy (Sherlock), Mrs. Hudson, Harry Watson;Alpha/Beta/Omega Dynamics, Case Fic, Knotting, Rimming, Dubious Consent, Mpreg, Comedy, Arranged Marriage, Omegaverse;English;2012-04-11;Completed;2012-04-11;19918;9/9;193;3766;1114;104259
158749;Release;Explicit;M/M;Sherlock (TV);Sherlock Holmes/John Watson;Sherlock Holmes, John Watson;Anal Sex, Oral Sex, Hand Jobs, Fingerfucking, Orgasm Delay/Denial;English;2011-02-02;Completed;2011-02-02;3845;1/1;108;3729;761;112744
627442;The Pretence of an Unacknowledged Truth;Explicit;M/M;Sherlock (TV);Sherlock Holmes/John Watson;Sherlock Holmes, John Watson, Mycroft Holmes, Mummy (Sherlock);Omega Verse, Alpha/Beta/Omega Dynamics, Knotting, Mildly Dubious Consent, First Time, Mating Cycles/In Heat, Unresolved Sexual Tension;English;2013-01-06;Completed;2013-02-09;28130;6/6;169;3679;885;77776
518235;In which John is a cuddly, BAMF assassin.;Teen And Up Audiences;M/M;Sherlock (TV), Sherlock Holmes & Related Fandoms;Sherlock Holmes/John Watson;Sherlock Holmes, John Watson, Greg Lestrade, Jim Moriarty;BAMF!John, BAMF!Sherlock, Alternate Universe, assassin!john, (But not in a dark way), Predator/Prey flirtation, (But not the scary kind), Spoilers for A Study in Pink (S01E01), Some sexual innuendo, Slightly morally ambiguous characters (but only slightly), Crack, Weird Courtship;English;2012-09-21;Completed;2012-09-21;10768;1/1;160;3674;1082;56843
346797;To Sleep, Perchance to Smother Your Flatmate with a Pillow;General Audiences;Gen, M/M;Sherlock (TV);Sherlock Holmes & John Watson, Sherlock Holmes/John Watson;Sherlock Holmes, John Watson;Johnlock if you want it to be, but works fine as gen, Sherlock never shuts up, John Watson is the most put-upon man in all of London, Fluff, for science, Pre-Slash;English;2012-02-25;Completed;2012-02-25;5308;1/1;167;3671;629;134458
138632;Seventeen Letters;General Audiences;M/M;Sherlock (TV);Sherlock Holmes/John Watson;;;English;2010-12-11;Completed;2010-12-11;2357;1/1;263;3669;718;56322
171013;Unconventional Decor;Teen And Up Audiences;M/M;Sherlock (TV), Sherlock Holmes & Related Fandoms;Sherlock Holmes/John Watson;Sherlock Holmes, John Watson;Sherlock is logical, Sherlock can defeat angst with logic, John is sensible, Fluff;English;2011-03-16;Completed;2011-03-16;3419;1/1;138;3647;745;null
877869;The Dragon's Soldier;Mature;M/M;Sherlock (TV), Sherlock Holmes & Related Fandoms;Sherlock Holmes/John Watson, Mycroft Holmes/Greg Lestrade;John Watson, Sherlock Holmes, Mycroft Holmes, Greg Lestrade, Harry Watson;Dragons, Smauglock, sort of, Dragonlock, Johnlock - Freeform, War, Action/Adventure, Romance, Fluff and Angst, Eventual Smut, Hurt/Comfort, Past Rape/Non-con, Abuse, Past Abuse;English;2013-07-10;Updated;2016-09-02;143877;35/50;2102;3626;885;85185
609765;John Watson's Twelve Days of Christmas;Mature;M/M;Sherlock (TV);Sherlock Holmes/John Watson;Sherlock Holmes, John Watson, Mycroft Holmes, Mrs. Hudson, Jim Moriarty;Christmas;English;2012-12-26;Completed;2013-02-06;53464;14/14;1005;3598;1277;73306
531662;Northwest Passage;Explicit;M/M;Sherlock (TV), Sherlock Holmes & Related Fandoms;Sherlock Holmes/John Watson;Sherlock Holmes, John Watson, Mycroft Holmes, Molly Hooper, Original Characters;AU, PTSD, Mention of drug addiction, Emotional Hurt/Comfort, Explicit Sexual Content, Anal Sex, Oral Sex, Rimming, Porn With Plot, Angst, Description of previous torture, BAMF!John, Canadian!John, Subtle D/s overtones but no BDSM, minor descriptions of hunting for food;English;2012-10-08;Completed;2012-10-14;95159;27/27;1693;3592;1572;122055
967579;The Trust;Mature;M/M;Sherlock (TV);Sherlock Holmes/John Watson;Sherlock Holmes, John Watson, Harry Watson, Mycroft Holmes, Molly Hooper, Anthea (Sherlock), Mummy (Sherlock), Greg Lestrade;Omega John Watson, Alpha/Beta/Omega Dynamics, Alpha Sherlock, Alpha Mycroft, Alpha Greg, Knotting, Dubious Consent, talks of mpreg, Violence, Alpha Sebastian Moran, Possessive Behavior, Love, Family, Hurt/Comfort, shoot outs, Protective Mycroft, BAMF John, Omega Verse, Alpha Omega politics, Drunk Sex, Non-Consensual Drug Use, Rough Sex, Kissing, Bonding, Forced Bonding, Attempted Rape, Attempted Rape/Non-Con, Sexual Harassment, Abuse, Omega Moriarty;English;2013-09-15;Completed;2015-03-31;140887;55/55;1889;3584;700;130859
403407;Strays;Mature;M/M;Sherlock (TV);Sherlock Holmes/John Watson;;First Time, Alternate Universe;English;2012-05-13;Completed;2012-05-13;13053;1/1;95;3583;994;60455
331636;We Go Anywhere But To The Ground;Mature;M/M;Sherlock (TV);Sherlock Holmes/John Watson;Sherlock Holmes, John Watson;Suicidal Thoughts, Suicide Attempt, Temporary Character Death, Post Reichenbach;English;2012-02-02;Completed;2012-02-02;24623;1/1;281;3558;1371;107210
322377;Finding John;Teen And Up Audiences;M/M;Sherlock (TV);Sherlock Holmes/John Watson, Greg Lestrade/Mycroft Holmes;Sherlock Holmes, John Watson, Greg Lestrade, Mycroft Holmes;kink_meme, Soul Bond AU, soul mates, Symbolic Rings, AU, Study in Pink;English;2012-01-17;Completed;2012-01-17;5456;1/1;68;3523;646;96689
2364500;Speaker for the Bees;Mature;M/M;Sherlock (TV), Sherlock Holmes & Related Fandoms;Sherlock Holmes/John Watson;Sherlock Holmes, John Watson, Greg Lestrade;Deaf Sherlock, deafness, hearing loss, Sign Language, Friends to Lovers, First Kiss, Fluff;English;2014-09-27;Completed;2014-10-11;14649;3/3;447;3507;1225;35129
676044;Red Queen to Overwatch;Mature;M/M;James Bond (Movies), James Bond (Craig movies), James Bond - All Media Types, Sherlock (TV), Sherlock Holmes & Related Fandoms;James Bond/Q;James Bond, Q (Bond - Craig movies), Alec Trevelyan, Sherlock Holmes, Mycroft Holmes, John Watson, Mummy (Sherlock), Bill Tanner, Gareth Mallory, Original Characters;Developing Relationship, Alternate Universe - Canon Divergence, Fluff, Angst, Humor;English;2013-02-08;Completed;2013-02-23;86175;19/19;968;3473;1284;87154
375433;"Alternate and Missing Scenes from ""A Cure for Boredom""";Explicit;M/M, F/M;Sherlock (TV), Sherlock Holmes & Related Fandoms;Sherlock Holmes/John Watson, John Watson/Others, Sherlock Holmes/others;;Missing Scene, Masturbation, Blow Jobs, Porn Watching, Voyeurism, alternate POV, Sex Club, Partner sharing, Mild D/s, Het and Slash, Threesome - F/M/M, Threesome - F/F/M, Double Penetration, Dirty Talk, Drug Use, Dubious Consent, Anal Sex, Anal Play, mild bondage;English;2012-04-04;Updated;2014-04-09;85445;17/?;1361;3448;870;125007
501020;Notes;General Audiences;M/M;Sherlock (TV), Sherlock Holmes & Related Fandoms;Sherlock Holmes/John Watson;Sherlock Holmes, John Watson;Fluff, Sherlock's version of handwriting analysis;English;2012-09-01;Completed;2012-09-01;2756;1/1;127;3383;567;44530
952093;The Radovljica Apicultural Museum;Teen And Up Audiences;M/M;Sherlock (TV);Sherlock Holmes/John Watson;Sherlock Holmes, John Watson;Oliver Watson-Holmes, Parentlock;English;2013-09-02;Completed;2013-09-02;4540;1/1;313;3365;204;54471
335602;Reignite;Teen And Up Audiences;F/M, M/M;Sherlock (TV);Sherlock Holmes/John Watson, Mary Morstan/John Watson;;Kid Fic, Minor Character Death;English;2012-02-09;Completed;2012-02-09;9466;1/1;240;3361;891;73745
334579;Battle of Bakerloo;General Audiences;M/M;Sherlock (TV);Sherlock Holmes/John Watson;Sherlock Holmes, John Watson, Lestrade (Inspector), Mrs. Hudson;Sherlock is a not-so-secret cuddler;English;2012-02-07;Completed;2012-02-07;1494;1/1;123;3322;708;43405
1149548;Sheets;Explicit;M/M;Sherlock (TV), Sherlock Holmes & Related Fandoms;Sherlock Holmes/John Watson, Mary Morstan/John Watson;;series 3 spoilers, The Sign of Three, Fix-It, Angst, Romance, Infidelity, Drunkenness;English;2014-01-23;Completed;2014-01-23;5733;1/1;314;3300;639;48266
219934;Evidence of Human Life;Explicit;M/M;Sherlock (TV);Sherlock Holmes/John Watson;Sherlock Holmes, John Watson;Possessive Sherlock, Mental Health Issues, Rough Sex, nonverbal and potentially triggering navigation of consent, Dubious Consent;English;2011-07-06;Completed;2011-07-06;16906;1/1;332;3288;1437;122219
155647;Home;Explicit;M/M;Sherlock (TV);Sherlock Holmes/John Watson;Sherlock Holmes, John Watson;First Time, Romance;English;2011-01-24;Completed;2011-01-24;3397;1/1;183;3283;711;69179
1042843;Evening Ride;Explicit;M/M;Sherlock (TV);Sherlock Holmes/John Watson;Sherlock Holmes, John Watson;Groping, Frottage, Humiliation kink, Humiliation, Public Sex, Come play, Consent Issues, just because sex in public always involves consent issues, with the public;English;2013-11-13;Completed;2013-11-13;8632;1/1;279;3274;1082;52721
499959;The Thing Is;Explicit;M/M;Sherlock Holmes & Related Fandoms, Sherlock (TV), BBC Sherlock;Sherlock Holmes/John Watson;Sherlock Holmes, John Watson, Greg Lestrade, Mycroft Holmes, Mrs Hudson;Developing Relationship, Slash, Anal Sex, Oral Sex, Case Fic, Sherlock approaches a relationship about the way you'd expect, Mycroft is constitutionally incapable of minding his own business, John puts up with a lot to say the least, Drama, Romance, Humor, Nitroglycerine as an explosive, Ask in the comments if you have concerns about specific triggers;English;2012-08-30;Completed;2013-10-20;56743;21/21;1018;3273;1156;114803
589955;Strontium Chloride Red and Other Colours;Teen And Up Audiences;M/M;Sherlock (TV), Skyfall (2012), James Bond (Craig movies);James Bond/Q;James Bond, Q (James Bond), Sherlock Holmes, Mycroft Holmes;Brothers, Humor, Developing Relationship, Kidnapping, Texting, Addiction, Christmas Dinner, Disordered Eating Practices;English;2012-12-11;Completed;2012-12-11;5497;1/1;144;3267;722;47186
930855;Heart On A String;Explicit;M/M;Sherlock (TV), Sherlock Holmes & Related Fandoms;Sherlock Holmes/John Watson, Mary Morstan/John Watson;Sherlock Holmes, John Watson, Mary Morstan, Harry Watson, Mycroft Holmes;First Time, Infidelity, mentions of recreational drug use, Angst, Fluff, Kidlock, Teenlock, First Kiss, Alternate Universe;English;2013-08-18;Completed;2013-08-18;23253;1/1;303;3266;967;48303
556532;The Moment Pleasantly Frightful;Mature;M/M;Sherlock (TV), Sherlock Holmes & Related Fandoms;Sherlock Holmes/John Watson;John Watson, Sherlock Holmes, Greg Lestrade, Mycroft Holmes, Sarah Sawyer, Dimmock (Inspector), Molly Hooper, Harry Watson;Angst, Fluff, Post-Traumatic Stress Disorder, Sexual Content, Minor Violence, References to Suicide, Mild Gore, First Time, Sexual Tension, Blow Jobs, Frottage;English;2012-11-07;Completed;2012-11-07;17238;1/1;203;3213;1005;67014
1229038;Best of Three;Explicit;M/M;Sherlock (TV);Sherlock Holmes/John Watson;Sherlock Holmes, John Watson;Porn, Silly wagers, Rimming, Denial, Anal Sex, Really a lot of porn, POV John Watson, Post HLV, Porn With Feels;English;2014-02-24;Completed;2014-02-24;17473;1/1;492;3203;1056;75330
871301;Thirst;Explicit;M/M;Sherlock (TV);Sherlock Holmes/John Watson;John Watson, Sherlock Holmes, Jim Moriarty, Greg Lestrade, Anderson (Sherlock), Sarah Sawyer, Sally Donovan;POV John Watson, Slash, Sexual Content, Angst, Pining, Unresolved Sexual Tension, Masturbation, PTSD, Sexual Fantasy, First Kiss, First Time, John has a lot of nightmares, Resolved Sexual Tension, Pining John, Post The Great Game, Frottage, Friends to Lovers, Explicit Sexual Content, BAMF John, Mildly Dubious Consent, Hurt/Comfort, Oral Sex, Sherlock fails at consent, Rain Sex, Voice porn, John is loud, Sherlock's voice is sex, Rimming, Fingerfucking, Anal Fingering, Voice Kink, Dirty Talk, john has a filthy mouth, Jam, Case Fic, John Watson Loves Baths, John Watson's Blog, Bathtubs, Bathtub Sex, Bath Sex, Psychological Torture, Mild Gore, Canon-Typical Violence, Some graphic depictions of violences, Fluff, Anal Sex, Slow Build, Slow Burn;English;2013-07-05;Completed;2014-07-04;122257;18/18;1265;3173;1214;100567
990555;Bloody But Unbowed;Explicit;M/M;Sherlock (TV);Sherlock Holmes/John Watson, Mary Morstan/John Watson;Sherlock Holmes, John Watson;Angst, Abduction, Kidnapping, Mild torture, Post-Reichenbach, Friends to Lovers, Hurt/Comfort, Rimming;English;2013-10-04;Completed;2013-11-29;43211;8/8;830;3162;956;75463
472711;The Detective and the Pin-Up;Teen And Up Audiences;M/M;Sherlock (TV);Sherlock Holmes/John Watson;Sherlock Holmes, John Watson, Greg Lestrade, Sally Donovan, Anderson (Sherlock);Romance, Humor, sexy!john, First Time, First Kiss;English;2012-07-30;Completed;2012-07-30;15683;10/10;245;3132;1080;58687
744242;The Bang and the Clatter;Mature;M/M;Sherlock (TV);Sherlock Holmes/John Watson;Sherlock Holmes, John Watson, Greg Lestrade, Mrs. Hudson, Anthea (Sherlock), Mycroft Holmes, Sally Donovan, Harry Watson, Jim Moriarty, Irene Adler, Dimmock (Inspector), Anderson (Sherlock), Molly Hooper;AU, Baseball;English;2013-04-01;Completed;2013-09-20;137048;37/37;3887;3106;959;100971
358647;What The Fuck Happened Last Night?;Explicit;M/M;Sherlock (TV);Sherlock Holmes/John Watson, Sherlock Holmes & John Watson;Sherlock Holmes, John Watson;Alcohol, Handcuffs, First Time, First Kiss, Light Bondage, Drunkenness, Drunk Sex, Biting, Rough Sex;English;2012-03-08;Completed;2012-03-21;13025;2/2;153;3105;706;93312
1538393;The Six Steps of Courtship;Explicit;M/M;Sherlock (TV);Sherlock Holmes/John Watson;Sherlock Holmes, John Watson, Greg Lestrade, Sally Donovan;Alpha/Beta/Omega Dynamics, murders, Alpha John, Omega Sherlock, Courtship, Kissing, Frottage, Anal Sex, Bonding, Knotting, Casefic but the focus is the relationship, Largely fluff, Mpreg;English;2014-04-28;Completed;2014-05-23;28504;7/7;368;3070;631;51264
396130;Darkling, I Listen;Teen And Up Audiences;M/M;Sherlock (TV), Sherlock Holmes & Related Fandoms;Sherlock Holmes/John Watson;Sherlock Holmes, John Watson, Jim Moriarty;Alternate Universe - Supernatural, Alternate Universe - Fairy Tale, Loosely Based on Beauty and the Beast, Magical Realism, Mention of body parts, Corspes, creepiness, Romance, Minor Character Deaths, Suicide and Suicidal Themes, Translation Available, Podfic Available;English;2012-05-02;Completed;2016-03-14;73254;8/8;1117;3052;1583;198794
488939;Cooperative Principle;Explicit;M/M;Sherlock (TV);Sherlock Holmes/John Watson;John Watson, Sherlock Holmes, Mike Stamford, Molly Hooper, Greg Lestrade, Mycroft Holmes, Bill Murray (Sherlock), Mrs. Hudson, Bill's wife (here known as Jessica), therapists - Character;the giant angsty porn fic of angst and porn, John Watson as a teacher, Sherlock Holmes as himself, porn as porn, psychosomatic limp as a bloody nuisance, warnings for dubcon territory, also for PTSD and panic attacks, gratuitous coat porn, also voice porn, mostly just porn, and then angst, Lots of Angst, hell--mostly just angst;English;2012-08-17;Completed;2012-09-06;56005;8/8;706;3046;1126;100263
118471;that thing you like;Explicit;M/M;Sherlock (TV);Sherlock Holmes/John Watson;Sherlock Holmes, John Watson, Mycroft Holmes, Mummy (Sherlock);;English;2010-09-18;Completed;2010-09-18;7165;1/1;132;3043;691;80767
2685035;Empathy;Teen And Up Audiences;M/M;Sherlock (TV), Sherlock Holmes & Related Fandoms;Sherlock Holmes/John Watson;Sherlock Holmes, John Watson;Post-Reichenbach, Not Season/Series 03 Compliant, Angst, Angst with a Happy Ending, Psychic Abilities, Psychic Bond, Alternate Universe - Canon Divergence, Psychic John, Empathy, BAMF John, Disturbing Themes;English;2014-11-28;Completed;2014-11-28;35739;4/4;174;3018;978;31504
252863;The Important Bit;General Audiences;Gen, M/M;Sherlock (TV);Sherlock Holmes/John Watson;Sherlock Holmes, John Watson, Lestrade (Inspector);Asexual!Sherlock, Platonic Relationship, Amarriage, Marriage, Same-Sex Marriage, Bromance, Domestic;English;2011-09-13;Completed;2011-09-17;9984;7/7;200;3008;889;56990
170636;Sink Like a Stone;Teen And Up Audiences;M/M;Sherlock (TV);Sherlock Holmes/John Watson;Sherlock Holmes, John Watson;Angst, Dark, Cuddling and Snuggling, Kissing;English;2011-03-15;Completed;2011-03-15;4348;1/1;375;3006;816;74315
454584;Walking Together;Teen And Up Audiences;M/M;Sherlock (TV);Sherlock Holmes/John Watson, Mycroft Holmes/Greg Lestrade, Sarah Sawyer/John Watson;Sherlock Holmes, John Watson, Mycroft Holmes, Greg Lestrade, Lestrade (Sherlock Holmes), Sarah Sawyer, Sally Donovan;Soul Bond, Soulmates, Alternate Universe - Soulmates, Telepathic Bond;English;2012-07-08;Completed;2014-02-22;101407;84/84;653;2978;814;160366
246635;Dehumanise Me;Explicit;M/M;Sherlock (TV);Sherlock Holmes/John Watson;;Alternate Universe - Prison, Dubious Consent;English;2011-08-29;Completed;2011-09-06;26898;6/6;127;2972;756;75252
184275;There's A First Time For Everything;Explicit;M/M;Sherlock (TV), Sherlock Holmes & Related Fandoms;Sherlock Holmes/John Watson;Sherlock Holmes, John Watson, Lestrade (Inspector);;English;2011-04-15;Completed;2011-04-15;21165;1/1;176;2963;1072;81595
1149182;Lines Written In Kensington Gardens;Explicit;M/M;Sherlock (TV);Sherlock Holmes/John Watson;Sherlock Holmes, John Watson, Mycroft Holmes, Greg Lestrade, Mary Morstan, Mrs. Hudson;Angst, Romance, First Time, Hurt/Comfort, Friends to Lovers, Character Death, Post S3, Episode: s03e03 His Last Vow;English;2014-01-23;Completed;2014-01-23;6120;1/1;198;2935;697;27765
1665575;A Second Chance;Explicit;M/M;Sherlock (TV);Sherlock Holmes/John Watson, Sherlock Holmes & John Watson;Sherlock Holmes, John Watson, Greg Lestrade, Sally Donovan, Philip Anderson, Mrs. Hudson;Light Angst, Fluff, Smut, Sappy, Happy Ending, Mushy, Romance, mooning series three Sherlock, adoring series one John, First Time, Bisexual John, Oral Sex, Anal Sex, Bottom Sherlock Holmes, Top John Watson, though it's later implied they switch back and forth, Alternate Timelines, Crossing Timelines, Ambiguous/Open Ending;English;2014-05-21;Completed;2014-05-21;13160;1/1;279;2914;931;41801
406543;Bromance Isn't Dead;General Audiences;Gen, M/M;Sherlock (TV), Sherlock Holmes & Related Fandoms;Sherlock Holmes/John Watson, Greg Lestrade & John Watson, Greg Lestrade/OFC;Sherlock Holmes, John Watson, Greg Lestrade;Fluff, Friendship, Male Friendship, Crack;English;2012-05-17;Completed;2012-05-17;1406;1/1;116;2876;968;37538
799184;Loosed Reins;Explicit;M/M;Sherlock (TV), Sherlock Holmes & Related Fandoms;Sherlock Holmes/John Watson;Sherlock Holmes, John Watson, Greg Lestrade, Mycroft Holmes;Fighting, Arguing about feelings, BAMF!John, Sherlock is not asexual he's just extrapolating from a single data point, Explicit Consent, Safer Sex, Power Dynamics, John insists on adult communication in a relationship, Absolutely no dubcon, John Watson's magical wang doesn't solve problems, talking does;English;2013-05-11;Completed;2013-07-19;35095;11/11;763;2796;717;61491
323029;Leave the Signs and the Sirens;General Audiences;M/M;Sherlock (TV);Sherlock Holmes/John Watson;Sherlock Holmes, John Watson, Mycroft Holmes, Lestrade (Inspector);;English;2012-01-19;Completed;2012-01-19;24574;1/1;322;2793;845;64072
390146;The Orchard;Explicit;M/M;Sherlock (TV);Sherlock Holmes/John Watson;Sherlock Holmes, John Watson, Greg Lestrade;Anal Sex, Oral Sex, Alternate Universe - Prostitution, Case Fic, Humour, Mildly Dubious Consent;English;2012-04-23;Completed;2012-04-23;10023;1/1;196;2792;581;50673
158751;I Just Had Sex;Teen And Up Audiences;M/M;Sherlock (TV);Sherlock Holmes/John Watson;Sherlock Holmes, John Watson, Mrs. Hudson;Humor, Crack;English;2011-02-02;Completed;2011-02-02;916;1/1;160;2792;379;56216
1397611;A Study in Strays;Mature;M/M;Sherlock (TV);Sherlock Holmes/John Watson;John Watson, Sherlock Holmes, Mrs. Hudson, Mycroft Holmes, Greg Lestrade;Alternate Universe, Supernatural Elements, Animal Transformation, Curses, Catlock, First Time, Cuddling & Snuggling;English;2014-03-31;Completed;2014-04-16;30926;3/3;178;2786;787;26817
518303;The River Variations;Teen And Up Audiences;M/M;Sherlock (TV), Sherlock Holmes & Related Fandoms;Sherlock Holmes/John Watson, Sherlock Holmes & John Watson;Sherlock Holmes, John Watson, Greg Lestrade;Hurt/Comfort, Emotional Hurt/Comfort, Fluff, how do I even tag this story correctly?, three garridebs, Near Death Experience, Romance, some case fic in here IDK, Overuse of italics, Soulmates;English;2012-09-21;Completed;2012-09-21;11619;1/1;327;2779;1133;82233
301550;Level 65 Paladin Looking for Group;Teen And Up Audiences;;Sherlock (TV);;Sherlock Holmes;;English;2011-12-24;Completed;2011-12-24;10027;1/1;118;2776;849;37274
495747;A Beginner's Guide to Apiology.;Mature;F/M, M/M;Sherlock (TV), Sherlock Holmes & Related Fandoms;Sherlock Holmes & John Watson, Sherlock Holmes/John Watson, Mary Morstan/John Watson;;Friendship, Love, Bees & Beekeeping, Old Age, Dreamy sexytimes, a bit angsty, John is everyone's soulmate, Sherlock is a grump, What else is new, Magical Realism, Alternate Universe;English;2012-08-25;Completed;2012-08-25;10952;1/1;315;2769;1094;50368
366227;Mental;Explicit;M/M;Sherlock (TV);Sherlock Holmes/John Watson;;;English;2012-03-20;Completed;2012-03-20;18128;1/1;283;2768;878;52852
1614890;The Frost Is All Over;Explicit;M/M;Sherlock (TV);Sherlock Holmes/John Watson;Sherlock Holmes, John Watson, Mycroft Holmes, Jim Moriarty, Mike Stamford, Molly Hooper;Pining, Love, sexual awakening, Virginity, Implied/Referenced Child Abuse, Implied/Referenced Rape/Non-con, Period-Typical Homophobia, Major Illness, Teenlock, OC/minor character death;English;2014-05-16;Completed;2014-06-22;148518;21/21;1552;2760;1206;61682
962021;The Norwood Love Builders;Teen And Up Audiences;M/M;Sherlock (TV), Sherlock Holmes & Related Fandoms;Sherlock Holmes/John Watson;;Fake/Pretend Relationship;English;2013-09-10;Completed;2013-10-04;47798;9/9;279;2759;917;52561
1281496;On the Losing Side;Explicit;M/M;Sherlock (TV);Sherlock Holmes/John Watson;Sherlock Holmes, John Watson;Misunderstandings, Pining, Mildly Dubious Consent, Anal Sex, Oral Sex, First Time, First Kiss, Angst;English;2014-03-07;Completed;2014-03-07;8210;1/1;159;2756;808;38071
366850;Five Years Prior;Teen And Up Audiences;M/M;Sherlock (TV);Sherlock Holmes/John Watson;Greg Lestrade, Sally Donovan, Anderson (Sherlock), Mycroft Holmes, Anthea (Sherlock);mild AU;English;2012-03-21;Completed;2012-04-06;19153;8/8;188;2744;854;55806
225492;In Which John is a BAMFy MoFo, OMG!;Teen And Up Audiences;Gen;Sherlock (TV);;Sherlock Holmes, John Watson;Ensemble Cast, Humor;English;2011-07-18;Completed;2011-07-18;1835;1/1;90;2741;696;32663
1014894;undo, unravel, unwind;Explicit;M/M;Sherlock (TV), Sherlock Holmes & Related Fandoms;Sherlock Holmes/John Watson;;BDSM, Orgasm Delay/Denial, Consensual Kink, Established Relationship, Dirty Talk, Size Difference, Size Kink, sort of, romantic BDSM, Fluff and Smut, Plot What Plot/Porn Without Plot, Possessive Sherlock, Bondage;English;2013-10-23;Completed;2013-10-23;3313;1/1;129;2740;677;68182
1113600;Magnificent;Teen And Up Audiences;M/M;Harry Potter - J. K. Rowling, Sherlock (TV);Mycroft Holmes/Harry Potter;Harry Potter, Mycroft Holmes, Apolline Delacour, Kingsley Shacklebolt, Sherlock Holmes, Teddy Lupin;Alternate Universe, Crossover, Crossover Pairings;English;2014-01-01;Completed;2014-01-01;19477;1/1;77;2735;889;44762
1150104;Luminosity;General Audiences;M/M;Sherlock (TV);Sherlock Holmes/John Watson;;Sherlock Series 3 Spoilers,  | Translation in Chinese;English;2014-01-24;Completed;2014-01-24;2466;1/1;327;2732;625;24690
369152;Bitter and So Sweet;Explicit;M/M;Sherlock (TV);Sherlock Holmes/John Watson;Sherlock Holmes, John Watson, Lestrade (Inspector), Anderson (Sherlock);Fluff, Romance, Declarations Of Love, so many feelings, and porn;English;2012-03-25;Completed;2012-03-25;5369;1/1;96;2723;686;56256
628089;With Eyes Wide Open;Mature;M/M;Sherlock (TV);Sherlock Holmes/John Watson;Sherlock Holmes, John Watson, Mycroft Holmes, Anderson (Sherlock), Mrs. Hudson, Molly Hooper, Greg Lestrade;Magic Realism, POV Outsider, First Kiss, Sherlock has feelings, Glossed sexual situations, Developing Relationship, A little bit of bondage, POV Multiple;English;2013-01-07;Completed;2013-01-07;8048;1/1;146;2721;726;35984
918903;A Marriage of Convenience;Explicit;M/M;Sherlock (TV), Sherlock Holmes & Related Fandoms;Sherlock Holmes/John Watson, Sherlock Holmes & John Watson;Sherlock Holmes, John Watson, John Watson's Father, Mycroft Holmes, Greg Lestrade, Anthea (Sherlock), Molly Hooper, Jim Moriarty, Irene Adler, Henry Knight;Marriage of Convenience, Arranged Marriage, Alternate Universe, Alpha/Beta/Omega Dynamics, Omega Verse, Alpha Sherlock, Omega John, Alternate Universe - Regency, Regency Romance, Mpreg, Jealousy, Jealous John, Omegaverse, Angst, Whump, Fluff, Smut;English;2013-08-09;Completed;2014-01-07;43116;24/24;593;2720;560;94856
120495;The Case of the Unwelcome Owl;General Audiences;Gen;Sherlock - Fandom, Harry Potter - Rowling;;Sherlock Holmes, John Watson, Luna Lovegood;Crossover;English;2010-09-24;Completed;2010-09-24;7198;1/1;175;2715;607;48021
402248;To Show You a Night;Explicit;M/M;Sherlock (TV), Sherlock Holmes & Related Fandoms;Sherlock Holmes/John Watson;Sherlock Holmes, John Watson;Smut, Anal Sex, Anal, Sensory Deprivation, Blindfolds, Bondage, Dirty Talk, Forced Orgasm;English;2012-05-11;Completed;2012-05-11;3731;1/1;136;2700;471;46723
494186;A Bonding Experience;Explicit;M/M;Sherlock (TV);Sherlock Holmes/John Watson;Sherlock Holmes, John Watson, Lestrade (Sherlock Holmes), Sally Donovan;High School AU, Alpha/Beta/Omega Dynamics, Omegaverse, Alpha!Sherlock, Omega!John, Teacher-Student Relationship, Technically John is underage, Fluff, Sherlock On a Case, dub con;English;2012-08-23;Completed;2012-08-23;8357;1/1;80;2693;529;67086
472183;In Which Neither Coulson nor Sherlock are Dead (and John sort of joins the Avengers);Teen And Up Audiences;F/M, M/M;Sherlock (TV), The Avengers (2012);Pepper Potts/Tony Stark, Sherlock Holmes/John Watson, Bruce Banner/Betty Ross, Natasha Romanova/Matt Murdock, Jane Foster/Thor;Mycroft Holmes, Sherlock Holmes, John Watson, Nick Fury, Clint Barton, Steve Rogers, Bruce Banner, Natasha Romanova, Tony Stark, Thor (Marvel), Phil Coulson, Peggy Carter, Betty Ross, Pepper Potts, Jane Foster, Agent Maria Hill, Happy Hogan, Matt Murdock;Crossover, mentions of Doctor Who, oh and Men in Black, Post Reichenbach, Coulson isn't dead, Mycroft is all knowing, Fury tries to blackmail John, and fails, John and Coulson are BAMFs, the Avengers aren't impressed, until they are, knitted jumpers ftw, tea wars;English;2012-07-29;Completed;2013-04-03;43358;26/26;890;2680;922;82942
374186;A Study in Doubles;Explicit;M/M;Sherlock (TV);Sherlock Holmes/John Watson;Sherlock Holmes, John Watson, Greg Lestrade, Jim Moriarty;Tennis, AU, Sequel;English;2012-04-02;Completed;2013-05-14;98631;16/16;1013;2672;430;100164
3649620;Promised;Explicit;M/M;Sherlock (TV);Sherlock Holmes/John Watson, Sherlock Holmes & John Watson, (Minor) Mycroft Holmes/Greg Lestrade;Sherlock Holmes, John Watson, Mycroft Holmes, John Watson's Parents, Sherlock Holmes' Parents, Greg Lestrade, Irene Adler;Arranged Marriage, Promised Bond Mates, Alpha Sherlock, Omega John, Alpha/Beta/Omega Dynamics, Self-Hatred, Mating Cycles/In Heat, Dubious Consent, Mpreg, Misunderstandings, Jealousy, Possessive Sherlock, Aggressive John, Scenting, Slight OOC, Love/Hate, Falling In Love, Secrets, Trust Issues, Loss of Trust, Virgin Sherlock, Virgin John, Loss of Virginity, Hurt/Comfort, Suspicion of infidelity, no infidelity, Heartbroken Sherlock, Heartbroken John, John responds badly, Heavy Angst, Separation Anxiety, Eventual Happy Ending, submissive Sherlock, omega virgin bleeding, Sherlock Is Bad At Flirting, Good/Bad Mycroft, identity crisis, Miscarriage, an unconventional romance, Conflicted John, Sherlock is a Saint, Pining Sherlock, Other Additional Tags to Be Added, Deleted Memories;English;2015-03-31;Updated;2016-04-16;161521;37/?;1153;2664;464;78747
330511;The Things You Hide *Adult Edition*;Explicit;M/M;Sherlock (TV);Sherlock Holmes/John Watson;Sherlock Holmes, John Watson;Fluff, Porn, First Time, Romance, Excessive Fluff, Really very rude indeed, Drunk!Sherlock;English;2011-10-09;Completed;2012-01-31;10281;2/2;169;2665;718;55551
384089;Perchance to Dream;Explicit;M/M;Sherlock (TV), Sherlock Holmes & Related Fandoms;Sherlock Holmes/John Watson;;Light BDSM, top!John, Bottom!Sherlock, wet dreams, Anal Sex, Oral Sex, PWP, Not even a little bit of plot, Slight fantasy element, Dream hopping, And the award for porniest fic I've ever written goes to...;English;2012-04-15;Completed;2012-04-15;7213;1/1;71;2656;502;51135
1129596;A Very Sherlock Musical;Teen And Up Audiences;M/M;Sherlock (TV), Sherlock Holmes & Related Fandoms;Sherlock Holmes/John Watson;;musical AU;English;2014-01-10;Completed;2014-01-10;11980;1/1;250;2648;811;32584
610082;Their Great Reward;Teen And Up Audiences;M/M;Sherlock (TV);Sherlock Holmes/John Watson;Sherlock Holmes, John Watson, Harry Watson;Unresolved Sexual Tension, First Kiss, festive fluff, Snowfall, powercut;English;2012-12-26;Completed;2012-12-26;10095;1/1;172;2643;584;46902
214307;Full;Explicit;M/M;Sherlock (TV);Sherlock Holmes/John Watson;;First Time, Size Kink, Sex Toys, Anal Sex, Plot What Plot, Virginity;English;2011-06-22;Completed;2011-06-22;4949;1/1;110;2641;421;82111
383984;Random Numbers;Teen And Up Audiences;M/M;Sherlock (TV), Sherlock Holmes & Related Fandoms;Sherlock Holmes/John Watson, Sherlock Holmes & John Watson;Sherlock Holmes, John Watson, Greg Lestrade;Asexual!Sherlock, Straight!John, Fluff, Cuddling and Snuggling, Massage, Holding Hands, Asexuality, Asexual Relationship, Romantic Friendship;English;2012-04-15;Completed;2012-04-15;1671;1/1;126;2632;423;39333
379253;Just A Little;Explicit;M/M;Sherlock (TV);Sherlock Holmes/John Watson;Sherlock Holmes, John Watson;First Time, PWP, Frottage, Masturbation, Fingerfucking;English;2012-04-09;Completed;2012-04-09;1390;1/1;221;2610;611;63402
242865;as you consume the longitudes;Explicit;F/M, M/M;Sherlock (TV);Sherlock Holmes/John Watson, Sarah Sawyer/John Watson;;Angst, Unrequited Love, Happy Ending;English;2011-08-21;Completed;2011-08-21;3936;1/1;150;2607;592;null
301718;The Heart In The Whole;Explicit;M/M;Sherlock (TV);Sherlock Holmes/John Watson;Sherlock Holmes, John Watson, Jim Moriarty;Hurt/Comfort, Romance, Drama, First Time, Podfic Available;English;2010-10-29;Completed;2011-05-14;101650;21/21;539;2604;1607;121816
449021;Tremble;Explicit;M/M;Sherlock (TV), Sherlock Holmes & Related Fandoms;Sherlock Holmes/John Watson;Sherlock Holmes, John Watson, Mike Stamford, Mycroft Holmes, Mummy (Sherlock), John Watson's Father, Harry Watson;Omega Verse, Alpha/Beta/Omega Dynamics, Mating Cycles/In Heat, Teenagers, Anal Sex, Biting, Knotting, Omega!Sherlock, Alpha!John, Alternate Universe - Teenagers;English;2012-07-02;Completed;2012-07-02;3959;1/1;99;2604;382;73569
381272;What He Wrote;Explicit;M/M;Sherlock (TV);Sherlock Holmes/John Watson;Sherlock Holmes, John Watson;Texting;English;2012-04-12;Completed;2012-04-12;2431;1/1;208;2603;537;39838
909026;All Things Inherit;Explicit;M/M;Sherlock (TV);Sherlock Holmes/John Watson;Sherlock Holmes, John Watson, Greg Lestrade;Friends to Lovers, Werewolves, sort of, Alternate Universe - Magical Realism, Hurt/Comfort, Emotional Hurt/Comfort, Pack Dynamics, Wolves, Telepathy, john is still an army doctor, Sherlock is still a consulting detective, Frottage;English;2013-08-02;Completed;2013-09-15;53682;6/6;619;2600;995;61474
233651;De Facto;Explicit;M/M;Sherlock (TV);Sherlock Holmes/John Watson;Sherlock Holmes, John Watson;Medical Kink, Sex Toys, Dirty Talk, Weirdness;English;2011-08-03;Completed;2011-08-03;5679;1/1;204;2580;691;78038
696571;Bleed Me Out;Explicit;M/M;Sherlock (TV), Sherlock Holmes & Related Fandoms;Sherlock Holmes/John Watson;Sherlock Holmes, John Watson, Mycroft Holmes, Greg Lestrade;Alternate Universe - Vampire, Alternate Universe - Magical Realism, Magical Realism, Fluff, Fluff and Angst, Hurt/Comfort, Vampire Sherlock, Soul Bond, Bonding, Vampires, Angst, John Whump;English;2013-02-23;Completed;2014-02-01;87987;14/14;736;2579;726;58671
838518;A Twist of Fate;Mature;M/M;Sherlock (TV);Sherlock Holmes/John Watson;Mycroft Holmes, Greg Lestrade;Alpha/Beta/Omega Dynamics, Drug Use, Mpreg, Alternate Universe, Parentlock;English;2013-06-11;Completed;2013-06-26;21103;12/12;369;2573;574;57753
210788;The Blog of Eugenia Watson;General Audiences;M/M;Sherlock (TV);Sherlock Holmes/John Watson, John Watson/OFC;Sherlock Holmes, John Watson, Eugenia Watson, Grace Pepperidge;Kid Fic, Diary/Journal, Blogging, Family, Original Character(s), Humor, Fluff, Teenagers, Slash, Parenthood, Unconventional Families, BBC Sherlock - Freeform, Adoption;English;2011-06-12;Updated;2015-01-14;95026;29/?;488;2573;781;82879
387082;How to Build a Heart out of Ashes;Explicit;M/M, Multi;Sherlock (TV);Sherlock Holmes/John Watson;John Watson, Sherlock Holmes, Greg Lestrade, Molly Hooper, Mrs. Hudson, Mike Stamford, Mycroft Holmes, Anthea (Sherlock), Bill Murray, Sebastian Moran, Irene Adler, Jim Moriarty, Other Characters;Alternate Universe, SOME TRIGGER WARNINGS APPLY, Slow Burn;English;2012-04-20;Completed;2014-03-29;144931;31/31;480;2570;882;62975
1021303;Letters, Resolved;Mature;M/M;Sherlock (TV);Sherlock Holmes/John Watson;Sherlock Holmes, John Watson, Mycroft Holmes, Mrs. Hudson, Greg Lestrade, Molly Hooper;;English;2013-10-28;Completed;2014-01-26;55253;14/14;827;2563;240;37398
395343;Sympathy for the Devil And Mycroft Holmes;General Audiences;Gen, M/M;Sherlock (TV);Sherlock Holmes/John Watson;Mycroft Holmes, Sherlock Holmes, John Watson;Dysfunctional Family, Pre-Slash, Off-Screen Things Are Happening;English;2012-05-01;Completed;2012-05-13;17893;2/2;183;2563;779;48328
203017;The Love Song of Two Idiots;Teen And Up Audiences;M/M;Sherlock (TV);Sherlock Holmes/John Watson;Sherlock Holmes, John Watson;Explicit Language, Crack, Humor;English;2011-05-22;Completed;2011-05-22;7868;1/1;231;2559;600;121039
719697;Through the Clouds;Explicit;M/M;Sherlock (TV);Sherlock Holmes/John Watson;;retirement fic, Sussex, Bees, Antique bathtubs, questionable home improvement, Romance, First Time;English;2013-03-14;Completed;2013-07-03;20004;6/6;661;2553;788;53467
380409;Sell Out;Explicit;M/M;Sherlock (TV), Sherlock Holmes & Related Fandoms;Sherlock Holmes/John Watson;Sherlock Holmes, John Watson;Alpha/Beta/Omega Dynamics, Dubious Consent, Masturbation, Knotting, Voyeurism, Omegaverse;English;2012-04-10;Completed;2012-04-10;4956;1/1;58;2550;412;60533
367174;Most Ghosts Are Idiots;Teen And Up Audiences;Gen;Sherlock (TV);Sherlock Holmes & John Watson;Sherlock Holmes, John Watson, Mycroft Holmes, Mrs. Hudson;Ghosts, Alternate Universe, Alternate Reality, Supernatural Elements, Friendship;English;2012-03-20;Completed;2012-03-20;18243;1/1;283;2548;731;40650
209320;Two Points;Teen And Up Audiences;M/M;Sherlock (TV);Sherlock Holmes/John Watson;Sherlock Holmes, John Watson;;English;2011-06-07;Completed;2011-06-07;2619;1/1;93;2538;383;47118
1325305;Praise Me;Explicit;M/M;Sherlock (TV);Sherlock Holmes/John Watson;Sherlock Holmes, John Watson, Greg Lestrade;Virgin Sherlock, Developing Relationship, Understanding John, Fluff, Angst, POV Sherlock Holmes, Bottom!Sherlock, First Kiss, First Time, Hand Jobs, Public Sex, Blow Jobs, Rimming, Anal Fingering, Anal Sex;English;2014-03-17;Completed;2014-03-17;11813;1/1;162;2538;652;45844
270454;Too Much To Hold;Teen And Up Audiences;M/M;Sherlock (TV);Sherlock Holmes/John Watson;Lestrade (Inspector), Mycroft Holmes, Sally Donovan, Anderson (Sherlock), Original Characters, Harry Watson;Autism, Kid Fic, Case Fic, Family;English;2011-10-29;Completed;2011-10-30;60142;14/14;179;2533;712;71556
429965;The Full Package;Explicit;M/M;Sherlock (TV);Sherlock Holmes/John Watson;Sherlock Holmes, John Watson;Omega Verse, First Time, Virginity, Sex Toys, John is a Very Good Doctor;English;2012-06-10;Completed;2012-06-11;9675;3/3;88;2525;499;54134
2572247;And if you say the word, I could stay with you;Explicit;M/M;Sherlock (TV);Sherlock Holmes/John Watson;Sherlock Holmes, John Watson, Mycroft Holmes;Romance, Fluff, Fluff and Smut, Domestic Fluff, Blizzards & Snowstorms, Fireplaces, Topping from the Bottom, ToppyBottomJohn, Dirty Talk, Anal Sex;English;2014-11-05;Completed;2014-11-05;12842;1/1;213;2522;818;41999
2095674;The Newlywed Game: Johnlock Edition;Explicit;M/M;Sherlock (TV);Sherlock Holmes/John Watson;Sherlock Holmes, John Watson, OMC;Newlywed Game, Friends to Lovers, Post S3, No S3 Spoilers, waaay post s3 i would say, Pretending To Be Married, Anal Sex, Humour, Romance, Smut, just a hint of case fic, uneven chapter lengths, Cussing, Self-Esteem Issues, Self-Worth Issues;English;2014-08-07;Completed;2014-08-07;9020;7/7;330;2517;602;27782
1606910;Colors;Explicit;M/M;Sherlock (TV), Sherlock Holmes & Related Fandoms;Sherlock Holmes/John Watson, Sherlock Holmes & John Watson, Sherlock Holmes/Victor Trevor, John Watson & Original Female Character(s), Mycroft Holmes & Greg Lestrade, Sarah Sawyer & John Watson, Molly Hooper/Original Male Character;Sherlock Holmes, John Watson, Harry Watson, Jack & Lynette Watson, Mycroft Holmes, Gregory Lestrade, Molly Hooper, Original Watson Character(s), Mrs. Hudson, Mike Stamford, Original Female Character(s), Original Male Character(s), Victor Trevor, Sebastian Wilkes, Sarah Sawyer;Alternate Universe - Soulmates, Soulmates, Eventual Smut, Johnlock - Freeform, POV Alternating, colorbonding, Shades of Grey, John's parents are amazing, Sherlock's parents are largely absent, Romance, PTSD John, Slow Burn, MFEO, Angst, Pining, Case Fic, but like ACTUAL shades of grey, Not like 50 super porny ones, It's possible I've lost my damn mind, Oh and Pleasantville was a great flick, scandalous overuse of italics, Past Drug Addiction, Medical Procedures, HALLELUJAH! NOW COMPLETE!, One True Pairing, LIST OF ALL FIC RECS IN CHAPTER 17, Now with COVER ART!, Johnlock Roulette;English;2014-05-13;Completed;2014-08-30;140733;17/17;1024;2499;991;63144
2851490;Phaedrus;Teen And Up Audiences;M/M;Skyfall (2012), James Bond (Craig movies), Sherlock (TV);James Bond/Q, Sherlock Holmes/John Watson;Q (Bond - Craig movies), James Bond, Sherlock Holmes, John Watson, Mycroft Holmes, Victor Trevor, Alec, Boothroyd (James Bond);Q is a Holmes, Bondlock, teenage!Q, Hacker!Q, Alternate Universe - High School, Alternate Universe - College/University, Military, Hurt/Comfort, unapologetic Plato references, Past Sexual Abuse, Past Child Abuse, Slow Burn, Case Fic;English;2014-12-25;Completed;2016-08-05;92682;50/50;1574;2499;527;66066
1007697;Crazy For Love;Teen And Up Audiences;F/M, M/M;Sherlock (TV);Sherlock Holmes & John Watson, Mary Morstan/John Watson, Sherlock Holmes/John Watson;Sherlock Holmes, John Watson, Mary Morstan, Original Male Character(s), Mycroft Holmes, Greg Lestrade, Molly Hooper, Mummy (Sherlock), Mrs. Hudson;Parentlock, Post The Reichenbach Fall, Implied/Referenced Child Abuse, Angst;English;2013-10-17;Completed;2014-02-10;98696;34/34;1293;2499;557;73920
1165873;The Adventures of a Single Girl in London (Plus a Consulting Detective);Mature;M/M;Sherlock (TV);Sherlock Holmes/John Watson;Sherlock Holmes, Janine (Sherlock), Mrs. Hudson, John Watson, Mary Morstan, Mycroft Holmes, Lestrade;Fix-it fic, Miscarriage, dealing with the miscarriage, in probably not a totally realistic way;English;2014-02-02;Completed;2014-03-23;32913;8/8;981;2496;613;32101
340976;An Avalanche Of Detour Signs;Mature;F/M;Sherlock (TV);Molly Hooper/Lestrade (Inspector), [Molly Hooper/Jim Moriarty], [Molly Hooper/Sherlock Holmes (unrequited)];Molly Hooper, Lestrade (Inspector), John Watson, Sherlock Holmes, Mycroft Holmes, Anthea (Sherlock), Sally Donovan, Anderson (Sherlock);;English;2012-02-16;Completed;2012-02-16;56053;1/1;297;2487;1135;78642
615118;the breath that passed from you to me;Mature;F/M;Sherlock (TV);Sherlock Holmes/Molly Hooper;Molly Hooper, Sherlock Holmes, John Watson, Mary Morstan, Greg Lestrade, Sally Donovan, Mrs. Hudson, Mycroft Holmes;Kid Fic;English;2012-12-30;Completed;2012-12-30;14843;1/1;252;2473;640;30580
334582;A Study in Sherlock;Teen And Up Audiences;Gen;Sherlock (TV);;John Watson, Sherlock Holmes, Jeff Hope, Lestrade (Inspector), Mrs. Hudson;Episode Remix, John Watson Is A BAMF;English;2012-02-07;Completed;2012-02-07;2911;1/1;129;2469;745;27596
559844;Captive Hearts;Explicit;M/M;Sherlock (TV);Sherlock Holmes/John Watson;Highlander!John, Lord!Lestrade, King!Mycroft, Monseigneur!Sherlock, Lady Hudson, Lady Molly, Mike Stamford, Billy-OC, Princess Irene, Lady Harriet, Sir Sebastian Moran;Johnlock - Freeform, Romance, Unresolved Sexual Tension, Medieval Medicine, Poisoning, Temptation, Seduction, captivity issues, Master/Servant, Nudity, Submission, Drama, First Meetings, Frottage, Masturbation, hawking and falconry, Bondage, Unequal relationship, Angst, Hurt/Comfort, Courtship, handjobs, Anal Sex, Rimming, mention of torture devices, some cruelty to experimental animals, Switching, Non-Consensual Voyeurism, Nightmares and Dreamscapes, dom-sub and consent issues typical of bodice rippers, alternate universe- Medieval/Renaissance, masquerades, blindfolding;English;2012-11-11;Updated;2016-07-03;205170;44/?;2074;2459;956;129666
2675585;A Mutually Beneficial Arrangement;Explicit;M/M, F/M, F/F;Sherlock (TV);Mycroft Holmes/Greg Lestrade, Greg Lestrade/Greg Lestrade's Wife, Sherlock Holmes/John Watson, Sherrinford/Olivia, Anthea/Molly Hooper;Mycroft Holmes, Greg Lestrade, Greg Lestrade's Wife, Greg Lestrade's Children, Sherrinford Holmes, Holmes Parents, Lestrade parents, Greg Lestrade's Siblings, Olivia Holmes, Sebastian Moran, Anthea, Molly Hooper, James Moriarty;Alpha Mycroft, Alpha John, Omega Greg, Omega Sherlock, Knotting, Biting, Non-Traditional Alpha/Beta/Omega Dynamics, Mpreg, Trying out the Omegaverse, Vaginal Sex, Miscarriage, Angst, Anal Sex, Sexual torture mentioned, Implied Torture, Alpha Anthea, Alpha Sebastian, Beta Molly, Violence, Failed hit, Hospitalisation, Soulmates, Alpha Jim Moriarty - Freeform, Adoption;English;2014-11-26;Updated;2016-02-14;136268;65/?;880;2427;373;100338
583904;The Trouble With Being Subtle.;Not Rated;M/M;Sherlock (TV);Sherlock Holmes/John Watson;;Johnlock Challenges, Fluff, Humour, Love, Post-it Notes, figuring it out, Ineptitude, Bewilderment;English;2012-12-05;Completed;2012-12-05;5429;1/1;85;2413;567;29899
684459;Safe Distance;Explicit;M/M;Sherlock (TV);Sherlock Holmes/John Watson;Sherlock Holmes, John Watson, Greg Lestrade, Mrs. Hudson, Molly Hooper, Mike Stamford, Mycroft Holmes;Case Fic, Murder, Romance, Hand Jobs, Frottage, Mental Health Issues, Unhealthy Relationships, First Time, Possessiveness, Intergluteal Sex, Suicide, Oral Sex, Shower Sex, Docking, Intercrural Sex, Jossed;English;2013-02-14;Completed;2013-04-18;114956;11/11;902;2408;1141;86560
548726;Hallowed Eve;Teen And Up Audiences;M/M;Sherlock Holmes & Related Fandoms, Sherlock (TV);Sherlock Holmes/John Watson, Sherlock Holmes & John Watson;Mycroft Holmes, Greg Lestrade, Mrs. Hudson, Molly Hooper, Sherlock Holmes, John Watson;Halloween, First Kiss, Friends to Lovers;English;2012-10-29;Completed;2012-10-31;14750;6/6;375;2385;523;39390
1059028;Breathe You In;Explicit;M/M;Sherlock (TV);Sherlock Holmes/John Watson;Sherlock Holmes, John Watson, Mrs. Hudson, Mycroft Holmes;Alpha/Beta/Omega Dynamics, Omega Verse, Sentinel/Guide, Explicit Sexual Content, Bodily Fluids, seriously, lots of fluids;English;2013-11-26;Completed;2013-12-30;22487;6/6;288;2363;741;48046
497514;Where the Sun Never Shines;Teen And Up Audiences;M/M;Sherlock (TV), Sherlock Holmes & Related Fandoms;Sherlock Holmes/John Watson;Sherlock Holmes, John Watson;Post Reichenbach, Post-Traumatic Stress Disorder, Canonical Character Death, Nightmares, Minor Violence, Hurt/Comfort, Implied Sexual Content;English;2012-08-27;Completed;2012-08-27;11634;1/1;155;2358;712;57624
3151070;The Tip Over Into The Inevitable;Teen And Up Audiences;M/M;Sherlock (TV);Sherlock Holmes/John Watson;;Minor Character Death, Insomnia, Hurt/Comfort, First Time, Friends to Lovers, Grief, functional cuddles;English;2015-01-10;Completed;2015-01-10;6894;1/1;318;2354;439;18678
204010;Indecorous;Explicit;F/M, M/M;Sherlock (TV), Sherlock Holmes & Related Fandoms;Sherlock Holmes/Mary Morstan/John Watson;Harry Watson, Lestrade (Inspector), Dimmock (Inspector), Mrs. Hudson, Ella Thompson, Mummy (Sherlock), Mycroft Holmes, Sally Donovan;Asexual Character, Bondage, Squirting, Hangover, Nightmares, PTSD, Threesome - F/M/M, Triggers;English;2011-05-25;Completed;2011-05-26;55424;25/25;461;2354;709;82284
826660;Calculated Pain;Explicit;M/M;Sherlock (TV);Sherlock Holmes/John Watson;Sherlock Holmes, John Watson, Harry Watson, Mike Stamford;Alpha/Beta/Omega Dynamics, Alpha Sherlock, Omega John, Alternate Universe - Teenagers, Teenlock, Alternate Universe - Boarding School, Knotting;English;2013-06-02;Completed;2013-07-02;20209;12/12;332;2351;538;54143
954018;A Case of Mistaken Occupation;Explicit;M/M;Sherlock (TV), Sherlock Holmes & Related Fandoms;Sherlock Holmes/John Watson;Sherlock Holmes, John Watson;Humor, PWP, Kink Meme, Prostitution Roleplay, sort of, Short References to Homophobia, Dirty Talk, Anal Sex, Blow Job;English;2013-09-04;Completed;2013-09-05;5104;2/2;103;2342;382;27453
1998777;The Moonlight and the Frost;Explicit;M/M;Sherlock (TV);Sherlock Holmes/John Watson, Mary Morstan/John Watson;Sherlock Holmes, John Watson, Mycroft Holmes, Greg Lestrade, Molly Hooper, Mary Morstan;Romance, Angst, Fix-It, Post-His Last Vow, Mary is a villain, POV John Watson, Implied/Referenced Alcohol Abuse/Alcoholism, Sexual Identity, Self-Harm, Virgin Sherlock, First Time, Oral Sex, Anal Sex, Shower Sex, Rimming, Case Fic;English;2014-07-22;Completed;2014-09-10;77289;10/10;585;2340;865;56385
790821;Obscurity;Teen And Up Audiences;M/M;Sherlock (TV);Sherlock Holmes/John Watson;John Watson, Sherlock Holmes, Greg Lestrade, Mike Stamford, Mycroft Holmes, Harry Watson;Angst, Drama, Emotional Hurt/Comfort, Fluff, Magical Realism, Alternate Universe;English;2013-05-09;Completed;2013-05-09;7693;1/1;247;2339;760;30949
2287859;Snow;Mature;M/M;Sherlock (TV);Sherlock Holmes/John Watson;Sherlock Holmes, John Watson;;English;2014-09-11;Completed;2014-09-11;4982;1/1;297;2338;109;27914
712295;Bel Canto;Teen And Up Audiences;Multi;Sherlock (TV);Sherlock Holmes/John Watson/Sherlock Holmes, Irene Adler/Kate, Irene Adler/Sherlock Holmes;John Watson, Mrs. Hudson, Sherlock Holmes, Mycroft Holmes, Inspector Stanley Hopkins, Molly Hooper, Eric - from the palace, Irene Adler, Kate (Sherlock), Greg Lestrade;Alternate Universe - Historical, phantomlock, Secret Identity, Identity Porn, Alternate Universe - Classical Music, Music, Singing, Sherlock's Violin, Operas, Aristocracy, Fake/Pretend Relationship, Disguise, Inheritance, Genderqueer Character;English;2013-03-08;Completed;2013-06-21;127481;16/16;1488;2335;1011;94134
392733;walk through ghosts;Mature;F/M, M/M;Sherlock (TV);Sherlock Holmes/John Watson, Mary Morstan/John Watson;;Pining, Unresolved Sexual Tension, Unrequited Love;English;2012-04-27;Completed;2012-04-27;6125;1/1;408;2335;732;60163
3343352;A Fold in the Universe;Explicit;M/M;Sherlock (TV);Sherlock Holmes/John Watson, Sherlock Holmes & John Watson;Sherlock Holmes, John Watson, Alpha Sherlock - Character, Omega John - Character, Greg Lestrade, Mycroft Holmes, Mrs. Hudson, Molly Hooper;Omega Verse, Alpha Sherlock, Omega John, First Time, First Times, First Kiss, dub con, Angst, Hurt/Comfort, Friends to Lovers, Established Relationship, Alternate Universe, crossing universes, Prime universe, Omegaverse, Humor, Angst and Humor;English;2015-02-13;Completed;2016-05-23;152860;26/26;2025;2334;492;38153
896418;Mise en Place;Mature;M/M;Sherlock (TV);Sherlock Holmes/John Watson;Sherlock Holmes, John Watson, Harry Watson, Molly Hooper, Mary Morstan, Wiggins (Baker Street Irregulars), Jim Moriarty, Mrs. Hudson;Alternate Universe, Cooking, Alternate Universe - Restaurant, the one where Sherlock is Gordon Ramsay;English;2013-09-02;Completed;2014-01-15;161004;28/28;2165;2312;856;65875
2479868;The Midas Touch;Explicit;M/M;Sherlock (TV), Sherlock Holmes & Related Fandoms;Sherlock Holmes/John Watson, John Watson/Other(s);;;English;2014-10-19;Completed;2014-10-19;32231;1/1;109;2311;521;21577
763552;Kind of Blue;Explicit;M/M;Sherlock (TV), Sherlock Holmes & Related Fandoms;Sherlock Holmes/John Watson;;Viagra, First Time, Gift Fic, Hand Job, Blow Job;English;2013-04-16;Completed;2013-04-16;3860;1/1;142;2307;370;34854
283736;Swallow You Whole;Explicit;M/M;Sherlock (TV);Sherlock Holmes/John Watson;Sherlock Holmes, John Watson, Lestrade (Inspector);Non Consensual, Dubious Consent, Stockholm Syndrome, Brainwashing, hurt/comfort bingo, Vampires, Alternate Universe - Dark;English;2011-11-26;Completed;2011-11-26;16471;1/1;209;2301;611;72581
1007728;Division;Explicit;M/M;Sherlock (TV), Sherlock Holmes & Related Fandoms;Sherlock Holmes/John Watson;Sherlock Holmes, John Watson, Greg Lestrade, Sally Donovan, Sarah Sawyer;Alternate Universe, Alternate Universe - Coffee Shops & Cafs, Coffee Shops, Johnlock - Freeform, Coffee, lots of coffee, First Kiss, First Time, Oral Sex, Fluff, fluffy fluffy goodness;English;2013-10-17;Completed;2014-04-09;19542;11/11;437;2291;705;29824
415868;Filthy/Gorgeous;Explicit;M/M;Sherlock (TV);Sherlock Holmes/John Watson;Sherlock Holmes, John Watson, Mycroft Holmes;Prostitution, Alternate Universe, First Meetings, First Time, Recreational Drug Use, Drugs, Angst, Drama;English;2012-05-29;Completed;2014-01-28;87951;12/12;356;2281;785;68956
579464;Eight Inches that Changed Everything;Explicit;M/M;Sherlock (TV);Sherlock Holmes/John Watson, Sherlock Holmes & John Watson;Sherlock Holmes, John Watson, Greg Lestrade;Anal Sex, Dildos, First Time, First Kiss, Friends to Lovers, Johnlock Gift Exchange, Alley Sex;English;2012-12-01;Completed;2012-12-01;6186;1/1;66;2280;414;34199
411141;Like Glue;Explicit;M/M;Sherlock (TV);Sherlock Holmes/John Watson;Sherlock Holmes, John Watson;Alpha/Beta/Omega Dynamics, Knotting;English;2012-05-23;Completed;2012-05-23;4777;1/1;29;2280;427;58847
357206;Up Or Artistic Lush;Explicit;M/M;Sherlock (TV);Sherlock Holmes/John Watson;;Puns & Word Play, Puzzles, First Time;English;2012-03-06;Completed;2012-03-06;8223;1/1;199;2271;617;52069
556155;Laundry Day;General Audiences;M/M;Sherlock (TV);Sherlock Holmes/John Watson;Sherlock Holmes, John Watson;Fluff, Domestic, Pre-Slash, Warm and Fuzzy Feelings, First Kiss;English;2012-11-06;Completed;2012-11-06;1188;1/1;93;2266;348;24443
1161758;Enter and Sign In, Please;General Audiences;M/M;Sherlock (TV);Sherlock Holmes/John Watson;Jimmy Fallon, Sherlock Holmes, John Watson;Talk Shows, Hollywood, AU, Meta, Cameos, Valentine's Day;English;2014-01-31;Completed;2014-01-31;2553;1/1;169;2266;110;36447
509003;On Feathers and Bacon Sandwiches;Teen And Up Audiences;M/M;Sherlock (TV), Sherlock Holmes & Related Fandoms;Sherlock Holmes/John Watson;Sherlock Holmes, John Watson;AU, demon!John, But not dark, Fluffy!demon, Asexual Sherlock, featuring special guest stars: ducks, No ducks or demons were harmed in the making of this fic, wing!fic;English;2012-09-10;Completed;2012-09-16;21092;8/8;317;2257;472;60736
535353;Two Facts;General Audiences;M/M;Sherlock (TV);Sherlock Holmes/John Watson;Sherlock Holmes, John Watson, Greg Lestrade;Mpreg, Male Pregnancy, Alpha/Beta/Omega Dynamics, Omega Verse, Alpha/Omega, Parent!lock, Baby Fic, Sherlock is pregnant, Omega!Sherlock, Alpha!John, complete fluff, Angst, but ultimate happy ending cause it's me;English;2012-10-12;Completed;2012-10-16;6000;5/5;76;2254;310;45430
1714598;Relative Incandescence;Explicit;M/M;Sherlock (TV);Sherlock Holmes/John Watson;Sherlock Holmes, John Watson, Mycroft Holmes, Sherlock Holmes' Family, Victor Trevor, Greg Lestrade, Molly Hooper, Sally Donovan, Mrs. Hudson;Alpha/Beta/Omega Dynamics, Omega Sherlock, Alpha John, Dubious Consent, Neglect, Growing Up, POV Sherlock Holmes, Gender Roles, Explicit Consent, Bodily Fluids, I'm not joking - Freeform, so many fluids, Mating Cycles/In Heat, Pining, this is basically 30k of PWP, No Redeeming Value Whatsoever, Introspection;English;2014-05-30;Completed;2014-05-30;35486;1/1;144;2253;535;28458
864689;Apprehension;Explicit;M/M;Sherlock (TV);Sherlock Holmes/John Watson, Mary Morstan/John Watson;John Watson, Sherlock Holmes, Mary Morstan;Pining, First Time, Angst, Porn with Feelings, Unresolved Sexual Tension, Unresolved Emotional Tension, Jealous Sherlock, Virgin Sherlock, Vulnerable Sherlock, Obsessive Sherlock, Infidelity, Cheating;English;2013-07-01;Completed;2013-10-15;19736;11/11;447;2250;616;43417
229946;Yes and No;Explicit;M/M;Sherlock (TV);Sherlock Holmes/John Watson;Sherlock Holmes, John Watson;First Time, Crossdressing;English;2011-07-28;Completed;2011-07-28;5098;1/1;119;2246;431;55080
256520;The Pull of One Magnet to Another;Mature;M/M;Sherlock (TV);Sherlock Holmes/John Watson;Sherlock Holmes, John Watson, Mycroft Holmes, Lestrade (Inspector), Mummy (Sherlock);Arranged Marriage, Friendship, Matchmaking, Alternate Universe, Angst, Fluff, Friends to Lovers, Case Fic;English;2011-09-23;Completed;2011-10-27;46641;12/12;189;2245;850;68867
1562834;Inside;Explicit;M/M;Sherlock (TV);Sherlock Holmes/John Watson;;Loss of Virginity, Insecurity, Awkward Sexual Situations, Anal Fingering, Rimming, Anal Sex, Fluff, Humor;English;2014-05-04;Completed;2014-05-04;6757;1/1;77;2236;425;25187
170650;Really!;Explicit;M/M;Sherlock (TV);Sherlock Holmes/John Watson;Sherlock Holmes, John Watson;Smut, Anal Sex, Anger, Humor, Established Relationship, Dirty Talk;English;2011-03-15;Completed;2011-03-15;1862;1/1;74;2235;321;63013
936670;Il Traviato;Explicit;M/M;Sherlock (TV);Sherlock Holmes/John Watson;Sherlock Holmes, John Watson, Harry Watson, Mrs. Hudson, Molly Hooper, Richard Brook, Original Character, Greg Lestrade;Romance, Prostitution (a bit), Alternate Universe - Pretty Woman Fusion, Case Fic, Past Character Death, False Identity, First Kiss, First Time;English;2013-08-22;Completed;2014-03-07;68809;18/18;877;2233;769;43353
376325;Bedside Manners;Teen And Up Audiences;M/M;Sherlock (TV);Sherlock Holmes/John Watson;Sherlock Holmes, John Watson, Lestrade (Inspector);;English;2012-04-05;Completed;2012-04-05;3806;1/1;92;2230;425;29653
3360932;Unwasted;Explicit;M/M;Sherlock (TV);Sherlock Holmes/John Watson;Sherlock Holmes, John Watson;Flashback, post series 3, Post-Season/Series 03 Fix-It, (Ish) - Freeform, First Time, Friends to Lovers, Developing Relationship, Angelo's Restaurant, Cum Play, Anal Sex, Based on a Tumblr Post, (loosely), Fluff, Emotions;English;2015-02-15;Completed;2015-02-15;8966;1/1;230;2226;460;21610
142649;Helpless;Mature;M/M;Sherlock (TV);Sherlock/John - Relationship;Sherlock, John;Hurt/Comfort, Cancer, fandom kink bingo, how they got together, Poor Sherlock, John is an excellent doctor, Mycroft is a good brother, texting is easier than talking, physical exams are awfully intimate, no thyroid makes you very cold, cuddling is good for your health, biospies aren't much fun, it's amazing how much sexytimes you can fit into a medical treatment story, thyroid cancer, radioactive isolation, Hypothermia, mad love for the win!;English;2010-12-21;Completed;2010-12-21;12745;17/17;363;2225;523;50813
360811;Fifty Good Reasons;Explicit;M/M, F/M;Sherlock (TV);Sherlock Holmes/John Watson, Molly Hooper/John Watson, Anthea/Mycroft Holmes;;50 reasons to have sex, Blow Jobs, Anal Sex, Angst, Schmoop, Angsty Schmoop, Reunions, Break Up, Reichenbach Falls, Post Reichenbach, Dry Humping, Choking, Sharing a Bed, Kissing, Platonic Kissing, Platonic Soulmates, Pity Sex, Het and Slash, Vignette, Unconnected Chapters, Fisting, Risk Aware Consensual Kink, Rain, Frottage, Seduction, Near Death Experience, Mutual Masturbation, Sweat, Running, Runner's Appreciation, John's RAMC T-Shirt, Dress Up, Formalwear, Mirrors, Bathroom Sex, First Time, Established Relationship, Casual Sex, Adrenaline fueled sex, Shaving, Alternate Universe - Boarding School, Barebacking, Underage Sex, Hair-pulling, Clothed Sex, Loud Sex, Competition, Celebrities, Sharing Body Heat, Masturbation, Voyeurism, Exhibitionism, Science Experiments, Face-Fucking, Roughness, Shower Sex, Masturbation in Shower, Hand Jobs, Sleeping Together, Air Conditioning, Elevator Sex, Quickies, Foreign Language, Dirty Talk, Valentine's Day, Miscommunication, Sexting, Cargo Shorts, Disguise, Morning After, Strangers, Alternate Universe - College/University, Retirement, Retirementlock, Older Characters, Romance, Public Sex, Restaurants, Birthday Sex, Orgasm Delay, Coming Untouched, Rough Sex, Kidnapping, Declarations Of Love, 69 (Sex Position), Anal Play, Rimming, Protected Sex, Condoms, Sherlock's Hair, Mild Painplay, Dom/sub Undertones, Friendship/Love, Love;English;2012-03-12;Completed;2013-06-24;53940;50/50;1193;2220;582;103515
334595;Behavioural Modification;Explicit;M/M;Sherlock (TV);Sherlock Holmes/John Watson;Sherlock Holmes, John Watson, Mycroft Holmes, Lestrade (Inspector), Mrs. Hudson, Molly Hooper;Asexual!Sherlock, extreme misunderstandings, First Time, past emotional abuse, Unreliable Narrator;English;2012-02-07;Completed;2012-02-07;23726;5/5;173;2216;651;50379
438691;Her Boys;General Audiences;M/M;Sherlock (TV);Sherlock Holmes/John Watson, Sherlock Holmes & Mrs. Hudson;Sherlock Holmes, John Watson, Mycroft Holmes, Mrs. Hudson;Family, Maternal!Mrs Hudson, Sherlock's picks up on everything, Mrs Hudson is their surrogate mother, Mrs Hudson loves her boys, Implied Johnlock;English;2012-06-19;Completed;2012-06-19;2227;1/1;77;2215;487;24227
1595753;Second Chance;Explicit;M/M;Sherlock (TV);Sherlock Holmes/John Watson;Sherlock Holmes, John Watson;post-HLV, POV: Sherlock Holmes, POV: third person, Post-Divorce, Mary Morstan (past), friends-to-lovers, Sherlock is terrible at flirting, UST, Porn, Romance, post series 3;English;2014-05-10;Completed;2014-05-10;15816;1/1;282;2210;543;35004
881138;Drive;Mature;M/M;Sherlock (TV);Sherlock Holmes/John Watson;Sherlock Holmes, John Watson;Being Lost, Stranded, Virgin Sherlock, Awkward First Times, Minor Injuries, Frank Yet Fumbling Discussion of Sex;English;2013-07-13;Completed;2013-07-13;9597;1/1;170;2205;469;30813
4794824;between each beat are words unsaid;Teen And Up Audiences;M/M;Sherlock (TV);Sherlock Holmes/John Watson;Sherlock Holmes, John Watson, Mycroft Holmes, Greg Lestrade, Harry Watson, Mrs. Hudson, Molly Hooper, Mary Morstan;Epistolary, Work In Progress, Missing Scenes, Between Episodes, Slow Burn, Friends to Lovers, Marriage, Alcohol, Drug Use;English;2015-09-14;Updated;2016-09-29;98076;198/?;6984;2201;288;43687
675137;Upon Waking;Explicit;M/M;Sherlock (TV);Sherlock Holmes/John Watson;;Magical Realism, Sleep, Angst, Somnophilia, Mildly Dubious Consent;English;2013-02-08;Completed;2013-02-08;3901;1/1;168;2197;673;27027
2211450;It Just Sort of Happens;General Audiences;M/M;Sherlock (TV);Sherlock Holmes/John Watson;John Watson, Sherlock Holmes, Harry Watson, Greg Lestrade, Mrs. Hudson;;English;2014-08-27;Completed;2014-09-03;5409;2/2;263;2197;236;17044
493960;The Secret Identity of John Watson;General Audiences;F/M, M/M;Sherlock (TV);Sherlock Holmes & John Watson;John Watson, Sherlock Holmes, Mycroft Holmes, Anthea (Sherlock), Greg Lestrade;Pre-Slash, Misunderstandings, OCs exist for reasons, Everyone ships them, John doesn't understand that everyone thinks he's cheating;English;2012-08-23;Completed;2012-08-26;27714;3/3;215;2195;746;41701
348671;What Are You Going To Do About It?;Explicit;M/M;Sherlock (TV);Sherlock Holmes/John Watson;Sherlock Holmes, John Watson, Lestrade (Inspector), Sally Donovan, Anderson (Sherlock);;English;2012-02-29;Completed;2012-02-29;7294;1/1;41;2180;437;36091
853897;My Fingers Drip With Myrrh;Explicit;M/M;Sherlock (TV);Sherlock Holmes/John Watson, Mycroft Holmes/Greg Lestrade;Sherlock Holmes, John Watson, Mycroft Holmes;Alpha/Beta/Omega Dynamics, Omega Verse, Omega Sherlock, Alpha John, Mating Cycles/In Heat, Plot What Plot/Porn Without Plot;English;2013-06-23;Completed;2013-06-23;4153;1/1;83;2179;348;34035
487063;Sherlock: Give Me A Label (I'll Make Confetti);Explicit;M/M;Sherlock (TV);Mycroft Holmes/Greg Lestrade, Sherlock Holmes/John Watson, Dimmock (Inspector)/Molly Hooper, Anthea/Sally Donovan;Greg Lestrade, Mycroft Holmes, Sherlock Holmes, John Watson, Dimmock (Inspector), Molly Hooper, Original Characters;Alternate Universe - High School, Explicit Sexual Content, Explicit Language, Minor Violence, Underage Drinking, Challenge Response, Romance, Teen Angst, Underage Smoking, Light D/s, Past Drug Addiction, Homophobia, Family, ooc moments, but they're teenagers it's to be expected;English;2012-08-15;Completed;2015-04-09;374571;105/105;2285;2173;483;112509
359785;A Preference for Texting;Teen And Up Audiences;M/M;Sherlock (TV);Sherlock Holmes/John Watson;Sherlock Holmes, John Watson, Mycroft Holmes, Anderson (Sherlock), Greg Lestrade;Texting, Pre-Slash, First Kiss;English;2012-03-10;Completed;2012-03-10;7047;1/1;124;2174;389;33320
1647644;Tumbling HP Crossovers;Mature;Gen, M/M;Harry Potter - J. K. Rowling, Final Fantasy VII, Stargate - All Series, Naruto, Hikaru no Go, Sherlock (TV), The Hobbit - All Media Types, Artemis Fowl - Eoin Colfer, The Avengers (Marvel Movies),  | One-Punch Man;Harry Potter/Uchiha Itachi;Harry Potter;Alternate Universe, Crossover, Snippets, many many oneshots, many many plots, Crack, Crossover Pairings;English;2014-05-17;Updated;2016-03-16;33962;24/?;264;2171;308;43422
474757;The Making Of;Explicit;M/M, Multi;Sherlock (TV), Sherlock Holmes & Related Fandoms;Greg Lestrade/John Watson, Sherlock Holmes/John Watson, Sherlock Holmes/Greg Lestrade, Sherlock Holmes/Greg Lestrade/John Watson;Molly Hooper, Sally Donovan, Mycroft Holmes, John Watson, Sherlock Holmes, Greg Lestrade, Sebastian Moran;OT3, Gift Fic, Post-Reichenbach, Polyamory, Oral Sex, Anal Sex, Docking, Hand Jobs, Threesome - M/M/M, BAMF!John, BAMF!Lestrade, Light Dom/sub, Light Bondage, a wee bit of fandom meta, Rimming;English;2012-08-01;Completed;2012-10-31;58269;11/11;772;2170;727;69882
578307;The Stars Move Still;Explicit;M/M;Sherlock (TV);Sherlock Holmes/John Watson;Sherlock Holmes, John Watson, Jim Moriarty, Sebastian Moran, Mycroft Holmes, Greg Lestrade, Molly Hooper;Alternate Universe - Magical Realism, Demons, Pre-Slash to Slash, Souls, Alternate Universe, Happy Ending, Johnlock Roulette;English;2012-11-30;Completed;2013-02-01;96022;5/5;537;2167;926;69278
769859;Time Enough;General Audiences;M/M;Sherlock (TV);Sherlock Holmes/John Watson;Sherlock Holmes, John Watson;Alternate Universe - Soulmates;English;2013-04-22;Completed;2013-04-22;1135;1/1;46;2154;229;22224
367271;Spaces Between;Mature;M/M;Sherlock (TV);Sherlock Holmes/John Watson;Sherlock Holmes, John Watson;Post Reichenbach, First Time;English;2012-03-22;Completed;2012-03-22;7644;1/1;175;2151;655;43675
3328727;About Sleep and Coffee and the Existence of Fate;Explicit;M/M;Sherlock (TV);Sherlock Holmes/John Watson;Sherlock Holmes, John Watson;Marriage Proposal, Fluff, literally so much fluff, let's get those idiots engaged, Anal Sex, Oral Sex, Belly Rubs, Sherlock talks in his sleep, Humor, Very Ugly Coffee Mug, 5+1 Things, chapters stand more or less alone;English;2015-02-10;Completed;2015-03-23;17426;6/6;212;2151;440;21075
321752;Duvet (green);General Audiences;M/M;Sherlock (TV);Sherlock Holmes/John Watson;;Post- Hounds of Baskerville, Mind Palace, Revelations, First Kiss;English;2012-01-16;Completed;2012-01-16;2021;1/1;103;2146;372;27459
191672;Indelible;General Audiences;M/M;Sherlock (TV);Sherlock Holmes/John Watson;Sherlock Holmes, John Watson, Lestrade (Inspector), Sally Donovan, Dimmock (Inspector);Paint-ball, BAMF!John, Alternate Universe;English;2011-04-27;Completed;2011-04-27;3087;1/1;195;2144;401;52130
401171;The Adventure of the Consulting Woman;Explicit;M/M;Sherlock (TV);Sherlock Holmes/John Watson;Sherlock Holmes, John Watson, Original Characters;Case Fic, Crossdressing, Humour, Trans Character, First Time, Romance, Disguise, BAMF John;English;2012-05-09;Completed;2012-08-01;39298;14/14;606;2142;627;38691
2020587;Bought and Paid For;Explicit;M/M;Sherlock (TV);Sherlock Holmes/John Watson;Sherlock Holmes, John Watson, Irene Adler, Mycroft Holmes, Greg Lestrade;Dominance, Submission, Alternate Universe - Prostitution, Alternate Universe - D/s, Riding Crop, flogger, CBT, Bondage, BDSM, Subspace, Food Kink;English;2014-07-25;Completed;2014-10-06;19376;8/8;151;2138;456;27680
773251;Flash Bang;Explicit;M/M;Sherlock (TV), Sherlock Holmes & Related Fandoms;Sherlock Holmes/John Watson;John Watson, Sherlock Holmes;Romance, Masturbation, First Time, Sexual Fantasy, Declarations Of Love;English;2013-04-25;Completed;2013-05-31;27733;6/6;518;2135;681;46805
1065181;Nocturnal Conversation;Explicit;M/M;Sherlock (TV);Sherlock Holmes/John Watson;John Watson, Sherlock Holmes;Friends to Lovers, Unresolved Sexual Tension, Resolved Sexual Tension, sex is a good cure for bad dreams, Anal Sex;English;2013-12-01;Completed;2013-12-01;4695;1/1;93;2134;368;22005
459122;Answer the Time of Request;Explicit;M/M;Sherlock (TV);Sherlock Holmes/John Watson, John/assorted others (implied);Sherlock Holmes, John Watson, Mycroft Holmes;First Time, virgin!Sherlock (sort of);English;2012-07-14;Completed;2012-07-14;6920;1/1;60;2133;340;39434
377038;A Study in Bwankets;General Audiences;Gen, M/M;Sherlock (TV), Sherlock Holmes & Related Fandoms;Sherlock Holmes/John Watson;Sherlock Holmes, John Watson;Alternate Universe, Kid Fic, Fluff, First Kiss;English;2012-04-06;Completed;2012-04-06;1576;1/1;102;2121;400;33518
1022026;Fan Mail;Explicit;M/M;Sherlock (TV);Sherlock Holmes/John Watson;Sherlock Holmes, John Watson;Stalking, Angst, lots of sex that may or may not be in character, but who cares it's sex;English;2013-10-28;Completed;2014-02-07;53942;15/15;669;2112;496;35442
904589;Sacrifices Must Be Made;Explicit;M/M;Sherlock (TV), Sherlock Holmes & Related Fandoms;Sherlock Holmes/John Watson;Sherlock Holmes, John Watson;Alternate Universe - Fantasy, Dragonlock, earlgreytea68's AU Ficathon of Absurdity, Dragon!Sherlock - Freeform, HumanSacrifice!John;English;2013-07-30;Completed;2013-07-30;4116;1/1;148;2105;475;28589
5200973;Idle Hands;Explicit;M/M;Sherlock (TV);Sherlock Holmes/John Watson;;Deaf Sherlock, Alternate Universe - Different First Meeting, Phone Sex, Dirty Talk, well.... dirty sign language, Humor, i'm laughing as I write this;English;2015-11-15;Completed;2015-11-15;7226;1/1;189;2105;373;12845
158724;A Turn of Phrase;Explicit;M/M;Sherlock (TV);Sherlock Holmes/John Watson;Sherlock Holmes, John Watson;Dirty Talk, Oral Sex, Masturbation, Anal Sex;English;2011-02-02;Completed;2011-02-02;5355;1/1;130;2102;543;112597
200355;The Art of Flat-Sharing;General Audiences;M/M;Sherlock (TV);Sherlock Holmes/John Watson;;;English;2011-05-16;Completed;2011-05-16;5708;1/1;83;2101;401;39596
975894;The Adventures of Hamish Watson;Teen And Up Audiences;M/M;Sherlock (TV), Sherlock Holmes & Related Fandoms;Sherlock Holmes/John Watson;Sherlock Holmes, John Watson, Hamish Watson-Holmes, Mycroft Holmes, Harry Watson, Mrs. Hudson, Greg Lestrade;ALL THE FLUFF, like all of it, Parentlock, Kidlock, Teenlock;English;2013-09-22;Completed;2015-02-22;50233;35/35;893;2100;397;40640
