work_id;title;rating;category;fandom;relationship;character;additional tags;language;published;status;status date;words;chapters;comments;kudos;bookmarks;hits
8293714;Unwritten;Teen And Up Audiences;M/M;Yuri!!! on Ice (Anime);Katsuki Yuuri/Victor Nikiforov;Katsuki Yuuri, Victor Nikiforov, Yuri Plisetsky;Soulmates AU;English;2016-10-16;Updated;2016-10-31;23488;5/6;890;3931;790;28851
8242556;Praise Please;Explicit;M/M;Yuri!!! on Ice (Anime);Katsuki Yuuri/Victor Nikiforov;Katsuki Yuuri, Victor Nikiforov;Praise Kink, Frottage, Hurt/Comfort, Sexual Content;English;2016-10-09;Completed;2016-10-09;5286;1/1;147;3470;681;29770
8268668;Fever;Not Rated;M/M;Yuri!!! on Ice (Anime);Katsuki Yuuri/Victor Nikiforov;Katsuki Yuuri, Victor Nikiforov, Yuri Plisetsky, Makkachin (Yuri!!! on Ice);Fluff, Angst, Fluff and Angst, Smut, Fluff and Smut, Eventual Smut, Domestic Fluff, Alpha/Beta/Omega Dynamics, Alpha Victor, Omega Yuuri, Mating Cycles/In Heat, Knotting, Praise Kink, Hurt/Comfort, lots of fluff;English;2016-10-12;Completed;2016-10-12;15830;1/1;175;2085;480;22268
8330140;i'm not upset;Teen And Up Audiences;M/M;Yuri!!! on Ice (Anime);Katsuki Yuuri/Victor Nikiforov;Katsuki Yuuri, Victor Nikiforov;victor sorting out his feelings, hello to the best darn fandom in the world, features victor using instagram, also in here: possessive!viktor, look out i did a thing that involves UST;English;2016-10-20;Completed;2016-11-03;2499;2/2;176;2002;237;14101
8245553;From The Moon;Mature;M/M;Yuri!!! on Ice (Anime);Katsuki Yuuri/Victor Nikiforov;Katsuki Yuuri, Victor Nikiforov;Making Out, Frottage, Angst and Fluff and Smut, Yuuri loves it when Viktor gets all Russian, don't we all, POV Yuuri, this is by far the corniest thing I've ever written, send help, tough coach Viktor;English;2016-10-09;Completed;2016-10-09;4886;1/1;138;1995;471;16096
8276651;V is for Victuri;Not Rated;M/M;Yuri!!! on Ice (Anime);Katsuki Yuuri/Victor Nikiforov;Katsuki Yuuri, Victor Nikiforov, Katsuki Hiroko, Makkachin (Yuri!!! on Ice);One Shot Collection, Fluff, Flirting, More tags to be added, Partial Nudity, Unbeta'd, A/B/O dynamic, Omegaverse, alpha!Victor, Omega!Yuuri, light frottage, Tokyo Ghoul AU, Makkachin POV;English;2016-10-13;Updated;2016-10-27;8854;8/?;169;1508;200;16437
8317171;a glide in your step;Teen And Up Audiences;M/M;Yuri!!! on Ice (Anime);Katsuki Yuuri/Victor Nikiforov;Katsuki Yuuri, Victor Nikiforov, Minor Other Characters;Light Angst, Get Together, Insecurity, Happy Ending, Slow Burn;English;2016-10-19;Completed;2016-10-19;10087;1/1;79;1349;398;9764
8223952;a loyal fan;Teen And Up Audiences;M/M;Yuri!!! on Ice (Anime);Katsuki Yuuri/Victor Nikiforov;Victor Nikiforov, Katsuki Yuuri;Fluff, Light Angst, the angst is accidental ok, it comes with me wherever i go;English;2016-10-06;Completed;2016-10-06;864;1/1;66;1198;146;8407
8228294;Chocolate and Ice | Yuri!!! on Ice;Explicit;M/M;Yuri!!! on Ice (Anime);Katsuki Yuuri/Victor Nikiforov;Katsuki Yuuri, Victor Nikiforov;Frottage, Love Confessions, Sex in a Car, Car Sex, Romance, Sexual Content, Pining, Mutual Pining, Fluff, Fluff and Smut, Falling In Love;English;2016-10-06;Completed;2016-10-06;2065;1/1;96;1174;113;18906
8288939;yuri the aggressive wingman;Teen And Up Audiences;M/M;Yuri!!! on Ice (Anime);Katsuki Yuuri/Victor Nikiforov;Yuri Plisetsky, Katsuki Yuuri, Victor Nikiforov, That one Russian female ice skater that stole my heart;Swearing, so much swearing, Yuri POV, Angst, Humour, i guess?, First Kiss, outside pov, Matchmaking, Kinda, Yuri Plisetsky is done with your shit, Animal Patterns are mentioned, Implied Player Victor, Victor being too cute, homophobia mention;English;2016-10-15;Completed;2016-10-15;3217;1/1;125;1154;272;6431
8258462;Quad Lutz;Explicit;M/M;Yuri!!! on Ice (Anime);Katsuki Yuuri/Victor Nikiforov;Katsuki Yuuri, Victor Nikiforov, Yuri Plisetsky;Injury, Fluff, Smut, Anal Sex, Anal Fingering, Banter, Blow Jobs, Grinding, Mutual Pining, Mutual Masturbation, Nervousness, Humor, this is how i show my love, Lingerie, Feminization, Domestic, Dirty Talk, Cooking, Competition, Love, not in order, Relationship(s), Condoms, Switching, Semi-Public Sex, Intercrural Sex, Ice Cream, Yukata - Freeform, Hand Jobs, rope, Bondage, Aftercare, Photography, splits, Sleepy Cuddles, Nightmares, Massage, POV Multiple, Come Eating, Slice of Life, Crossdressing, Wall Sex, Rough Sex, Overstimulation, Foot Jobs, In Public, Sex Toys, Vibrators, Dildos, Multiple Orgasms, Dry Orgasm, Orgasm Denial, Light Bondage, Multiple Penetration, Cock Rings, fleshlight, Sick Character, Sickfic;English;2016-10-11;Updated;2016-11-06;19848;10/?;166;1152;158;32972
8344009;Deluded;Teen And Up Audiences;M/M;Yuri!!! on Ice (Anime);Katsuki Yuuri/Victor Nikiforov;Katsuki Yuuri, Victor Nikiforov;mild alcohol usage, lots of flirtation, and dancing;English;2016-10-22;Completed;2016-10-22;3448;1/1;95;1129;234;7015
8311411;Skate Like a Lover, Dream with Desire;Explicit;M/M;Yuri!!! on Ice (Anime);Katsuki Yuuri/Victor Nikiforov;Katsuki Yuuri, Victor Nikiforov;First Time, Oral Sex, Kissing, Porn with Feelings, Victor prefers hands-on coaching;English;2016-10-18;Completed;2016-10-18;6092;1/1;94;1103;193;10970
8293093;Dynamic;Explicit;M/M;Yuri!!! on Ice (Anime);Katsuki Yuuri/Victor Nikiforov;Katsuki Yuuri, Victor Nikiforov, Yuri Plisetsky, Nishigori Yuko, Nishigori Takeshi;a/b/o dynamics, Omegaverse, alpha!Victor, Omega!Yuuri, Scenting, necking, Knotting, Anal, Rimming, discussions of consent, First Time, Mpreg;English;2016-10-16;Updated;2016-10-16;8172;2/?;72;1089;208;14020
8230310;To Care for You;Explicit;M/M;Yuri!!! on Ice (Anime);Katsuki Yuuri/Victor Nikiforov;Katsuki Yuuri, Victor Nikiforov;Smut, Porn with Feelings, Praise Kink, Shower Sex, Getting Together, Pining, post episode 1, Fluff and Smut;English;2016-10-07;Completed;2016-10-07;2914;1/1;45;1051;149;12790
8398177;like your french girls;Teen And Up Audiences;M/M;Yuri!!! on Ice (Anime);Katsuki Yuuri/Victor Nikiforov;Victor Nikiforov, Katsuki Yuuri, Yuri Plisetsky, Makkachin (Yuri!!! on Ice), Mila Babicheva, Phichit Chulanont;Artist AU, victor is yuri's #annoyingbigbrother, Slow Burn, Awkward Flirting, i just love awkward humor guys, and pining victor, yuuri is still an ice skater, Awkward Romance, Tooth-Rotting Fluff;English;2016-10-27;Updated;2016-11-03;30181;2/5;119;1020;248;8636
8281546;Russians Do It Differently;Explicit;M/M;Yuri!!! on Ice (Anime);Katsuki Yuuri/Victor Nikiforov, Katsuki Yuuri & Victor Nikiforov;Katsuki Yuuri, Victor Nikiforov;Hand Jobs, Plot What Plot/Porn Without Plot, Kissing, VictUuri, Speaking Russian, eating ass, showering together, Fluff, Smut;English;2016-10-14;Completed;2016-10-14;3282;1/1;40;918;125;11456
8350159;starstruck;Teen And Up Audiences;M/M;Yuri!!! on Ice (Anime);Katsuki Yuuri/Victor Nikiforov;Katsuki Yuuri, Victor Nikiforov, Yuri Plisetsky, Nishigori Yuuko, Phichit Chulanont;Parent AU, i done did it yall, Fluff, Attempt at Humor, Anxiety, Crushes, Slow Burn, Friends to Lovers, Babysitting, Alternate Universe, Genderfluid Yuuri, viktor is a celebrity and yuri is his 8 yr old son lol;English;2016-10-22;Updated;2016-10-31;4694;2/?;107;892;173;6220
8252023;Take My Hand - Take My Whole Life Too;Teen And Up Audiences;M/M;Yuri!!! on Ice (Anime);Katsuki Yuuri/Victor Nikiforov;Katsuki Yuuri, Victor Nikiforov;Mutual Pining, Pining, First Kiss, Alternate Universe, Alternate Universe - Soulmates, Soulmate-Identifying Marks, Romantic Soulmates, Fluff, Tooth-Rotting Fluff, Love Confessions, Falling In Love, Dorks in Love, Hugs, One Shot, victor speaks russian here!!!!, yuuri is just a blushing idiot odg i love him so;English;2016-10-16;Completed;2016-10-16;1693;1/1;43;864;123;9694
8368888;and I feel life (for the very first time);Teen And Up Audiences;M/M;Yuri!!! on Ice (Anime);Katsuki Yuuri/Victor Nikiforov;Victor Nikiforov, Katsuki Yuuri, Yuri Plisetsky;Victor centric, Angst, Victor's tragic backstory, Slow Burn, Yuri(o) is grumpy but means well, Yuuri is a cinnamon roll, and Victor needs hugs and a nap;English;2016-10-24;Completed;2016-10-24;10672;1/1;101;834;277;6557
8275937;What kind of trust building is this?;Explicit;M/M;Yuri!!! on Ice (Anime);Katsuki Yuuri/Victor Nikiforov;Katsuki Yuuri, Victor Nikiforov;Fluff and Smut, smut in ch2, you can't expect me not to write about them sharing a room right?, VictUuri, Victuri, Oral Sex, Hand Jobs;English;2016-10-13;Completed;2016-10-30;5411;2/2;45;817;103;8053
8443711;Silliness and Stolen Shirts;Teen And Up Audiences;M/M;Yuri!!! on Ice (Anime);Katsuki Yuuri/Victor Nikiforov;Katsuki Yuuri, Victor Nikiforov, Makkachin (Yuri!!! on Ice);Established Relationship, shameless fluff, Implied Sexual Content, Implied First Time, Victor and Yuuri are nerds in love, Boyfriend shirts;English;2016-11-01;Completed;2016-11-01;2764;1/1;22;808;130;5731
8420320;Touch and Go;Explicit;M/M;Yuri!!! on Ice (Anime);Katsuki Yuuri & Victor Nikiforov, Katsuki Yuuri/Victor Nikiforov;Victor Nikiforov, Katsuki Yuuri;Tooth-Rotting Fluff, Fluff and Smut, Shameless Smut, Hair-pulling;English;2016-10-30;Completed;2016-10-30;3118;1/1;46;793;146;7742
8341318;Five Kisses;General Audiences;M/M;Yuri!!! on Ice (Anime);Katsuki Yuuri/Victor Nikiforov;Katsuki Yuuri, Victor Nikiforov, Nishigori Yuuko, Nishigori Takeshi, Makkachin (Yuri!!! on Ice);Fluff, Getting Together, Kissing, So much kissing, I just love these nerds a lot, cooking together, Misunderstanding, self-doubting Yuuri, all problems could be fixed by communication;English;2016-10-21;Completed;2016-10-21;4338;1/1;32;792;139;5818
8223536;Crush;General Audiences;M/M;Yuri!!! on Ice (Anime);Katsuki Yuuri/Victor Nikiforov;Katsuki Yuuri, Victor Nikiforov;;English;2016-10-06;Completed;2016-10-06;1470;1/1;36;756;78;7130
8392213;stay young (go dancing);Explicit;M/M;Yuri!!! on Ice (Anime);Katsuki Yuuri/Victor Nikiforov;Katsuki Yuuri, Victor Nikiforov, Katsuki Mari, Katsuki Hiroko, Yuri Plisetsky;Alternate Universe, yuri makes an appearance just to establish that even in an au he has a bad attitude, Waiter Yuuri, au where yuuri never starts ice skating, First Time, Making Out, yuuri wears makeup, yuuri would absolutely wear makeup if given the chance and he is given the chance, Dirty Talk, kind of??;English;2016-10-27;Completed;2016-10-27;7293;1/1;65;746;168;6160
8413462;Kono Kanji;General Audiences;M/M;Yuri!!! on Ice (Anime);Katsuki Yuuri/Victor Nikiforov;Katsuki Yuuri, Victor Nikiforov, Katsuki Mari, Maccachin;Floof, Fluff, I don't know????;English;2016-10-29;Completed;2016-10-29;1261;1/1;82;690;84;4234
8255432;So Beautiful;Explicit;M/M;Yuri!!! on Ice (Anime);Katsuki Yuuri/Victor Nikiforov;Katsuki Yuuri, Victor Nikiforov;Fingerfucking, Established Relationship, Praise Kink, Dirty Talk, sin - Freeform, Pure unrestricted sin, sinful, sheer sin, Forgive me for I have sinned;English;2016-10-10;Completed;2016-10-10;858;1/1;8;683;74;8604
8335270;saturn's rings;General Audiences;M/M;Yuri!!! on Ice (Anime);Katsuki Yuuri/Victor Nikiforov;;Angst, did you ever wonder what would happen once yuuri won the grand prix final?, where do you think viktor goes?;English;2016-10-21;Completed;2016-10-21;2373;1/1;91;680;122;4880
8290591;Harmony;Explicit;M/M;Yuri!!! on Ice (Anime);Katsuki Yuuri & Victor Nikiforov, Katsuki Yuuri/Victor Nikiforov;Katsuki Yuuri, Victor Nikiforov;Smut, Fluff and Smut, Sex, Anal Sex, Sexual Content, Explicit Sexual Content, Consensual, Shameless Smut, Romance, Anal Fingering, Plot What Plot/Porn Without Plot, Consensual Sex, Sexual Tension, Sweet;English;2016-10-15;Completed;2016-10-15;11327;1/1;25;675;164;9228
8452321;Flush;Not Rated;M/M;Yuri!!! on Ice (Anime);Katsuki Yuuri/Victor Nikiforov;Katsuki Yuuri, Victor Nikiforov, Makkachin (Yuri!!! on Ice);Fluff, Domestic, Domestic Fluff, Smut, Fluff and Smut, Omega Verse, Alpha/Beta/Omega Dynamics, Alpha/Omega, Mating Cycles/In Heat, Rutting, Frottage, Scenting, Scent Marking, Scent Kink, Praise Kink, Nipple Play;English;2016-11-02;Completed;2016-11-02;5300;1/1;34;655;111;5564
8205115;KINKtober;Explicit;M/M;All For the Game - Nora Sakavic, Haikyuu!!, Mystic Messenger (Video Game), Yuri!!! on Ice (Anime), Six of Crows Series - Leigh Bardugo, Raven Cycle - Maggie Stiefvater;Neil Josten/Andrew Minyard, Hinata Shouyou/Ushijima Wakatoshi, Jumin Han/Zen | Hyun Ryu, Iwaizumi Hajime/Oikawa Tooru, Hinata Shouyou/Iwaizumi Hajime, Hinata Shouyou/Oikawa Tooru, Azumane Asahi/Nishinoya Yuu, Sawamura Daichi/Sugawara Koushi, Tsukishima Kei/Yamaguchi Tadashi, Akaashi Keiji/Bokuto Koutarou, 707 | Luciel Choi/Yoosung Kim, Katsuki Yuuri/Victor Nikiforov, Hinata Shouyou/Kageyama Tobio, Jesper Fahey/Wylan Van Eck, Ronan Lynch/Adam Parrish;Neil Josten, Andrew Minyard, Hinata Shouyou, Ushijima Wakatoshi, Jumin Han, Zen | Hyun Ryu, Iwaizumi Hajime, Oikawa Tooru, Aone Takanobu, Azumane Asahi, Nishinoya Yuu, Sawamura Daichi, Sugawara Koushi, Tsukishima Kei, Yamaguchi Tadashi, Akaashi Keiji, Bokuto Koutarou, 707 | Luciel Choi, Yoosung Kim, Takeda Ittetsu, Ukai Keishin, Katsuki Yuuri, Victor Nikiforov, Kageyama Tobio, Jesper Fahey, Wylan Van Eck, Ronan Lynch, Adam Parrish;Spanking, Dirty Talk, Smut, Plot What Plot/Porn Without Plot, Kinktober, Phone Sex, Blow Jobs, Public Blow Jobs, Group Sex, Bukakke, Orgy, hinata gets wrecked, Public Humiliation, Public Sex, Dom/sub, Dom!Iwaizumi, sub!Oikawa, Creampie, Size Kink, Size Difference, Penis Size, Anal Sex, Anal Fingering, Dom/sub Undertones, Bathroom Sex, Oral Sex, Asphyxiation, Leather Kink, Edgeplay, Fluff and Crack, Ficlet, S&M, Blood, Akaashi likes getting beat up, Master/Slave, Medical Kink, Sensory Deprivation, Blindfolds, Prostate Massage, sounding (mention), Wax Play, Daddy Kink, Bloodplay, Knifeplay, Prostitution, Pet Play, Fluff and Angst, Prostitute!Neil, Double Penetration, Sex Toys, Glory Hole, Shibari, Exhibitionism, Shotgunning, Morning Sex, jesper and wylan being dirty husbands, almost getting caught, Xenophilia, Rimming, Happy Halloween!;English;2016-10-04;Completed;2016-10-31;18799;20/20;40;650;28;20748
8395363;Fascination;Teen And Up Audiences;M/M;Yuri!!! on Ice (Anime);Katsuki Yuuri/Victor Nikiforov;Katsuki Yuuri, Victor Nikiforov;shameless fluff, Spoilers for episode 4, In which Yuuri is adoringly touchy, and in a surprising turn of events, Victor is flustered, Body worship (the innocent kind);English;2016-10-27;Completed;2016-10-27;1198;1/1;26;611;98;3954
8327176;Born To Make History;Explicit;M/M;Yuri!!! on Ice (Anime);Katsuki Yuuri/Victor Nikiforov;Katsuki Yuuri, Victor Nikiforov, Yuri Plisetsky, Nishigori Yuuko, Nishigori Takeshi;Same-Sex Marriage, Married Couple, Married Life, Domestic Fluff, Fluff and Smut, Adopted Yurio, but not really, Kissing, a lot of that, Grooming, eating ass, Massage, Spooning, Unnecessarily Sexual Dishwashing, Post-Canon, Post-Series;English;2016-10-19;Completed;2016-10-19;9214;1/1;58;597;125;7589
8459014;with or without;General Audiences;M/M;Yuri!!! on Ice (Anime);Katsuki Yuuri/Victor Nikiforov;Katsuki Yuuri, Victor Nikiforov;Flirting, So much flirting, Developing Relationship, healthy relationship alert, hand holding, Fluff;English;2016-11-03;Completed;2016-11-03;2110;1/1;24;589;74;3088
8278562;Ice King;Teen And Up Audiences;M/M;Yuri!!! on Ice (Anime);Katsuki Yuuri/Victor Nikiforov;Katsuki Yuuri, Viktor Nikiforov;First Kiss, Making Out, Getting Together, Insecurities, very slight Hurt/Comfort, Fluff, Literal Sleeping Together;English;2016-10-14;Completed;2016-10-14;2167;1/1;18;575;88;6287
8336656;breathe through me (fill up your lungs with us);Mature;M/M;Yuri!!! on Ice (Anime);Katsuki Yuuri/Victor Nikiforov;Victor Nikiforov, Katsuki Yuuri;Ballet, Blow Jobs, Semi-Public Sex, i tagged the wrong yuri at first leave me alone to die;English;2016-10-21;Completed;2016-10-21;2207;1/1;9;546;80;4438
8254172;Zeroes on Our Wrists;Teen And Up Audiences;M/M;Yuri!!! on Ice (Anime);Katsuki Yuuri/Victor Nikiforov;Katsuki Yuuri, Victor Nikiforov;Alternate Universe - Soulmates, Soulmate-Identifying Timers, yuuri can be an idiot sometimes, victor is so precious here and so jittery, they're so adorable i love them so much;English;2016-10-10;Completed;2016-10-10;1513;1/1;27;546;53;6835
8222681;Warm-Up;Explicit;M/M;Yuri!!! on Ice (Anime);Katsuki Yuuri/Victor Nikiforov;Katsuki Yuuri, Victor Nikiforov;Explicit Language, Explicit Sexual Content, Making Out, Established Relationship, Groping, Kissing, Boys Kissing, Male Homosexuality, Public Display of Affection, Fluff and Smut, NSFW, Praise Kink;English;2016-10-06;Completed;2016-10-06;460;1/1;18;538;56;8252
8389207;My Initials on Your Hand;Teen And Up Audiences;M/M;Yuri!!! on Ice (Anime);Katsuki Yuuri/Victor Nikiforov;Yuuri Katsuki, Viktor Nikiforov;Fluff, Soulmates AU, cameo by makkachin, a bit of angst?, maybe? - Freeform, Canon Divergence, but only slightly - Freeform;English;2016-10-26;Updated;2016-11-04;4676;4/?;33;532;89;6924
8250967;One Kiss, Two Kiss, Many Kisses;Teen And Up Audiences;M/M;Yuri!!! on Ice (Anime);Katsuki Yuuri/Victor Nikiforov;Victor Nikiforov, Katsuki Yuuri;Kissing, Getting to Know Each Other, Fluff, Established Relationship;English;2016-10-10;Completed;2016-10-10;1760;1/1;27;526;67;3886
8357110;Yuri no Eros;Explicit;M/M;Yuri!!! on Ice (Anime);Katsuki Yuuri/Victor Nikiforov;Katsuki Yuuri, Victor Nikiforov, Yuri Plisetsky, Minako Sensei, Nishigori family;Fluff and Smut, Victor's training methods are diabolical and evil, Yuri is such a virgin, Sweet/Hot, Sexy Times, Oral Sex, Fingerfucking, Anal Play, Yuri has this, Praise Kink;English;2016-10-23;Completed;2016-10-23;6600;1/1;33;525;106;6007
8252725;help these two cute gays;Teen And Up Audiences;M/M;Yuri!!! on Ice (Anime);Katsuki Yuuri/Victor Nikiforov;Katsuki Yuuri, Victor Nikiforov, victor's dog, Makkachin;dorky victor, embarrassed victor, nervous victor, for some reason i kept typing victor as wictor, i made him drink a lil in this bc ep2 preview had him sounding tipsy, which made me think why and then bam victor drinks when he's nervous, Praise Kink, Slightly - Freeform, Victor POV, Fluff;English;2016-10-10;Completed;2016-10-10;1731;1/1;46;521;71;5331
8318893;My Star;General Audiences;M/M;Yuri!!! on Ice (Anime);Katsuki Yuuri & Victor Nikiforov, Katsuki Yuuri/Victor Nikiforov;Katsuki Yuuri, Victor Nikiforov, Viktor Nikiforov;viktuuri, Vikturi, Victuri, whatever the fuck the ship name is, jealous viktor, Fluff, Yuuri is precious, and oblivious;English;2016-10-18;Completed;2016-10-18;1170;1/1;11;518;55;6578
8308807;30 Day Writing Challenge;Mature;Multi;Yuri!!! on Ice (Anime);Katsuki Yuuri & Victor Nikiforov, Katsuki Yuuri/Victor Nikiforov;Yuri Plisetsky, Makkachin (Yuri!!! on Ice), Katsuki Yuuri, Victor Nikiforov, Phichit Chulanont;Boys In Love, Falling In Love, Storms, 30 day writing challenge, Tumblr Prompt, Homophobia, Bullying, Genderfluid!Yuuri, Masturbation, Alternate Universe - Coffee Shops & Cafs, Alternate Universe - Avatar & Benders Setting, Alternate Universe - Actors, Alternate Universe - Vampire, Blood Drinking;English;2016-10-17;Updated;2016-11-02;11357;14/30;75;516;63;6653
8252093;The Late Spring;Mature;M/M, Multi;Yuri!!! on Ice (Anime);Katsuki Yuuri/Yuri Plisetsky, Victor Nikiforov/Yuri Plisetsky, Katsuki Yuuri/Victor Nikiforov, Katsuki Yuuri/Victor Nikiforov/Yuri Plisetsky;Katsuki Yuuri, Yuri Plisetsky, Victor Nikiforov, Yakov Feltsman, Katsuki Mari, Katsuki Hiroko, Katsuki Toshio;spoilers in the tags, Strangers to Lovers, Alpha/Beta/Omega Dynamics, Omega Yuri Plisetsky, Alpha Victor Nikiforov, Alternate Universe - Historical, Historical Inaccuracy, Heian Period, Class Differences, Omega Katsuki Yuuri, Polyamory, Threesome - M/M/M;English;2016-10-10;Updated;2016-11-03;9900;3/?;112;516;85;6177
8344324;Soulmate;Teen And Up Audiences;M/M;Yuri!!! on Ice (Anime);Katsuki Yuuri/Victor Nikiforov;Katsuki Yuuri, Victor Nikiforov;Angst, Hurt/Comfort, Alternate Universe - Soulmates, Anxiety, Depression;English;2016-10-22;Updated;2016-10-22;8963;1/2;32;514;96;4529
8283080;The fic where Yuri Plisetsky is grossed out by adults;Teen And Up Audiences;M/M;Yuri!!! on Ice (Anime);Katsuki Yuuri/Victor Nikiforov;Katsuki Yuuri, Victor Nikiforov, Yuri Plisetsky;Alternate Universe - Canon Divergence, Yuri POV, Humor, Light Angst, Possibly-OOC;English;2016-10-14;Completed;2016-10-14;2222;1/1;30;513;69;3254
8426128;Manners Maketh Man;Teen And Up Audiences;M/M;Yuri!!! on Ice (Anime);Katsuki Yuuri & Victor Nikiforov, Katsuki Yuuri/Victor Nikiforov;Katsuki Yuuri, Victor Nikiforov, Yuri Plisetsky, Victor Nikiforov's Mother, Victor Nikiforov's Father, Nishigori Takeshi, Nishigori Yuuko, Okukawa Minako;Humor, Fluff, Crack, First Kiss, Getting Together, Martial Arts;English;2016-10-31;Completed;2016-10-31;3905;1/1;24;490;112;3894
8266538;The springs aren't the only hot thing around here;Teen And Up Audiences;M/M;Yuri!!! on Ice (Anime);Katsuki Yuuri/Victor Nikiforov;Katsuki Yuuri, Victor Nikiforov;Fluff, First Kiss, like they're too cute oh my heart, Victuri, inspired by that cute pic of viktor in the ending credits, VictUuri;English;2016-10-12;Completed;2016-10-12;2742;1/1;21;489;64;3988
8481814;Talk to Me;Explicit;M/M;Yuri!!! on Ice (Anime);Katsuki Yuuri/Victor Nikiforov;Katsuki Yuuri, Victor Nikiforov;Voice Kink, Language Kink, is that even a thing??, henceforth I have decided that it is A Thing, Blowjobs, Frottage, Dirty Talk;English;2016-11-06;Completed;2016-11-06;3929;1/1;26;494;91;3270
8289547;Trust;Explicit;M/M;Yuri!!! on Ice (Anime);Katsuki Yuuri/Victor Nikiforov;Katsuki Yuuri, Victor Nikiforov;Blindfolds, minor oral fixation, Minor Praise Kink, Frottage, Kissing, Pre-Relationship, Hand Jobs, Consensual, Light Dom/sub;English;2016-10-15;Completed;2016-10-15;3705;1/1;30;487;69;5504
8453386;solo and pair;Teen And Up Audiences;M/M;Yuri!!! on Ice (Anime);Katsuki Yuuri/Victor Nikiforov;Katsuki Yuuri, Victor Nikiforov, Nishigori Yuuko, Nishigori Takeshi, Okukawa Minako, Katsuki Hiroko, Katsuki Mari, Phichit Chulanont, Yuri Plisetsky;Alternate Universe - Soulmates, Soulmates, Soulmate-Identifying Marks, Anxiety, First Kiss, Fluff, Rating May Change, Other Additional Tags to Be Added;English;2016-11-02;Updated;2016-11-02;1904;1/10;30;487;109;3202
8457853;I'm Right Next Door;Mature;M/M;Yuri!!! on Ice (Anime);Katsuki Yuuri/Victor Nikiforov;Victor Nikiforov, Yuri Plisetsky, Katsuki Yuuri, Mila;Explicit Language, Non-Explicit Sex;English;2016-11-03;Completed;2016-11-03;4210;1/1;42;486;82;3596
8373502;From Russia with Love;Explicit;M/M;Yuri!!! on Ice (Anime);Katsuki Yuuri/Victor Nikiforov;Victor Nikiforov, Katsuki Yuuri;Semi-Public Sex, Silence, Established Relationship, Porn with Feelings;English;2016-10-25;Completed;2016-10-25;4333;1/1;28;481;95;4779
8442388;If only we could stay here forever;Teen And Up Audiences;M/M;Yuri!!! on Ice (Anime);Katsuki Yuuri & Victor Nikiforov, Katsuki Yuuri/Victor Nikiforov;Katsuki Yuuri, Victor Nikiforov, Yuri Plisetsky, Makkachin (Yuri!!! on Ice);Mpreg, Male Pregnancy, Fluff, Fluff and Angst, Angst, Homosexuality, Gays on Ice;English;2016-11-01;Updated;2016-11-06;6257;4/?;29;479;69;4782
8407834;Floresco;Not Rated;M/M;Yuri!!! on Ice (Anime);Katsuki Yuuri/Victor Nikiforov;Katsuki Yuuri, Victor Nikiforov, Yuri Plisetsky, Phichit Chulanont, Nishigori Yuuko, Nishigori Takeshi;Alpha/Beta/Omega Dynamics, Mating Cycles/In Heat, Angst and Fluff and Smut, Alpha Viktor, Chapter 2 has the juicy stuff, Consensual Sex, Bonding;English;2016-10-29;Updated;2016-11-02;7924;3/?;12;478;74;6728
8332627;Punishment;Explicit;M/M;Yuri!!! on Ice (Anime);Katsuki Yuuri & Victor Nikiforov, Katsuki Yuuri/Victor Nikiforov;;Viktor Nikiforov - Freeform, katsuki yuuri - Freeform, viktuuri, Vikturi, VictUuri, Victuri, Edging, Blow Jobs, Fingering, Orgasm Denial, Established Relationship, Viktor is a little shit, PWP;English;2016-10-20;Completed;2016-10-20;1756;1/1;11;475;34;7100
8222404;No one will believe you;Explicit;M/M;Yuri!!! on Ice (Anime);Katsuki Yuuri/Victor Nikiforov;Katsuki Yuuri, Victor Nikiforov;PWP, sort of, Masturbation, Exhibitionism, peeking, Smut, Voyeurism;English;2016-10-06;Completed;2016-10-06;1204;1/1;23;475;28;6101
8347078;gays on ink: an epic love story;Teen And Up Audiences;M/M;Yuri!!! on Ice (Anime);Katsuki Yuuri/Victor Nikiforov;Katsuki Yuuri, Victor Nikiforov, Nishigori Yuuko, Nishigori Takeshi, Yuri Plisetsky, Katsuki Mari;Fluff, Humour, Angst, Childhood Friends, (kind of), Homophobia, Homophobic Slurs, Falling In Love, High School AU, painter au, Artist AU, artist!Victor, They are gay and cute, First Kiss, Victor Nikiforov Merchandise Is Everywhere, How are they so gay oh my god, Yuuri POV;English;2016-10-22;Completed;2016-10-22;5638;1/1;75;472;108;2674
8303200;Seeing in Color;General Audiences;M/M;Yuri!!! on Ice (Anime);Katsuki Yuuri & Victor Nikiforov, Katsuki Yuuri/Victor Nikiforov;Katsuki Yuuri, Victor Nikiforov, Yuri Plisetsky;Romance, Soulmates, Soulmate AU, Soulmate- identifying colors, Color Blindness, color blind Yuuri, Fluff, Confused Viktor, Angry Yuri;English;2016-10-17;Completed;2016-10-17;3568;2/2;23;472;58;5568
8444725;Mine;Teen And Up Audiences;M/M;Yuri!!! on Ice (Anime);Katsuki Yuuri/Victor Nikiforov;Katsuki Yuuri, Victor Nikiforov, Yuri Plisetsky, Original Characters;Magical Realism, Slow Build, Fluff, Victor to the Rescue, Yuuri Protection Squad, Slavery, Emotional Hurt/Comfort, Physical Abuse, Hurt/Comfort, AHH, I Love You, Poor Victor, Poor Yuuri, Don't Have to Know Canon;English;2016-11-01;Updated;2016-11-05;9858;9/?;283;466;74;4872
8276224;Icarus in love;Teen And Up Audiences;M/M;Yuri!!! on Ice (Anime);Katsuki Yuuri/Victor Nikiforov;Katsuki Yuuri, Victor Nikiforov;Mild Angst, a lot more fluff, domestic victuri, personal care, viktor loves caring for yuuri, Fluff;English;2016-10-13;Completed;2016-10-13;2332;1/1;43;449;72;3936
8390794;Ensnared in Sweet Poison;Mature;M/M;Yuri!!! on Ice (Anime);Katsuki Yuuri/Victor Nikiforov;Katsuki Yuuri, Victor Nikiforov;salsa - Freeform, Dancing, First Kiss, sexy Yuuri, smart yuuri, Got inspiration of streetdance 2, flustered Viktor, fit Yuuri, slightly possessive yuuri, post episode 4, slightly occ, Smut in chapter Two, slight nipple play, First Time, Kissing, Top Viktor, bottom Yuuri, viktuuri;English;2016-10-27;Completed;2016-10-29;4373;2/2;56;440;67;5702
8474068;Dance Along;Explicit;M/M;Yuri!!! on Ice (Anime);Katsuki Yuuri/Victor Nikiforov;Katsuki Yuuri, Okukawa Minako, Victor Nikiforov;;English;2016-11-05;Completed;2016-11-05;7234;1/1;33;420;94;3930
8230288;Destroy Me Gently, Please (With Love);Teen And Up Audiences;M/M;Yuri!!! on Ice (Anime);Katsuki Yuuri/Yuri Plisetsky;Katsuki Yuuri, Yuri Plisetsky;;English;2016-10-07;Completed;2016-10-07;1930;1/1;22;417;33;5096
8377228;Adoration (noun);General Audiences;M/M;Yuri!!! on Ice (Anime);Katsuki Yuuri/Victor Nikiforov;Katsuki Yuuri, Viktor Nikiforov;POV Viktor Nikiforov, basically all these headcanons and theories about Viktor got me all kinds of fucked up so have this, Slow Build, in like a really understated introspective way, Fluff, its still me i mean, character exploration, kinda a lil, post 1x03;English;2016-10-25;Completed;2016-10-25;2049;1/1;31;415;101;2802
8364916;A brief study in Homosexuality;Explicit;M/M;Yuri!!! on Ice (Anime);Katsuki Yuuri/Victor Nikiforov;Katsuki Yuuri, Victor Nikiforov;Plot What Plot/Porn Without Plot, well maybe a bit of plot, Anal Fingering, Anal Sex, and oh is that a, Praise Kink, Kinda, Love Confessions, Voyeurism, lowkey;English;2016-10-24;Completed;2016-10-24;5974;1/1;6;411;73;6490
8468794;Ai;General Audiences;M/M;Yuri!!! on Ice (Anime);Katsuki Yuuri/Victor Nikiforov;Katsuki Yuuri, Victor Nikiforov;Drunkenness, Drunken Confessions, Fluff;English;2016-11-04;Completed;2016-11-04;2545;1/1;27;411;47;2548
8387188;Eat You Up;Explicit;M/M;Yuri!!! on Ice (Anime);Katsuki Yuuri/Victor Nikiforov;Katsuki Yuuri, Victor Nikiforov;handjobs, embarrassed Yuri, totally smitten Victor let's be real, Post Episode 3;English;2016-10-26;Completed;2016-10-26;2550;1/1;10;399;51;4334
8467003;black cat, white cat;Mature;M/M;Yuri!!! on Ice (Anime);Katsuki Yuuri/Victor Nikiforov;Nishigori Yuuko, Phichit Chulanont, Kenjiro Minami, Yuri Plisetsky, Okukawa Minako, Mila Babicheva;Espionage AU, rival spies, spy rings under cover as national skating teams, childhood crush to rivals to lovers, somehow there's still skating, too many jokes for so serious a job, blame minami and phichit, it's me so there's angst, some violence, lots of seduction, yuri tries to kill yuuri (repeatedly), minami does jello shots, phichit is a true bro, an unsurprising marvel cameo, i put a meme in here im so sorry;English;2016-11-04;Updated;2016-11-04;11709;1/2;54;396;81;2387
8398546;Impulse;General Audiences;M/M;Yuri!!! on Ice (Anime);Katsuki Yuuri/Victor Nikiforov;Victor Nikiforov, Katsuki Yuuri;Kissing, Sleeping Together, Romance, Fluff, Originally Posted on Tumblr;English;2016-10-28;Completed;2016-10-28;855;1/1;17;394;42;4541
8264602;Wake-up Call;General Audiences;Gen, M/M;Yuri!!! on Ice (Anime);Katsuki Yuuri/Victor Nikiforov;Victor Nikiforov, Katsuki Yuuri, Katsuki Hiroko;Coda, Slightly Hinted At Victuri;English;2016-10-12;Completed;2016-10-12;873;1/1;17;393;44;2771
8332111;breathe;General Audiences;M/M;Yuri!!! on Ice (Anime);Katsuki Yuuri/Victor Nikiforov;Katsuki Yuuri, Victor Nikiforov;PPD, Sexual Tension, Victor being Victor, Comfort, Feelings, Budding Love, Canon Compliant, Third Skate;English;2016-10-20;Completed;2016-10-20;1109;1/1;22;387;37;2896
8238622;Too Much, Too Perfect;Teen And Up Audiences;M/M;Yuri!!! on Ice (Anime);Katsuki Yuuri/Victor Nikiforov;Katsuki Yuuri, Victor Nikiforov;Drunken Confessions, here have some light angst, victor just wants to kiss this cinnamon bun, yuuri is just emotional and he just needs to be reassured, drunk! victor;English;2016-10-08;Completed;2016-10-08;1267;1/1;20;383;28;4262
8376328;Jealous Love;Mature;M/M;Yuri!!! on Ice (Anime);Katsuki Yuuri & Victor Nikiforov, Katsuki Yuuri/Victor Nikiforov;Katsuki Yuuri, Victor Nikiforov;Spoilers, Post Episode 3, Post-Canon, Smut, Fluff;English;2016-10-25;Completed;2016-10-25;2788;1/1;12;373;74;3225
8401453;To Want it All;Explicit;M/M;Yuri!!! on Ice (Anime);Katsuki Yuuri/Victor Nikiforov;Victor Nikiforov, Katsuki Yuuri, Makkachin (Yuri!!! on Ice);Masturbation, Pre-Relationship, Porn with Feelings, actually more feelings than porn, pining victor, Post Episode 3;English;2016-10-28;Completed;2016-10-28;2327;1/1;34;367;50;4054
8272228;a place worth starting from;Teen And Up Audiences;M/M;Yuri!!! on Ice (Anime);Katsuki Yuuri/Victor Nikiforov;Katsuki Yuuri, Victor Nikiforov;Fluff, Falling In Love, Pre-Relationship, a bit of introspection;English;2016-10-13;Completed;2016-10-13;2362;1/1;13;360;64;2619
8451742;fight for you, write for you;Teen And Up Audiences;M/M;Yuri!!! on Ice (Anime);Katsuki Yuuri/Victor Nikiforov;Katsuki Yuuri, Victor Nikiforov;Online Forums, Fluff, Getting Together, First Kiss, Canon Compliant;English;2016-11-02;Completed;2016-11-02;1428;1/1;26;359;45;2412
8292278;The Depths You Want To Know;Teen And Up Audiences;M/M;Yuri!!! on Ice (Anime);Katsuki Yuuri/Victor Nikiforov;Katsuki Yuuri, Victor Nikiforov;Getting to Know Each Other, Victor is inquisitive, Yuuri coming out of his shell;English;2016-10-16;Completed;2016-10-16;1567;1/1;14;357;50;null
8286601;Shoebox of Photographs;Teen And Up Audiences;M/M;Yuri!!! on Ice (Anime);Katsuki Yuuri/Victor Nikiforov;Katsuki Yuuri, Victor Nikiforov, Yuri Plisetsky, Makkachin (Yuri!!! on Ice);Slow Burn, coffee shop AU, Strangers to Lovers, This is a lot longer than I thought it would be whoops, Fluff;English;2016-10-15;Updated;2016-11-01;9927;3/?;67;357;67;2866
8266378;Viktor Is In The Closet;Explicit;M/M;Yuri!!! on Ice (Anime);Katsuki Yuuri/Victor Nikiforov, Phichit Chulanont & Katsuki Yuuri;Katsuki Yuuri, Victor Nikiforov, Phichit Chulanont;First Time, Masturbation, Accidental Voyeurism, Anal Fingering, Nipple Play, Oral Sex, past katsuki yuuri/phichit chulanont, Body Worship;English;2016-10-12;Completed;2016-10-12;3990;1/1;11;350;42;5707
8311513;Red Herring;General Audiences;Gen, M/M;Yuri!!! on Ice (Anime);Katsuki Yuuri/Victor Nikiforov;Victor Nikiforov, Katsuki Yuuri, Yakov, Georgi Popovich, Makkachin (Yuri!!! on Ice);Ambition, Character Study, Dogs, Food Metaphors, Love at First Sight, Moral Ambiguity, Pre-Relationship, Snow and Ice, (see also: evil stoves);English;2016-10-18;Completed;2016-10-18;1435;1/1;27;349;73;2304
8343160;The Four Loves;General Audiences;M/M;Yuri!!! on Ice (Anime);Katsuki Yuuri/Victor Nikiforov;Katsuki Yuuri, Victor Nikiforov;;English;2016-10-22;Completed;2016-10-22;2240;1/1;9;348;53;2455
8229113;You Are Beautiful;Teen And Up Audiences;M/M;Yuri!!! on Ice (Anime);Katsuki Yuuri/Victor Nikiforov;Katsuki Yuuri, Victor Nikiforov;Soft homo, Yuuri is beautiful and deserves all the love;English;2016-10-07;Completed;2016-10-07;1260;1/1;20;343;33;3177
8223325;patches of ice | yuri!!! on ice;General Audiences;M/M;Yuri!!! on Ice (Anime);Katsuki Yuuri/Yuri Plisetsky, Katsuki Yuuri/Victor Nikiforov;Viktor Nikiforov, Yuri Plisetsky, Katsuki Yuuri;longlostlovers, Alternate Universe, oocyuuri, ooccharacters;English;2016-10-08;Updated;2016-11-05;3736;5/?;40;342;69;4624
8332714;Find Your Eros In Me;Explicit;M/M;Yuri!!! on Ice (Anime);Katsuki Yuuri/Victor Nikiforov;Katsuki Yuuri, Victor Nikiforov;Porn Without Plot, Anal Sex, Riding, Drabble, outdoors sex, I just watched episode 3 and I needed to write this, Fluff in the end I think;English;2016-10-20;Completed;2016-10-20;807;1/1;8;339;42;4390
8326933;Keep Your Eyes On Me;Teen And Up Audiences;M/M;Yuri!!! on Ice (Anime);Katsuki Yuuri/Victor Nikiforov;Katsuki Yuuri, Viktor Nikiforov;Morning Cuddles, Established Relationship, Fluff, Body Positivity, Supportive Viktor, Chubby Yuuri;English;2016-10-19;Completed;2016-10-19;1258;1/1;17;338;44;2572
8277589;Imperfection on Ice;Explicit;M/M;Yuri!!! on Ice (Anime);Katsuki Yuuri/Victor Nikiforov;Katsuki Yuuri, Victor Nikiforov;Disappointment, Understanding, Bisexuality, Mutual Pining, Hand Jobs, Hot Springs & Onsen, Yuuri is so done with Victor's shit but he also admires him so that's a bit difficult;English;2016-10-13;Completed;2016-10-13;5888;1/1;29;338;63;4244
8465746;but rise with it;General Audiences;M/M;Yuri!!! on Ice (Anime);Katsuki Yuuri/Victor Nikiforov;Victor Nikiforov, Katsuki Yuuri, Phichit Chulanont, Yuri Plisetsky, Mila Babicheva;Slow Burn, Get Together, Hurt/Comfort, Fluff;English;2016-11-04;Completed;2016-11-04;2848;1/1;24;333;76;2393
8327407;Shelter;Explicit;M/M;Yuri!!! on Ice (Anime);Katsuki Yuuri & Victor Nikiforov;Victor Nikiforov, Viktor Nikiforov, Katsuki Yuuri;Naga, Implied/Referenced Abuse, Slavery, Victuri, VictUuri, Vikturi, viktuuri, Slow Burn, Oral Sex, Fingering;English;2016-10-20;Updated;2016-11-06;17465;12/?;51;332;58;4892
8455309;Move My Stars;Teen And Up Audiences;M/M;Yuri!!! on Ice (Anime);Katsuki Yuuri/Victor Nikiforov;Katsuki Yuuri, Victor Nikiforov;drunk Viktor, Yuuri obviously doesn't know what to do, Emotional Hurt/Comfort;English;2016-11-02;Completed;2016-11-02;1279;1/1;16;327;28;2145
8363683;With Love;Teen And Up Audiences;M/M;Yuri!!! on Ice (Anime);Katsuki Yuuri/Victor Nikiforov;Victor Nikiforov, Katsuki Yuuri;;English;2016-10-23;Completed;2016-10-23;3019;1/1;18;326;65;2408
8481160;control;Explicit;M/M;Yuri!!! on Ice (Anime);Katsuki Yuuri/Victor Nikiforov;Katsuki Yuuri, Victor Nikiforov;Restraints, Gags, Possessive Behavior, Butt Plugs, Blow Jobs, Rimming, Anal Fingering, Anal Sex, Dirty Talk, Dominance, Non-Verbal Safewords, Jealousy;English;2016-11-06;Completed;2016-11-06;1000;1/1;22;325;35;3423
8338966;Why Me?;Not Rated;M/M;Yuri!!! on Ice (Anime);Katsuki Yuuri/Victor Nikiforov;Katsuki Yuuri, Victor Nikiforov;Episode Related, Post-Episode 3, post episode 1x03, Drinking, Truth;English;2016-10-21;Completed;2016-10-21;2635;1/1;18;323;39;2295
8294524;Two Types Of Love;Explicit;M/M;Yuri!!! on Ice (Anime);Katsuki Yuuri/Victor Nikiforov;Katsuki Yuuri, Victor Nikiforov, Yuri Plisetsky;Body Worship, implied praise kink, god save these fucking nerds, Porn with Feelings, Plot What Plot/Porn Without Plot, Fluff;English;2016-10-16;Completed;2016-10-16;1998;1/1;11;320;42;4553
8341036;Just Like a Katsudon Bowl, Sweetheart;Explicit;M/M;Yuri!!! on Ice (Anime);Katsuki Yuuri/Victor Nikiforov;Katsuki Yuuri, Victor Nikiforov, Katsuki Mari, Nishigori Yuuko, Katsuki Hiroko;Hot Springs & Onsen, (   ), Mutual Masturbation, Anal Sex, Anal Fingering;English;2016-10-21;Completed;2016-10-21;2783;1/1;15;318;39;5400
8241283;Winter Weight;Teen And Up Audiences;M/M;Yuri!!! on Ice (Anime);Katsuki Yuuri/Victor Nikiforov;Katsuki Yuuri, Victor Nikiforov;Fluff, Implied/Referenced Sex, i know its only been one episode but i needed to write something because i love yuuri, he's soft and lovely, Short & Sweet, Chubby Yuuri;English;2016-10-08;Completed;2016-10-08;372;1/1;12;317;39;3070
8362297;Eros Unplugged;Explicit;M/M;Yuri!!! on Ice (Anime);Katsuki Yuuri & Victor Nikiforov, Katsuki Yuuri/Victor Nikiforov;Katsuki Yuuri, Victor Nikiforov, Yuri Plisetsky;Anal, butt plug, Orgasm Delay, Skating With Something Up His Ass, Exhibitionism;English;2016-10-23;Completed;2016-10-23;983;1/1;6;317;30;4181
8373094;Dancing on borrowed blades;Mature;M/M;Yuri!!! on Ice (Anime);Katsuki Yuuri/Victor Nikiforov, Katsuki Yuuri & Victor Nikiforov;;VictUuri, Texting, Frottage, Hand Jobs, Kissing, Making Out, Grinding, Drunk Victor is cutest Victor, Mutual Masturbation, Fluff, Getting Together, Set at some point after episode 3, Porn With Plot;English;2016-10-24;Completed;2016-10-24;4682;1/1;11;315;48;3637
8274557;Lost in Translation;Teen And Up Audiences;M/M;Yuri!!! on Ice (Anime);Katsuki Yuuri/Yuri Plisetsky;Katsuki Yuuri, Yuri Plisetsky, Victor Nikiforov;Language Barrier, Jealous Yurio, Very slight alternative universe, Yurio has a big gay crush, Yurio swears a lot;English;2016-10-13;Completed;2016-10-13;2270;1/1;32;312;31;3541
8326366;On Love: the Self;Explicit;M/M;Yuri!!! on Ice (Anime);Katsuki Yuuri/Victor Nikiforov;Katsuki Yuuri;Masturbation;English;2016-10-19;Completed;2016-10-19;1257;1/1;10;310;22;3098
8321161;Innuendo;Explicit;Gen, M/M;Yuri!!! on Ice (Anime);Katsuki Yuuri/Victor Nikiforov;Katsuki Yuuri, Victor Nikiforov, Yuri Plisetsky;Fluff and Crack, Implied Relationships, Ficlet, Misunderstandings, Yurio get your mind outta the gutter;English;2016-10-19;Completed;2016-10-19;1101;1/1;25;309;41;3517
8337010;I Will Show You;Mature;M/M;Yuri!!! on Ice (Anime);Katsuki Yuuri/Victor Nikiforov;Katsuki Yuuri, Victor Nikiforov, Yuri Plisetsky;Victuri, their tiny angry son, Families of Choice, bit of angst, Mostly Fluff, Domestic;English;2016-10-21;Updated;2016-10-23;3515;2/?;19;307;32;2787
8427355;wayward satellite;General Audiences;M/M;Yuri!!! on Ice (Anime);Katsuki Yuuri/Victor Nikiforov;;Angst, did you ever wonder what would happen once yuuri won the grand prix final?, what happens to viktor?, Well - Freeform, i already wrote how yuuri feels, so here's viktor's side of leaving yuuri;English;2016-10-31;Completed;2016-10-31;2283;1/1;54;307;49;1985
8446591;the sound of your heart;General Audiences;M/M;Yuri!!! on Ice (Anime);Katsuki Yuuri/Victor Nikiforov;Katsuki Yuuri, Victor Nikiforov;viktor does not know how actual people work;English;2016-11-01;Completed;2016-11-01;2529;1/1;23;302;69;1717
8325868;Blini;Teen And Up Audiences;M/M;Yuri!!! on Ice (Anime);Katsuki Yuuri/Victor Nikiforov;Victor Nikiforov, Katsuki Yuuri;Kissing, Cooking, Fluff, Sexual Tension;English;2016-10-19;Completed;2016-10-19;2272;1/1;18;299;32;2341
8410078;My Little Star;Teen And Up Audiences;M/M, Other;Yuri!!! on Ice (Anime);Katsuki Yuuri/Victor Nikiforov, Katsuki Yuuri & Victor Nikiforov;Katsuki Yuuri, Victor Nikiforov, Makkachin (Yuri!!! on Ice);Fluff, Cuddling & Snuggling, First Kiss, sleepy cuddling like wooa boy, implied genderfluid Viktor, shout out for makkachin for making this happen, there's so much fluff SO.MUCH. FLUFF, Self-Esteem Issues, but it's ok bc viktors there, Non-Sexual Intimacy, they should just marry already;English;2016-10-29;Completed;2016-10-29;3182;1/1;24;296;58;2053
8379553;A Fellow With a One-Track Mind;Explicit;M/M;Yuri!!! on Ice (Anime);Katsuki Yuuri/Victor Nikiforov;Katsuki Yuuri, Victor Nikiforov;Public Hand Jobs, Strip Tease, Music, Queer Character, POV Male Character, Male Character of Color, Boys Kissing;English;2016-10-25;Completed;2016-10-25;3918;1/1;18;294;31;2863
8412133;Firebreathing;Teen And Up Audiences;M/M;Yuri!!! on Ice (Anime);Katsuki Yuuri/Victor Nikiforov;Katsuki Yuuri, Victor Nikiforov;pair skating;English;2016-10-29;Completed;2016-10-29;2196;1/1;9;293;36;1928
8465257;Endurence;Explicit;M/M;Yuri!!! on Ice (Anime);Katsuki Yuuri/Victor Nikiforov;Katsuki Yuuri, Victor Nikiforov;Overexertion, Creampie, Multiple Orgasms, Barebacking, Feltching, PWP;English;2016-11-04;Completed;2016-11-04;1497;1/1;10;293;30;5885
8358115;Mirror Mirror;Explicit;M/M;Yuri!!! on Ice (Anime);Katsuki Yuuri/Victor Nikiforov;Katsuki Yuuri, Victor Nikiforov;Fluff, Smut, Intercrural Sex, Established Relationship, Mirrors;English;2016-10-23;Completed;2016-10-23;3459;1/1;3;292;30;4147
8334991;More Than a Kiss;Explicit;M/M;Yuri!!! on Ice (Anime);Katsuki Yuuri/Victor Nikiforov;Katsuki Yuuri, Victor Nikiforov;Alternate Universe - Canon Divergence, Fluff and Smut, Kissing, Blow Jobs, First Time Blow Jobs, Yuuri is very much a virgin, Viktor is again very shameless, pork cutlet bowl, Praise Kink, Episode 3;English;2016-10-21;Completed;2016-10-21;2043;1/1;6;294;17;4740
8324749;youknowhedonediddlydidit.docx;Explicit;M/M;Yuri!!! on Ice (Anime);Katsuki Yuuri/Victor Nikiforov;Katsuki Yuuri, Victor Nikiforov, brief mentions of the other Yuri;short n'sweet pwp, jerking off, Being caught, Open ended, set right after episode 2, basically I watched the episode and this was the only thing on my brain lmao;English;2016-10-19;Completed;2016-10-19;1005;1/1;13;291;28;2597
8347513;Falling into Your Arms, Always;Teen And Up Audiences;M/M;Yuri!!! on Ice (Anime);Katsuki Yuuri/Victor Nikiforov;Katsuki Yuuri, Victor Nikiforov;Falling On Ice, Idiots in Love, Anxiety, Insecurities (Yuuri), Cuddling & Snuggling, a lil bit of angst in here, i'm back and i hope you like it, also it's almost winter where i live so i like the idea of cuddles oki;English;2016-10-28;Completed;2016-10-28;2108;1/1;13;291;20;4674
8233409;sweet tooth;Teen And Up Audiences;M/M;Yuri!!! on Ice (Anime);Katsuki Yuuri/Victor Nikiforov;Katsuki Yuuri, Victor Nikiforov;Smooching, Fainting, Short & Sweet;English;2016-10-07;Completed;2016-10-07;620;1/1;10;291;26;2369
8400331;Little Red and the Big Bad Wolf;Explicit;M/M;Yuri!!! on Ice (Anime);Katsuki Yuuri/Victor Nikiforov;Katsuki Yuuri, Victor Nikiforov;Alternate Universe - Werewolf, Smut, Plot What Plot/Porn Without Plot, Fingering, Rimming, Doggy Style, Sex, Explicit Sexual Content, Yaoi;English;2016-10-29;Completed;2016-10-29;2559;1/1;13;288;29;6469
8295604;Vanilla;General Audiences;M/M;Yuri!!! on Ice (Anime);Katsuki Yuuri/Victor Nikiforov;Katsuki Yuuri, Victor Nikiforov, Makkachin (Yuri!!! on Ice);Fluff, Flirting;English;2016-10-16;Completed;2016-10-16;1724;1/1;11;283;38;2221
8448625;Katsudon Prize;Explicit;M/M;Yuri!!! on Ice (Anime);Katsuki Yuuri/Victor Nikiforov;Katsuki Yuuri, Victor Nikiforov;PWP, Rimming, Praise Kink, Panty Kink, First Time, Hand Jobs;English;2016-11-02;Completed;2016-11-02;1513;1/1;6;283;30;4712
8439229;Triple Axel;General Audiences;M/M;Yuri!!! on Ice (Anime);Katsuki Yuuri/Victor Nikiforov;Katsuki Yuuri, Victor Nikiforov;Fluff, Angst, Mild Injuries, Love Confessions, First Kiss, Anxiety;English;2016-11-01;Completed;2016-11-01;3301;1/1;16;283;31;2137
8326879;the view from the top.;Mature;M/M;Yuri!!! on Ice (Anime);Katsuki Yuuri & Victor Nikiforov;Victor Nikiforov, Katsuki Yuuri;coffee shop AU, Yaoi, Slow Build, Eventual Smut, Light Angst;English;2016-10-19;Updated;2016-11-04;12481;5/?;33;284;62;3125
8471002;Love When It's Right;Mature;M/M;Yuri!!! on Ice (Anime);Katsuki Yuuri/Viktor Nikiforov;Katsuki Yuuri, Viktor Nikiforov;Insecurity, Mild hurt, Comfort, Hot Spring Kisses, talking about feelings, mild NSFW;English;2016-11-04;Completed;2016-11-04;2507;1/1;11;282;36;1882
8430319;Lost In Translation;General Audiences;M/M;Yuri!!! on Ice (Anime);Katsuki Yuuri/Victor Nikiforov;Yuri Plisetsky, Victor Nikiforov, Katsuki Yuuri;Alternate Universe - Soulmates, Romantic Soulmates, Fluff and Angst, Light Angst, Heavy Angst, Insecurity, insecure!Yuuri;English;2016-10-31;Completed;2016-10-31;2901;2/2;6;281;31;2979
8266784;Repercussions;Not Rated;Gen;Yuri!!! on Ice (Anime);Katsuki Yuuri/Victor Nikiforov, Katsuki Yuuri & Victor Nikiforov;Katsuki Yuuri, Victor Nikiforov;Angst, Emotional Hurt/Comfort, Relationship Issues, Yuuri is confused and Victor's an idiot;English;2016-10-12;Completed;2016-10-12;4087;1/1;5;279;59;2387
8264912;Ledyanoy;Explicit;M/M;Yuri!!! on Ice (Anime);Katsuki Yuuri/Victor Nikiforov;Katsuki Yuuri, Victor Nikiforov;PWP, Plot What Plot/Porn Without Plot, Anal Sex, Anal Fingering, Semi-Public Sex;English;2016-10-12;Completed;2016-10-12;1904;1/1;2;278;46;4933
8382439;those ten things;Mature;M/M;Yuri!!! on Ice (Anime);Katsuki Yuuri/Victor Nikiforov;Yuri Plisetsky, Nishigori Yuuko, Okukawa Minako, Makkachin (Yuri!!! on Ice), Vicchan (Yuri!!! on Ice);victor seems oblivious to yuuri, but tbh he's not, victor knows exactly what he's doing, Dates, Cute, story progresses i promise;English;2016-10-26;Updated;2016-11-06;7415;5/?;46;278;41;2842
8105476;The Encounter;Explicit;M/M;Yuri!!! on Ice (Anime);Katsuki Yuuri/Yuri Plisetsky;Katsuki Yuuri, Yuri Plisetsky;Alpha/Beta/Omega Dynamics;English;2016-09-22;Completed;2016-09-22;846;1/1;20;276;39;5881
8273288;Shock;General Audiences;M/M;Yuri!!! on Ice (Anime);Katsuki Yuuri/Victor Nikiforov;Katsuki Yuuri, Victor Nikiforov;gen - Freeform, Pre-Relationship, Feelings, VIKTOR IS INSECURE;English;2016-10-13;Completed;2016-10-13;355;1/1;10;273;36;2285
8245136;Heartbeats on Ice;Teen And Up Audiences;M/M;Yuri!!! on Ice (Anime);Katsuki Yuuri/Victor Nikiforov;Katsuki Yuuri, Victor Nikiforov;Skating to Music, mutual feelings, Neck Kissing, just kissing, here have some more angst you beautiful fandom, Misunderstandings, Denial of Feelings, they just want to love okay, they're so precious protect them;English;2016-10-09;Completed;2016-10-09;2156;1/1;18;273;38;3814
8224675;Hallelujah;Teen And Up Audiences;M/M;Yuri!!! on Ice (Anime);Katsuki Yuuri/Victor Nikiforov;Katsuki Yuuri, Victor Nikiforov;Drabble Sequence, Speculation;English;2016-10-06;Completed;2016-10-06;2135;1/1;10;273;34;2471
8245567;in the wink of an eye;Teen And Up Audiences;M/M;Yuri!!! on Ice (Anime);Katsuki Yuuri/Victor Nikiforov;Katsuki Yuuri, Victor Nikiforov;;English;2016-10-09;Completed;2016-10-09;934;1/1;26;273;24;2156
8374312;A Gaze that Can Cut Glass;Not Rated;M/M;Yuri!!! on Ice (Anime);Katsuki Yuuri/Victor Nikiforov;;Victor gets pissed, rude OC, Protective!Victor;English;2016-10-25;Completed;2016-10-25;425;1/1;11;272;38;2531
8227337;Can You Hear?;Explicit;M/M;Yuri!!! on Ice (Anime);Katsuki Yuuri/Victor Nikiforov;Katsuki Yuuri, Victor Nikiforov;;English;2016-10-06;Completed;2016-10-06;781;1/1;11;272;26;3830
8419333;Love on Ice;Teen And Up Audiences;M/M;Yuri!!! on Ice (Anime);Katsuki Yuuri/Victor Nikiforov;Katsuki Yuuri, Victor Nikiforov, Yuri Plisetsky;Alpha/Beta/Omega Dynamics, Alternate Universe - Canon Divergence, Ice Skating;English;2016-10-30;Updated;2016-11-03;6628;3/?;20;267;60;2350
8261647;Good Puppy;Explicit;M/M;Yuri!!! on Ice (Anime);Katsuki Yuuri/Victor Nikiforov;Katsuki Yuuri, Victor Nikiforov;Master/Pet, Pet Names, BDSM, Butt Plugs, Collars, Leashes, Spanking, Daddy Kink, Gags, Chastity Device;English;2016-10-11;Updated;2016-10-11;1110;2/?;12;266;25;5662
8390965;intimacy;Explicit;M/M;Yuri!!! on Ice (Anime);Katsuki Yuuri/Victor Nikiforov;Victor Nikiforov, Katsuki Yuuri;Masturbation, Voyeurism, Exhibitionism, Hand Jobs, Blow Jobs, Declarations Of Love, Fluff and Smut, Tooth-Rotting Fluff, Anal Fingering;English;2016-10-27;Completed;2016-10-27;1255;1/1;10;267;23;5533
8456641;Seduced;Explicit;M/M;Yuri!!! on Ice (Anime);Katsuki Yuuri/Victor Nikiforov;Katsuki Yuuri, Victor Nikiforov, Katsuki Mari, Kenjiro Minami, Nishigori Takeshi, Nishigori Yuuko;Alternate Universe - Canon Divergence, Love Confessions, Fluff and Smut, Kissing, Making Out, Insecurity, Body Image, Praise Kink, Embarrassment, Anal Fingering, First Time, Anal Sex, Making Love, Episode 5;English;2016-11-03;Completed;2016-11-03;2676;1/1;10;264;27;4979
8368651;Eros and a Little Devil;Mature;M/M;Yuri!!! on Ice (Anime);Katsuki Yuuri/Victor Nikiforov;Katsuki Yuuri, Victor Nikiforov;smut on ice, well not really they don't exactly fuck on ice, although i did want them to, Angst;English;2016-10-24;Completed;2016-10-24;2079;1/1;6;264;45;2829
8397046;Finding His Eros;Explicit;M/M;Yuri!!! on Ice (Anime);Katsuki Yuuri/Victor Nikiforov;Katsuki Yuuri, Victor Nikiforov;Butt Plugs, Masturbation, Sexual Tension;English;2016-10-27;Completed;2016-10-27;2352;1/1;6;264;18;3767
8285609;Eros and Apollo;Teen And Up Audiences;M/M;Yuri!!! on Ice (Anime);Katsuki Yuuri/Victor Nikiforov, Katsuki Yuuri & Victor Nikiforov;Katsuki Yuuri, Victor Nikiforov;Playful teasing, The start of something beautiful, only a matter of time before Victor finds those posters though..., Slow Burn, horribly mangled Greek myths as told by a Russian figure skater;English;2016-10-15;Updated;2016-10-20;3822;2/?;15;263;41;3039
8419696;I'll Try;Teen And Up Audiences;M/M;Yuri!!! on Ice (Anime);Katsuki Yuuri/Victor Nikiforov;Katsuki Yuuri, Victor Nikiforov;Daddy Kink, Hair Brushing, Fluff, Fluff and Smut, Wet Dream;English;2016-10-30;Updated;2016-11-01;2883;3/?;39;261;37;3198
8407171;the air is heavy with the fragrance of gardenias;General Audiences;M/M;Yuri!!! on Ice (Anime);Katsuki Yuuri/Victor Nikiforov;Katsuki Yuuri, Victor Nikiforov, Makkachin (Yuri!!! on Ice);Language of Flowers, hanakotoba, Confessions, Fluff, all that jazz, dogwalking, nervous yuuri, Getting Together;English;2016-10-29;Completed;2016-10-29;672;1/1;12;261;34;2322
8412796;More Than Coaching;Mature;M/M;Yuri!!! on Ice (Anime);Katsuki Yuuri/Victor Nikiforov;Victor Nikiforov, Katsuki Yuuri;Alpha/Beta/Omega Dynamics, Knotting, Omegaverse, Plot What Plot/Porn Without Plot;English;2016-10-29;Completed;2016-10-29;2842;1/1;2;256;48;3528
8366878;Vkusno!;Explicit;M/M;Yuri!!! on Ice (Anime);Katsuki Yuuri/Victor Nikiforov;Katsuki Yuuri, Victor Nikiforov;Porn Without Plot, Yuuri tops, Viktor likes bottoming from time to time, Rimming, Anal Sex, Fingering, Riding, Oral Sex;English;2016-10-24;Completed;2016-10-24;3002;1/1;9;254;36;3267
8437213;Hilarion's Last Wish;General Audiences;M/M;Yuri!!! on Ice (Anime);Katsuki Yuuri/Victor Nikiforov;Victor Nikiforov, Katsuki Yuuri;Ballet, Tooth-Rotting Fluff, Victor pines like a middle school girl, Pre-Relationship;English;2016-10-31;Completed;2016-10-31;3260;1/1;15;254;40;1628
8344171;The Prince and His Servant;Teen And Up Audiences;M/M;Yuri!!! on Ice (Anime);Katsuki Yuuri & Victor Nikiforov, Katsuki Yuuri/Victor Nikiforov;Katsuki Yuuri, Victor Nikiforov;Marriage Proposal, Same-Sex Marriage, Fluff, Post-Anime, Implied Sexual Content;English;2016-10-22;Completed;2016-10-22;1870;1/1;21;254;54;2217
8268883;Enthralled;Teen And Up Audiences;M/M;Yuri!!! on Ice (Anime);Katsuki Yuuri/Victor Nikiforov;Katsuki Yuuri, Victor Nikiforov;One Shot, Alternate Universe - Canon Divergence;English;2016-10-12;Completed;2016-10-12;674;1/1;14;254;34;2185
8267405;For Now;Explicit;M/M;Yuri!!! on Ice (Anime);Katsuki Yuuri/Victor Nikiforov;Katsuki Yuuri, Victor Nikiforov;Plot What Plot/Porn Without Plot, Blow Jobs, Hand & Finger Kink, Praise Kink, Oral Fixation, Established Relationship;English;2016-10-12;Completed;2016-10-12;1920;1/1;16;253;31;3942
8386798;Eros and Agape, one and the same;Explicit;M/M;Yuri!!! on Ice (Anime);Katsuki Yuuri/Victor Nikiforov;Katsuki Yuuri, Victor Nikiforov;Getting Together, sex on ice, Honey play, Hot Sex, Fluffy Ending, Romantic Fluff, Fluff, pair skating;English;2016-10-26;Completed;2016-10-26;5564;1/1;18;252;43;3935
8270123;Not too bad;General Audiences;M/M;Yuri!!! on Ice (Anime);Katsuki Yuuri & Victor Nikiforov, Katsuki Yuuri/Victor Nikiforov;Katsuki Yuuri, Victor Nikiforov;Sickfic, Sick Character, Fluff, Hurt/Comfort, Hurt, Fever, Ice Skating;English;2016-10-12;Completed;2016-10-12;1733;1/1;10;252;32;3742
8273411;hold me hard and mellow;Mature;M/M;Yuri!!! on Ice (Anime);Katsuki Yuuri/Victor Nikiforov;Katsuki Yuuri, Victor Nikiforov, Yuri Plisetsky;Fluff, Post-Canon, Alternate Universe - Canon Divergence, Smut, Hand Jobs, Semi-Public Sex, Outdoor Sex, Festivals, Matsuri - Freeform, Yaoi;English;2016-10-13;Completed;2016-10-13;3112;1/1;6;252;23;4312
8306401;so baby (pull me closer);General Audiences;M/M;Yuri!!! on Ice (Anime);Katsuki Yuuri & Victor Nikiforov, Katsuki Yuuri/Victor Nikiforov;Katsuki Yuuri, Victor Nikiforov, Minako, Nishigori Takeshi, Nishigori Yuuko;Christmas fic, Winter fic, Fluff, FWP, Fluff What Plot, seriously this is just fluff, fluff fluff fluff, mistletoe fic, Getting Together, Longing, Pining, this is honestly just feelings, Christmas Party, Friends to Lovers;English;2016-10-17;Completed;2016-10-17;6021;1/1;22;250;40;2593
8373355;Blossom and Bloom;Teen And Up Audiences;M/M;Yuri!!! on Ice (Anime);Katsuki Yuuri/Victor Nikiforov;Katsuki Yuuri, Katsuki Toshiya, Nishigori Yuuko, Makkachin (Yuri!!! on Ice), Victor Nikiforov, Yuri Plisetsky;Falling In Love, Getting to Know Each Other, Getting Together, Living Together, Searching for inspiration, Snow and Ice;English;2016-10-25;Completed;2016-10-25;2668;1/1;24;250;48;1737
8238188;Three Sheets to the Wind;Teen And Up Audiences;M/M;Yuri!!! on Ice (Anime);Katsuki Yuuri/Victor Nikiforov;Katsuki Yuuri, Victor Nikiforov;my wild expectation of episode 2, i have lots of other things to do but look what i'm doing, SAVE ME FROM THESE TWO, VictUuri, Victuri, drunk!Viktor, and cute!Yuuri because HE IS;English;2016-10-08;Completed;2016-10-08;1400;1/1;13;248;13;2950
8336590;On Love: Eros;Mature;M/M;Yuri!!! on Ice (Anime);Katsuki Yuuri/Victor Nikiforov;Katsuki Yuuri, Victor Nikiforov;Alpha/Beta/Omega Dynamics, Omega Verse, Mpreg, after episode 3, Alternate Universe - Post-Canon, Mating Cycles/In Heat, Other Additional Tags to Be Added;English;2016-10-21;Updated;2016-10-21;541;1/?;11;248;37;3715
8396185;Alternative Coaching Methods;Explicit;Gen, M/M;Yuri!!! on Ice (Anime);Katsuki Yuuri/Victor Nikiforov, Victor Nikiforov & Yuri Plisetsky, Katsuki Yuuri & Yuri Plisetsky;Katsuki Yuuri, Victor Nikiforov, Yuri Plisetsky;Romance, Smut, Fluff and Smut, Shameless Smut, Consensual Kink, Spanking, Blow Jobs, First Time Blow Jobs, Friendship, Father-Son Relationship, Teen Angst, Ice Skating, Hurt/Comfort;English;2016-10-27;Completed;2016-10-27;6103;1/1;8;247;38;3580
8293351;Yuri!!! On Ice {Various X Reader} Request: Open;Explicit;F/M, M/M, Multi;Yuri!!! on Ice (Anime);Katsuki Yuuri/Reader, Yuri Plisetsky/Reader, Victor Nikiforov/Reader;Katsuki Yuuri, plisetsky yuri, nikiforov victor, Reader;Smut, Lemon, Lime, request, oneshots, NSFW, yuri!!! on ice - Freeform, x Reader, Oral, Rough Sex, Public Sex, Ice Skating, Dates, kawaii stuff to;English;2016-10-16;Updated;2016-10-18;3084;2/?;94;243;19;8522
8365186;all we know;Not Rated;M/M;Yuri!!! on Ice (Anime);Katsuki Yuuri/Victor Nikiforov;Katsuki Yuuri, Victor Nikiforov, Okukawa Minako;fluffy fluff, drunk! viktor, lots of pining, tipsy! yuuri, viktor is such a mess, comforting! yuuri, confusion regarding feels;English;2016-10-24;Completed;2016-10-24;4808;1/1;15;242;35;2043
8398420;Falling Away With You;General Audiences;M/M;Yuri!!! on Ice (Anime);Katsuki Yuuri/Victor Nikiforov;Katsuki Yuuri, Victor Nikiforov;Fluff, Drabble, Fluff and Angst;English;2016-10-27;Completed;2016-10-27;795;1/1;6;242;17;2603
8476162;premier;Teen And Up Audiences;M/M;Yuri!!! on Ice (Anime);Katsuki Yuuri/Victor Nikiforov, Katsuki Yuuri & Yuri Plisetsky;Yuri Plisetsky, Victor Nikiforov, Yakov Feltsman, Lilia Baranovskaya, Katsuki Yuuri;danseur!yuuri, includes: yuuri wearing a leotard, Kabe-Don, happens somewhere in episode 4, also includes: yuuri wearing a LEOTARD, AU;English;2016-11-05;Completed;2016-11-05;1407;1/1;15;241;33;1625
8408686;Paying a Fee;General Audiences;M/M;Yuri!!! on Ice (Anime);Katsuki Yuuri/Victor Nikiforov;Katsuki Yuuri, Victor Nikiforov;Fluff, Anxiety, First Dates, Misunderstandings, First Kiss;English;2016-10-29;Completed;2016-10-29;2036;1/1;6;239;26;1980
8282534;Kiss of Peace;General Audiences;M/M;Yuri!!! on Ice (Anime);Katsuki Yuuri/Victor Nikiforov;Katsuki Yuuri, Victor Nikiforov;Cultural Differences, First Kiss, lol Russia, poor little virgin Yuuri, Pre-Slash;English;2016-10-14;Completed;2016-10-14;1167;1/1;27;239;36;2057
8410726;Colliding of Intimacy;Teen And Up Audiences;M/M;Yuri!!! on Ice (Anime);Katsuki Yuuri/Victor Nikiforov;Katsuki Yuuri, Victor Nikiforov;kisses, so much of it, Fluff, that five kisses fic in every fandom has arrived here;English;2016-10-29;Completed;2016-10-29;1466;1/1;10;239;24;1945
8331406;Vikturi Tumblr Prompts;Not Rated;M/M;Yuri!!! on Ice (Anime);Katsuki Yuuri/Victor Nikiforov;Victor Nikiforov, Katsuki Yuuri, misc others;drabbles, Tumblr Prompts, and it starts immediately with porn lmao, Masturbation, 'clean up', aka cum eating, Fluff;English;2016-10-20;Updated;2016-10-25;1903;5/?;9;238;18;2498
8464024;Animal Attraction;Mature;M/M;Yuri!!! on Ice (Anime);Katsuki Yuuri/Victor Nikiforov;Katsuki Yuuri, Victor Nikiforov;Victuri, No shame november, BDSM, Biting, Marking, Vampire!Viktor, Other Additional Tags to Be Added, NSFW, Aftercare, Masturbation, Sex Toys, Anal Sex, demisexual!Yuuri, Verbal Humiliation, Object Penetration, Pet Play;English;2016-11-03;Updated;2016-11-06;4733;3/?;10;241;36;3632
8285971;long way down;Not Rated;M/M;Yuri!!! on Ice (Anime);Katsuki Yuuri/Victor Nikiforov;Katsuki Yuuri, Victor Nikiforov;comforting! yuuri, hurt! viktor, angst and fluff combo, with a side of snowy cuddles;English;2016-10-15;Completed;2016-10-15;2012;1/1;24;234;22;1837
8380087;Wonderment;General Audiences;M/M;Yuri!!! on Ice (Anime);Katsuki Yuuri/Victor Nikiforov;Victor Nikiforov, Makkachin (Yuri!!! on Ice), Katsuki Yuuri;Russia;English;2016-10-25;Completed;2016-11-01;2722;3/3;14;233;27;2205
8337307;Agape, Lead Me Home;General Audiences;M/M;Yuri!!! on Ice (Anime);Katsuki Yuuri/Yuri Plisetsky;Yuri Plisetsky;so gen it hurts;English;2016-10-21;Completed;2016-10-21;1113;1/1;24;234;11;1994
8472193;spurious beauties and excellencies;Explicit;M/M;Yuri!!! on Ice (Anime);Katsuki Yuuri/Victor Nikiforov;Katsuki Yuuri, Victor Nikiforov;First Time, Fluff and Smut, and self-indulgent as friCK;English;2016-11-05;Completed;2016-11-05;3674;1/1;8;233;32;3074
8471854;locker room talk;Teen And Up Audiences;M/M;Yuri!!! on Ice (Anime);Katsuki Yuuri/Victor Nikiforov;Victor Nikiforov, Katsuki Yuuri, Kenjiro Minami, Okukawa Minako;Fake/Pretend Relationship, Confessions, Getting Together, Hugs, Fluff, Mentions of homophobia, these reporters have no chill, title is bc it takes place in a locker room not bc people are being trumpish;English;2016-11-04;Completed;2016-11-04;1392;1/1;7;233;21;1985
8462341;Getting the Picture;Teen And Up Audiences;M/M;Yuri!!! on Ice (Anime);Katsuki Yuuri/Victor Nikiforov, Katsuki Yuuri & Victor Nikiforov;Katsuki Yuuri, Victor Nikiforov;Fluff, First Kiss, Making Out, Kissing, Confessions, Tooth-Rotting Fluff;English;2016-11-03;Completed;2016-11-03;1500;1/1;6;229;21;2867
8423638;Lovesick;Teen And Up Audiences;M/M;Yuri!!! on Ice (Anime);Katsuki Yuuri/Victor Nikiforov;Katsuki Yuuri, Victor Nikiforov, Viktor Nikiforov;Fluff, Victuri, VictUuri, Only 4 episodes in and look at the giant anime hole I've fallen into, Yuuri is cute and ill and stuff;English;2016-10-30;Completed;2016-10-30;1630;1/1;16;229;25;2216
8278607;honest;General Audiences;M/M;Yuri!!! on Ice (Anime);Katsuki Yuuri/Victor Nikiforov;Katsuki Yuuri, Victor Nikiforov;;English;2016-10-14;Completed;2016-10-14;2857;1/1;6;229;23;1979
8334268;from russia, with love;General Audiences;M/M;Yuri!!! on Ice (Anime);Katsuki Yuuri/Victor Nikiforov;Katsuki Yuuri, Victor Nikiforov;takes place after ep 3, there's drinking, and a kiss;English;2016-10-20;Completed;2016-10-20;1245;1/1;14;228;31;1690
8293466;Touch;General Audiences;M/M;Yuri!!! on Ice (Anime);Katsuki Yuuri/Victor Nikiforov;Katsuki Yuuri, Victor Nikiforov;Russia's anti-gay laws, they just really suck, and I have a lot of feelings, ok;English;2016-10-16;Completed;2016-10-16;353;1/1;17;228;25;1414
8430127;Impulse of Eros;Explicit;M/M;Yuri!!! on Ice (Anime);Katsuki Yuuri/Victor Nikiforov;;Locker Room, Teasing, Clothed Sex, Semi-Public Sex;English;2016-10-31;Completed;2016-10-31;5446;1/1;10;227;24;3321
8309566;StarBoy;Explicit;M/M;Yuri!!! on Ice (Anime);Katsuki Yuuri/Victor Nikiforov;Katsuki Yuuri, Victor Nikiforov, Yuri Plisetsky, Minako;Alpha/Beta/Omega Dynamics, Omega!Victor, alpha!yuuri;English;2016-10-17;Updated;2016-10-19;4005;2/?;22;227;35;3260
8280691;perspective through the pain of zeroes;Teen And Up Audiences;M/M;Yuri!!! on Ice (Anime);Katsuki Yuuri/Victor Nikiforov;Katsuki Yuuri, Victor Nikiforov, Yuri Plisetsky;Alternate Universe - Soulmates, Soulmate-Identifying Timers, Yuri's POV, he finds beauty in the concept of soulmates, despite that grumpy heart of his, they're all precious and this is the sequel, also have some more angst;English;2016-10-15;Completed;2016-10-15;1535;1/1;14;227;21;3492
8330773;Yuri!!! on Ice: Katsuki Yuuri's Return to the Grand Prix?!;Teen And Up Audiences;M/M;Yuri!!! on Ice (Anime);Katsuki Yuuri/Victor Nikiforov, Yuri Plisetsky & Kenjiro Minami, platonic victor and yuri, platonic yuuri and yuri, platonic minami and yuuri;Katsuki Yuuri, Victor Nikiforov, Yuri Plisetsky, Kenjiro Minami, Nishigori Yuuko, Nishigori Takeshi, Axel, Lutz, Loop - Character, Katsuki Hiroko, Katsuki Mari, Katsuki Toshiya;AU, yuuri quit figure skating at 21 after a bad injury, and became an ice skating teacher instead, the triplets are his students, as well as some other kids, he works at ice castle, he helps minami with his programs, and is v proud of him, he was still filmed doing viktors program by the triplets and it still goes viral, LELELELEL, not gonna say anymore bc it might give the plot away, might be multi-chapter but who knows, yuuri tore a ligament in his ankle after a fall, its still hurts occasionally which will lead to plenty of heartfelt gay times, viktor wants to coach yuuri to enter the Grand Prix, minami is his student/fan, who likes to get yuuri's help with his routines, yuuri is minami's viktor nikiforov, the fact that i've written 3 fics in 2 days because of this anime, astounds me;English;2016-10-20;Updated;2016-10-20;1200;1/?;17;225;44;1754
8385304;Piggy;Explicit;M/M;Yuri!!! on Ice (Anime);Katsuki Yuuri/Victor Nikiforov;Katsuki Yuuri, Victor Nikiforov;BDSM, Butt Plugs, Tail Butt Plugs, Verbal Humiliation, Dirty Talk, Hand Jobs, Subspace, Aftercare, Spanking, Weight Issues, light fluff, dominant victor, Submissive Yuuri, Anal Fingering, Hand Feeding, Established Relationship;English;2016-10-26;Completed;2016-10-26;1184;1/1;10;224;21;3323
8265461;Delight;Explicit;M/M;Yuri!!! on Ice (Anime);Katsuki Yuuri/Victor Nikiforov;Katsuki Yuuri, Victor Nikiforov;Nipple Play, Blow Jobs, Intercrural Sex, Come Swallowing, Viktor appreciates Yuuri's soft bod;English;2016-10-12;Completed;2016-10-12;617;1/1;5;224;25;4151
8234015;Like the Europeans Do;General Audiences;M/M;Yuri!!! on Ice (Anime);Katsuki Yuuri/Yuri Plisetsky;Katsuki Yuuri, Yuri Plisetsky;Kid Fic, Language Barrier, Cute;English;2016-10-07;Completed;2016-10-07;1731;1/1;8;223;29;2318
8479792;Ex's and Oh's;General Audiences;M/M;Yuri!!! on Ice (Anime);Katsuki Yuuri/Victor Nikiforov;Victor Nikiforov, Katsuki Yuuri, Phichit Chulanont;Past Yuuri/Phichit, POV Victor Nikiforov, Fluff;English;2016-11-05;Completed;2016-11-05;1042;1/1;6;224;16;1725
8416435;Experience;Teen And Up Audiences;;Yuri!!! on Ice (Anime);Katsuki Yuuri & Victor Nikiforov;Katsuki Yuuri, Katsuki Hiroko, Victor Nikiforov, Okukawa Minako;Eating Disorders, Self-Esteem Issues, Self-Hatred, Oblivious Victor;English;2016-10-30;Updated;2016-11-04;5331;7/?;48;222;24;3136
8460292;Cowardice;Teen And Up Audiences;M/M;Yuri!!! on Ice (Anime);Katsuki Yuuri/Victor Nikiforov;Victor Nikiforov, Katsuki Yuuri, Okukawa Minako;Post-ep to Episode 5, musings, headcanons, the author's interpretations of Victor's character, slight homophobia discussion, Russian's anti gay laws, Canon Compliant, Angst, the assumption that Victor and Yuri mostly communicate in English, but that Victor does know Japanese, Hurt/Comfort, and then just hurt;English;2016-11-03;Updated;2016-11-04;4182;2/?;47;221;30;2181
8359753;Stay Close to Me;Teen And Up Audiences;M/M;Yuri!!! on Ice (Anime);Katsuki Yuuri/Victor Nikiforov;Katsuki Yuuri, Victor Nikiforov;Body Worship, Fluff, Insecurity, Snow Day, Hickies, Emotional Hurt/Comfort;English;2016-10-23;Completed;2016-10-23;2970;1/1;15;218;25;null
8400970;Giving In;Teen And Up Audiences;M/M;Yuri!!! on Ice (Anime);Katsuki Yuuri/Victor Nikiforov;;First Kiss, I just needed some joy here, I gave myself a cavity here, this is more sickly sweet than downing a pint of maple syrup, i really cannot recommend drinking that much sugar but read the fic instead, i help keep dentists away, please do not down a pint of maple syrup;English;2016-10-28;Completed;2016-10-28;1512;1/1;32;218;38;1257
8406400;I'm Your Smallest Fan!;General Audiences;Gen;Yuri!!! on Ice (Anime);Katsuki Yuuri & Victor Nikiforov;Katsuki Yuuri, Victor Nikiforov;platonic, smol Yuuri, Teen!Victor, First Meetings, AU, Fluff, Cute, Sugar overdose, diabetes risk, tiny Yuuri is tiny;English;2016-10-29;Completed;2016-10-29;762;1/1;10;217;25;1432
8292091;breathe me in;Teen And Up Audiences;M/M;Yuri!!! on Ice (Anime);Katsuki Yuuri/Victor Nikiforov;;Making Out, Biting, why is it always biting, Hickeys, Yaoi, Neck Kissing;English;2016-10-16;Completed;2016-10-16;644;1/1;2;216;10;3247
8415394;sensuality;Explicit;M/M;Yuri!!! on Ice (Anime);Katsuki Yuuri/Victor Nikiforov;Katsuki Yuuri, Victor Nikiforov;Trans Male Character, Trans Character, ((its yuuri)), Cunnilingus, Vaginal Fingering, Vaginal Sex, Fluff and Smut, Tooth-Rotting Fluff, Romance, Body Worship, imagine being this in love;English;2016-10-30;Completed;2016-10-30;1000;1/1;15;212;26;2812
8335333;Compulsion;General Audiences;M/M;Yuri!!! on Ice (Anime);Katsuki Yuuri/Victor Nikiforov;;Pre-Relationship, Pre-Slash, Hopeful Ending;English;2016-10-21;Completed;2016-10-21;1183;1/1;5;211;24;2102
8394190;Born Trepidatiously;Teen And Up Audiences;;Yuri!!! on Ice (Anime);Katsuki Yuuri/Victor Nikiforov, Viktor Nikiforov/Katsuki Yuuri, Victor Nikiforov/Katsuki Yuuri;Katsuki Yuuri, Viktor Nikiforov, Victor Nikiforov, Yuri Plisetsky, Okukawa Minako, Nishigori Yuuko, Nishigori Takeshi;Angst, General, Injury, EDNOS, Eating Disorder Not Otherwise Specified, Eating Disorders, Neglect, Self-Harm, Triggers, Bromance, Hurt/Comfort, Anxiety, Depression, Suicidal Thoughts, Tragedy;English;2016-10-27;Updated;2016-10-28;6953;2/?;25;211;40;2648
8459131;Epiphany;General Audiences;M/M;Yuri!!! on Ice (Anime);Katsuki Yuuri/Victor Nikiforov;Katsuki Yuuri, Victor Nikiforov;quick drabble right after watching ep 5;English;2016-11-03;Completed;2016-11-03;408;1/1;10;210;12;1620
8461717;Omne Trium Perfectum;Explicit;M/M, Multi;Yuri!!! on Ice (Anime);Katsuki Yuuri/Victor Nikiforov/Yuri Plisetsky, Katsuki Yuuri/Yuri Plisetsky, Katsuki Yuuri/Victor Nikiforov, Victor Nikiforov/Yuri Plisetsky;Katsuki Yuuri, Yuri Plisetsky, Victor Nikiforov;Aged up characters, Post-Canon, Established Polyamorous Relationship, Threesome - M/M/M, Anal Sex, PWP, filthy smut;English;2016-11-03;Completed;2016-11-03;4763;1/1;13;206;26;2223
8415595;Aching Bodies;General Audiences;M/M;Yuri!!! on Ice (Anime);Katsuki Yuuri/Victor Nikiforov;Katsuki Yuuri, Victor Nikiforov;Alternate Universe - Canon Divergence, Fluff and Angst, Insecurity, Bruises, worrying about aging, Body Image, Viktor has problems too, Yuuri and Viktor suffer together, Kissing, Episode 4;English;2016-10-30;Completed;2016-10-30;1491;1/1;8;206;19;1984
8285816;It's A Date;General Audiences;Gen, M/M;Yuri!!! on Ice (Anime);Katsuki Yuuri & Victor Nikiforov, Katsuki Yuuri/Victor Nikiforov;Katsuki Yuuri, Victor Nikiforov, Yuri Plisetsky, Yuuri's mom, Yuuri's Sister;they gay, I spent one whole day on this sorry it sucks, Fluff, Fluff and Humor, Tooth-Rotting Fluff, Twisted and Fluffy Feelings, Fluff and Hurt/Comfort, VictUuri, Victuri, I love this anime a lot ok;English;2016-10-15;Completed;2016-10-15;4498;1/1;25;205;38;2191
8351314;Would Burn So Yellow;Explicit;M/M;Yuri!!! on Ice (Anime);Katsuki Yuuri/Victor Nikiforov;Katsuki Yuuri, Victor Nikiforov, Nishigori Yuuko, Katsuki Hiroko;Masturbation, Boys Kissing, POV Male Character, Male Character of Color, Queer Character;English;2016-10-22;Completed;2016-10-22;3017;1/1;18;205;32;1664
8363179;warm;Explicit;M/M;Yuri!!! on Ice (Anime);Katsuki Yuuri/Victor Nikiforov;Katsuki Yuuri, Victor Nikiforov;Praise Kink, Hand Jobs, Anal Fingering, Anal Sex, D/s, Dominance, Plot What Plot/Porn Without Plot, Blow Jobs, throatfucking;English;2016-10-23;Completed;2016-10-23;1625;1/1;6;204;33;4291
8325526;He prefers the naive him;Mature;M/M;Yuri!!! on Ice (Anime);Katsuki Yuuri/Victor Nikiforov;Victor Nikiforov, Katsuki Yuuri;VictUuri, Alternate Universe - Canon Divergence;English;2016-10-19;Completed;2016-10-19;3190;1/1;11;203;30;1781
8445115;"""The Adventures of Sparkly Elf and Soft Hobbit, Endured With Great Patience by The Bright And Powerful, Best In The Land, Yuri Plisetsky.""";Teen And Up Audiences;M/M;Yuri!!! on Ice (Anime);Katsuki Yuuri/Victor Nikiforov;Yuri Plisetsky, Katsuki Yuuri, Victor Nikiforov, Nishigori Yuuko, Nishigori Triplets, Dragons - Character, so many cats - Character;Humour, Crack, LotR AU, AU, Epistolary, Yuri POV, Yuri and Victor are elves, Yuuri is a hobbit, The size difference is never addressed, A Pinch of Angst, outsider pov, diary format;English;2016-11-01;Completed;2016-11-01;4075;1/1;30;203;34;1111
8313373;Sweet Water;Teen And Up Audiences;M/M;Yuri!!! on Ice (Anime);Katsuki Yuuri & Victor Nikiforov;Katsuki Yuuri, Victor Nikiforov;Kissing, Boys Kissing, midnight kissing, Fluff, Angst, Ice Skating, Rivalry;English;2016-10-18;Updated;2016-10-19;5044;2/?;10;200;28;1446
8350999;Not A Kindness;General Audiences;M/M;Yuri!!! on Ice (Anime);Katsuki Yuuri/Victor Nikiforov;Victor Nikiforov, Katsuki Yuuri;food analogy, Character Study, Pre-Relationship;English;2016-10-22;Completed;2016-10-22;1521;1/1;27;200;33;null
8344699;Long Distance;Mature;M/M;Yuri!!! on Ice (Anime);Katsuki Yuuri/Victor Nikiforov;Katsuki Yuuri, Victor Nikiforov;I'm Sorry, I went from fluff straight to smut, Smut, Masturbation, Mutual Masturbation, Phone Sex, did I mention I'm sorry?;English;2016-10-22;Completed;2016-10-22;1997;1/1;4;198;26;2140
8344681;Unstoppable;Teen And Up Audiences;M/M;Yuri!!! on Ice (Anime);Katsuki Yuuri/Victor Nikiforov;Katsuki Yuuri, Victor Nikiforov;First Kiss, Self-Acceptance, Genderfluid Character, Self Confidence Issues, Genderfluid Yuuri;English;2016-10-22;Completed;2016-10-22;1128;1/1;14;198;29;1418
8394352;Pictures;General Audiences;M/M;Yuri!!! on Ice (Anime);Victor Nikiforov/Katsuki Yuuri, Victor Nikiforov & Katsuki Yuuri;Victor Nikiforov, Katsuki Yuuri;Fluff, Yurio makes a brief appearance, so does Makkachin;English;2016-10-27;Completed;2016-10-27;1164;1/1;17;192;28;1064
8456293;Crescendo (poco a poco);General Audiences;M/M;Yuri!!! on Ice (Anime);Katsuki Yuuri/Victor Nikiforov;;smol thing;English;2016-11-03;Completed;2016-11-03;572;1/1;7;191;19;1839
8342653;Heartbeat Overdrive;Mature;M/M;Yuri!!! on Ice (Anime);Katsuki Yuuri/Victor Nikiforov;Katsuki Yuuri, Victor Nikiforov;Blowjobs, Cum Play, gagging, Victuri;English;2016-10-21;Completed;2016-10-21;1363;1/1;8;192;22;2899
8277701;never enough;Not Rated;M/M;Yuri!!! on Ice (Anime);Katsuki Yuuri/Victor Nikiforov;Katsuki Yuuri, Victor Nikiforov;angsty angst, fluffy fluff, comforting! viktor, self-doubting! yuuri;English;2016-10-14;Completed;2016-10-14;1145;1/1;12;190;20;2110
8398840;being alive;General Audiences;M/M;Yuri!!! on Ice (Anime);Katsuki Yuuri/Victor Nikiforov;Katsuki Yuuri, Victor Nikiforov;Future Fic, Domestic, Fluff, Established Relationship;English;2016-10-28;Completed;2016-10-28;784;1/1;24;189;29;1418
8448880;Try it on!;Mature;M/M;Yuri!!! on Ice (Anime);Katsuki Yuuri & Victor Nikiforov, Katsuki Yuuri/Victor Nikiforov;Katsuki Yuuri, Victor Nikiforov;VictUuri, viktuuri, request, Locker Room Sex, Kinda, Praise Kink, Dirty Talk;English;2016-11-02;Completed;2016-11-02;1822;1/1;4;190;15;2577
8230274;Don't Think It Over;Mature;M/M;Yuri!!! on Ice (Anime);Katsuki Yuuri/Victor Nikiforov;Katsuki Yuuri, Victor Nikiforov;Blow Jobs;English;2016-10-07;Completed;2016-10-07;1212;1/1;3;188;12;2930
8462287;Accidental;Not Rated;M/M;Yuri!!! on Ice (Anime);Katsuki Yuuri/Victor Nikiforov;Katsuki Yuuri, Victor Nikiforov;Accidental Kissing, Mistakes, Requited Love, Good Mistakes;English;2016-11-03;Updated;2016-11-04;1201;2/?;22;187;21;2138
8300596;Show Me Your Skies;General Audiences;Gen, M/M;Yuri!!! on Ice (Anime);Katsuki Yuuri & Victor Nikiforov, Katsuki Yuuri/Victor Nikiforov;Katsuki Yuuri, Victor Nikiforov;Anniversary, Happy Ending, Pictures, Cake, Romantic Fluff, Friendship/Love, Romantic Friendship, Inspired by Photography, Falling In Love, Love Confessions, Cute, Not Beta Read, Victuri;English;2016-10-16;Completed;2016-10-16;1643;1/1;13;186;28;1423
8355727;Beach Time;Teen And Up Audiences;M/M;Yuri!!! on Ice (Anime);Katsuki Yuuri/Victor Nikiforov;Katsuki Yuuri, Victor Nikiforov, Makkachin (Yuri!!! on Ice);Getting Together, corny fluff, You Have Been Warned, Not Beta Read, rating just to be safe;English;2016-10-23;Completed;2016-10-23;2261;1/1;9;187;27;1496
8303003;Kiss and Cry;Teen And Up Audiences;M/M;Yuri!!! on Ice (Anime);Katsuki Yuuri/Victor Nikiforov;Katsuki Yuuri, Victor Nikiforov;First Kiss, Kissing, Fluff;English;2016-10-17;Completed;2016-10-17;705;1/1;16;184;14;1396
8286286;Scattered starlight;Explicit;M/M;Yuri!!! on Ice (Anime);Katsuki Yuuri/Victor Nikiforov;Katsuki Yuuri, Victor Nikiforov;Drabble Collection, Blow Jobs, Drunk Sex, is this becoming like a Thing with me, Accidental Voyeurism, Masturbation;English;2016-10-15;Updated;2016-10-22;3451;2/?;4;184;18;2598
8430271;How to Be a Heartbreaker (a guide by Katsuki Yuuri);Teen And Up Audiences;M/M;Yuri!!! on Ice (Anime);Katsuki Yuuri/Victor Nikiforov;Katsuki Yuuri, Victor Nikiforov, Okukawa Minako, Makkachin (Yuri!!! on Ice);Mutual Pining, Pining, Fluff, First Kiss, Alternate Universe - Canon Divergence, Alpha/Beta/Omega Dynamics, Alpha/Omega, alpha!Victor, Omega!Yuuri, Tooth-Rotting Fluff, Love Confessions, Falling In Love, Dorks in Love, Eskimo Kisses, Hugs, One Shot, basically the fic in which Yuuri tries to be a player but fails miserably, First Dates, Cute;English;2016-10-31;Completed;2016-10-31;2876;1/1;2;183;21;2159
8418001;The Feeling That Never Goes Away;General Audiences;M/M;Yuri!!! on Ice (Anime);Katsuki Yuuri/Victor Nikiforov, Katsuki Yuuri & Victor Nikiforov;Katsuki Yuuri, Victor Nikiforov, Makkachin (Yuri!!! on Ice);I spelled his name 'Viktor' I'm sorry, fluffy as I could make it, Little! Yuri, Long Hair! Viktor, Time Skips, I didn't mean for it to be this long!, Implied relationship at the end when they're both grown up, Nothing weird I promise, Is it obvious that little Yuuri is already smitten with Viktor?, fan boy! Yuuri, Sort of an AU, but that's just because they way I wrote it doesn't really fit well into the canon of the show;English;2016-10-30;Completed;2016-10-30;1977;1/1;22;182;41;1127
8317810;Stray;Teen And Up Audiences;Gen;Yuri!!! on Ice (Anime);;Katsuki Hiroko, Katsuki Yuuri, Minako, Nishigori Yuuko, Nishigori Takeshi, Victor Nikiforov, Yuri Plisetsky;Hiroko's pov, Awesome Mom, Women Being Awesome, Yuuri growing up as seen by his mom;English;2016-10-18;Completed;2016-10-18;3072;1/1;22;180;37;1103
8329963;all is gay;General Audiences;M/M;Yuri!!! on Ice (Anime);Katsuki Yuuri/Victor Nikiforov;Katsuki Yuuri, Victor Nikiforov, Yuri Plisetsky, Nishigori Takeshi, Minako, Nishigori Yuuko;Fluff, Alternate Universe - College/University, victor is the next door neighbor surprise, katsuki is a med student, characters from ep 1-3;English;2016-10-22;Updated;2016-10-27;5702;3/?;17;180;27;1018
8472247;Just Like In Practice;Teen And Up Audiences;M/M;Yuri!!! on Ice (Anime);Katsuki Yuuri & Victor Nikiforov, Katsuki Yuuri/Victor Nikiforov;Katsuki Yuuri, Victor Nikiforov;Fluff and Angst, Anxiety, Emotional Hurt/Comfort, Missing Scene, seriously missing scene, how could they casually mention that this scene happened but not animate it, the title is terrible, I'm Sorry, Sexual Tension, No Smut, Dissassociation;English;2016-11-05;Completed;2016-11-05;3454;1/1;20;180;27;1815
8396206;in regards to hate;Mature;M/M;Yuri!!! on Ice (Anime);Katsuki Yuuri/Victor Nikiforov, Victor Nikiforov/Yuri Plisetsky, Katsuki Yuuri & Victor Nikiforov & Yuri Plisetsky, Katsuki Yuuri/Yuri Plisetsky, Katsuki Yuuri & Victor Nikiforov, Katsuki Yuuri & Yuri Plisetsky, Katsuki Yuuri/Victor Nikiforov/Yuri Plisetsky;Katsuki Yuuri, Yuri Plisetsky, Victor Nikiforov;Victuri, Vikturi, Yuri, Yurio, viktor x yurio, Yaoi, Slash, Minor, Angst, Denial, missing moment, Language, Swearing, Russian, POV Yurio, POV Yuri, Vikturio, victurio, victor x yurio;English;2016-10-27;Updated;2016-11-03;12390;6/?;92;176;25;3239
8348905;Enraptured;General Audiences;M/M;Yuri!!! on Ice (Anime);Katsuki Yuuri/Yuri Plisetsky;Katsuki Yuuri, Yuri Plisetsky, Victor Nikiforov;Fluff, Cute, Aged-Up Character(s), at the end, Yuri's a Cutie, Hate to Love, sorta - Freeform, It's All Just Fluff Really, Some angst, Angst, But mostly fluff;English;2016-10-22;Completed;2016-10-22;1561;1/1;10;177;26;1221
8364025;Warmth;General Audiences;M/M;Yuri!!! on Ice (Anime);Katsuki Yuuri/Victor Nikiforov;;Fluff;English;2016-10-23;Completed;2016-10-23;433;1/1;10;175;14;1927
8256134;here and now;General Audiences;M/M;Yuri!!! on Ice (Anime);Katsuki Yuuri/Victor Nikiforov;Victor Nikiforov, Katsuki Yuuri;Ice Skating, Fluff, Tooth-Rotting Fluff, Yuuri is precious, Viktor is precious, and he just wants to shower Yuuri with affection, Love Confessions;English;2016-10-10;Completed;2016-10-10;1401;1/1;14;175;28;1689
8278532;Kitty;General Audiences;M/M;Yuri!!! on Ice (Anime);Katsuki Yuuri/Yuri Plisetsky;Katsuki Yuuri, Yuri Plisetsky, a random cat;listen i needed yuri chasing a cat in my life, and this ship i needed this ship;English;2016-10-14;Completed;2016-10-14;610;1/1;10;175;13;1621
8404351;Masks off;General Audiences;M/M;Yuri!!! on Ice (Anime);Katsuki Yuuri/Victor Nikiforov;Victor Nikiforov, Katsuki Yuuri, Phichit Chulanont, Makkachin (Yuri!!! on Ice), Nishigori Yuuko, Nishigori Takeshi;Friends to Lovers, Kinda, AU, late 19th century, fancy parties, masquerades, Secret Identities, coming to terms with your own self;English;2016-10-28;Updated;2016-11-02;6970;2/5;12;174;43;1987
8425843;Vkusno;Explicit;M/M;Yuri!!! on Ice (Anime);Katsuki Yuuri & Victor Nikiforov;Victor Nikiforov, Katsuki Yuuri;Oral Sex, Anal Sex, Love Confessions, Cowgirl Position, Topping from the Bottom, Sweet, Fluffy Ending, Self Confidence, showering, Hotel Sex, Cute, Hugs, Crying, Gift Work, Post-Canon, Self-Acceptance, Realization, Power Bottom Victor, Blushing, Getting your second language fucked out of you, Fluff, Kissing, Pet Names;English;2016-10-31;Completed;2016-10-31;7037;1/1;7;175;43;2612
8390506;Fleeting Moments;General Audiences;M/M;Yuri!!! on Ice (Anime);Katsuki Yuuri/Victor Nikiforov;Katsuki Yuuri, Victor Nikiforov;Alternate Universe - Canon Divergence, Fluff, Insecurity, Self Confidence Issues, Self-Esteem Issues, Body Image, Yuuri has a lot of issues, He's too good for this world, too pure, Kissing, Ocean, Cuddling & Snuggling, Viktor helps Yuuri with his self confidence issues, Episode 4;English;2016-10-26;Completed;2016-10-26;1355;1/1;9;173;16;1850
8422039;Rewards;Explicit;M/M;Yuri!!! on Ice (Anime);Katsuki Yuuri/Victor Nikiforov;Katsuki Yuuri, Victor Nikiforov;Yuuri has stamina, Victor has to keep up, Victor using the fact he is coach, Yuuri is demanding, Anal Sex, Anal Fingering, what's a plot?, Porn Without Plot, Porn with Feelings;English;2016-10-30;Completed;2016-10-30;1388;1/1;7;173;21;3260
8255314;A Foreign Warmth;Teen And Up Audiences;M/M;Yuri!!! on Ice (Anime);Katsuki Yuuri & Yuri Plisetsky, referenced relationships - Relationship, Katsuki Yuuri/Victor Nikiforov;Yuri Plisetsky, Katsuki Yuuri, Katsuki Yuuri's Mother, Katsuki Yuuri's Father, referenced Victor Nikiforov;Rated because of a little bit of swearing, i wrote this in like 2 hours, like seriously i've only seen one episode and look at what it has done, it has made me actually write something, tbh kind of nervous about writing again, note: i think it'd be cute if yuri had a little crush on yuuri;English;2016-10-10;Completed;2016-10-10;3127;1/1;10;173;21;1718
8309524;self control;Teen And Up Audiences;M/M;Yuri!!! on Ice (Anime);Katsuki Yuuri/Victor Nikiforov;Katsuki Yuuri, Victor Nikiforov;Drabble, Fluff, I Don't Even Know, I saw the preview for ep 3 and ran here, Pining;English;2016-10-17;Completed;2016-10-17;1100;1/1;4;172;16;1323
8387098;Freeze Pop;Explicit;M/M;Yuri!!! on Ice (Anime);Katsuki Yuuri/Yuri Plisetsky;Katsuki Yuuri, Yuri Plisetsky;Underage Sex, Dubious Consent, Blow Jobs, Semi-Public Sex, First Time, Drabble, Episode 3, because I'm sure I'm not the only one still sweating;English;2016-10-26;Completed;2016-10-26;1358;1/1;12;173;13;2361
8309236;Ice and Fire;Teen And Up Audiences;M/M;Yuri!!! on Ice (Anime);Katsuki Yuuri/Victor Nikiforov, Katsuki Yuuri & Victor Nikiforov;Katsuki Yuuri, Victor Nikiforov;Ice Play, Gentleness;English;2016-10-17;Completed;2016-10-17;2361;1/1;10;172;16;1313
8360389;Bed Time;Explicit;M/M;Yuri!!! on Ice (Anime);Katsuki Yuuri/Victor Nikiforov;Katsuki Yuuri, Victor Nikiforov;virgin!Yuuri, Frottage, Oral Sex, First Time, First Kiss, Tooth-Rotting Fluff, Fluff and Smut;English;2016-10-23;Completed;2016-10-23;1944;1/1;6;172;14;1933
8364202;stare all you want;General Audiences;M/M;Yuri!!! on Ice (Anime);Katsuki Yuuri/Victor Nikiforov;;Fluff, Hugging, hand holding, PDA, kissing also, i firmly believe yuuri is more confident than people give him credit for;English;2016-10-24;Completed;2016-10-24;270;1/1;null;170;12;1703
8409385;The Frozen Lake;Teen And Up Audiences;M/M;Yuri!!! on Ice (Anime);Katsuki Yuuri/Victor Nikiforov, Phichit Chulanont & Katsuki Yuuri;Original Characters, Katsuki Mari, Makkachin (Yuri!!! on Ice), Phichit Chulanont;Alternate Universe - Fairy Tale, Fairy Tale Elements, Supernatural Elements;English;2016-10-29;Updated;2016-11-02;8249;5/?;39;170;24;1953
8340874;Perfectionism;Teen And Up Audiences;M/M;Yuri!!! on Ice (Anime);Katsuki Yuuri/Victor Nikiforov;;Established Relationship, Hurt/Comfort, self-image issues, Kissing, Cuddling;English;2016-10-21;Completed;2016-10-21;1181;1/1;3;171;24;1464
8247920;Once Upon a Dream;Teen And Up Audiences;M/M;Yuri!!! on Ice (Anime);Katsuki Yuuri/Victor Nikiforov;Katsuki Yuuri, Victor Nikiforov;Costume Parties & Masquerades, Partying, Ballroom Dancing, Slow Dancing, Masks, Surprise Kissing, victurri, Shipping, I Can't Believe I Wrote This, I wrote this on my phone too, Flirting, Boys In Love, Falling In Love;English;2016-10-09;Completed;2016-10-09;2096;1/1;19;167;26;1742
8262947;Sweet Slumber;General Audiences;M/M;Yuri!!! on Ice (Anime);Viktor/Yuuri, Vikturi - Relationship, Victuri - Relationship, victori, Viktori - Relationship;Viktor Nikiforov, Yuuri Katsuki;Fluff, Romance, Friendship, Humor, Oneshot;English;2016-10-11;Completed;2016-10-11;2445;1/1;12;167;21;1477
8332270;fur & leather;Explicit;M/M;Yuri!!! on Ice (Anime);Katsuki Yuuri/Victor Nikiforov;Katsuki Yuuri, Victor Nikiforov;Petplay, PWP, Established Relationship;English;2016-10-20;Completed;2016-10-20;2168;1/1;5;167;21;3685
8455792;On Love: Agape;General Audiences;M/M;Yuri!!! on Ice (Anime);Katsuki Yuuri/Victor Nikiforov;Katsuki Yuuri, Victor Nikiforov;;English;2016-11-02;Completed;2016-11-02;4024;1/1;25;166;29;1215
8374957;Going For It;General Audiences;M/M;Yuri!!! on Ice (Anime);Katsuki Yuuri & Victor Nikiforov;Katsuki Yuuri, Victor Nikiforov;viktor wearing yuuri's glasses ayyy, fluff fluff fluff, also first kisses BAM, gay-ass content but when is yuri on ice not gay lol;English;2016-10-25;Completed;2016-10-25;1074;1/1;4;165;17;1164
8393875;Breathe Easy;Mature;M/M;Yuri!!! on Ice (Anime);Katsuki Yuuri & Victor Nikiforov, Katsuki Yuuri/Victor Nikiforov;Victor Nikiforov, Katsuki Yuuri;Fluff;English;2016-10-27;Completed;2016-10-27;1699;1/1;19;165;24;1425
8313016;Jumpscares, Blood, and Cheap Monsters;General Audiences;M/M;Yuri!!! on Ice (Anime);Katsuki Yuuri/Yuri Plisetsky;Katsuki Yuuri, Yuri Plisetsky, Victor Nikiforov;yuri is a big baby, pls be gentle with him;English;2016-10-18;Completed;2016-10-18;1237;1/1;13;166;21;1443
8295925;A dance of three;Explicit;M/M;Yuri!!! on Ice (Anime);Victor Nikiforov/Yuri Plisetsky, Katsuki Yuuri/Victor Nikiforov, Katsuki Yuuri/Yuri Plisetsky;Victor Nikiforov, Yuri Plisetsky, Katsuki Yuuri;OT3, Poly, Polyamory, Oral Sex, Soft sex, like really soft sex, actually more feelings than sex, victor thoughts, Feelings, Bc someone told me that yuri plisetsky was 15, and god I thought he was 20, so yeah so sorry for the wrong tag it will not happen again.;English;2016-10-16;Completed;2016-10-16;359;1/1;21;164;12;3162
8313496;Alone Together;General Audiences;Gen;Yuri!!! on Ice (Anime);Katsuki Yuuri & Victor Nikiforov;Katsuki Yuuri, Victor Nikiforov;Panic Attacks, Anxiety Disorder, Hurt/Comfort, Angst, Autistic!Yuuri, Stimming, poor Yuuri is a nervous wreak, Viktor is understanding and comforting, did I mention Yuuri is autistic?;English;2016-10-18;Completed;2016-10-18;2721;1/1;25;163;28;1541
8342050;Confidence Found;General Audiences;M/M;Yuri!!! on Ice (Anime);Katsuki Yuuri/Victor Nikiforov;Victor Nikiforov, Katsuki Yuuri;Romance, Love Confessions, Victuri, Yuri on Ice - Freeform, OTP Feels, Love;English;2016-10-21;Completed;2016-10-21;872;1/1;5;162;19;1393
8390278;without restraint;Teen And Up Audiences;M/M;Yuri!!! on Ice (Anime);Katsuki Yuuri/Victor Nikiforov;Katsuki Yuuri, Victor Nikiforov;sunday morning, Breakfast in Bed, Cuddling & Snuggling, Naked Cuddling, Fluff;English;2016-10-26;Completed;2016-10-26;1415;1/1;7;162;21;1341
