work_id;title;rating;category;fandom;relationship;character;additional tags;language;published;status;status date;words;chapters;comments;kudos;bookmarks;hits
6189262;A Mountain I'm Willing to Die On;Mature;F/M;Zootopia (2016);Judy Hopps/Nick Wilde;;;English;2016-03-07;Completed;2016-03-18;35970;10/10;708;3776;866;45410
6017023;Fear;Teen And Up Audiences;F/M, Gen;Zootopia (2016);Judy Hopps/Nick Wilde;Judy Hopps, Nick Wilde;Introspection, Fluff, Mild Angst, hurt comfort?, i'm not even sure, it's mostly just introspective fluff from nick's pov;English;2016-02-15;Completed;2016-02-15;2532;1/1;49;2547;309;23179
6312550;wherever i'm with you;Teen And Up Audiences;F/M;Zootopia (2016);Judy Hopps/Nick Wilde;Nick Wilde, Judy Hopps, Bonnie Hopps, Stu Hopps;Family Fluff, Meet the Family, Established Relationship, Mild Language, Not Beta Read;English;2016-03-21;Completed;2016-03-21;4896;1/1;48;2480;460;22868
6192814;something like prayer;Teen And Up Audiences;F/M;Zootopia (2016);Judy Hopps/Nick Wilde;Judy Hopps, Nick Wilde;Mild Language, Drabble Collection;English;2016-03-08;Completed;2016-11-02;56464;40/40;573;2256;399;47326
6285868;Scenes From A Partnership;Teen And Up Audiences;F/M;Zootopia (2016);Judy Hopps/Nick Wilde;Nick Wilde, Judy Hopps, Chief Bogo (Zootopia), Benjamin Clawhauser, Bonnie Hopps, Finnick (Zootopia), Stu Hopps;Slow Build, First Kiss, First Time, Fluff, Mutual Pining, Missing Scene, Falling In Love, Friends to Lovers;English;2016-03-18;Completed;2016-04-17;13672;18/18;277;1896;310;null
6172990;No Need for Warrens;Teen And Up Audiences;F/M;Zootopia (2016);Judy Hopps/Nick Wilde;Judy Hopps, Nick Wilde, Original Character, Bonnie Hopps, Stu Hopps;ambiguous relationship;English;2016-03-06;Completed;2016-03-06;2866;1/1;27;1672;161;17068
6202369;baby you don't have to rush;General Audiences;F/M;Zootopia (2016);Judy Hopps/Nick Wilde;Judy Hopps, Nick Wilde, Benjamin Clawhauser;Alternate Universe - Coffee Shops & Cafs, Alternate Universe - Canon Divergence, Roommates, Developing Relationship, Kissing;English;2016-03-09;Completed;2016-03-09;2922;1/1;46;1655;290;11955
6295897;Tales of a sly fox and a dumb bunny;General Audiences;F/M;Zootopia (2016);Judy Hopps/Nick Wilde;Judy Hopps, Nick Wilde;Slice of Life, Fluff, One Shot Collection, POV Alternating, Developing Relationship, Occasional Flirting, Translation;English;2016-03-19;Updated;2016-08-03;18792;15/29;486;1634;161;40686
6173326;what a match, i'm half doomed and you're semi-sweet;General Audiences;F/M, Gen;Zootopia (2016);Judy Hopps/Nick Wilde;Judy Hopps, Nick Wilde;Interspecies Relationship(s), TW: Blood, Friendship/Love, Buddy Cop RomCom (TM), Minor Spoilers;English;2016-03-06;Completed;2016-03-06;1771;1/1;29;1457;195;11555
6261835;the plunge;General Audiences;F/M;Zootopia (2016);Judy Hopps/Nick Wilde;Chief Bogo (Zootopia);Mutual Pining, Friends to Lovers;English;2016-03-16;Completed;2016-03-16;10113;1/1;45;1416;288;17083
6189277;Technically Single;Teen And Up Audiences;F/M;Zootopia (2016);Judy Hopps/Nick Wilde, Chief Bogo/Gazelle (implied);Judy Hopps, Nick Wilde, Chief Bogo (Zootopia), Gazelle (Zootopia), Benjamin Clawhauser;Jealousy, Post-Movie, the bogo/gazelle thing was an accident, Alcohol, but no actual drunken shenanigans, clawhauser ships it, Getting Together, Pining, Friends to Lovers, Cuddling, bogo ships it;English;2016-03-07;Completed;2016-03-07;2773;1/1;50;1342;206;17199
6460429;You Know What They Say About Foxes (They'll Break Your Heart);Mature;F/M;Zootopia (2016);Judy Hopps/Nick Wilde;;Pining, Denial, Complete Incompetence At Feelings, Fluff and Angst, Interspecies Relationship(s), Interspecies Romance, Interspecies Sex, Internalized Speciesism, Lack of Communication, Next Door Neighbors As Greek Chorus;English;2016-04-04;Completed;2016-04-19;20014;4/4;168;1318;253;18651
6315226;You Can't Possibly Understand How I Feel;Teen And Up Audiences;F/M;Zootopia (2016), Disney - All Media Types;Judy Hopps/Nick Wilde;Judy Hopps, Nick Wilde, Bonnie Hopps, Stu Hopps, Nick Wilde's Mother;Soulmate AU, soulmates gain each other's injuries and feel each other's pain, I'm rating Teen for violence, but it's not really graphic just a little uncomfortable;English;2016-03-21;Updated;2016-04-07;2919;12/?;114;1313;234;18688
6817864;Reception Inception;Mature;F/M;Zootopia (2016);Judy Hopps/Nick Wilde, Judy Hopps & Nick Wilde, my writing and your fecking eyes, a match made in heaven - Relationship, am i screwing this up?;Nick Wilde, Judy Hopps, Stu Hopps, Bonnie Hopps, Some of Judy's siblings;Interspecies, Interspecies Romance, Mating Cycles/In Heat, Awkwardness, Friendship, Love;English;2016-05-11;Completed;2016-06-27;78812;24/24;490;1240;179;32520
6125305;Stubborn Love;Teen And Up Audiences;F/M;Zootopia (2016);Judy Hopps/Nick Wilde;Judy Hopps, Nick Wilde, Gideon Grey (Zootopia), Clawhauser (Zootopia), Chief Bogo (Zootopia);Jealousy, Fluff, Mild Language, Wilde Hopps, Spoilers;English;2016-02-28;Updated;2016-03-09;2511;2/3;100;1227;196;17302
6271438;A Different Goal;Teen And Up Audiences;F/M;Zootopia (2016);Judy Hopps/Nick Wilde;Judy Hopps, Nick Wilde, Benjamin Clawhauser, Stu Hopps, Bonnie Hopps, Bucky Oryx-Antlerson, Pronk Oryx-Antlerson, Chief Bogo (Zootopia), Judy Hopps's Siblings;First Love, Interspecies Relationship(s), Romantic Friendship, Fluff and Angst, Post-Canon, Slow Burn, Mutual Support;English;2016-03-17;Completed;2016-07-06;48634;19/19;512;1220;179;31005
6187501;holding on;General Audiences;Gen;Zootopia (2016);Judy Hopps & Nick Wilde;Judy Hopps, Nick Wilde, Benjamin Clawhauser;Mother-Son Relationship, Pre-Relationship, Memories;English;2016-03-07;Completed;2016-03-07;1440;1/1;25;1171;189;8550
6212134;Try With Me;Teen And Up Audiences;F/M, Gen;Zootopia (2016);Judy Hopps & Nick Wilde, Judy Hopps/Nick Wilde;Judy Hopps, Nick Wilde, Finnick (Zootopia), ZPD Officers (Zootopia), Dharma (Zootopia), Bucky Oryx-Antlerson, Pronk Oryx-Antlerson, Stu Hopps, Bonnie Hopps, Gideon Grey;im in love with these two and their friendship, Slow Burn, Friendship, Friendship/Love;English;2016-03-10;Updated;2016-04-09;23738;7/?;184;1059;212;15224
7216585;Love Is Blind;Teen And Up Audiences;F/M;Zootopia (2016);Judy Hopps & Nick Wilde, Judy Hopps/Nick Wilde;Judy Hopps, Nick Wilde;Romance, Friendship, Interspecies Relationship(s), Mutual Pining, Fluff, Slow Burn, Fake/Pretend Relationship;English;2016-06-16;Completed;2016-07-13;53007;13/13;763;1050;162;15726
6161622;It'll Be Fine;General Audiences;F/M;Zootopia (2016), Disney - All Media Types;Judy Hopps/Nick Wilde;Judy Hopps, Nick Wilde;Spoilers, Interspecies Relationship(s), Established Relationship, Fluff and Angst;English;2016-03-04;Completed;2016-03-04;1161;1/1;28;1036;105;12643
6508609;want you close;Mature;F/M;Zootopia (2016);Judy Hopps/Nick Wilde;;Interspecies Romance, Missing Scene, sociopath x good girl otp;English;2016-04-09;Completed;2016-04-09;2554;1/1;33;958;138;10424
6259546;Open Your Eyes;General Audiences;F/M;Zootopia (2016);Judy Hopps/Nick Wilde, Judy Hopps & Nick Wilde;Judy Hopps, Nick Wilde, Chief Bogo (Zootopia), McHorn (Zootopia);Hurt/Comfort, Nothing serious, Drabble, first fic, Romance, Fluff, Pre-Relationship;English;2016-03-15;Completed;2016-03-15;1082;1/1;16;927;113;10149
6487987;Boys Like You;Teen And Up Audiences;F/M;Zootopia (2016);Judy Hopps & Nick Wilde, Judy Hopps/Nick Wilde;;Alternate Universe - High School, Drama, Like a ton of it;English;2016-04-07;Updated;2016-09-03;67179;16/?;253;875;159;15721
6181690;No Strings Attached;General Audiences;F/M;Zootopia (2016);Judy Hopps/Nick Wilde;Judy Hopps, Nick Wilde;Fluff;English;2016-03-07;Completed;2016-03-07;1121;1/1;10;808;87;9353
6414508;hearth and home;Mature;F/M;Zootopia (2016);Judy Hopps/Nick Wilde;Judy Hopps, Nick Wilde, Bonnie Hopps, Stu Hopps, Assorted Hopps Relatives, Chief Bogo (Zootopia), Benjamin Clawhauser, Pronk Oryx-Antlerson, Bucky Oryx-Antlerson, Finnick (Zootopia), Original Characters;i am not a furry, but i need something totally escapist atm, Interspecies Relationship(s), Interspecies Romance, Interspecies Sex, Sexual Content, Slow Burn, Explicit Language, Masturbation, Mating Cycles/In Heat, Mutual Pining;English;2016-03-31;Updated;2016-04-12;6417;6/?;96;768;134;11962
6523459;Dreams of Steel and Bone;Teen And Up Audiences;F/M;Zootopia (2016);Judy Hopps/Nick Wilde, Judy Hopps & Nick Wilde;Judy Hopps, Nick Wilde, Chief Bogo (Zootopia), others - Character;Friends to Lovers, Interspecies Relationship(s), borrowing from Pratchett's Discworld, Slow Burn, Fluff, Mystery;English;2016-04-11;Updated;2016-05-27;40157;8/?;276;766;184;16443
6200947;It Started with a Donut;Not Rated;;Zootopia (2016);;Nick Wilde, Judy Hopps, Clawhauser (Zootopia);after the events of zootopia, Nick and Judy are best buds, Friendship, not romantic just bffls, I swear I'm not a furry but I get it now, ft. donuts, Hurt/Comfort, Minor Violence, gratuitous making up more of Nick's backstory, because let's be real the thing with the muzzles needs to be addressed, Flashbacks, Post-Traumatic Stress Disorder - PTSD, Bullying, mentions of prejudice, rhinos are mean in this fic, but I got nothing against rhinos;English;2016-03-09;Updated;2016-05-08;8262;4/?;91;757;154;9604
6413431;Water Under the Bridge;Teen And Up Audiences;F/M;Zootopia (2016);Judy Hopps/Nick Wilde, wildehopps - Relationship;Judy Hopps, Nick Wilde, Original Characters, Chief Bogo (Zootopia), Benjamin Clawhauser, Nick Wilde's Mother;Slow Burn, Crimes & Criminals, Mystery, Terrorism, Emotional Hurt/Comfort, Friends to Lovers, Interspecies Relationship(s), Interspecies Romance;English;2016-03-31;Completed;2016-07-04;94027;13/13;353;755;163;30822
6381406;she hit it out of the park before it'd even begun;General Audiences;F/M;Zootopia (2016);Judy Hopps/Nick Wilde, Judy Hopps & Nick Wilde;Judy Hopps, Nick Wilde, Benjamin Clawhauser;Fluff, 3+1 fic, Canon Compliant, super sweet fluff i'm telling ya, These two dorks;English;2016-03-28;Completed;2016-03-28;2365;1/1;26;748;133;6640
6215938;Taking it Easy;General Audiences;F/M;Zootopia (2016);Judy Hopps/Nick Wilde;Judy Hopps, Nick Wilde;Missing Scene, Hurt/Comfort, Sharing a Bed;English;2016-03-11;Completed;2016-03-11;1661;1/1;19;747;74;7602
6893947;Burrowing Under Barriers;Explicit;F/M;Zootopia (2016);Judy Hopps/Nick Wilde, Judy Hopps & Nick Wilde;Nick Wilde, Judy Hopps;Romance, First Date, Confessions, Nervousness, Inexperience, Sexual Inexperience, Awkwardness, Flirting, Sentimental, Foreplay, Hand Jobs, Oral Sex, Missionary Position, Doggy Style, Size Difference, Knotting, Naked Cuddling, Post-Coital Cuddling, Morning After, Fluff and Smut, Interspecies Relationship(s), Interspecies Sex, Interspecies Romance, Interspecies Awkwardness;English;2016-05-18;Completed;2016-05-25;32487;5/5;82;742;127;21309
6701773;The Heat;Explicit;F/M;Zootopia (2016);Judy Hopps/Nick Wilde, Judy Hopps & Nick Wilde;;Barebacking, Interspecies Sex, Cunnilingus, Mating Cycles/In Heat, fuck me i dont know how to write furry porn, just imagine them as people bodies with some fur i guess, idk - Freeform, they just love each other so fuck it, judy may have a size kink, Knotting, Breeding kink?;English;2016-04-30;Completed;2016-04-30;2796;1/1;13;735;105;18120
6358747;Kangaroo Court;Explicit;F/M;Zootopia (2016);Judy Hopps & Nick Wilde, Judy Hopps/Nick Wilde;Judy Hopps, Nick Wilde;Knotting, Furry, Implied/Referenced Drug Use, Alternate Universe, Explicit Sexual Content, Creampie;English;2016-03-26;Completed;2016-03-26;5198;1/1;10;700;75;15712
6241156;Slip of the Tongue;General Audiences;F/M;Zootopia (2016);Judy Hopps/Nick Wilde;;Sickfic, Flu, Fluff, Pie, Dessert & Sweets, One Shot, Texting, One use of mild language, Food, Teasing, Carrot Pen, Nicknames;English;2016-03-13;Completed;2016-03-13;1455;1/1;13;699;77;10733
6318307;The Vacation;General Audiences;F/M;Zootopia (2016);Judy Hopps/Nick Wilde;Judy Hopps, Nick Wilde, Chief Bogo, Bonnie Hopps, Stu Hopps, Finnick (Zootopia), Gideon Grey, and other classmates of Judy;Class reunion, Romance, Comedy, Love, Friendship, Family;English;2016-03-21;Completed;2016-04-27;6538;5/5;61;696;105;16562
6397630;A Little Wilde;Teen And Up Audiences;F/M;Zootopia (2016);Judy Hopps/Nick Wilde;Judy Hopps, Nick Wilde, Original Character, Chief Bogo (Zootopia), Benjamin Clawhauser, Bonnie Hopps, Stu Hopps, Zootopia Police Department Officers;Family Fluff, Adopted Child, Interspecies Relationship(s), Established Relationship, Post-Movie;English;2016-03-30;Completed;2016-03-30;4231;1/1;43;690;154;8170
6164189;Let's finish that thought;Explicit;F/M, Other;Zootopia (2016);Judy Hopps/Nick Wilde;Judy Hopps, Nick Wilde;Vore, Knot, Sex Club, vore club;English;2016-03-05;Updated;2016-09-29;7122;8/10;94;684;70;20277
6313255;Definitely Not Single;Teen And Up Audiences;F/M, M/M;Zootopia (2016);Judy Hopps/Nick Wilde, Benjamin Clawhauser/Original Male Character;Benjamin Clawhauser, Judy Hopps, Nick Wilde, Original Male Character(s), Serge Clawhauser - OC;Pining, Misunderstandings, Nick is so smitten oh my g o d, Judy my darling dear, Fluff, timestamps, Snippets;English;2016-03-21;Completed;2016-03-27;2611;2/2;37;680;89;5885
7087750;On the Double;Explicit;F/M;Zootopia (2016);Judy Hopps/Nick Wilde;Judy Hopps, Nick Wilde, Chief Bogo, Pronk Oryx-Antlerson, Bucky Oryx-Antlerson;Interspecies Sex, Interspecies Romance, Sexual Tension, Mating Cycles/In Heat, A fic in which Nick is in heat for a change how about THAT for spicing things up, Two part fic;English;2016-06-04;Completed;2016-06-06;4623;2/2;31;674;81;12705
7560511;down in the dumps;Teen And Up Audiences;F/M;Zootopia (2016);Judy Hopps/Nick Wilde;Judy Hopps, Nick Wilde, Garbage Baby;Angst, Bigotry & Prejudice, repealing laws, accidental single father, Slice of Life;English;2016-07-23;Updated;2016-09-21;37223;3/20;173;672;186;22053
7315228;A Bitter Pill;Teen And Up Audiences;F/M;Zootopia (2016);Judy Hopps & Nick Wilde, Judy Hopps/Nick Wilde;Judy Hopps, Nick Wilde;;English;2016-06-27;Completed;2016-07-20;34315;13/13;186;662;132;11682
6298774;Circadian Syncopation;General Audiences;F/M;Zootopia (2016);Judy Hopps/Nick Wilde, Judy Hopps & Nick Wilde;Judy Hopps, Nick Wilde;Banter, Angst, Huddling For Warmth, Community: disney_kink, Missing Scene;English;2016-03-20;Completed;2016-03-20;2780;1/1;36;653;99;7482
6440899;Weddings, Lifemates and Love;Teen And Up Audiences;F/M;Zootopia (2016);Judy Hopps & Nick Wilde, Judy Hopps/Nick Wilde;Nick Wilde, Judy Hopps, Benjamin Clawhauser;Unrequited Love, Friendship/Love, Friendship, Mates, Weddings, Love Confessions, Best Friends;English;2016-04-03;Completed;2016-08-21;31194;7/7;87;650;125;11508
6214481;keep falling down;Teen And Up Audiences;F/M;Zootopia (2016);Judy Hopps & Nick Wilde, Judy Hopps/Nick Wilde;Judy Hopps, Nick Wilde, Dawn Bellwether;Drama, Sad, Heartwarming;English;2016-03-10;Completed;2016-03-13;1109;2/2;6;643;69;9518
6896473;Fluent;Mature;F/M, Multi;Zootopia (2016);Judy Hopps/Nick Wilde, (AU) Nick/Judy/Gideon;Judy Hopps, Nick Wilde, Random Bunnies, Random Foxes, Gideon Grey, Finnick (Zootopia);Language, Fantastic Racism, Tooth-Rotting Fluff, Feels, random moments, chapter 6 smut warning!, Interspecies, Interspecies family, Songfic chapter;English;2016-05-18;Updated;2016-10-28;23274;13/?;534;616;124;15523
6756334;Stretch Yourself;Explicit;F/M;Zootopia (2016);Judy Hopps/Nick Wilde;;Knotting, Masturbation, Romance, Size Difference, Size Kink, Large Cock;English;2016-05-05;Completed;2016-05-05;2996;1/1;19;612;96;14938
6386806;It's Not a Couch, It's an Island;Teen And Up Audiences;F/M;Zootopia (2016);Judy Hopps/Nick Wilde, Judy Hopps & Nick Wilde;Judy Hopps, Nick Wilde;Slice of Life, Slow Burn, Language, Spoilers, Romance, Fluff, Angst, Mid-Canon;English;2016-03-28;Completed;2016-04-03;8392;5/5;52;611;105;9784
6490552;Baby Steps;Teen And Up Audiences;F/M;Zootopia (2016);Judy Hopps/Nick Wilde, Judy Hopps & Nick Wilde;Judy Hopps, Nick Wilde;angry nick, Protective Nick, Protective(ish) Judy, Look at how cute these cuties are!, Discrimination, Interspecies Relationship(s), Established Relationship, anniversary fic, Nick and Judy destroy all the stereotypes, Hurt/Comfort, Fluff and Angst, Nick's kinda an idiot, Judy loves him anyway;English;2016-04-08;Completed;2016-04-08;1968;1/1;9;607;101;5803
6771649;here in your arms;Teen And Up Audiences;F/M;Zootopia (2016);Judy Hopps/Nick Wilde;Judy Hopps, Nick Wilde;Alternate Universe - Different First Meeting, Doctors & Physicians, Pregnancy, Family Feels, Bigotry & Prejudice, Waterbirth, Challenge: Fic a Day in May;English;2016-05-07;Completed;2016-05-07;2288;1/1;32;607;128;4850
6372748;So Show Me Where My Armour Ends;General Audiences;Gen;Zootopia (2016);Judy Hopps & Nick Wilde, one-sided Judy Hopps/Nick Wilde;Judy Hopps, Nick Wilde;Hurt/Comfort, Nick POV, actually Nick high-on-painkillers POV, possible warning for internalised racism insofar as Nick is fine with her using fox repellant, Pining, One-Sided Attraction, Character Study, Relationship Study;English;2016-03-27;Completed;2016-03-27;2287;1/1;16;588;77;5434
6528139;Blind Spots;Mature;F/M;Zootopia (2016);Judy Hopps & Nick Wilde, Judy Hopps/Nick Wilde;Judy Hopps, Nick Wilde, Original Characters;Spoilers, Violence, Graphic Violence, Slow Burn, Romance, Action, Police Procedural, Minor Original Character(s), Angst, Fluff;English;2016-04-11;Completed;2016-04-27;21839;10/10;79;586;110;14062
6716959;Tip Toes;General Audiences;F/M;Zootopia (2016);Judy Hopps & Nick Wilde, Judy Hopps/Nick Wilde;;Fluff, Two Shot, Smooching, AAAAAW YIIISS;English;2016-05-01;Completed;2016-08-07;3142;2/2;41;578;83;5420
6359875;The Thin Blue Line;Mature;F/M;Zootopia (2016);Judy Hopps/Nick Wilde;Nick Wilde, Judy Hopps;Family, Healing, Suspense, Police;English;2016-03-26;Updated;2016-08-06;28408;9/?;141;577;128;12315
6828202;a difference between reality and intent;Explicit;F/M;Zootopia (2016);Judy Hopps/Nick Wilde;Judy Hopps, Nick Wilde;Challenge: Fic a Day in May, Knotting, Explicit Sexual Content, Enthusiastic Consent, Porn with Feelings, Banter, Established Relationship;English;2016-05-12;Completed;2016-05-12;2008;1/1;25;573;91;9568
6276388;Letting Her Get to You;General Audiences;Gen;Zootopia (2016);Judy Hopps & Nick Wilde;Judy Hopps, Nick Wilde, The Junior Ranger Scouts;Kid Fic, Alternate Universe - Childhood Friends, Comfort;English;2016-03-17;Completed;2016-03-17;1179;1/1;12;566;84;4610
6298405;Strange Bedfellows;General Audiences;F/M;Zootopia (2016);Judy Hopps/Nick Wilde;Judy Hopps, Nick Wilde, Chief Bogo (Zootopia), Benjamin Clawhauser, Finnick (Zootopia);Carrot and Raisin Salad, Warm and Fuzzy Feelings, Roommates, Budding Love, Rated G, Fluff and Angst, First Kiss;English;2016-03-20;Completed;2016-03-27;3525;2/2;6;565;57;10620
7445335;Different Tails;Teen And Up Audiences;F/M, M/M;Zootopia (2016);Judy Hopps/Nick Wilde, Chief Bogo/Benjamin Clawhauser;Judy Hopps, Nick Wilde, Judy Hopps's Siblings, Bonnie Hopps, Chief Bogo (Zootopia), Benjamin Clawhauser, Stu Hopps, Jack Savage, Finnick (Zootopia);Fluff and Angst, One Shot Collection, Suggestive Themes, Fluff, Alternate Universe, Original Character(s), Drama;English;2016-07-10;Updated;2016-11-02;162334;85/?;1116;547;53;29100
6551422;Trials and Tribulations: A Story From Zootopia;Mature;F/M;Zootopia;Judy Hopps/Nick Wilde, Judy Hopps & Nick Wilde;Judy Hopps, Nick Wilde, Chief Bogo, Benjamin Clawhauser, Original Character, Bonnie Hopps;Romance, Police, Animation, Friendship, Mystery, Crime, buddy cop, Fluff, Sex, relationship, Interspecies Relationship;English;2016-04-14;Completed;2016-08-28;33130;26/26;102;545;86;11940
6299137;Caffeinated Crush;General Audiences;F/M;Zootopia (2016);Judy Hopps/Nick Wilde;;Alternate Universe - Coffee Shops & Cafs, Coffee, Coffee Shops, Teasing, Bonding, Fluff, First Meetings, One Shot, Cross-Posted on FanFiction.Net;English;2016-03-20;Completed;2016-03-20;1513;1/1;14;536;78;4418
7680814;The Savage Dark;Explicit;F/M;Zootopia (2016);Judy Hopps & Nick Wilde, Judy Hopps/Nick Wilde;Judy Hopps, Nick Wilde, Judy Hopps's Siblings, Stu Hopps, Bonnie Hopps, Benjamin Clawhauser, Chief Bogo (Zootopia), Jack Savage;Romance, Friendship, Crime Fighting, Action/Adventure, Love, Sexual Content, Erotica, Violence, Fluff, Fluffy Butts, Adult Things Not For Kiddies;English;2016-08-05;Updated;2016-11-03;66806;12/?;316;534;51;11030
7582435;It's Unconventional;Mature;F/M;Zootopia (2016);Judy Hopps/Nick Wilde, Judy Hopps & Nick Wilde;Judy Hopps, Nick Wilde;Best Friends, Friendship, Romance, Pregnancy, Emotions, Babies, Angst, Fluff, Family Feels;English;2016-07-25;Updated;2016-08-01;23595;9/?;434;531;129;10649
6338758;Perspective;Teen And Up Audiences;F/M;Zootopia (2016);Judy Hopps/Nick Wilde, Judy Hopps & Nick Wilde;Judy Hopps, Nick Wilde;Post-Canon, Spoilers, Implied/Referenced Domestic Violence, Language;English;2016-03-24;Completed;2016-03-24;2675;1/1;7;522;56;5672
7555468;A Rabbit Clan's Fox;Teen And Up Audiences;Gen;Zootopia (2016);Judy Hopps & Nick Wilde;Judy Hopps, Nick Wilde;AU, Bronze Age;English;2016-07-22;Updated;2016-10-07;26801;15/?;243;521;79;18586
6241519;A Family Matter(s);General Audiences;F/M;Zootopia (2016);Judy Hopps/Nick Wilde;Judy Hopps, Nick Wilde, Judy Hopps' parents;;English;2016-03-13;Completed;2016-03-13;3395;1/1;7;521;57;7180
6311704;Fantasy on a Theme;Explicit;F/M;Zootopia (2016);Judy Hopps/Nick Wilde;Judy Hopps, Nick Wilde;Sexual Fantasy, Masturbation, Interspecies Relationship(s), interspecies-phobia, runs on miscommuncation, Angst;English;2016-03-21;Completed;2016-03-21;4385;1/1;18;520;64;9700
6203125;Love bite;Explicit;F/M;Zootopia (2016);Judy Hopps/Nick Wilde;Judy Hopps, Nick Wilde;Cunnilingus, Creampie, Rutting, Biting, Loss of Virginity;English;2016-03-09;Completed;2016-03-09;2780;1/1;9;519;53;20076
6255802;Coping;General Audiences;F/M;Zootopia (2016);Judy Hopps/Nick Wilde;Original Characters, Judy Hopps, Nick Wilde, Gideon Grey, Bonnie Hopps, Stu Hopps;Childhood Trauma, Worried Parents, selective mutism, Social Anxiety, Bullying, learning to cope, social therapy, cute nicknames, Hurt/Comfort, chatty judy, quiet nick;English;2016-03-15;Updated;2016-03-19;4023;3/?;55;515;104;8777
7624342;Beautiful Beautiful Beautiful Beautiful Boy;Teen And Up Audiences;F/M;Zootopia (2016);Judy Hopps/Nick Wilde, Judy Hopps & Nick Wilde;Judy Hopps, Nick Wilde, Nick Wilde's Mother, Child OC - Character, Stu Hopps, Bonnie Hopps, Chief Bogo (Zootopia), Benjamin Clawhauser, Lots of Minor OCs;Fluff, Domestic Fluff, Adoption, Friends to Lovers, Taking care of a baby, Inspired by Law & Order: SVU, Angst, Fluff and Angst;English;2016-07-30;Updated;2016-10-06;38757;9/11;299;504;101;9056
6283996;Cause I've Been Thinking;Teen And Up Audiences;F/M;Zootopia (2016);Judy Hopps & Nick Wilde, Judy Hopps/Nick Wilde;;Fluff;English;2016-03-19;Completed;2016-03-19;20794;1/1;50;502;148;9333
6215620;Close to Home;Teen And Up Audiences;F/M;Zootopia (2016);Judy Hopps/Nick Wilde;Judy Hopps, Nick Wilde, Benjamin Clawhauser, Chief Bogo (Zootopia), Stu Hopps, Bonnie Hopps, Original Male Character(s), Gideon Grey;Slow Burn, Fantastic Racism, Friends to Lovers, Family Drama, Small Towns, Interspecies Relationship(s), First Time, Hate Crimes, Angst, Bigotry & Prejudice;English;2016-03-11;Updated;2016-03-11;4637;2/?;47;502;113;6280
6485038;Elective Amnesia;Mature;F/M;Zootopia (2016);Judy Hopps & Nick Wilde, Judy Hopps/Nick Wilde;Nick Wilde, Judy Hopps, Chief Bogo (Zootopia), Benjamin Clawhauser, Finnick (Zootopia), Zootopia Police Department Officers;Racism, Bigotry & Prejudice, Friendship/Love, Other Additional Tags to Be Added, Robbery, Cynical Nick Wilde, Stubborn Judy Hopps;English;2016-04-07;Completed;2016-06-11;68183;17/17;238;482;81;14855
6536488;I Would Like to Take You Home;General Audiences;F/M;Zootopia (2016);Judy Hopps/Nick Wilde, Judy Hopps & Nick Wilde;Judy Hopps, Nick Wilde, Bonnie Hopps, Stu Hopps, Nick Wilde's Mother, Finnick (Zootopia);Fluff, 3 + 1, another meet the parents fic, Meet the Family, Interspecies Relationship(s), Short, Drabble;English;2016-04-12;Completed;2016-08-07;7653;4/4;58;477;96;8665
6291982;Murphy's Law (of Love);General Audiences;F/M;Zootopia (2016);Judy Hopps/Nick Wilde;Nick Wilde, Judy Hopps;;English;2016-03-19;Completed;2016-03-19;2081;1/1;11;474;65;5580
6223759;A Desire to Please;Mature;F/M;Zootopia (2016);Judy Hopps/Nick Wilde;;Porn with Feelings, Mild Smut, Sexual Humor, Kissing, Interspecies Relationship(s), Interspecies, Interspecies Sex, Post-Coital Cuddling, Love, Missionary Position, Secret Relationship, One Shot, Nick is truly a sweetheart, Short One Shot, Anxiety, Nervousness, Teeth;English;2016-03-11;Completed;2016-03-11;1201;1/1;11;459;48;13439
6427822;The Redemption of Gideon Grey;General Audiences;F/M, Gen;Zootopia (2016);Judy Hopps/Nick Wilde;Judy Hopps, Nick Wilde, Gideon Grey, Stu Hopps, Bonnie Hopps, Chief Bogo (Zootopia), Benjamin Clawhauser;Mystery, Drama;English;2016-04-01;Completed;2016-09-12;102924;16/16;178;454;100;11393
6356029;Guilt;Mature;F/M;Zootopia (2016);Judy Hopps/Nick Wilde, Judy Hopps & Nick Wilde;Judy Hopps, Nick Wilde;Post-Canon, Spoilers, Established Relationship, Slice of Life, Fluff, Angst, Implied Sexual Content, Nudity, Bondage;English;2016-03-25;Completed;2016-03-26;4714;2/2;19;445;72;8092
6285988;It's Called A Proposal, Sweetheart;General Audiences;F/M;Zootopia (2016);Judy Hopps/Nick Wilde, Judy Hopps & Nick Wilde;Judy Hopps, Nick Wilde, Chief Bogo (Zootopia), Benjamin Clawhauser, Francine (Zootopia), Finnick (Zootopia);One-Shot, Romance, wildehopps, Established Relationship, Marriage Proposal;English;2016-03-18;Completed;2016-03-18;1606;1/1;25;444;64;6311
6720649;Change Starts With Us;Teen And Up Audiences;F/M;Zootopia (2016);Judy Hopps/Nick Wilde, Judy Hopps & Nick Wilde;Judy Hopps, Nick Wilde;Sleepy Cuddles, Kissing, First Kiss, Slow Burn, Jealousy, Alternate Universe - High School, Fluff, Teasing, Alternate Universe - College/University, Married Life;English;2016-05-02;Updated;2016-07-13;26148;17/?;48;426;62;9017
7171787;Apologies;Teen And Up Audiences;F/M;Zootopia (2016);Judy Hopps & Nick Wilde, Judy Hopps/Nick Wilde;Judy Hopps, Nick Wilde, Chief Bogo (Zootopia), Stu Hopps, Bonnie Hopps, Original Characters;Romance, Hurt/Comfort, Apologies, Alternate Universe, Mild Language;English;2016-06-11;Completed;2016-10-09;40084;10/10;132;424;78;8659
6329191;Welcome to Shangri-Paw;Explicit;F/M;Zootopia (2016);Judy Hopps & Nick Wilde, Judy Hopps/Nick Wilde;;Puns & Word Play, Interspecies Romance, pop cultural references, Interspecies Relationship(s);English;2016-03-23;Completed;2016-04-26;43828;29/29;84;422;52;9904
6372808;three steps back, shuffle on;General Audiences;Gen;Zootopia (2016);Judy Hopps & Nick Wilde;Nick Wilde, Judy Hopps, Benjamin Clawhauser, Chief Bogo (Zootopia), Bonnie Hopps, Stu Hopps;Friendship, Bigotry & Prejudice, Violence, Post-Canon;English;2016-03-27;Completed;2016-04-01;12812;4/4;26;421;84;5093
6263860;Tangled Web;Teen And Up Audiences;F/M;Zootopia (2016);Judy Hopps/Nick Wilde;Benjamin Clawhauser;Searching Self, Fanfiction, Characters Reading Fanfiction, References to Drugs, Mischief, Short One Shot, One Shot, In-Story Shipping, Clawhauser is a little butt, but in a good way, Internet;English;2016-03-16;Completed;2016-03-16;1260;1/1;14;419;38;5880
6673411;made up of our mistakes;Teen And Up Audiences;F/M;Zootopia (2016);Judy Hopps/Nick Wilde;Nick Wilde, Judy Hopps, Nick Wilde's Mother;Meet the Family, Mother-Son Relationship, Character Study, Original Character(s), Mild Language, Implied Sexual Content, Emotional Hurt/Comfort, Arguing;English;2016-04-27;Completed;2016-04-27;6130;1/1;17;417;118;5541
6180517;Turning Savage;General Audiences;F/M;Zootopia (2016);Judy Hopps/Nick Wilde;Judy Hopps, Nick Wilde;POV, Character Interpretation;English;2016-03-06;Completed;2016-03-06;443;1/1;4;394;50;6274
6541312;Ugh, Emotions. Who Needs 'Em?;Teen And Up Audiences;F/M, Gen;Zootopia (2016);Judy Hopps/Nick Wilde;Judy Hopps, Nick Wilde, Benjamin Clawhauser, Francine (Zootopia), Original Female Character(s), Original Male Character(s), Chief Bogo (Zootopia);;English;2016-04-13;Updated;2016-10-04;41139;28/?;204;393;59;11254
6192397;Swimming Until We Drown;Explicit;F/M;Zootopia (2016);Judy Hopps/Nick Wilde;Nick Wilde, Judy Hopps, Dawn Bellwether, Original Characters, Doug (Zootopia), Mayor Lionheart (Zootopia);Savage Nick, Torture, Dark, Alternate Universe - Canon Divergence, Self-Hatred, Phobias, Friendship, Wild Hops, Cages, Psychological Trauma, Suicidal Thoughts, Suicide Attempt, Survivor Guilt, Mental Instability, Triggers, Attempted Sexual Assault, Abuse, Sexual Abuse, Explicit Language, Muzzles, Angst, Anxiety, Panic Attacks, Racism, Harm to Animals, Near Death Experiences, Slow Burn;English;2016-03-09;Updated;2016-04-02;9587;6/?;111;392;51;8206
6358948;Partners for Life;General Audiences;Gen;Zootopia (2016);Judy Hopps & Nick Wilde;Judy Hopps, Nick Wilde;Fluff, Friendship, Aromantic/Asexual Characters, Male-Female Friendship, Platonic Life Partners;English;2016-03-26;Completed;2016-03-26;1274;1/1;58;392;41;3493
6234883;presents;Not Rated;M/M;Zootopia (2016);Benjamin Clawhauser/Chief Bogo, Chief Bogo/Benjamin Clawhauser;Chief Bogo (Zootopia), Benjamin Clawhauser, Dawn Bellwether;;English;2016-03-13;Completed;2016-03-13;2403;4/4;21;383;37;3173
6723919;Zooto Lore;Explicit;F/M;Zootopia (2016);Judy Hopps & Nick Wilde, Judy Hopps/Nick Wilde;;Interspecies Relationship(s), Interspecies Romance, Puns & Word Play, Pop Culture, no actual plot, very meta;English;2016-05-02;Completed;2016-07-16;68806;55/55;368;378;28;10396
7033186;Someone to Catch me;Mature;F/M;Zootopia (2016);Judy Hopps & Nick Wilde, Judy Hopps/Nick Wilde;Judy Hopps, Nick Wilde, Chief Bogo (Zootopia), Original Characters;Minor Original Character(s), Spoilers, Violence, Romance, Angst, Police Procedural, Action;English;2016-05-30;Completed;2016-06-27;33682;16/16;159;377;60;11404
7040668;A Better Thing;General Audiences;F/M;Zootopia (2016);Judy Hopps/Nick Wilde;Nick Wilde, Judy Hopps;Established Relationship, Humor, Feels, Self Confidence Issues, Fluff, Fluff and Angst, Emotional Hurt/Comfort;English;2016-05-31;Completed;2016-05-31;2114;2/2;17;376;37;null
7109089;More Tales from Zootopia;Mature;F/M;Zootopia;Judy Hopps/Nick Wilde, Judy Hopps & Nick Wilde;Judy Hopps, Nick Wilde, Benjamin Clawhauser;Sex, Flirting, Fluff, Interspecies Relationship, Established Relationship, Pregnancy;English;2016-06-06;Completed;2016-09-22;9327;15/15;54;360;48;9615
1087091;The Ongoing Journey of Dragonmuse's Tumblr Prompts;Explicit;Gen, F/M, M/M;Supernatural, The Avengers (Marvel Movies), Thor - All Media Types, The Hobbit - All Media Types, The Lord of the Rings - All Media Types, Firefly, Sherlock (TV), Sherlock Holmes - Arthur Conan Doyle, Hannibal (TV), Welcome to Night Vale, The Breakfast Club (1985), Doctor Who, Newsies (1992), The Flash (TV 2014), Zootopia (2016);"Castiel/Dean Winchester, Dean Winchester/Sam Winchester, Dean Winchester & Sam Winchester, Castiel/Dean Winchester/Sam Winchester, Gabriel/Sam Winchester, Castiel/Gabriel/Dean Winchester/Sam Winchester, Bruce Banner/Pepper Potts/Tony Stark, Bruce Banner/Tony Stark, Clint Barton/Natasha Romanov, James ""Bucky"" Barnes/Steve Rogers, Loki/Thor (Marvel), Darcy Lewis/Loki, Fli/Kli, Bilbo Baggins/Bofur, Bofur/Thorin Oakenshield, Draco Malfoy/Ron Weasley, owyn/Faramir, Sherlock Holmes/John Watson, Will Graham/Hannibal Lecter, John Bender/Brian Johnson, Ninth Doctor/Rose Tyler, David Jacobs/Jack Kelly, Judy Hopps/Nick Wilde, Earth-2 Cisco Ramon/Earth-2 Harrison Wells, Cisco Ramon/Harrison Wells | Eobard Thawne";;Tumblr Prompt, Memes, ridiculous unindexable collection;English;2013-12-17;Updated;2016-03-29;155255;587/?;141;359;24;6593
6727384;Together With Eyes Undimmed;Not Rated;F/M, Gen;Zootopia (2016);Judy Hopps/Nick Wilde;Judy Hopps, Nick Wilde, Original Characters;Spoilers, One Shot Collection;English;2016-05-02;Updated;2016-11-03;26562;19/?;111;359;58;9308
6390304;All I Can Think of is You;Teen And Up Audiences;M/M;Zootopia (2016);Chief Bogo/Benjamin Clawhauser;Chief Bogo (Zootopia), Benjamin Clawhauser, Judy Hopps, Nick Wilde;Tooth-Rotting Fluff, Angst with a Happy Ending, 5 Times;English;2016-03-29;Completed;2016-03-29;2627;1/1;21;356;36;3342
6585559;A Chip On Your Shoulder;Teen And Up Audiences;F/M;Zootopia (2016);Judy Hopps/Nick Wilde, Judy Hopps & Nick Wilde;Judy Hopps, Nick Wilde;;English;2016-04-18;Completed;2016-04-29;25027;3/3;51;354;89;4775
6512518;a sort of walking miracle;Teen And Up Audiences;F/M;Zootopia (2016);Judy Hopps/Nick Wilde;Judy Hopps, Nick Wilde;Established Relationship, Implied Sexual Content;English;2016-04-10;Completed;2016-04-10;1207;1/1;12;354;61;3740
6940804;hold on to me as we go;General Audiences;F/M;Zootopia (2016);Judy Hopps/Nick Wilde;Judy Hopps, Nick Wilde;Original Character(s), Family Drama, Interspecies Relationship(s), Canon-Typical Racism, Racism, Established Relationship, Emotional Hurt/Comfort, Challenge: Fic a Day in May, Not Beta Read;English;2016-05-23;Completed;2016-05-23;2450;1/1;10;348;61;3633
6336811;Picture Worth a Thousand Words;Teen And Up Audiences;F/M;Zootopia (2016);Judy Hopps/Nick Wilde;Judy Hopps, Nick Wilde, Benjamin Clawhauser;Sexting, Kink Meme, Developing Relationship, Fluff, Bland Name Product, Technology, Cell Phones, Teasing, Selfies, Community: disney_kink;English;2016-03-23;Completed;2016-03-23;1753;1/1;12;348;55;5473
6236224;Zootopia: After Dark;Mature;F/M;Zootopia (2016);Judy Hopps/Nick Wilde;Judy Hopps, Nick Wilde;Romance, Humor, Sexual Humor, Sex;English;2016-03-13;Updated;2016-06-09;13604;3/?;32;347;46;11374
6586618;every part of you;Mature;F/M;Zootopia (2016);Judy Hopps/Nick Wilde;Judy Hopps, Nick Wilde;One Shot Collection, Sexual Content, Mild Language;English;2016-04-18;Updated;2016-05-01;2866;2/?;18;333;61;6212
7304467;Circumventing the Collar;Explicit;F/M;Zootopia (2016);Judy Hopps/Nick Wilde;Judy Hopps, Nick Wilde;Interspecies Sex, With COLLAR ON, Protozootopia, Nebulous backstory, LEWD, Porn with Feelings, For the trashbin, Shock Collars;English;2016-06-26;Completed;2016-06-26;8397;1/1;15;325;70;12463
6933118;Bonded Through Ink;General Audiences;F/M;Zootopia (2016);Judy Hopps & Nick Wilde, Judy Hopps/Nick Wilde;Judy Hopps, Nick Wilde;Soul Mate AU, soul mates, The soul mate au where whatever you write on your skin appears on your soul mate's skin, human AU, Since ink on fur doesn't really work;English;2016-05-22;Completed;2016-05-22;1165;1/1;16;325;35;3023
6796993;Bullet Holes and Battle Scars;Teen And Up Audiences;F/M;Zootopia (2016);Judy Hopps & Nick Wilde, Judy Hopps/Nick Wilde;;Fluff;English;2016-05-09;Completed;2016-05-09;3088;1/1;30;324;72;3152
6447685;Hoppscotch;General Audiences;Gen;Zootopia (2016);Judy Hopps & Nick Wilde;Judy Hopps, Nick Wilde, Stu Hopps, Bonnie Hopps;Fluff, Family, Friendship, Aromantic/Asexual Characters, Male-Female Friendship, Platonic Life Partners, Yet Another Meet the Family fic, Angst with a Happy Ending;English;2016-04-03;Updated;2016-04-10;5228;3/?;65;324;52;4090
6328471;The Zootopian Dream;Teen And Up Audiences;F/M;Zootopia (2016);Judy Hopps/Nick Wilde;Judy Hopps, Nick Wilde, Finnick (Zootopia), Benjamin Clawhauser, Chief Bogo (Zootopia), Original Characters, Gazelle (Zootopia), Duke Weaselton (Zootopia);Mystery, Romance, Violence, Interspecies Romance, Political Thriller, Government Conspiracy;English;2016-03-23;Updated;2016-06-04;85780;26/?;73;323;68;9068
7351753;In Plain Sight;General Audiences;F/M;Zootopia (2016);Judy Hopps & Nick Wilde, Judy Hopps/Nick Wilde;Judy Hopps, Nick Wilde, Finnick (Zootopia), Chief Bogo (Zootopia), Benjamin Clawhauser;Romance, Friendship, Humor, Drama, Fluff, Pre-Relationship;English;2016-06-30;Completed;2016-08-20;31324;10/10;66;322;58;6554
6760903;Playing With Fire;Explicit;F/M;Zootopia (2016);Judy Hopps/Nick Wilde;Judy Hopps, Nick Wilde;Spoilers, Explicit Sexual Content, Heterosexual Sex, Nudity, Bondage, Predator/Prey, Scent Kink, Angst, I didn't even know I LIKED chinning;English;2016-05-06;Completed;2016-05-13;7122;4/4;45;321;55;11195
6234424;Welcome to the Family Way;Not Rated;F/M, Other;Zootopia (2016);Judy Hopps/Nick Wilde, Judy Hopps & Nick Wilde;Nick Wilde, Judy Hopps, Original Female Character(s);Fluff and Angst, Family Feels, Interspecies Relationship(s), Interspecies Romance, Interspecies Adoption, Adoption;English;2016-03-13;Completed;2016-03-13;2751;1/1;11;318;31;5880
7558306;The Broken Mask;Explicit;F/M;Zootopia (2016);Judy Hopps & Nick Wilde, Judy Hopps/Nick Wilde;Judy Hopps, Nick Wilde, Bonnie Hopps, Stu Hopps, Chief Bogo (Zootopia), Officer Delgado (Zootopia);Not Suitable/Safe For Work, Romance, Fluff, Fluff and Smut, Fluffy Butts, Drugs, Crime Fighting, Friends to Lovers, Best Friends, Drama, Feels, Sappy, Kissing, Emotional, Explicit Sexual Content;English;2016-07-22;Completed;2016-08-01;23704;4/4;110;317;34;7400
6791746;what's yours (what's mine);General Audiences;F/M;Zootopia (2016);Judy Hopps/Nick Wilde;Judy Hopps, Nick Wilde;Pictures, Conflict Resolution, Established Relationship, Cohabitation, Challenge: Fic a Day in May;English;2016-05-08;Completed;2016-05-08;1166;1/1;8;308;47;2777
6384643;Fair Shares;General Audiences;Gen;Zootopia (2016);Judy Hopps & Nick Wilde;Nick Wilde, Judy Hopps, Benjamin Clawhauser, Minor Characters;Friendship, Platonic Life Partners, Male-Female Friendship, Post-Canon, Nick gets protective, Fluff and Angst;English;2016-03-28;Completed;2016-04-29;13841;5/5;35;307;53;3679
6724054;The Strides of Skinny Love;Teen And Up Audiences;F/M, Gen;Zootopia (2016);Judy Hopps/Nick Wilde, Judy Hopps & Nick Wilde;Judy Hopps, Nick Wilde, Chief Bogo (Zootopia);Slow Burn, Not Actually Unrequited Love;English;2016-05-02;Completed;2016-08-11;29332;5/5;62;307;79;4763
6594811;Wild Play;Explicit;F/M;Zootopia (2016);Judy Hopps/Nick Wilde;Judy Hopps, Nick Wilde;Predator/Prey, predator - Freeform, Prey - Freeform, Rape Fantasy, Rape Roleplay, Roleplay;English;2016-04-18;Completed;2016-04-18;7927;1/1;5;304;41;9507
6456496;Zootopia: True Partners;General Audiences;F/M;Zootopia (2016);Judy Hopps/Nick Wilde;Judy Hopps, Nick Wilde;;English;2016-04-04;Completed;2016-04-04;3761;1/1;16;303;30;6284
6423082;The Unimaginable;Teen And Up Audiences;F/M;Zootopia (2016);Judy Hopps/Nick Wilde, Past Judy Hopps/Nick Wilde, Implied Judy Hopps/Nick Wilde, Eh Its Complicated;Nick Wilde, Mrs. Otterton, Bonnie Hopps, mentions of other characters;Angst, Family Feels, Cannon Divergence, Past Nick/Judy, Hurt/Comfort, mentions of past violence, PTSD, Depression, Healing, all the feelings;English;2016-04-01;Completed;2016-06-15;6272;5/5;41;303;45;4677
6384244;I'll Call You Back;General Audiences;Gen;Zootopia (2016);Judy Hopps & Nick Wilde;Judy Hopps, Nick Wilde, Bonnie Hopps, Stu Hopps;Fluff, Friendship, Family, Aromantic/Asexual Characters, Male-Female Friendship, Platonic Life Partners, Angst with a Happy Ending;English;2016-03-28;Completed;2016-03-28;2754;1/1;28;299;29;2726
6731875;Finding the Folks;General Audiences;F/M;Zootopia (2016);Judy Hopps/Nick Wilde, Judy Hopps & Nick Wilde;Nick Wilde, Judy Hopps;;English;2016-05-02;Completed;2016-07-22;12855;8/8;47;289;62;4940
6467860;retrograde romance: an oddball collection;Teen And Up Audiences;F/M;Zootopia (2016);Judy Hopps/Nick Wilde;Judy Hopps, Nick Wilde, Nick Wilde's Mother, Bonnie Hopps, Stu Hopps, Chief Bogo, Benjamin Clawhauser;Romance, Fluff, Angst, dash of everything, drabbles, au's;English;2016-04-05;Updated;2016-07-22;14995;5/?;38;289;60;4029
7217533;Hot Night Crash;Mature;F/M;Zootopia (2016);Judy Hopps & Nick Wilde;Judy Hopps, Nick Wilde, Chief Bogo (Zootopia), Benjamin Clawhauser, Wolford (Zootopia), Zootopia Police Department Officers, Finnick (Zootopia), Original Characters;Judy centric, buddy cop story, Angst, Minor Injuries;English;2016-06-16;Updated;2016-08-26;40094;8/?;374;289;44;7302
7626403;Winter Snuggles 2: Desire and Dependence;Mature;F/M;Zootopia (2016);Judy Hopps & Nick Wilde, Judy Hopps/Nick Wilde;Judy Hopps, Nick Wilde;Established Relationship, Mild Sexual Content;English;2016-07-30;Completed;2016-08-20;10074;5/5;70;285;34;5262
6804505;Shocking Precautions;Mature;F/M;Zootopia (2016);Judy Hopps & Nick Wilde, Judy Hopps/Nick Wilde;Judy Hopps, Nick Wilde, Finnick (Zootopia), Fru Fru (Zootopia), Mr. Big (Zootopia), Kevin Kozlov (Zootopia), Chief Bogo (Zootopia), Stu Hopps, Bonnie Hopps, Gideon Grey, Original Characters;Slice of Life, Hurt/Comfort, Interspecies Relationship(s), Family Issues;English;2016-05-10;Completed;2016-05-29;44432;16/16;46;285;39;7382
6928762;no more clarity (only confusion);Mature;F/M;Zootopia (2016);Judy Hopps/Nick Wilde;Judy Hopps, Nick Wilde;Alternate Universe - Canon Divergence, Kidnapping, Violence, Body Horror, Solitary Confinement, Muzzles, Challenge: Fic a Day in May;English;2016-05-22;Completed;2016-05-22;3318;1/1;6;275;37;2538
7335169;Different;Teen And Up Audiences;F/M;Zootopia (2016);Judy Hopps/Nick Wilde;Nick Wilde, Judy Hopps, Benjamin Clawhauser, Wolford (Zootopia), Francine (Zootopia), Chief Bogo (Zootopia);Established Relationship, Feels, Fluff and Angst, Bigotry & Prejudice, Working Through Things Together, Fluff, Secret Relationship, but not really, Nick and Judy Are More Obvious Than They Realize, But also a wonderfully terrifying team;English;2016-06-29;Updated;2016-10-19;5981;5/8;33;274;43;null
8206546;The Heat of the Moment(s);Explicit;F/M;Zootopia (2016);Judy Hopps/Nick Wilde;Judy Hopps, Nick Wilde;Interspecies Sex, Knotting, Friends With Benefits, Slight Smut, Porn with Feelings, Mating Cycles/In Heat;English;2016-10-04;Updated;2016-10-15;9947;3/?;76;274;50;5616
7525267;Point A to B;Explicit;F/M;Zootopia (2016);Judy Hopps & Nick Wilde, Judy Hopps/Nick Wilde, judy hopps - Relationship;Judy Hopps, Nick Wilde, Drill Instructor (Polar Bear), Chief Bogo (Zootopia);Not Suitable/Safe For Work, Not for the timid, Explicit Sexual Content, Romance, Fluff, Fluff and Smut, Drugs, Crime Fighting, Friends to Lovers, Best Friends;English;2016-07-19;Completed;2016-07-21;10618;4/4;35;273;43;7469
7564243;Texts: A window (of words) to the soul;Mature;Gen;Zootopia (2016);Judy Hopps/Nick Wilde;;text conversations, Fluff, so sweet you could call it cotton candy, can get slighty durdee, or emotional, also there's language you wouldn't use in front of grandma, chapter 19 is kinda dark but its a one-off i promise;English;2016-07-23;Updated;2016-10-26;10558;37/?;254;271;26;7343
7457431;Instincts;Mature;F/M;Zootopia (2016);Judy Hopps/Nick Wilde;Nick Wilde, Judy Hopps;Interspecies Romance, Friendship/Love, Slice of Life, Fluff and Smut;English;2016-07-11;Updated;2016-08-23;21114;12/?;46;270;48;5717
7908136;The Measure of Trust;Teen And Up Audiences;F/M;Zootopia (2016);Judy Hopps/Nick Wilde;Judy Hopps, Nick Wilde, Stu Hopps, Bonnie Hopps, Judy Hopps's Siblings, Original Characters;Drama, Angst, Fluff, Family Drama, Family, Minor Original Character(s), Romance;English;2016-08-29;Completed;2016-10-06;39653;12/12;147;270;38;8147
6490744;Don't fall behind (it'll be hard to catch up);Teen And Up Audiences;Gen;Zootopia (2016);;Judy Hopps, Nick Wilde, Gideon Grey;AU, Childhood, friends - Freeform, Pre-movie to post-movie;English;2016-04-08;Updated;2016-06-13;22730;23/?;79;268;56;6585
7838278;At Her Feet One Shots;Explicit;Multi;Zootopia (2016);Judy Hopps & Nick Wilde, Judy Hopps/Nick Wilde;Judy Hopps, Nick Wilde, Nick Wilde's Mother, Zootopia Police Department Officers;Romance, Emotional, Love, Fluff, Vaginal Sex, Oral Sex;English;2016-08-22;Updated;2016-09-26;32641;3/?;59;267;27;4543
6271801;Bunny Bunny;General Audiences;F/M;Zootopia (2016);Judy Hopps/Nick Wilde;Judy Hopps, Nick Wilde, Benjamin Clawhauser, ZPD;Fluff, Slice of Life, Drabble, dares;English;2016-03-17;Completed;2016-03-17;1364;1/1;7;266;32;3821
6253678;Something more powerful than words and fear;Mature;M/M;Zootopia (2016);Chief Bogo/Benjamin Clawhauser;Benjamin Clawhauser, Chief Bogo (Zootopia), Original Male Character(s), Original Characters, Russ Cooper, Original Non-Human Character(s), Dawn Bellwether;Racism, Racist Language, Hate Speech, Angst, Fluff and Angst, Angst and Hurt/Comfort, Hurt/Comfort, Secret Crush, Angst with a Happy Ending, I Can't Believe I Wrote This, How ever this pairing is too cute, Clawhauser is too cute to ignore;English;2016-03-15;Completed;2016-05-10;9953;4/4;22;266;40;4646
6609910;Pastoral;Teen And Up Audiences;F/M;Zootopia (2016);Judy Hopps/Nick Wilde;Chief Bogo, Benjamin Clawhauser, Bonnie Hopps, Stu Hopps, Original Characters;Hurt/Comfort, Angst, Slow Burn, Recovery, Mild Gore, Character Study;English;2016-04-20;Completed;2016-05-03;84096;14/14;63;266;58;6463
6226789;An Appeal of Interest;General Audiences;F/M, Other;Zootopia (2016);Judy Hopps/Nick Wilde, Judy Hopps & Nick Wilde;Judy Hopps, Nick Wilde;Fluff and Angst, Family Feels, Interspecies Relationship(s), Interspecies Romance, Adoption, Interspecies Adoption;English;2016-03-12;Completed;2016-03-12;1453;1/1;5;261;26;7707
6886861;bet on us;General Audiences;F/M;Zootopia (2016);Judy Hopps/Nick Wilde;Judy Hopps, Nick Wilde, Benjamin Clawhauser;Alternate Universe - Different First Meeting, Hurt/Comfort, Interspecies Relationship(s), Fluff;English;2016-05-17;Completed;2016-05-17;3291;1/1;22;260;48;2666
6437773;Bedtime Stories;Teen And Up Audiences;F/M;Zootopia (2016);Judy Hopps & Nick Wilde, Judy Hopps/Nick Wilde;;Family, Fluff;English;2016-04-02;Completed;2016-04-02;3391;1/1;18;257;41;3016
6447199;The Third Wheel;General Audiences;F/M;Zootopia (2016);Judy Hopps/Nick Wilde;Judy Hopps, Nick Wilde, Benjamin Clawhauser;Co-workers, Secret Relationship, Sneaking Around, Friendship, The Thrills of New Love, More Fun Puns, Morning Cuddles, Banter, Acceptance, Reveal, Love Knows No Boundaries, Celebrations, Third Wheels;English;2016-04-03;Completed;2016-10-09;7850;7/7;45;252;32;4959
6605080;Breached;Mature;F/M;Zootopia (2016);Judy Hopps/Nick Wilde, Judy Hopps/Original Character(s), Nick Wilde/Original charcter;Judy Hopps, Nick Wilde, OC(s) - Character, Other Character Tags to Be Added;Past Abuse, Stalking, Emotional/Psychological Abuse, Physical Abuse, Requited Unrequited Love, Bigotry & Prejudice, Forgiveness, Love Confessions, Love, Hurt/Comfort, Other Additional Tags to Be Added, Jealousy, Friendship, Past Relationship(s), Sensuality, Hospitalization;English;2016-04-20;Updated;2016-06-15;33678;9/?;55;251;37;6166
7920358;Sunderance;Mature;F/M;Zootopia (2016);Judy Hopps & Nick Wilde, Judy Hopps/Nick Wilde;Judy Hopps, Judy Hopps's Siblings, Nick Wilde, Stu Hopps, Bonnie Hopps, Bonnie and Stu Hopps;Drama, Romance, Action/Adventure, Alternate Universe - Noir, Alternate Universe;English;2016-08-31;Updated;2016-10-15;13918;5/?;79;251;53;3574
6844285;Impressions;Teen And Up Audiences;F/M;Zootopia (2016);Judy Hopps/Nick Wilde, Judy Hopps & Nick Wilde;Judy Hopps, Nick Wilde;Alternate Universe - College/University, Fluff;English;2016-05-14;Updated;2016-08-03;14170;6/?;47;250;42;4040
6176062;Zootopia: Try Everything, Try Anything;General Audiences;F/M;Zootopia (2016);Judy Hopps/Nick Wilde;Judy Hopps, Nick Wilde, Chief Bogo (Zootopia), Benjamin Clawhauser;Romance, Comedy, Humor, Cute;English;2016-03-06;Updated;2016-05-06;14767;3/?;26;249;41;5369
6312451;Murder in the Wards;Teen And Up Audiences;F/M;Zootopia (2016), Mass Effect;Judy Hopps & Nick Wilde, Judy Hopps/Nick Wilde;Judy Hopps, Nick Wilde, Chief Bogo (Zootopia), Benjamin Clawhauser, Finnick (Zootopia);Organized Crime, Murder Mystery, Romance;English;2016-03-21;Updated;2016-04-17;21091;9/?;78;248;55;3894
6273763;Spare Some Change;General Audiences;F/M;Zootopia (2016);Judy Hopps/Nick Wilde;Judy Hopps, Nick Wilde, Stu Hopps, Bonnie Hopps, Chief Bogo (Zootopia);Fluff, And More Fluff, the tiniest amout of angst, Relationship(s), Slice of Life;English;2016-03-17;Completed;2016-03-17;3476;1/1;5;247;43;4164
6930958;Awkward Questions;General Audiences;Gen;Zootopia (2016);;Judy Hopps, Nick Wilde;Humor, Fluff, Friendship/Love, Children;English;2016-05-22;Completed;2016-05-22;3061;1/1;16;247;45;2235
6587809;take my hand (take my whole life, too);Mature;F/M;Zootopia (2016);Judy Hopps/Nick Wilde, Judy Hopps & Nick Wilde;Judy Hopps, Nick Wilde, Bunnyburrow ensemble;Alternate Universe - Canon Divergence, Age Difference, Mild Language, Alternate Universe - Different First Meeting;English;2016-04-18;Updated;2016-04-18;3242;1/?;14;246;53;3206
7293805;I Say Love, You Hear This;General Audiences;F/M, Gen;Zootopia (2016);Judy Hopps/Nick Wilde;Judy Hopps, Nick Wilde;Missing Scene;English;2016-06-24;Completed;2016-06-24;2162;1/1;10;246;37;null
7078267;Just Another Trash Dump;Explicit;F/M;Zootopia (2016);Judy Hopps/Nick Wilde;;LEWD FOR THE LEWD GOD;English;2016-06-03;Completed;2016-06-03;1955;1/1;9;244;32;5316
7051897;Inked;General Audiences;F/M;Zootopia (2016);Judy Hopps/Nick Wilde;Stu Hopps;Tattoos;English;2016-06-01;Completed;2016-06-01;4529;1/1;11;243;38;3367
6191218;Never Know;Teen And Up Audiences;F/F, F/M;Zootopia (2016);Judy Hopps/Nick Wilde, Original Female Character/Original Female Character;Judy Hopp, Nick Wilde, Original Female Character(s), Original Characters, Chief Bogo (Zootopia), Clawhauser (Zootopia);Love Confessions, Past Abuse, Mentions of said abuse, Interspecies Relationship(s), Criminal Underworld, Case Fic, Cancer, Mentions of Cancer, Ovarian Cancer;English;2016-03-08;Updated;2016-03-12;8073;4/?;32;242;63;4004
6419425;MuzzleTime;General Audiences;F/M, Gen;Zootopia (2016);Judy Hopps & Nick Wilde;Judy Hopps, Nick Wilde;;English;2016-03-31;Completed;2016-03-31;1189;1/1;7;242;30;1917
6346447;Ball Gag;Explicit;F/M;Zootopia (2016);Judy Hopps/Nick Wilde, Judy Hopps & Nick Wilde;Judy Hopps, Nick Wilde;Sex, Ball Gag, Romance, Smut, Rough Sex, Interspecies Relationship(s), Interspecies Sex, Kissing, Creampie;English;2016-03-24;Completed;2016-03-24;1789;1/1;7;240;32;9653
6854437;10-97;Mature;F/M;Zootopia (2016);Judy Hopps & Nick Wilde, Judy Hopps/Nick Wilde;Nick Wilde, Judy Hopps, Benjamin Clawhauser, Chief Bogo (Zootopia), Wolford (Zootopia), Stu Hopps, Bonnie Hopps;Blood and Violence, Emotional Constipation, Police Brutality, Romance, cussin', wildehopps, Slow Burn;English;2016-05-15;Updated;2016-09-18;19459;9/?;80;236;41;4575
6396760;A Target, but Without Danger;Teen And Up Audiences;F/M, Gen;Zootopia (2016);Judy Hopps & Nick Wilde, Judy Hopps/Nick Wilde;Judy Hopps, Chief Bogo (Zootopia), Benjamin Clawhauser, Members of the ZPD, McHorn (Zootopia), Nick Wilde, Finnick (Zootopia), Dawn Bellwether;Kidnapping, Missing Persons, Revenge, Nick is messing, Post-Movie(s), Not tagging any more case spoilers;English;2016-03-29;Completed;2016-04-08;14621;7/7;16;236;45;3742
6223510;Moving Boxes;Not Rated;F/M;Zootopia (2016);Judy Hopps & Nick Wilde;Nick Wilde, Judy Hopps, Original Characters, Chief Bogo (Zootopia);Emotional Hurt/Comfort, Headcanon, Angst with a Happy Ending, Light Angst, Short & Sweet, One Shot, Homelessness, Friendship, Pre-Relationship, Fluff, Alternate Universe - Canon Divergence, Hurt/Comfort, hurt nick, Mentions of Cancer;English;2016-03-12;Completed;2016-03-12;2088;1/1;17;235;29;3796
7251925;equitable eloquence;General Audiences;F/M;Zootopia (2016);Judy Hopps/Nick Wilde;Judy Hopps, Nick Wilde, Original Female Character(s);Nobility, Alternate Universe - Royalty, Love Confessions, Declarations Of Love, Class Differences, Heartbreak, Not Beta Read;English;2016-06-20;Completed;2016-06-24;5970;2/2;24;235;43;2259
6724015;latitude of home;Teen And Up Audiences;F/M;Zootopia (2016);Judy Hopps/Nick Wilde;Judy Hopps, Nick Wilde;Alternate Universe - Regency, Pride and Prejudice References, Established Relationship, Married Couple, Challenge: Fic a Day in May;English;2016-05-02;Completed;2016-05-02;3794;1/1;7;234;38;3185
6537832;master of none;Teen And Up Audiences;F/M;Zootopia (2016);Judy Hopps/Nick Wilde;Judy Hopps, Nick Wilde;Alternate Universe - Pokemon Fusion;English;2016-04-12;Completed;2016-04-12;3561;1/1;10;231;41;1921
6254497;The Proposal;Teen And Up Audiences;F/M, Gen;Zootopia (2016);Judy Hopps & Nick Wilde, Judy Hopps/Nick Wilde;Judy Hopps, Nick Wilde;Fluff, Interspecies Relationship(s), Interspecies Romance, Family Feels;English;2016-03-15;Completed;2016-03-15;744;1/1;6;230;23;4687
7815190;Don't You Remember?;Teen And Up Audiences;F/M;Zootopia (2016);Judy Hopps & Nick Wilde, Judy Hopps/Nick Wilde;Judy Hopps, Nick Wilde;Romance, Friendship, Memory Loss, Amnesia;English;2016-08-19;Updated;2016-10-21;26213;7/?;57;228;48;5538
6628249;Zootopia: Partners and Family;Teen And Up Audiences;F/M;Zootopia (2016);Judy Hopps/Nick Wilde;Judy Hopps, Nick Wilde, Nick Wilde's Mother, Bonnie Hopps, Stu Hopps;Suggestive Themes;English;2016-04-23;Completed;2016-04-23;10525;1/1;17;225;26;6282
8029630;The Violet Diaries;Teen And Up Audiences;F/M;Zootopia (2016);Judy Hopps/Nick Wilde;Judy Hopps, Nick Wilde, Volet;Nick and Judy have a fox bunny, Love, Romance, Angst, Child raising, Fluffy, but not fluffy;English;2016-09-13;Updated;2016-10-06;33677;11/?;41;224;45;4600
6494524;Lonely nights;Mature;F/M, Other;Zootopia (2016);Judy Hopps & Nick Wilde, Judy Hopps/Nick Wilde;Nick Wilde, Judy Hopps;Masturbation, solo masturbation, Swearing, Cussing, Fantasizing, Implied Sexual Content, Blow Jobs, Listen - I don't even know OK?;English;2016-04-08;Completed;2016-04-08;2846;1/1;8;224;26;4419
6608725;TO: Nick Wilde <foxcraft@zmail.gov>;Teen And Up Audiences;F/M;Zootopia (2016);Judy Hopps/Nick Wilde;Judy Hopps, Nick Wilde;email;English;2016-04-20;Completed;2016-04-20;1052;1/1;11;223;20;2586
7026787;Prosthenisis;Teen And Up Audiences;Gen;Zootopia (2016);Judy Hopps & Nick Wilde, Judy Hopps/Nick Wilde;Judy Hopps, Nick Wilde;Boy Meets Spaceship, Alternate Universe - Science Fiction, Prostheses, Artificial Intelligence, Slow Burn, Cyberpunk, Kinda, Alternate Universe - Robots & Androids, Spaceships;English;2016-05-30;Completed;2016-10-23;27864;10/10;233;222;47;3710
6661429;Zootopia: Prelude to Partners;General Audiences;Gen;Zootopia (2016);;Judy Hopps, Nick Wilde;Hospitalization;English;2016-04-26;Completed;2016-04-26;1403;1/1;10;220;20;4698
6192382;Sick Day;General Audiences;F/M;Zootopia (2016);Judy Hopps/Nick Wilde;Judy Hopps, Nick Wilde, Benjamin Clawhauser, Chief Bogo (Zootopia), Finnick (Zootopia), OC - Character;sick day, Playing Doctor;English;2016-03-08;Updated;2016-03-07;1031;1/?;7;218;36;4498
6319609;I'll Fall so You Don't Have too.;General Audiences;Gen;Zootopia (2016);Judy Hopps & Nick Wilde, Judy Hopps/Nick Wilde;Nick Wilde, Judy Hopps, Chief Bogo (Zootopia);Angst with a Happy Ending, Robbery, Frame Job, Blackmail, Nick takes the fall, I don't know;English;2016-03-22;Completed;2016-03-22;2496;1/1;2;218;26;3114
7076536;You Know You Love Me;Mature;F/M;Zootopia (2016);Judy Hopps & Nick Wilde, Judy Hopps/Nick Wilde;Judy Hopps, Nick Wilde, Chief Bogo (Zootopia), Finnick (Zootopia), OC villain, minor OCs, ZPD Officers;Romance, Crime Drama, Suggestive Themes, Thriller;English;2016-06-03;Updated;2016-10-26;31620;11/?;74;218;46;5106
6334090;Bunny Business in Metropolis;General Audiences;F/M;Zootopia (2016);Judy Hopps & Nick Wilde, Judy/OC;Judy Hopps, Nick Wilde, Various bunny boyfriends;Sorry it's not Judy/Nick, Lots of dumb bunnies, Friendship;English;2016-03-23;Completed;2016-03-23;2848;1/1;5;213;38;2229
7285789;Nocturnal;Teen And Up Audiences;F/M;Zootopia (2016);Judy Hopps/Nick Wilde;Nick Wilde, Judy Hopps;Fluff, Feels, Established Relationship, Cuddling & Snuggling, Romantic Gestures;English;2016-06-23;Completed;2016-06-23;1053;1/1;9;213;20;null
6559270;Letters to Ghosts;Explicit;F/M;Zootopia (2016);Judy Hopps/Nick Wilde;Judy Hopps, Nick Wilde;Past Rape/Non-con, Triggers;English;2016-04-15;Completed;2016-04-15;2944;1/1;9;211;15;5623
7267459;Nick vs. The Fake Relationship;Teen And Up Audiences;F/M;Zootopia (2016);Judy Hopps/Nick Wilde;Nick Wilde, Judy Hopps, Chief Bogo (Zootopia), Finnick (Zootopia), Jack Savage;Alternate Universe - Spies & Secret Agents, Slow Burn, Falling In Love, blood mention, gun mention;English;2016-06-21;Completed;2016-10-09;25283;5/5;32;210;32;2574
6181480;You Taught Me To Fear The World;Mature;Multi;Zootopia (2016);Judy Hopps/Nick Wilde, Nick Wilde/Original Male Character, Nick Wilde & Mrs. Wilde, Stu Hopps/Bonnie Hopps;Nick Wilde, Original Male Character(s), Judy Hopps, Stu Hopps, Bonnie Hopps, Other(s), Mrs. Wilde, Mr. Wilde, Original Characters;Child Abuse, Neglect, Past Abuse, Family Issues, Nick needs a Hug, Nick Has Issues, Phobias, Family Reunions, Headcanon, Daddy Issues, Muzzles, Trust Issues, Protective Judy, Male-Female Friendship, Anxiety Attacks, Depression, Alcohol Abuse/Alcoholism, Alternate Universe - Canon Divergence, Angst, Nick And Muzzles, Childhood Memories, Childhood Trauma, Emotional Manipulation, Flashbacks, Bullying, Discrimination, Implied/Referenced Domestic Violence;English;2016-03-10;Updated;2016-03-20;3598;4/?;79;206;36;4866
8029030;the runaway fox;General Audiences;F/M;Zootopia (2016);Judy Hopps/Nick Wilde;Judy Hopps, Nick Wilde;Children's Literature, Art;English;2016-09-13;Completed;2016-09-13;651;1/1;29;206;45;2509
6628477;Hungry Ghosts;Teen And Up Audiences;F/M;Zootopia (2016);Judy Hopps & Nick Wilde, Judy Hopps/Nick Wilde;Judy Hopps, Nick Wilde, Original Characters;Implied/Referenced Drug Use, Implied/Referenced Torture, Implied/Referenced Domestic Violence, Case Fic, Slice of Life, Police, Puns & Word Play;English;2016-04-23;Completed;2016-04-23;20870;14/14;43;206;33;4744
6330298;Short, Sweet, and Sarcastic;General Audiences;F/M;Zootopia (2016);Judy Hopps/Nick Wilde;Judy Hopps, Nick Wilde;Platonic Romance, Slow Burn, Drabble Collection, Fluff, Humor, Romance, Slice of Life;English;2016-03-23;Updated;2016-05-27;7618;3/?;16;205;30;2389
6246559;argumentum ad populum;General Audiences;F/M, Gen;Zootopia (2016);Judy Hopps/Nick Wilde;Judy Hopps, Nick Wilde, Finnick (Zootopia), Benjamin Clawhauser, Chief Bogo (Zootopia), Mr. Big, Fru Fru (Zootopia);Family, Friendship, Not Canon Compliant, Sorry Not Sorry, Crime, noir, Woops, Angst, So much angst, Fluff, and snark all around, Unbeta'd, y'know what?, fuck it, Comedy, eventually, miiiiild horror;English;2016-03-14;Updated;2016-06-25;9106;6/?;39;205;41;2917
6212836;I think I'll make it home;General Audiences;F/M;Zootopia (2016);Judy Hopps/Nick Wilde;Judy Hopps, Nick Wilde, Chief Bogo (Zootopia);;English;2016-03-10;Updated;2016-03-10;768;1/?;29;203;33;2565
6672502;Zootopia: Partners Together;Teen And Up Audiences;F/M;Zootopia (2016);Judy Hopps/Nick Wilde;Judy Hopps, Nick Wilde, Fru Fru (Zootopia), Emmitt Otterton, Mrs. Otterton (Zootopia), Benjamin Clawhauser, Chief Bogo (Zootopia), Bonnie Hopps, Stu Hopps, Nick Wilde's Mother, Leodore Lionheart;Suggestive Themes, Marriage;English;2016-04-27;Completed;2016-04-27;6022;1/1;21;203;22;4763
7907206;dynamic dissonance;Teen And Up Audiences;Gen;Zootopia (2016);Judy Hopps & Nick Wilde;Judy Hopps, Nick Wilde, Benjamin Clawhauser, Fangmeyer (Zootopia), Finnick (Zootopia), Dawn Bellwether;Alternate Universe - Artificial Intelligence, Character Death, Mild Language;English;2016-08-29;Completed;2016-09-01;14894;6/6;87;202;43;2595
6958705;Sleepy Bunny;General Audiences;F/M;Zootopia (2016);Judy Hopps/Nick Wilde;Nick Wilde, Judy Hopps;Fluff, Sleep;English;2016-05-25;Completed;2016-05-25;1737;2/2;31;202;32;4052
7028632;A Better Life;Mature;Gen;Zootopia (2016);Judy Hopps/Nick Wilde;Nick Wilde, Judy Hopps, Delgato (Zootopia), Chief Bogo (Zootopia), Original Male Character(s), Mr. Big (Zootopia), Francine (Zootopia), Original Female Character(s), Stu Hopps, Bonnie Hopps, Finnick (Zootopia), Nick Wilde's Mother;Crime Fighting, Drama, Detective Work, Murder, Angst, Bittersweet, threat of death, Bodily Harm, Police corruption;English;2016-05-30;Completed;2016-06-27;42487;13/13;88;201;46;4406
7501569;Inexorable;Teen And Up Audiences;F/M, Gen;Zootopia (2016);Judy Hopps & Nick Wilde, Judy Hopps/Nick Wilde;Judy Hopps, Nick Wilde, Fangmeyer (Zootopia), Original Characters, Emmitt Otterton, Finnick (Zootopia);Culling, Alternate Universe, Military, Rebellion, Explicit Language, Soulmates, Pseudo-supernatural elements;English;2016-07-16;Updated;2016-10-25;28875;10/?;144;201;28;3371
6451420;Let Me Drive For a While;Mature;F/M;Zootopia (2016);Judy Hopps/Nick Wilde;Judy Hopps, Nick Wilde;Implied/Referenced Sexual Assault, Angst;English;2016-04-03;Completed;2016-04-03;3017;1/1;10;200;15;4611
7967650;When Parents Are Shippers;Mature;F/M;Zootopia (2016);Judy Hopps & Nick Wilde, Bonnie Hopps/Stu Hopps;Judy Hopps, Nick Wilde, Stu Hopps, Bonnie Hopps;Fluff, Fictional Religion & Theology, Matchmaking, Friendship, Meeting the Parents, Sexuality, Implied/Referenced Rape/Non-con;English;2016-09-05;Updated;2016-10-30;22863;6/?;242;193;33;3472
6421798;Zootopia Tails: Baby's Been a Bad Bad Bunny;Mature;F/M;Zootopia (2016);Judy Hopps/Nick Wilde;Nick, Judy, Clawhauser, Bogo;;English;2016-04-01;Completed;2016-04-01;16071;11/11;14;192;29;4150
6313963;Roomies;General Audiences;Gen;Zootopia (2016);Judy Hopps & Nick Wilde;Judy Hopps, Nick Wilde;Mid-Canon, Roommates, Fluff, Humor, Fluff and Humor;English;2016-03-21;Completed;2016-03-21;749;1/1;7;190;28;2071
7569217;Zootopia: Thicker Than Blood;Teen And Up Audiences;F/M;Zootopia (2016);Judy Hopps & Nick Wilde, Judy Hopps/Nick Wilde;Judy Hopps, Nick Wilde, Chief Bogo (Zootopia), OC Villain(s), Finnick (Zootopia), Hopps Family, Zootopia Police Department Officers, Original Characters, Nick Wilde's Mother;Romance, Crime Fighting, Slow Burn, Friends to Lovers, Interspecies Relationship(s), Interspecies Romance, Friendship, Best Friends, Friendship/Love;English;2016-07-24;Updated;2016-11-01;119232;12/?;154;190;50;4949
6275524;A Twitch of Love;Teen And Up Audiences;F/M;Zootopia (2016);Judy Hopps & Nick Wilde, Judy Hopps/Nick Wilde;Judy Hopps, Nick Wilde, Bonnie Hopps, Stu Hopps, Gideon Grey;nick being a dork, wildehopps trash, shameless fluff, Flirting;English;2016-03-17;Updated;2016-03-20;12902;2/?;20;189;43;5518
8083039;Tis the Season;Mature;;Zootopia (2016);Judy Hopps/Nick Wilde, Judy Hopps & Nick Wilde;Nick Wilde, Judy Hopps, Nick Wilde's Mother, Grizzoli (Zootopia), Benjamin Clawhauser, Chief Bogo (Zootopia);Friendship, Love, Animal Traits;English;2016-09-19;Completed;2016-09-19;19854;12/12;23;189;36;1902
6294019;Wave The Flag;General Audiences;Gen;Zootopia (2016);Judy Hopps/Nick Wilde;Judy Hopps, Nick Wilde, Original Characters;Clothes Shopping, Slice of Life, Prologue;English;2016-03-19;Completed;2016-03-19;2447;1/1;9;188;24;2457
6284155;Stink;General Audiences;Gen;Zootopia (2016);;Judy Hopps, Nick Wilde;spoilers from movie, Fluff, Platonic Cuddling, Humor, Bathing/Washing;English;2016-03-18;Completed;2016-03-18;1974;1/1;6;187;42;1661
6700141;Sleepless Nights [PART 1];Explicit;F/M;Zootopia (2016);Judy Hopps & Nick Wilde, Judy Hopps/Nick Wilde;Judy Hopps, Nick Wilde, Benjamin Clawhauser, Other(s), Original Animal Character(s);Loss of Limbs, Self-Hatred, Self Confidence Issues, Depression;English;2016-04-30;Completed;2016-06-20;18966;20/20;71;185;31;9419
6752830;it's nothing;General Audiences;F/M;Zootopia (2016);Judy Hopps/Nick Wilde, Judy Hopps & Nick Wilde;Judy Hopps, Nick Wilde;;English;2016-05-05;Updated;2016-08-27;2706;5/?;13;184;21;3211
6599944;Zootopia: Plagued Partners;Teen And Up Audiences;F/M;Zootopia (2016);Judy Hopps/Nick Wilde;Judy Hopps, Nick Wilde;Non-Graphic Violence, Virus;English;2016-04-19;Completed;2016-04-19;9262;1/1;12;183;14;4304
6589387;The Fox and The Rabbit;Teen And Up Audiences;F/M;Zootopia (2016);Judy Hopps & Nick Wilde;Judy Hopps, Nick Wilde;adult, bogo - Freeform, bunnyburrow, clawhauser - Freeform, Disney, FanFic, Fanfiction, Fox - Freeform, hopps - Freeform, judy - Freeform, judy hopps - Freeform, mature - Freeform, nick - Freeform, nick wilde - Freeform, rabbit - Freeform, Romance, wide, wildehopps, Zootopia - Freeform, ZPD - Freeform;English;2016-04-18;Updated;2016-08-14;108443;15/?;93;183;54;7252
7416004;Ground Fighting;Explicit;F/M;Zootopia (2016);Judy Hopps/Nick Wilde;Judy Hopps, Nick Wilde;Shipping, Smut;English;2016-07-07;Completed;2016-07-07;2085;1/1;5;183;18;3897
7158359;The Fox Who Can't Be Moved;General Audiences;F/M;Zootopia (2016);wildehopps - Relationship, Judy Hopps & Nick Wilde, Judy Hopps/Nick Wilde;Nick Wilde, Judy Hopps, Benjamin Clawhauser, Stu Hopps, Bonnie Hopps;Angst, Declarations Of Love, Hugging, Glorious hugging, Snark, Alternate Universe - Canon Divergence;English;2016-06-10;Completed;2016-06-10;2830;1/1;16;181;20;2247
7915792;Foxhollow;Teen And Up Audiences;F/M;Zootopia (2016);Judy Hopps/Nick Wilde;Nick Wilde, Judy Hopps, Dawn Bellwether, Finnick (Zootopia), Leodore Lionheart, Bonnie and Stu Hopps, Benjamin Clawhauser, Bucky Oryx-Antlerson, Pronk Oryx-Antlerson, Gazelle (Zootopia), Jack Savage, Wade Jones, Shenzi, Jasiri, Bobby Catmull, OCs, Honey - Character, Mrs. Otterton (Zootopia);Zootopia - Freeform, wildehopps, royal au, Medivial AU, Tribute, gypsies, sword fights, Soul mate, Mating, Romance, savage - Freeform, Angst, Tolerance, Prejudice;English;2016-08-30;Updated;2016-10-11;24033;8/?;39;181;34;2570
7236451;si tu disais;General Audiences;F/M;Zootopia (2016);Judy Hopps/Nick Wilde;;Post-Canon;English;2016-06-20;Completed;2016-06-20;7661;1/1;27;180;45;2486
7891312;Nick's Gift.;Teen And Up Audiences;F/M;Zootopia (2016);Judy Hopps & Nick Wilde, Judy Hopps/Nick Wilde;Nick Wilde, Judy Hopps, Baby Wildehopps, Nick Wilde's Mother, Finnick (Zootopia);Fox-Bunny Hybrid, Fluff, Fluffity fluff, So Much Sugar It'll Make You Sick, Nick's Family - Freeform, He's Finally Got The Happiness He Deserves, Zootopia - Freeform, wildehopps;English;2016-08-28;Completed;2016-08-28;2272;1/1;35;179;34;2307
6678853;Snark Week;General Audiences;F/M;Zootopia (2016);Judy Hopps/Nick Wilde;Judy Hopps, Nick Wilde;Unrequited Love, Unrealized Requited Love?, Nick is Dumb, Feels;English;2016-04-27;Completed;2016-04-27;1427;1/1;20;177;27;2479
7551592;you are to me, [insert title here];Explicit;F/M;Zootopia (2016);Judy Hopps & Nick Wilde;Judy Hopps, Nick Wilde, Chief Bogo (Zootopia), Gideon Grey;Slice of Life, Knotting, everyone's an idiot and nothing hurts, Porn with Feelings;English;2016-07-22;Completed;2016-07-22;10061;1/1;13;176;38;3105
7732222;A Moonlight's Stroll;General Audiences;F/M;Zootopia (2016);Judy Hopps/Nick Wilde;Judy Hopps, Nick Wilde, Bonnie Hopps;Alternate Universe - Victorian, Butler Nick, Romance, Fluff and Angst, Bigotry & Prejudice, Interspecies Romance;English;2016-08-10;Updated;2016-08-24;6154;4/?;57;175;33;2554
6557569;Zootopia: Partners Tested;Teen And Up Audiences;F/M;Zootopia (2016);Judy Hopps/Nick Wilde;Judy Hopps, Nick Wilde;Non-Graphic Violence;English;2016-04-15;Completed;2016-04-15;6046;1/1;11;175;10;4047
6380341;The Unfastening of Nick Wilde;General Audiences;F/M, Gen;Zootopia (2016);Judy Hopps & Nick Wilde, Judy Hopps/Nick Wilde;Nick Wilde, Judy Hopps, Original Characters;Interspecies Adoption, Interspecies Relationship(s), Freeform, Panic Attacks, Nick Wilde is an A+++ Dad, adoption au;English;2016-03-28;Completed;2016-03-28;4923;1/1;4;173;21;4406
6254287;A Rabbit Speaks of Rivers;Teen And Up Audiences;F/M;Zootopia (2016);Judy Hopps/Nick Wilde;Judy Hopps, Nick Wilde, Finnick (Zootopia);AU;English;2016-03-15;Updated;2016-03-14;2093;1/?;10;172;28;1849
6917122;Burdens of the Son;Teen And Up Audiences;F/M;Zootopia (2016);Judy Hopps & Nick Wilde, Judy Hopps/Nick Wilde;Judy Hopps, Nick Wilde, Chief Bogo (Zootopia);;English;2016-05-21;Completed;2016-06-11;22636;13/13;125;171;32;5449
6802180;It Happens;General Audiences;F/M;Zootopia (2016);Judy Hopps/Nick Wilde, Judy Hopps & Nick Wilde;Judy Hopps, Nick Wilde;Spoilers, Movie Spoilers, Post-Movie(s), Fluff, Short One Shot, One Shot;English;2016-05-09;Completed;2016-05-09;1287;1/1;19;171;33;2667
7600645;You Swoon, You Sigh;Teen And Up Audiences;F/M;Zootopia (2016);Judy Hopps & Nick Wilde, Judy Hopps/Nick Wilde;Judy Hopps, Nick Wilde, Benjamin Clawhauser;Fluff, Lovesickness, Gratuitous Disney Reference, Hercules For The Unfortunate People Who Don't Get It, Friendship, Wedding Trope, wildehopps, Mild Language, Interspecies Relationship(s), One-Sided Relationship;English;2016-07-27;Completed;2016-07-27;1823;1/1;31;171;17;2653
6473833;Character Witness;General Audiences;Gen;Zootopia (2016);;Nick Wilde, Judy Hopps;Family, Friendship;English;2016-04-06;Completed;2016-04-06;2177;1/1;12;170;22;1346
6331006;The Hustle in Las Preygas;Teen And Up Audiences;Gen;Zootopia (2016);Judy Hopps/Nick Wilde;Judy Hopps, Nick Wilde;Undercover as a Couple, Platonic Life Partners;English;2016-03-23;Updated;2016-08-03;5037;7/?;11;170;30;3470
6693505;Bumper Crop;Explicit;F/M, Multi;Zootopia;Judy Hopps/Nick Wilde;Nick Wilde, Judy Hopps, Original Female Character(s);One-Shot, M/F+, Harem-lite, Friendship/Love, Mild Language, Non-Consensual Interrogation Techniques, Smut;English;2016-04-29;Completed;2016-04-29;8888;1/1;10;169;42;5714
6852787;Zootopia: Fluffy Partners;Mature;F/M;Zootopia (2016);Judy Hopps/Nick Wilde;Judy Hopps, Nick Wilde;Sensuality, Intimacy, Fluff;English;2016-05-14;Completed;2016-05-14;3713;1/1;24;169;15;4608
6719113;For Fox Sake, Bunnies Shouldn't Drink;Teen And Up Audiences;F/M;Zootopia (2016);Judy Hopps & Nick Wilde, Judy Hopps/Nick Wilde;Nick Wilde, Judy Hopps;Friendship, Humor, Drinking, I really don't know what tags work for this story but here we go, Drinking Games, mentions of vomit;English;2016-05-02;Completed;2016-05-08;14030;3/3;8;169;26;3539
6791959;Zootopia: Argumentative Partners;General Audiences;M/M;Zootopia (2016);Bucky Oryx-Antlerson/Pronk Oryx-Antlerson;Judy Hopps, Nick Wilde, Bucky Oryx-Antlerson, Pronk Oryx-Antlerson;;English;2016-05-09;Completed;2016-05-09;3835;1/1;7;168;10;3442
6155411;A Real Hero;Teen And Up Audiences;F/M;Zootopia (2016);Judy Hopps/Nick Wilde;;;English;2016-03-03;Updated;2016-04-30;34937;7/?;22;167;34;4558
7961440;Black and White, Blue and Red;Teen And Up Audiences;F/M;Zootopia (2016);Judy Hopps/Nick Wilde;Judy Hopps, Nick Wilde;Mystery, Police Procedural, Slow Burn, Romance;English;2016-09-05;Updated;2016-10-30;19833;9/?;37;167;21;2929
6492622;Never Mistake Motion for Action;General Audiences;;Zootopia (2016);Judy Hopps/Nick Wilde;Nick Wilde, Judy Hopps, Chief Bogo (Zootopia), Benjamin Clawhauser;Hurt/Comfort;English;2016-04-08;Completed;2016-04-28;3314;5/5;23;166;37;2904
6559780;Feel the Heat;Explicit;F/M;Zootopia (2016);Judy Hopps & Nick Wilde;Nick Wilde, Judy Hopps;;English;2016-04-15;Updated;2016-05-09;3478;2/?;23;166;19;3857
7222189;The Jack Savage Misadventure;Mature;F/M;Zootopia (2016);Judy Hopps & Nick Wilde, Judy Hopps/Nick Wilde, Nick Wilde & Original Character(s);Nick Wilde, Judy Hopps, Jack Savage;James Bond rip-offs, Femme Fatale;English;2016-06-16;Completed;2016-08-07;17210;3/3;56;164;31;3792
6825409;Lucky Rabbits Foot;Explicit;F/M;Zootopia (2016);Judy Hopps/Nick Wilde;Nick Wilde, Judy Hopps;Foot Massage, Foot Jobs, Cum Swallowing, Semi-Public Sex;English;2016-05-12;Completed;2016-05-12;1378;1/1;2;163;18;5165
8079187;In a Word;Mature;F/M;Zootopia;Judy Hopps & Nick Wilde, Judy Hopps/Nick Wilde;Judy Hopps, Nick Wilde;;English;2016-09-19;Updated;2016-09-27;2602;13/?;63;163;17;2394
7544665;we'll see what forever means;Teen And Up Audiences;F/M;Zootopia (2016);Judy Hopps/Nick Wilde;Judy Hopps, Nick Wilde, Bonnie Hopps, Stu Hopps, Original Female Character(s), Judy Hopps's Siblings, Gideon Grey, Background & Cameo Characters;Weddings, Wedding Planning, Bigotry & Prejudice, Family Feels, Not Beta Read;English;2016-07-21;Updated;2016-07-25;4263;2/4;19;163;32;3102
6604372;Love is Just a Chemical Reaction;Mature;M/M;Zootopia (2016);Chief Bogo/Benjamin Clawhauser;Benjamin Clawhauser, Chief Bogo (Zootopia), Dawn Bellwether;Hurt/Comfort, Romance, Fluff and Smut, Alcohol, Fluff, Emotional Hurt/Comfort, Spoilers;English;2016-04-20;Completed;2016-04-24;7358;7/7;19;161;21;2678
7636453;Rotten Judgement.;Teen And Up Audiences;F/M;Zootopia (2016);Judy Hopps/Nick Wilde, Judy Hopps & Nick Wilde;Nick Wilde, Judy Hopps, Nick Wilde's Mother, Bonnie Hopps, Stu Hopps, Judy Hopps's Siblings, Delgato (Zootopia), Benjamin Clawhauser;Romance, Fluff, Interspecies Romance, Interspecies Relationship(s), Wedding Trope, Family Drama, Emotionally Constipated Nick, Oblivious Cinna-bun Judy;English;2016-07-31;Completed;2016-07-31;2488;1/1;22;161;12;2455
5701126;Fact check;Teen And Up Audiences;Gen;Zootopia (2016);;Nick Wilde, Judy Hopps;;English;2016-01-12;Updated;2016-10-30;109721;141/?;170;160;17;10326
6255997;You did all of this for me?;Not Rated;M/M;Zootopia;Chief Bogo/Benjamin Clawhauser;Judy Hopps, Nick Wilde, Gazelle, Officer McHorn, various animals;Post Movie, Fluff, Body Worship, mild drinking, Concerts;English;2016-03-15;Updated;2016-09-15;4342;4/?;21;160;18;2605
7606069;Drop in the Bucket;General Audiences;Gen;Zootopia (2016);Judy Hopps/Nick Wilde, Judy Hopps & Nick Wilde;Judy Hopps, Nick Wilde;;English;2016-07-28;Completed;2016-07-28;4654;1/1;15;159;32;1699
6325255;Red Flags;Teen And Up Audiences;Gen;Zootopia (2016);Judy Hopps & Nick Wilde;Judy Hopps, Nick Wilde, Original Characters;Mystery, Post-Canon, Male-Female Friendship, Epic Friendship, Comfort, Fantastic Racism, Past Violence, Violence, Investigations, Racism, Racist Language, Case Fic, Partnership, Blood and Gore, Crime Scenes;English;2016-03-22;Completed;2016-05-26;31139;18/18;52;159;31;2727
6492085;Since I've Been Found;Mature;F/M;Zootopia (2016);Judy Hopps/Nick Wilde;Judy Hopps, Nick Wilde;Angst, Humor, Past Abuse, Past Sexual Abuse;English;2016-04-08;Completed;2016-04-08;5621;1/1;7;159;11;4227
6319021;It Means A Lot To Me;General Audiences;Gen;Zootopia (2016);;Judy Hopps, Nick Wilde, Officer Higgins, Officer Delgato, Chief Bogo (Zootopia);Triggers, Therapy, Muzzles, Healing, Mental Health Issues, Emotional Hurt/Comfort, Comfort, Panic Attacks, Spoilers;English;2016-03-22;Completed;2016-03-22;1200;1/1;4;159;17;2216
8017411;Under Grace;Teen And Up Audiences;F/M;Zootopia (2016);Judy Hopps/Nick Wilde, Judy Hopps & Nick Wilde;Nick Wilde, Judy Hopps, Finnick (Zootopia);;English;2016-09-12;Updated;2016-10-19;14686;4/?;31;159;22;2027
6791152;Wine Coolers;Mature;F/M;Zootopia (2016);Judy Hopps & Nick Wilde;Nick Wilde, Judy Hopps;Drunkenness, Drunken Shenanigans, Intimacy, Non-Sexual Intimacy, Frottage, Interspecies, Romance;English;2016-05-08;Completed;2016-07-10;3155;3/3;20;158;27;2716
6807544;The Locker Room Hustle;Explicit;F/M;Zootopia (2016);Judy Hopps & Nick Wilde;Judy Hopps, Nick Wilde;Blackmail, Mildly Dubious Consent, Predator/Prey;English;2016-05-10;Completed;2016-05-10;3363;1/1;13;158;22;4718
7643293;Punishment;Mature;F/M;Zootopia (2016);Judy Hopps/Nick Wilde;Judy Hopps, Nick Wilde;dirty hospital shenanigans, Judy Hopps is the ultimate, Sexy Time, but not really all that sexy;English;2016-08-01;Completed;2016-08-24;7154;3/3;11;158;20;2929
6964357;Safehouse;Mature;F/M;Zootopia (2016);Judy Hopps & Nick Wilde, Judy Hopps/Nick Wilde;;Interspecies Relationship(s);English;2016-05-25;Completed;2016-05-29;2661;2/2;32;158;18;4355
7110964;Hot and Cold;Teen And Up Audiences;F/M, M/M;Zootopia (2016);Judy Hopps/Nick Wilde, Fangmeyer/Wolford (Zootopia);Nick Wilde, Judy Hopps, Fangmeyer (Zootopia), Wolford (Zootopia), Delgato (Zootopia), Benjamin Clawhauser, Chief Bogo (Zootopia);Interspecies Romance, Romance, Bigotry & Prejudice, Other Additional Tags to Be Added, Minor AU elements;English;2016-06-06;Updated;2016-07-18;10834;5/?;12;157;19;3878
6287314;Adjustment;General Audiences;Gen;Zootopia (2016);Judy Hopps & Nick Wilde;Judy Hopps, Nick Wilde;Friendship, Slice of Life, change;English;2016-03-19;Completed;2016-03-19;1123;1/1;9;157;18;2523
7551562;Everyday Routine;Teen And Up Audiences;F/M;Zootopia (2016);Judy Hopps/Nick Wilde;Judy Hopps, Nick Wilde;fitness, exercise, Mutual Attraction, Thematic Thursday, Scentplay, For the trashbin, like everything i write;English;2016-07-22;Completed;2016-07-22;3868;1/1;14;154;29;1780
6188803;We've got a hare problem;General Audiences;Other;Zootopia (2016);Judy Hopps/Nick Wilde;Judy Hopps, Nick Wilde, Benjamin Clawhauser, Chief Bogo (Zootopia), Jack the Hare;buddy cop, Love Triangles, Platonic Romance, Missing Persons, Herpeton;English;2016-03-07;Updated;2016-03-11;5121;2/?;7;153;19;2527
6595843;Intake;Teen And Up Audiences;Other;Zootopia (2016);nope;Nick Wilde, Judy Hopps, Johnny Wilde;Therapy, Anxiety, Character Study, Shock Collars, Fox - Freeform, Moose, therapist;English;2016-04-19;Completed;2016-04-26;10103;8/8;19;153;26;2876
6660769;Zootopia: Purring Partners;Teen And Up Audiences;F/F, F/M;Zootopia (2016);Judy Hopps/Nick Wilde;Judy Hopps, Nick Wilde;Suggestive Themes;English;2016-04-26;Completed;2016-04-26;4893;1/1;10;152;9;2989
6263785;the realms of foxes;General Audiences;F/M;Zootopia (2016);Nick Wilde & Nick Wilde's Mother, Judy Hopps/Nick Wilde;Nick Wilde, Nick Wilde's Mother, Nick Wilde's Father, Nick Wilde's Grandmother, Judy Hopps;Poverty, criminal activity, Discrimination, Motherhood, Grief of a Parental Figure, Child Abuse, Foxes, Dysfunctional Family, They Tried Their Best, Panic Attacks, Muzzle, Cross Species Relationship, Family Dinner, Possibly Canonical Death;English;2016-03-16;Completed;2016-03-16;6434;4/4;14;152;35;1931
6268555;Going Primal;Teen And Up Audiences;F/M, Gen;Zootopia (2016);Judy Hopps & Nick Wilde, Judy Hopps/Nick Wilde;Judy Hopps, Nick Wilde, Original Characters;Freeform, Interspecies Relationship(s), Interspecies Romance, Sibling Love, Alternate Universe - Parents, adoption au, Family Fluff;English;2016-03-16;Completed;2016-03-16;1520;1/1;2;151;15;5006
6753343;A Lost Lover;Mature;F/M, M/M, Multi;Zootopia (2016);Judy Hopps/Nick Wilde, Gideon Grey/Nick Wilde, Gideon Grey/Judy Hopps, Judy Hopps/Nick Wilde/Gideon Grey;Judy Hops, Nick Wilde, Gideon Grey;Romance;English;2016-05-05;Updated;2016-10-24;18366;8/?;60;151;29;3234
