 Angst,25
 Fluff,24
 Hurt/Comfort,20
 Pining,17
 Pre-Serum Steve Rogers,17
,15
 Alternate Universe - Modern Setting,15
 Alternate Universe,12
 Post-Captain America: The Winter Soldier,12
Alternate Universe,11
 Emotional Hurt/Comfort,11
 Anal Sex,11
 Friends to Lovers,11
 Anal Fingering,10
 Meet-Cute,10
 Romance,10
 Slow Burn,9
 Canon-Typical Violence,9
 Alternate Universe - No Powers,9
 Slow Build,9
 Post-Traumatic Stress Disorder - PTSD,9
 Humor,9
 Rimming,8
 PTSD,8
 Fluff and Angst,8
 First Kiss,8
 First Meetings,8
 Soulmate-Identifying Marks,7
 Protective Steve Rogers,7
 Tony Stark Has A Heart,7
 Tony Stark Needs a Hug,7
Alternate Universe - Modern Setting,7
 Angst with a Happy Ending,7
 Bottom Steve Rogers,7
 Alternate Universe - Canon Divergence,7
 Multiple Orgasms,6
 Identity Porn,6
 Mutual Pining,6
 Alternate Universe - Soulmates,6
 Tony Feels,6
 Recovery,6
 Bisexual Steve Rogers,6
 Torture,6
 Blow Jobs,6
 Established Relationship,5
 Kidnapping,5
 Panic Attacks,5
 Misunderstandings,5
 Dirty Talk,5
 Praise Kink,5
 Period-Typical Homophobia,5
 Oral Sex,5
 Fix-It,5
 Soulmates,5
 Threesome - F/M/M,5
 Domestic Avengers,5
 Oblivious Steve Rogers,5
 Threesome - M/M/M,5
Established Relationship,5
 Resolved Sexual Tension,5
 Howard Stark's A+ Parenting,5
Pre-Serum Steve Rogers,5
Post-Captain America: The Winter Soldier,5
 Top Steve Rogers,5
 Polyamory,4
 Happy Ending,4
 Smut,4
 Frottage,4
 Bisexual Character,4
 War Veteran Bucky Barnes,4
 Feels,4
 Bonding,4
Meet-Cute,4
 Alpha/Beta/Omega Dynamics,4
 Get Together,4
 Tony Stark Feels,4
 Sex Toys,4
 Kid Fic,4
Fluff,4
First Time,4
 Romantic Comedy,4
Alpha/Beta/Omega Dynamics,4
 Masturbation,4
Alternate Universe - No Powers,4
Alternate Universe - Canon Divergence,4
 Fluff and Smut,4
Alternate Universe - Soulmates,4
 Getting Together,4
 Cuddling & Snuggling,4
 Protective Bucky Barnes,4
 Natasha Is a Good Bro,4
 Post-Serum Steve Rogers,4
 Not Captain America: The Winter Soldier Compliant,4
 Exhibitionism,3
 Aftermath of Torture,3
 Getting to Know Each Other,3
Anal Sex,3
 Bisexual Bucky Barnes,3
 Avengers Family,3
 Implied/Referenced Child Abuse,3
 Porn,3
 Podfic Available,3
 Pre-Serum,3
 Bottom Steve,3
 Age Difference,3
Fake/Pretend Relationship,3
 Psychological Trauma,3
 Coming Out,3
 cursing,3
 Explicit Sexual Content,3
 Switching,3
 Spanking,3
 Team as Family,3
 Dubious Consent,3
 Art,3
 Alpha/Omega,3
 Therapy,3
Alternate Universe - BDSM,3
 Barebacking,3
 Alcohol,3
 World War II,3
 Kink Negotiation,3
 Steve Rogers Feels,3
 Sexual Tension,3
 Cuddling,3
 Non-Consensual Body Modification,3
 Idiots in Love,3
 Love Confessions,3
 Friendship,3
 Tooth-Rotting Fluff,3
 Dating,3
 Find Bucky,3
AU,3
 Unrequited Love,3
 Bottom Bucky Barnes,3
 Captain America: The Winter Soldier Spoilers,3
 First Time,3
 Hydra (Marvel),3
 Bisexuality,3
 Self-Esteem Issues,3
 Identity Issues,3
 Alpha Steve Rogers,3
 Kissing,3
 Vibrators,3
 Memory Loss,3
 Suicidal Thoughts,3
 Flirting,3
 My headcanon is a kinder universe than the MCU,3
 Arranged Marriage,2
 Explicit Language,2
 Steve Rogers and the 21st Century,2
 Phone Sex,2
 Sub Bucky Barnes,2
 Mildly Dubious Consent,2
 WinterShock - Freeform,2
 Touch-Starved,2
 Unplanned Pregnancy,2
 BDSM,2
 winter soldier - Freeform,2
 Enemies to Friends to Lovers,2
 Sex Work,2
Humor,2
 Artist Steve Rogers,2
 Mind Control,2
 Bucky Barnes Needs a Hug,2
 Darcy is the fandom bicycle and I love it,2
 Shrunkyclunks,2
 Knotting,2
 Kneeling,2
 Stalking,2
Soulmate-Identifying Marks,2
 Ableism,2
 Public Sex,2
 Alternate Universe - Modern: No Powers,2
Canon-Typical Violence,2
Alternate Universe - High School,2
 Social Media,2
 Dom/sub Undertones,2
 POV Outsider,2
 Skinny Steve,2
 Healing,2
 Dildos,2
 Platonic Cuddling,2
 Omega Verse,2
 Falling In Love,2
 Tony Stark Has Issues,2
 Alternate Universe - Royalty,2
 Natasha Romanov & Tony Stark Friendship,2
 Secret Relationship,2
 Skinny!Steve,2
 Families of Choice,2
 flustered Tony,2
Magical Realism,2
 Matchmaking,2
 Protective Tony Stark,2
 Puppy Piles,2
 Domestic Fluff,2
 Porn with Feelings,2
 Alternate Universe - Mob,2
 Crack Treated Seriously,2
 Sexting,2
 Eventual Smut,2
 Omega Tony Stark,2
 Blood,2
 Trust Issues,2
 Mental Health Issues,2
Fluff and Angst,2
 Developing Relationship,2
Angst,2
 Magic,2
 Canon Compliant,2
 Bottom Bucky,2
 Miscommunication,2
 Past Brainwashing,2
 Minor Character Death,2
 Past Torture,2
 Denial of Feelings,2
 Face-Fucking,2
Identity Porn,2
 Chronic Illness,2
 Subspace,2
 Neighbors,2
 Anal,2
 Top Bucky Barnes,2
 Homophobic Language,2
5+1 Things,2
 Crack,2
 Sub!Tony,2
 Drama,2
 Bucky Barnes Feels,2
 punk!bucky,2
 Domestic,2
 Hurt Tony Stark,2
 Pre-War,2
 Dom!Steve,2
 let's forget AoU ever happened,2
 Selfies,2
 Darcy Lewis is Tony Stark's Daughter,2
 Roman Catholicism,2
 AU,2
 Hand Jobs,2
 Orgasm Delay/Denial,2
Emotional Hurt/Comfort,2
 Attempted Sexual Assault,2
 Depression,2
 Bottom Tony Stark,2
Dubious Consent,2
 Voyeurism,2
 Eventual Happy Ending,2
Kid Fic,2
 Flashbacks,2
 Suicide Attempt,2
 Slash,2
 Valentine's Day,2
 Sexual Content,2
 Howard Stark's Bad Parenting,2
 Hurt Steve Rogers,2
 Restraints,2
 Period-Typical Racism,2
 Dehumanization,2
Time Travel,2
5 Things,2
 virgin!steve,2
 Aftercare,2
 Marriage of Convenience,2
 Sex,2
 things I will regret,2
 Food Porn,2
Captain America: The Winter Soldier Spoilers,2
 Violence,2
 Stress Baking,2
 Hair-pulling,2
 Comfort,2
 Anxiety,2
 Complicated Relationships,2
 Road Trips,2
 References to Illness,2
 1940s,2
 Character Death,2
 Plot What Plot/Porn Without Plot,2
 Telepathy,2
 Tony Angst,2
 Everything is Beautiful and Nothing Hurts,2
 Not Captain America: Civil War (Movie) Compliant,2
 Come Swallowing,2
 Comeplay,2
 Mpreg,2
 Dom Steve Rogers,2
Prompt Fic,2
 Alternate Universe - High School,2
Pining,2
 Drunkenness,2
 mentions of torture,2
 Post-Winter Soldier,2
 Dom/sub,2
 Hey There Bucksters,1
 King Loki,1
 SHIELD Facility,1
 Sam Wilson is a Gift,1
 migrating museum exhibits,1
 Past Alcohol Abuse/Alcoholism,1
Rescue Missions,1
 Handwaving,1
 Alternate Universe - Werewolf,1
 ALL THE FLUFF,1
 Blindfolds,1
 Platonic Relationships,1
 Dick Pics,1
 Angst & Humor,1
 Emotional Discomfort,1
 end of the line,1
 Arms,1
 Alternate Universe - Military,1
 Implied/Referenced Homophobia,1
 Bucky's 18,1
 Alternate Universe - Wings,1
 Anal Play,1
 Forced Medication,1
 Alternate Universe - Domestic,1
 References to Captivity/Torture (i.e. Afghanistan),1
 Under-negotiated Kink,1
 Courtroom Drama,1
 Handwaving Science,1
 Safewords,1
Post-Movie(s),1
 top!steve,1
 bucky barnes is over this shit,1
 Light Dom/sub,1
 POV Bisexual Character,1
 bucky sends dick pics,1
Captain America: The First Avenger,1
 Begging,1
 Steve's First Time With Another Guy,1
 Mating Cycles/In Heat,1
 Hair Braiding,1
 Avengers Everywhere,1
 Internalized Homophobia,1
 Bucky thought Steve was dead for years,1
Modern!Bucky/Cap!Steve,1
 Werecat Tony,1
 Werewolves,1
 SO MUCH THERAPY,1
 Talk Show Host Bucky,1
 Steve Rogers is canonically a practicing Catholic,1
 OTP: Not Without You,1
 Sam POV,1
 Cock Rings,1
 Tasers,1
 background Thor/Jane,1
 Fisting,1
 Protection,1
 Standard Stucky life issues,1
 Underage Drinking,1
 past mention of wanting death,1
 very little plot,1
 Bondage,1
 past mention of mental instability,1
PTSD,1
 previous unhealthy relationship,1
 Intercrural Sex,1
 Family,1
 Tony Stark Appreciation,1
Movie AU,1
 Disney References,1
 pure goofiness,1
 MFK universe,1
 head of the household,1
Surveillance,1
 sam is sassy,1
 Post Captain America Civil War,1
 Baking,1
 Scars,1
 Genderfluid Character,1
 lots of smut,1
 And then purposeful sexual innuendo,1
 Multiples,1
 Mission Fic,1
 Protective Kitty Loki,1
 Strip Tease,1
 Steve is sassy,1
 Protective Pepper Potts,1
 Post-Captain America: The First Avenger,1
Mpreg,1
 Bucky is 17,1
 Pre-Relationship,1
 Tony Gets A Show,1
 Will Be Going Through Marvel Movies,1
 Foreign Language,1
 WARNING FOR NSFW GIFS AT THE END OF EVERY CHAPTER,1
 Tony Stark Has Daddy Issues,1
 Past Relationship(s),1
Darcy Lewis's Taser,1
 Edgeplay,1
 Phobias,1
 Kid Tony Stark,1
 in chapter 30,1
 Dom/sub Relationship But Without Those Exact Titles,1
 Winter Soldier Bucky Barnes,1
Lingerie,1
 Superfamily (Marvel),1
 Bruce Needs a Hug,1
 Fantasy,1
 Child Abuse,1
 Divorce,1
 Romantic Soulmates,1
 Rescue,1
 Blowjobs,1
 Explicit Consent,1
 Team Feels,1
 Alternate Timelines,1
 Mating Bites,1
 Stucky - Freeform,1
 Slurs,1
 Politics,1
 Darcy doesn't know how to throw a punch,1
 Jealous!Steve,1
 Seduction,1
 Anxiety Attacks,1
Frottage,1
 Open Relationships,1
 Character Study,1
 Come Eating,1
 Past Child Abuse,1
 Protectiveness,1
 Tony just tries so hard okay?,1
 Roommates,1
 Tony Stark Saves Steve Rogers,1
 (eventually) - Freeform,1
 Smart people are hot,1
 mention of spiders,1
 referenced past sexual assault (not explicit),1
 don't mess around with infinity gems,1
 Queer Sex-capades 1936,1
 Wrong Number AU,1
 Battle of New York (Marvel),1
 Comfort Sex,1
 references to death,1
 Chicago (City),1
 Doctor!Steve,1
 pre-Winter Soldier Bucky,1
 SHIP DARCY WITH ALL THE THINGS,1
 banshee - Freeform,1
 Royalty,1
 Bucky's a little high-strung in this universe,1
Age Regression/De-Aging,1
 Dom/sub Play,1
 First Time Making Love,1
 Emotionally Mature Tony Stark,1
 High Heels,1
 Swing Dancing,1
 Grand Central to the Grand Canyon,1
 child endangerment,1
Bisexual Male Character,1
 breakfast burritos,1
 Hurt Bucky Barnes,1
 Mild S&M,1
 Darcy - Freeform,1
 talking about the great depression,1
 Pets,1
 what are we to each other,1
 post-age of ultron,1
Brainwashing,1
 child out of time,1
 press shananigans,1
 Sex Pollen,1
Dogs,1
 Threats of Rape/Non-Con,1
 King Tony Stark,1
 Internalized racism,1
 General reference to violence and torture,1
Fix-It,1
 YouTube,1
 Vampires,1
 sassy Bucky,1
 JFC Just Kiss Already,1
Bucky Barnes Feels,1
 Break Up,1
 Road Trip of Vengeance,1
 We are family,1
 Non-Traditional Alpha/Beta/Omega Dynamics,1
 gif warning,1
 Switch Natasha Romanov,1
 Warning: NSFW GIFS/images at the end of the story,1
 Train Sex,1
 sleeping,1
 Past Peggy Carter/Steve Rogers,1
 hire them in the summer,1
 up against a wall,1
 Prostitution,1
 Tumblr,1
 Chinese translation available in link,1
 Covert Operation,1
 Canonical Character Death (Sarah Rogers - Through Reference),1
 He makes dirty videos!,1
 Holidays,1
 Nightmares,1
 Red Room,1
Unresolved Sexual Tension,1
Parent Steve Rogers,1
 descriptions of non con,1
 Pre-Movie,1
 Team Bonding,1
 Needle in a haystack of plot,1
 Alternate Universe - College/University,1
Fluff and Humor,1
 Movie Spoilers,1
 Drowning,1
 dom!Natasha,1
Flashbacks,1
 Bruce Banner & Tony Stark Friendship,1
 mostly movie verse,1
 Foursome - M/M/M/M,1
 dom!rhodey,1
 Affectionate Insults,1
 and actually has some agency in doing so,1
Hurt Tony,1
 Protective Bots,1
 Misogyny,1
 Brief crossovers with 'Elementary' and 'Sherlock',1
 Bottom!Bucky,1
 so many feels,1
Sarcasm,1
 biker!Bucky,1
 I'm trying,1
 Hades and Persephone,1
 orgasam delay,1
 quest narrative,1
 Webcams,1
 War Era,1
 Avengers Tower,1
 Healing angst through boners,1
 Spitroasting,1
 Bruce Banner Makes The Best Margaritas,1
 Team Dynamics,1
 discussion of past rape,1
 Pepper Potts is a national treasure,1
 Self-Harm,1
 Confessions,1
 disastrous blind dates,1
 Family Getaway,1
 Boundary Issues,1
 Omega Steve Rogers,1
 Because he has monster truck rallies,1
 student!bucky,1
 Caring Bucky Barnes,1
 Protective Thor,1
 compliment kink,1
 soulbond,1
 Mistaken for Being in a Relationship,1
 Reference To Past Injury,1
 Virgin Tony Stark,1
 everybody is deeply miserable,1
 Awkward Steve,1
 Accidentally High,1
 So much fucking fluff,1
 oh and #coulsonlives,1
 Lonely Tony Stark,1
Public Sex (Not Explicit),1
 sent to live with cousins au,1
 steampunk settings,1
 Captain America - Freeform,1
 Canon Universe,1
 mostly canon compliant,1
 BAMF bots,1
 Minor period-typical internalized homophobia,1
 uneven marriage,1
Beards (Facial Hair),1
 High Horny Snuzzly!Bucky,1
Epistolary,1
 Oblivious!Steve,1
 Recreational Drug Use,1
 d/s dynamics,1
 Kidnapped Tony Stark,1
 Blackmail,1
 the Winter Soldier's giant mancrush on Thor,1
 Grooming,1
 the author's blatant disregard for narrative structure,1
Lokitty,1
 Emotionally Crippled Idiots,1
 Lost and Found,1
 Failboats In Love,1
 Subdrop,1
 I REGRET NOTHING,1
Kind of Domestic,1
 Steve Rogers Recovering,1
 #coulsonlives,1
Espionage,1
 Happy endings all round,1
 Good Boyfriend Bucky Barnes,1
 Sassiness all around,1
 Were-Creatures,1
 Some Humor,1
 No-powers!Peter,1
 Undercover,1
 Time Loop,1
 References to Underage Prostitution,1
World War II,1
 to hell and back,1
True Love's Kiss,1
 First cuddles,1
 written for avengerskink,1
 Alien Technology,1
 Alpha!Wade,1
 just accept that grilled cheese is the perfect food,1
 Masturbation in Shower,1
 Bottom Tony,1
 Steve Rogers Has PTSD,1
 Felching,1
 Stockings,1
 ah jaysus,1
 Tony sees wings,1
 jewish bucky,1
 Unreliable Narrator,1
 false identities,1
Psychological Trauma,1
 Slight Canon Divergence,1
 Polyamorous Soulmates,1
Romance,1
 Bullying,1
 Established Friendship,1
 Topspace,1
 Blood and Torture,1
 Bucky Barnes' soulmate is Captain America,1
 Internalized Kink Shaming,1
Cuddling & Snuggling,1
 Tony/Steve Endgame,1
 hooker steve,1
 really dumb misunderstandings,1
 Genius has a price,1
 handjob,1
 Oblivious Tony,1
 In a way they help each other,1
 twenty-somethings in love,1
 Brief Jealousy,1
 Light Punishment Play,1
 Bucky Barnes & Steve Rogers Friendship,1
 This is not as angsty as you may think,1
 Marriage Proposal,1
 Bucky is saved by the power of love,1
 Recovered Memories,1
 Science Bros,1
 Bucky finds fandom and then finds himself,1
additional tags,1
 but only for three chapters,1
 Pining Steve Rogers,1
 Dirty Dancing,1
 Bathing/Washing,1
 Sea Monsters,1
 sweat never looked better,1
 Atheism,1
 Wing Grooming,1
 Tony Has Issues,1
 Alternate Universe - Steampunk,1
 Crossdressing,1
 Dysfunctional Family,1
 Collars,1
 And the Guy's a Dick and Gets What's Coming to Him so YAY,1
 T'Challa is a badass,1
 Drunken Confessions,1
 A New Arm For Bucky,1
 Tattoos,1
 alternate universe - soul mates,1
 BABIES LOVE BUCKY,1
 Natasha knows all,1
 Strong feelings about coffee,1
 Tony centric,1
 and nothing is clear anymore,1
Families of Choice,1
 Accidental Kissing,1
 Bruce Banner & Natasha Romanov Friendship,1
 soulmark,1
 Wet & Messy,1
 Inspired by a Movie,1
 post-CATWS,1
Captain America: The Winter Soldier,1
 hard conversations,1
 Mentions of canon character death,1
 Language Kink,1
 Discussion of Abortion,1
Idiots in Love,1
 Fake/Pretend Relationship,1
 Sleepy Cuddles,1
 Sex while Under the Influence,1
 Only Briefly - Freeform,1
Bucky vs. the Future,1
 Clint Is a Good Bro,1
 Detective AU,1
 Science Fiction,1
Socialism,1
Pre-Relationship,1
 so much crack,1
 Stucky Big Bang 2016,1
 Alternate Universe - Canon,1
 document kink,1
Mid-CATFA,1
 Disney,1
 College AU,1
 Howling Commandos - Freeform,1
 Dinosaurs,1
 Steve Rogers vs technology,1
 dub-con,1
 Actor Steve,1
 Sleepy Tony,1
 Starvation,1
 Wartime,1
 Female Friendship,1
 Brainwashing,1
 POV Steve Rogers,1
 Feeding,1
 Fantastic Racism,1
Post-Canon,1
 Loss of Virginity,1
 Shower Sex,1
 make a dick,1
 Butlers,1
 Cunnilingus,1
Wrong number,1
 Married Couple,1
 making out to arctic monkeys songs,1
 Mating Bond,1
 Voluntary Servitude,1
 Books,1
 Odin's Parenting,1
 Magical Healing Cock,1
History,1
 Punk!Au,1
 Reference to Bucky/Clint,1
 Steve still crashed the plane and no one could find him,1
 violence against MC,1
 Implied homophobia,1
 All the Mutants,1
 Light Angst,1
 Captain America: The Winter Soldier Compliant,1
feelings-puppets,1
 Angst and Fluff and Smut,1
 Self-Discovery,1
 Captain America: Man Out of Time,1
 emigrating bastard,1
 Pining Tony Stark,1
 Figging,1
 Incubus Bucky,1
 steve hates assholes,1
 Minor Jane Foster/Thor,1
 steve tweets at obama,1
 Extremely Dubious Consent,1
Wingfic,1
 The Howling Commandos (television show),1
 there might be a few feels in here,1
 Animal Transformation,1
Smart Steve,1
Tony Stark Needs a Hug,1
 Knitting,1
 Spoilers,1
 Implied/Referenced Brainwashing,1
 I hope humor anyway,1
Hurt Tony Stark,1
 Secret Identity,1
SPOILERS FOR CAPTAIN AMERICA 2: WINTER SOLDIER,1
a story of asgard,1
Violence,1
cursing,1
 BAMF Bucky,1
Alternate Universe - Arranged Marriage,1
 Tony Is An Imagineer,1
 Mild Language,1
 Steve Rogers & Sam Wilson Friendship,1
 SHIELD,1
 Mentions of non-canon character suicide,1
 fandom as therapy,1
 Alternate Universe - Coffee Shops & Cafs,1
 Implied/Referenced Self-Harm,1
 Human Experimentation,1
 Steve Rogers has a think,1
Domestic,1
 Id Fic,1
D/s,1
 slightly AU,1
 Super Soldier Serum,1
 Oh No They're Hot,1
 steve doesn't mind,1
 Medical Experimentation,1
 I'm serious about that folks,1
 though some sexual submission as well,1
 Sharing a Bed,1
 Communication Failure,1
 Mild Medical Torture,1
 Experienced!Bucky,1
 pearls flying with every sledgehammer swing,1
 Gay Steve Rogers,1
things history didn't record properly,1
 Tony No,1
 amputee bucky,1
 BAMF Steve,1
 Heist,1
 dom!Phil,1
 Avengers: Age of Ultron (Movie) Spoilers,1
 Hair Kink,1
 Alternate Universe - Dystopia,1
 bucky coming to save the day,1
 Alternate Universe - Supernatural Elements,1
 Loki Needs a Hug,1
disney world au,1
 Foursome,1
 Big!Steve,1
Crossover,1
 Good Boyfriend Steve Rogers,1
 Jealous Bucky,1
 Steve being a little shit,1
 Soldier Boys,1
 so much fluff seriously,1
 grab a snack,1
 the most prudish porn you'll ever read,1
 Wedding,1
 Attempted Kidnapping,1
 Some adult language,1
 Trans Character,1
 Natasha likes to know things,1
 Bucky Angst,1
media fic,1
Memory Loss,1
 blind tony stark,1
 I'm still working on tags,1
 Bucky Barnes's Ridiculous Hair,1
 Berserker Bucky Barnes,1
 Humor + feels,1
 The team slowly heals,1
 Languages,1
 reality is full of elbows,1
 Light Bondage,1
 but not really,1
Collars,1
 Psychological Torture,1
 Tiny Reference to Homophobic Violence in Ch. 5,1
 On the Run,1
 did i mention the feels,1
 BAMF Peter Parker,1
 bucky pov,1
Hurt/Comfort,1
 tiny!Steve,1
 Vaginal Sex,1
 more like a guy who just happens to wear a leather jacket and dye his hair,1
 burn it to the ground,1
De-Aged Steve Rogers,1
 Sub!Bucky,1
Alternate Universe - Coffee Shop,1
 Body Dysphoria,1
 Post-Movie(s),1
 but lots of sex too,1
 PUNK BUCKY,1
 see notes for details,1
 Cute overload,1
Stucky Week,1
 Rape Aftermath,1
 Steve Has Issues,1
 Mild D/s Overtones,1
 Tony Stark Angst,1
 Beard Burn,1
 Tony talking through his issues,1
 Clint & Bucky Relationship Experts,1
 Norse Mythology - Freeform,1
 Power Couple,1
 Bucky loves the internet and the Food Network,1
 Darcy Feels,1
gross (delicious!) starbucks drinks,1
 Superhusbands,1
 Disordered Eating,1
 Hostage Situations,1
 Yes Really,1
 BUCKY BARNES POV FEELS,1
 Anal Plug,1
 Clint Barton & Tony Stark Friendship,1
 character focused,1
 also just plain homophobia,1
 First Time Bottoming,1
 Post-Apocalypse,1
 Mention of torture,1
 camboy,1
 Apple Pie & Meatloaf Make Everything Better,1
 Bucky Barnes & Tony Stark Friendship,1
 Top Steve,1
 background Tony/Pepper,1
 Parent Bucky Barnes,1
 Injury Recovery,1
 Bucky getting gray hairs because of it,1
 The Erik & Charles show,1
 Wingfic,1
 Twitter,1
 Do not fuck with the Avengers,1
 #ErikStays,1
 First Dates,1
 baby you're a firewooooork,1
 Webcam AU,1
 basically bucky being a humungous badass,1
Obliviousness,1
 past human experimentation,1
 Top Tony Stark,1
 Buck Me,1
UST,1
 Priests,1
Post-Traumatic Stress Disorder - PTSD,1
 They Discuss It Though,1
 good-boy!Steve,1
 Drawing,1
 Steve Rogers is a cheating cheater who cheats,1
 Possessive Behavior,1
 Alternate Universe- Shifters,1
 texting a stranger,1
 Body Horror,1
 amputated limb,1
 College,1
Bakery and Coffee Shop,1
 Banshee Powers,1
 cam-boy!Bucky,1
 they're both totally badass and adorable,1
 Protective Bucky,1
 some comic canon (pretty much whenever I wanted),1
 Dubcon Kissing,1
 Thor Is Not Stupid,1
 world building,1
sam's life is the worst,1
 Tattooed Bucky,1
 Awesome Darcy Lewis,1
 Alternate Universe - Prostitution,1
 Stripping,1
 Bucky Barnes Is Prince Charming,1
 BAMF Tony Stark,1
 Alternate Universe - Arranged Marriage,1
 Sassy Steve,1
 Gay Bucky Barnes,1
 References to PTSD,1
 Summer 2014,1
 Self-Sacrifice,1
 talking about bullies,1
 Protective Rhodey,1
 Bucky gives good advice,1
 Bucky doesn't know how to pancake,1
 Loki Gets a Hug,1
 Cheesy Romantic Gestures,1
 Literature,1
 Pornstars,1
 Steve Rogers' soulmate is the Winter Soldier,1
 Forbidden Love,1
 Vulnerability issues,1
 Explicit Sexual Discussion of Bucky/Clint,1
 Manhandling,1
 Marriage,1
 Body Worship,1
 Accidental sexual innuendo,1
 Crygasms,1
 Alternate Reality,1
 Hydra,1
 Everyone Is Poly Because Avengers,1
 Service Dogs,1
 comics,1
POV Steve Rogers,1
 Alternate Universe - Tattoo Parlor,1
 Supportive Tony Stark,1
 it's going slowly,1
 Multiple Pairings,1
 Hacking,1
 Hooker Tony Stark (sort of),1
 Spiders,1
 tiny mention of C/C,1
 Alternate Universe - Creatures & Monsters,1
POV Outsider,1
 High School AU,1
 Crying,1
 super soldier serum is tricky,1
 Pizza,1
 Contracts,1
Healing Sex,1
 Protective Steve,1
 Minor Clint Barton/Phil Coulson,1
 S&M Shop,1
 this may actually be more fluffy than the other au fic i wrote,1
 Prostate Fucking,1
 aggressive self-defense,1
 Lapdance,1
 Tequila Snobbery,1
Standalone fics,1
 Past Sexual Abuse,1
 WWII era,1
 self hatred,1
 Top Tony,1
 Epic Winter Soldier Fix-It of Doom,1
 (not that kind of fix-it though),1
 this is all the fault of thestuckylibrary,1
 tony stark is a special snowflake,1
 Peter's farm becomes a rest stop for villains,1
 brooklyn boys being sweet,1
 Kid Steve Rogers,1
 Rape,1
 pre-serum steve,1
 Cultural References,1
 Slow Sex,1
 So much judging,1
Actor Steve Rogers,1
Plot What Plot/Porn Without Plot,1
 barely-legal!Bucky,1
 Mind Control Aftermath & Recovery,1
 Alcohol Abuse/Alcoholism,1
 Fantasizing,1
 References to Brainwashing,1
 Alternate Universe - Demons,1
 Road Trip of Justice,1
 Pre-Slash,1
 unprotected sex,1
 Grief,1
 nothing is ever easy,1
 Librarians,1
 The Power Of Love,1
 Original Character Death(s),1
 Except Clint Barton,1
 Non-Sexual Submission,1
 Kid Tony,1
 Steve is a terrible cook and sexually adventurous,1
Undercover,1
 Awkwardness,1
 Nipple Piercings,1
why is there no bucky & clint tag you guys,1
 Peggy Lives,1
 Terminal Illnesses,1
 Tony's bad reputation,1
 Switch!Bruce,1
 Sarah Rogers Feels,1
 Bearded Steve Rogers,1
 this is not a thing that either of them knew seventy years ago,1
 Tony tries not to like Bucky but fails,1
 also a haybarn,1
 mercenary,1
 advice from people you shouldn't go to for advice,1
 Bedside Vigils,1
 some snark,1
 But it's sad along the way,1
 Illustrated,1
 Painkillers,1
 One Night Stands,1
 lots of f-bombs,1
 Five Times,1
Bottom Steve Rogers,1
 Panties,1
 Murder,1
 Double Anal Penetration,1
 cuddly bdsm,1
 all the Avengers need therapy,1
 (of a sort),1
 references to blood,1
 Captain America is so destined to be a balloon,1
 Power Imbalance,1
 Undercover As Gay,1
 Sam is long-suffering but brings it on himself,1
 oh say can you see my eyes though my hair -- THEN MY HAIR'S TOO SHORT,1
 I just have a lot of feelings okay,1
 Some angst and feels,1
 Pheels,1
 but in the past,1
 Hero Worship,1
 Forced Heat,1
 gay slurs,1
 Steve Rogers is a little shit,1
 Stuck in a Cabin,1
 Implied/Referenced Alcohol Abuse/Alcoholism,1
 Up all night to get Bucky,1
 Spit As Lube,1
 Unhealthy Coping Mechanisms,1
 Protective Loki,1
Babies,1
 sub!clint,1
 Modeling,1
 Alpha!Bucky,1
 Steve Works In Tomorrowland,1
 BAMF Loki,1
 Tony Being Tony,1
 Omega!Steve,1
 No one can not like Bucky,1
 grumpy bucky,1
 Jealous Steve,1
 Bucky Barnes & Sam Wilson Friendship,1
 Young Tony Stark,1
Thanksgiving,1
 signature on your wrist means your match is out there,1
 Wedding Planner AU,1
 Captain America Civil War - Freeform,1
 Russian!Bucky,1
 Porn Watching,1
 the world is pretty unfair,1
 War Veteran Natasha Romanov,1
 non sexual bdsm,1
 Actually the four mains are Tony T'Challa Bucky and Wanda lol,1
 Bucky has a Double Life,1
 Hollywood AU,1
 science geekery,1
unions,1
 Alternate Ending,1
Alternate Universe - Hollywood,1
 one minor reference to domestic violence,1
 Petplay,1
 Mostly hurt,1
 Implied Drug Use,1
 Comedy,1
 Bucky's got a secret about his left arm,1
 Second Chances,1
 BUCKY LOVES BABIES,1
 Age of Ultron is going to mess up my timeline,1
 Mistaken Identity,1
 bucky's rampant pinterest addiction,1
Crack,1
 as long as you don't mind being spoilt,1
transformations,1
Torture,1
 racial tension (gang-related),1
 it's kind of expected,1
 omega!Peter,1
 Crafts,1
 steve's questionable parenting methodology,1
 Fake Dating,1
 Self Confidence Issues,1
 Paparazzi,1
 Minor Clint Barton/Natasha Romanov,1
Language Kink,1
 A Truly Obnoxious Amount of Kissing,1
 Physical Therapy,1
 but that last one is brief,1
 damsel in distress tony,1
 BAMF!Bucky,1
 Bad BDSM Etiquette,1
 wing fic,1
 Master/Pet,1
 Cat Eleanor,1
 Steve Rogers' Whole Life,1
 just another excuse for more fluff,1
 Get-Together Fic,1
 Alpha Tony Stark,1
 Shit gets intense for a few chapters but then everyone hugs it out,1
 D/s World,1
Slow Build,1
Emotional/Psychological Abuse,1
 Clint inappropriately interferes in the lives of his teammates,1
 Darcy Lewis' A+ Driving,1
 Natasha Romanov does not need to Berserk because she's a bo$$,1
 Steeeeebe,1
 the Howling Commandos are all amazing,1
 NC-17,1
 Canon Divergence - Post-Avengers (2012),1
 PTSD!Steve,1
 Bucky Barnes Recovering,1
 85 years,1
 brief homophobic language,1
 Bucky sends Steve a dick pic,1
Demon Bucky,1
 it's a very tiny thing and Steve is NOT having it,1
 Hickeys,1
old men learning to use the internet,1
 Power-bottom!Bucky,1
 5 Things,1
 Dog Cops,1
 praise sex,1
 punk!bucky/small!steve,1
thor gets hypothetically turned into a llama,1
 Sex Work Positive,1
 and this is Recovery!Bucky,1
 Making Love,1
 Catholic Characters,1
 spans several years,1
 Bad Matchmaking,1
 Additional Warnings In Author's Note,1
 Sleeping Together,1
 compliments,1
 Drunken Kissing,1
 boys being little shits,1
 Villain Family,1
 Teacher-Student Relationship,1
 and David Carradine films,1
 Mild Gore,1
 Supernatural Darcy Lewis,1
friendship fic,1
 BAMF Darcy Lewis,1
 Mostly PWP with the barest trace of plot,1
 Rude is culturally relative,1
darcy's just turning everyone into weird animals,1
 Always Female Tony Stark,1
 werewolf bucky,1
 Implied/Referenced Underage Sex,1
 Violence against Life Model Decoys,1
 Past Abuse,1
cap!steve - Freeform,1
 Romantic Stay the the Cottage,1
 Porn With Plot,1
 Fanboying,1
 First Times,1
 Sexual Shame,1
 CaptainFalcon,1
 Fingering,1
 Heavy Drinking,1
 Self-Blame,1
Romantic Comedy,1
 Post-Traumatic Stress Disorder,1
 fake escort au,1
 Steve's almost 17,1
 but it's essentially just porn,1
 Gun Violence,1
 Language Barrier,1
 Darcyland,1
 all the feels,1
 Hair Brushing,1
 you might get hungry reading this,1
 He knows what he wants,1
 War Veteran Clint Barton,1
 Bucky was rescued from the alps,1
 my poor soul,1
 Pixie Tony,1
 but if you read the comics you won't be spoilt,1
 nerd wars,1
 Phone Calls & Telephones,1
 the world's most useless and irritated secret agents,1
 divanoir's comment is wayyy too dirty,1
 Deaf Clint Barton,1
 Period-Typical Sexism,1
Judging - Freeform,1
 Hurt,1
Tumblr Fic,1
 Slightly skewed timeline,1
 Survivor Guilt,1
 Schmoop,1
 OTP: Till the End of the Line,1
 One Scene With Minor Violence,1
 Cute,1
 Bucky Barnes Has Issues,1
 Boys Being Idiots,1
 Overstimulation,1
Talk Shows,1
 brad doesn't get it,1
 an unnecessary number of knives,1
 Therapist Sam Wilson,1
 man smut,1
 and being the vanilla human gets kidnapped all the time,1
 OT3,1
 St. Michael's Muscled Arms,1
 Bucky Barnes Is a Good Bro,1
 domestic AU,1
 Punk Rock AU,1
 traditional marriage,1
 Adorkable,1
 Past Character Death,1
 dom!Pepper,1
 Actual New Yorker James Barnes,1
 modern!Bucky,1
 Angst and Humor,1
 Set post-Thor: The Dark World and Captain America: The Winter Soldier,1
Supernatural - Freeform,1
 War Veteran Steve Rogers,1
 Wake Up Call,1
 in which Bucky regains his memories,1
Marriage,1
 Librarian Bucky,1
 also steve saving the day and being a giant badass,1
 In Media Res,1
 Motorcycle Racing,1
 unmitigated and unapologetic fluff,1
 don't even mention the peen,1
 so what else is new,1
 Women Being Badass and Awesome,1
 Found Family,1
 Rampant Badassery,1
 POV Alternating,1
 multiple first kisses,1
 De-Serumed Steve Rogers,1
Multimedia,1
 JARVIS is best,1
Alternate Universe - Bakery,1
 kind of but not really punk at all,1
Alternate Universe - Prison,1
 Protective Bad Guys,1
Crossdressing Kink,1
 Loneliness,1
 omega Darcy,1
 Swimming,1
Domesticity,1
 Mechanic!Bucky,1
 Hair,1
 Adjusting to the future,1
Trains,1
 Awkward Flirting,1
 Forced Bonding,1
 The Americans AU,1
 Libraries,1
 Feel-good,1
 mentions of Natasha Romanov/Sam Wilson,1
 Crack Relationships,1
 Betrayal,1
 pre-serum!Steve,1
 Parenthood,1
 Prostitute Steve Rogers,1
 Running,1
 Omega Steve,1
 Berserker Steve Rogers,1
 Punishment,1
 Consensual Kink,1
 Crossover,1
 New Beginnings,1
 Smart is Sexy,1
 Rough Sex,1
 Old People Brigade,1
 UST,1
 Insecure Tony Stark,1
 Bucky is sassy,1
 Hollywood,1
Catholic,1
 POV Second Person,1
 Lots of dorkiness,1
 Protective Jarvis (Iron Man movies),1
 Mutual Non-Con,1
 Hospitalization,1
 Loss of Identity,1
 Blood and Gore,1
 That AU where Tony is only a consultant for SHIELD and never built Iron Man,1
 and I'm not even talking about Bucky,1
 vague mentions of torture,1
 Veteran Bucky,1
 Clint and Bucky BFFs,1
 very slow build,1
 Babyfic,1
 mild medical procedures,1
 attack of the second person,1
 Cats,1
Post-TWS,1
 Macy's Thanksgiving Day Parade,1
 except gayer,1
 Darcy has more game than anyone in Brooklyn,1
 Asexual Character,1
 i think he'd be okay with it,1
 Cookies,1
 Robots,1
 LMD's,1
 Post-Winter Soldier-looking Bucky,1
 Recipes,1
 Alternate Universe - Circus,1
 but you don't really have to have seen the film to read it,1
 Rough Kissing,1
 slightly off-canon,1
 in which Steve understands consent and doesn't force Bucky to change for him,1
 wow this is basically just filthy,1
 Extremis Tony Stark,1
 sorry but no characters from Thor,1
 Clubbing,1
 mentions of trauma,1
 Male/Male,1
 Vaginal Fingering,1
 transparent excuses steve rogers has made,1
 Bucky doesn't know modern political correctness,1
 Guardian!Bucky,1
 BAMF JARVIS,1
 Feminist Themes,1
 Unhealthy Relationships,1
Wings,1
 Swearing,1
 he just doesn't know it,1
 Super soldiers have super feelings,1
Eventual Threesome,1
 Everyone Is A College Kid Working At Disney,1
 Bucky ships Captain America and Howard Stark,1
Alternate Universe - present day,1
 Background Relationships,1
 Minor canon divergence,1
 Languages and Linguistics,1
 Awkward Romance,1
 Forced Orgasm,1
 Iron Man 3,1
 Iron Man 2,1
 nerf guns,1
 Really bad sarcasm habit,1
 Fake Marriage,1
 old man shouts at cloud,1
 Steve accidentally calls Bucky for dating advice,1
 steve/bucky au,1
 Actual New Yorker Steve Rogers,1
 Gang-Related Violence,1
 Fanboy Bucky Barnes,1
 Second-Hand Embarrassment,1
 and nothing but,1
 background sam/riley,1
 Bucky is a persuasive little shit,1
 Pillow & Blanket Forts,1
 Temporary Character Death,1
 descriptions of bad BDSM etiquette,1
 canon character death,1
 Arc Reactor,1
 Odin's A+ Parenting,1
 Emotional/Psychological Abuse,1
 Small mentions of non-con,1
 background clint/natasha - Freeform,1
 Steve Rogers: The Bisexual America Deserves,1
 It's Like Grand Central Station In Here,1
 Same-Sex Marriage,1
 Alternate Canon,1
 Agents of S.H.I.E.L.D. References,1
 Christmas Fluff,1
 Eventual Friends to Lovers,1
 BAMF Tony,1
 shield: not enough consent forms or sexual harrassment seminars in the world for that place,1
 flying car,1
 a hapless mugger who really did not know what he was getting into here,1
 Steve does math,1
 Whereas Steve's a laidback goofball with a heart of gold,1
 Complete,1
 References to Past Child Abuse,1
 and the Avengers like to stalk him for his own good whenever he's back,1
accidentally secret relationship,1
 Berserker Darcy Lewis,1
 Face Slapping,1
 Pregnancy,1
 Insecure Tony,1
 Greenwich Village Is Full of Freaks,1
Villains,1
 drabbles,1
 Windows - Freeform,1
  | Translation in Chinese,1
 Alternate Universe - Time Travel,1
 Authority!kink,1
 Rentboys,1
 Tony is surprisingly insightful,1
 Alternate Origin Story,1
 Topping from the Bottom,1
 Aromantic Natasha Romanov,1
Music,1
 5+1 Things,1
 Teacher!Steve,1
 Posting from my tumblr page,1
 Virgin Steve Rogers,1
 Jane Foster Loves Science,1
 then he finds Steve Rogers,1
past Darcy/Clint,1
 tony stark has self-esteem issues,1
 Sweet,1
 Thin Traces of Plot,1
 sorta kinda NSFW,1
 Winter Soldier level of violence,1
 Steve Feels,1
 Loki the badass cat,1
 Amnesia,1
 Lipstick & Lip Gloss,1
 People Are Sick of Conceptual Art,1
 Double Penetration,1
 Bucky Barnes As A Former Disney Channel Star,1
 Alternate Universe - Vampire,1
 Inappropriate Drunk Behavior,1
Action/Adventure,1
 hydrophobia,1
 Endearments,1
 Bad dates,1
 Bucky just has a HUGE thing for Authority!kink and being submissive,1
 Slow Dancing,1
 Alpha Tony,1
 Tea,1
 sam is a hero,1
 Caring Steve Rogers,1
 Mentions of religion,1
 Intense Fighting,1
 (the author has never actually been to therapy),1
 Makeup,1
 abortion clinic assholes,1
Fake Marriage,1
 Tattoo Tony,1
 Tony Stark Cuddles,1
 PWP,1
 don't sit under the apple tree with anyone else etc.,1
 science is sexy,1
 Darcy & Sam: Brotp,1
 post-serum Steve,1
 Brooklyn Boys,1
Witch!Darcy,1
 Inexperienced!Steve,1
 Minor Pepper Potts/Tony Stark,1
Touch Aversion,1
 Everyone has their sassy pants on,1
 Darcy & Steve: my other Brotp,1
Satire,1
 Nurse Darcy,1
 unsafe bdsm practices,1
 De-aged Steve,1
 Physical Disability,1
 Mild exhibitionism/voyeurism?,1
 Class Issues,1
 Alpha Bucky Barnes,1
 pretend boyfriends au,1
 Bathing,1
 The End of the Line,1
 the problem with bucky's plan,1
 implied Natasha Romanov/Sam Wilson,1
 Social Networking,1
 recovery bucky,1
 Drugs,1
 Alternate Universe - Gender Changes,1
 abandoned buildings,1
 Soul Bond,1
 Tony is so jealous,1
Drunk Sex,1
 Canonical Character Death,1
 Brat Bucky,1
 Howling Commandos ask for trouble and get it,1
 BAMF Natasha Romanov,1
 Cat Loki,1
 Mention of past suicidal ideation,1
 Fanart,1
 I fail at H/C so this is not really H/C,1
 Alternate Universe - Fantasy,1
 Laufey's Good Parenting,1
 Objectification,1
 Hydra are dicks,1
 Frenemies,1
 Babysitting,1
 Mentions of self-harm,1
 Trauma Recovery,1
 Food Issues,1
 Truth Spells,1
 adult becomes a child,1
 Hugging,1
 Blasphemy,1
 old people are Team Bucky,1
 Thug!Bucky,1
 In fact everyone has PTSD,1
 Cooking,1
 Pop Culture,1
 Memories,1
 guilty!Steve,1
 Panty Kink,1
 Consensual Underage Sex,1
 gross best friends in love,1
 Scared Together,1
 Followed by Schmoop,1
untimely off-screen animal death,1
 Christmas,1
