 Anal Sex,30
 Alternate Universe - Canon Divergence,29
 Fluff,29
 Kink Meme,27
 Angst,23
 Alternate Universe,22
 Romance,21
 Hurt/Comfort,19
 Voyeurism,18
 Bondage,17
 Crack,17
 Fluff and Angst,17
 Humor,17
,16
 Mythical Beings & Creatures,15
 Oral Sex,15
 Shinigami,15
 Jealousy,14
 Violence,14
 Dubious Consent,13
 God Complex,13
 Emotional Manipulation,13
 Detectives,13
 Serial Killers,13
 Awkward Sexual Situations,12
 Yaoi,12
 Humiliation,12
 Stalking,11
 Handcuffs,11
Fluff,11
 Enemy Lovers,11
 Hand Jobs,11
 Kissing,11
 Smut,10
Alternate Universe,10
 Early in Canon,10
 Dirty Talk,10
Romance,10
 Awkward Conversations,10
 Drama,10
 Mind Games,10
 Prompt Fic,10
 Slash,10
 Insanity,10
 Dom/sub,10
 Chains,9
 Mating Cycles/In Heat,9
 Dubious Morality,9
 Anal Fingering,9
 Teasing,9
 Rape/Non-con Elements,9
 Rough Sex,9
 Mpreg,9
 Knotting,8
 Alpha/Beta/Omega Dynamics,8
 Villains,8
 Nonhuman Sex,8
 Teenagers,8
 AU,8
 Obsession,8
 Foe Yay,8
 BDSM,8
 Male Homosexuality,8
 Angst and Humor,8
 Manipulation,8
 Internalized Homophobia,7
 Crossdressing,7
 Non-Consensual Drug Use,7
 Explicit Sexual Content,7
 Torture,7
Alternate Universe - Canon Divergence,7
 Cute,7
 Crossover,7
 Souichiro's A+ Parenting,7
 Coffee Shops,7
 Mystery,7
 Teratophilia,7
 Exhibitionism,6
 Kidnapping,6
 Out of Character,6
 Protectiveness,6
 Emotional Hurt/Comfort,6
 Rimming,6
 Public Sex,6
 Nightmares,6
 Power Dynamics,6
 Early Work,6
 Falling In Love,6
 Possessive Behavior,6
 Crack Pairing,6
 Alternate Universe - Crack,6
 Stockholm Syndrome,6
 Psychological Trauma,6
 Mental Health Issues,6
 Shower Sex,6
 Showers,6
 Coming Out,6
 Interspecies,6
 Closeted Character,6
 Sex Toys,6
 Interspecies Relationship(s),6
 Rape/Non-con References,6
 Awkwardness,6
 Alpha/Omega,6
 Suicide Attempt,6
 Alternate Universe - Modern Setting,6
 Friendship,6
 Yotsuba Arc,6
 Shinigami/Human sex,6
 First Time,6
 Blow Jobs,6
 Unhealthy Relationships,6
 Suicidal Thoughts,6
 Explicit Language,5
 Mildly Dubious Consent,5
 Disturbing Themes,5
 Abuse,5
 Butt Plugs,5
 Xenophilia,5
 Omega Verse,5
 Chocolate,5
 Character Name In Title,5
 Dysfunctional Family,5
 Collars,5
 Blood,5
 Confined/Caged,5
 Minor Character Death,5
 Redemption,5
 Psychological Torture,5
 Crimes & Criminals,5
 What-If,5
 Omega Light,5
 POV Male Character,5
 Romantic Comedy,5
 Orgasm Delay/Denial,5
 Depression,5
 Captivity,5
 Alternate Universe - No Death Note,5
 Masturbation,5
 Comedy,5
 Fluff and Smut,5
 Gags,5
 Dominance,5
 Submission,5
 Matsuda Is An Idiot,5
 POV Alternating,5
 Underage Sex,5
 Action/Adventure,5
 Secrets,5
 Alternate Ending,5
 Amnesia,5
 PWP,5
 First Kiss,5
 Horror,5
 Polyamory,4
 Blindfolds,4
 Begging,4
 Wordcount: 1.000-5.000,4
 Bloodplay,4
 Love Confessions,4
 Scars,4
Humor,4
 LxLight - Freeform,4
 Seduction,4
 Confessions,4
 Sexual Content,4
 Claiming,4
 Meta,4
 Praise Kink,4
 Fluff and Crack,4
 improbable scenarios,4
 Blood Drinking,4
 Physical Abuse,4
 Creepy,4
 Painplay,4
 Homophobia,4
 Not What It Looks Like,4
 Guilt,4
 Grief/Mourning,4
 Japan,4
 College,4
 Leather Kink,4
 Hacking,4
 Crying,4
 Hospitals,4
 Feathers & Featherplay,4
 Hero Worship,4
Crack,4
 Spanking,4
 Mild Gore,4
 Fingerfucking,4
 Dating,4
 Food Sex,4
 Unrequited Love,4
 POV Third Person,4
 Dark Comedy,4
 Immortals,4
 Asexual Character,4
 Wordcount: 1.000-3.000,4
 Animalistic,4
 Love/Hate,4
 Character Death,4
 Angst with a Happy Ending,4
 Mating,4
 Wordcount: 10.000-30.000,4
 Biting,4
 Wordcount: Over 10.000,3
 Alternate Universe - Werewolf,3
 Interspecies Romance,3
 Deception,3
 Enemies to Friends to Lovers,3
Anal Sex,3
 Shota,3
 Light BDSM,3
 Past Relationship(s),3
 Sexual Tension,3
 Explicit Consent,3
 Dreams,3
 For Science!,3
 Roommates,3
 Slow Burn,3
 Marking,3
 Power Play,3
 Pets,3
 Isolation,3
 Sexual Humor,3
 LightxL,3
 Prostitution,3
 Panic Attacks,3
 Healing,3
 Apples,3
 Alternate Character Interpretation,3
 Angst and Fluff and Smut,3
 Alternate Universe - College/University,3
 Prison,3
 Licking,3
 Sickfic,3
 Regret,3
 Wammy's Era,3
 Adoption,3
 Oral Fixation,3
 Surveillance,3
 Enemy Mine - Freeform,3
 Dark,3
 Eating Disorders,3
Yaoi,3
 Singing,3
 Masturbation in Shower,3
 lawlight,3
 Rape,3
 Travel,3
 Unreliable Narrator,3
 Bullying,3
 Imprisonment,3
 Marriage Proposal,3
 Food Kink,3
 Bathing/Washing,3
 Forced Relationship,3
 Implied/Referenced Suicide,3
 Wammy House,3
 Eventual Smut,3
 Slice of Life,3
 Love,3
Fluff and Angst,3
 Loss of Virginity,3
 Work In Progress,3
 Daddy Issues,3
Sexual Content,3
 Sex Magic,3
 Tumblr Prompt,3
 Death Note Kink Meme,3
 Law Enforcement,3
 Animal Transformation,3
 Video & Computer Games,3
 Post-Canon,3
 Face-Fucking,3
Crossover,3
 Insomnia,3
 Foot Fetish,3
 Toys,3
 Psychopathology & Sociopathy,3
 Goths,3
 S&M,3
 Sexual Fantasy,3
 Frustration,3
 Alpha L,3
 High School,3
 Mild Sexual Content,3
 Corruption,3
 Cultural References,3
 Omegaverse,3
 Immaturity,3
 Threesome - M/M/M,3
Alpha/Beta/Omega Dynamics,3
 Investigations,3
 Murder,3
 Tentacles,3
 Rule 36 Not Valid,3
 Rivalry,3
 Cheating,3
 Flying,3
 Mistaken Identity,3
 Large Cock,3
 Russian Mafia,3
 Alternate Universe - Science Fiction,3
 Gunplay,3
 Blind!Light,3
 Abuse of Authority,3
 Het and Slash,3
 Shapeshifting,3
 Porn With Plot,3
 The Yotsuba arc,3
 Badass,3
 Cuddling & Snuggling,3
 Loneliness,3
 Betrayal,3
 Worship,3
 Plot Twist,3
 Fight Sex,3
 Conspiracy,3
 Faustian Bargain,3
 Cake,3
 Gore,3
Alternate Universe - Modern Setting,3
 Dysfunctional Relationships,3
 Martial Arts,3
 Wordcount: 5.000-10.000,3
 Complete,3
 Abduction,3
 Identity Issues,3
 Alternate Universe - Time Travel,3
 Size Kink,3
 Love Triangle,3
 Hostage Situation,3
 Werewolf Light,3
 Illnesses,3
 Wordcount: 50.000-100.000,3
 Cannibalism,3
 Alternate Universe - High School,3
Omegaverse,3
 Other Additional Tags to Be Added,3
 Frenemies,3
 One Shot,3
 Christmas,3
 Arranged Marriage,2
 Situational Humiliation,2
 Intercrural Sex,2
 Knifeplay,2
 Gift Giving,2
 Suspense,2
 Gross,2
 Making Out,2
 Violent Sex,2
 Werewolves,2
 Drug Addiction,2
 Purple Prose,2
 69 (Sex Position),2
 Shota!Light,2
 Grey-Asexual Light,2
 Top L,2
 Post-Traumatic Stress Disorder - PTSD,2
 Soulmates,2
 Established Relationship,2
 Virgin Sacrifice,2
 Love Triangles,2
 Body Image,2
 Mind Control,2
 Edgeplay,2
 Domestic,2
 Trust,2
 Anal Play,2
 Wet Dream,2
 Politics,2
 Parody,2
 Wordcount: 100-1.000,2
 magical boyfriend,2
 Sexual Harassment,2
 Tickle Fights,2
 knight in shining armor,2
 Psychological Warfare,2
hermaphrodite!Light,2
 French Kissing,2
Alternate Universe - High School,2
 Bugs & Insects,2
 Break Up,2
 Karaoke,2
 Holidays,2
 Pokemon - Freeform,2
 Demisexuality,2
 Drabble Collection,2
 Choking,2
 Unresolved Sexual Tension,2
 Adorable,2
 Misogyny,2
 Breeding Kink,2
 From Sex to Love,2
 Misunderstandings,2
 Self-Harm,2
 References to Mpreg,2
 House Cleaning,2
 Snowed In,2
 Disabled Character,2
 Consent Issues,2
Explicit Sexual Content,2
 Coming of Age,2
 Eventual Happy Ending,2
 Secret Relationship,2
 Time Travel,2
 Bonding,2
 Lies,2
 Best Friends,2
 Embarrassment,2
 Flowers,2
 Verbal Humiliation,2
 Geniuses,2
 Survival,2
 Age Difference,2
 Lolita,2
Death Note - Freeform,2
 Irony,2
 Intrigue,2
 Non-Consensual Voyeurism,2
 Party,2
 Pain,2
 Growing Up Together,2
 Fix-It,2
 apple sauce,2
 Claiming Bites,2
 Alternate Universe - Soulmates,2
 Unwanted Advances,2
 Developing Relationship,2
 Plot Twists,2
 Animal Magnetism,2
 Groping,2
 Banter,2
 Training,2
 Magic,2
 Canon Compliant,2
 Secret Identity,2
 Clueless Light,2
 Childhood,2
 Role Reversal,2
 Sharing a Bed,2
 Alternate Universe - Role Reversal,2
 Touching,2
Mind Games,2
 Pregnancy,2
 Denial of Feelings,2
 Hand Job,2
 Fugitive,2
 villainous alliance,2
 Alternate Universe - Supernatural Elements,2
 Whipping,2
 Alien Biology,2
 Transformers - Freeform,2
 Trolling,2
 Male-Female Friendship,2
 Consensual Violence,2
 Sibling Rivalry,2
PWP,2
Alternate Universe - College/University,2
 Light Bondage,2
 Switching,2
 Mutual Masturbation,2
 Clothing Kink,2
 Flashbacks,2
 Religion,2
 Fun With Misa's Closet,2
 Art,2
 Morning Sex,2
 Abandoned Work - Unfinished and Discontinued,2
 Battle,2
 Mindfuck,2
 Daddy Kink,2
 Wingfic,2
 Literary References & Allusions,2
 Canon-Typical Violence,2
 Master/Slave,2
 Assassins & Hitmen,2
 POV First Person,2
 Candy,2
 Body Horror,2
 Sleep Deprivation,2
 Discrimination,2
 Graphic Description,2
Lawlight Week,2
 Babysitter!L,2
 Asexuality,2
 Unsafe Sex,2
 Psychic Bond,2
 Bottom Yagami Light,2
 Gender Dysphoria,2
 Letters,2
 Forced Marriage,2
 Alternate Reality,2
 Mental Instability,2
 Insults,2
 Wordcount: Over 50.000,2
 L is a Dick,2
Masturbation,2
 Creepy Fluff,2
 Broad Strokes,2
 Dessert & Sweets,2
 Past Sexual Abuse,2
 Implied Sexual Content,2
 Surgery,2
 Diary/Journal,2
 The Second Arc of Death Note,2
 Hospital,2
 Aphrodisiacs,2
 Innuendo,2
 chained to a bed,2
 Diners,2
 Non-Consensual Violence,2
 Plotty,2
 Acting,2
 Werewolf Sex,2
 Narcissism,2
 Self-cest,2
 Illustrated,2
 Obsessive Behaviour,2
 Mental Breakdown,2
 Alternate Universe - Historical,2
 Alpha!L,2
 Unhealthy Coping Mechanisms,2
 Nudity,2
 Omega!Light,2
 Family Secrets,2
 Fever,2
 Superpowers,2
 Fighting,2
 Self-Lubrication,2
 Prison Sex,2
 Second Chances,2
 Mentors,2
Alternate Universe - Soulmates,2
 Wordcount: Over 1.000,2
 Wolf Pack,2
 Power Imbalance,2
 Prejudice,2
 Werewolf L,2
 Family Drama,2
 Inappropriate Erections,2
 Elevator Sex,2
Canon Divergence,2
 Gun Kink,2
 Attempted Murder,2
 Knights - Freeform,2
 Valentine's Day,2
 Big Brothers,2
 Fights,2
 Death Note - Freeform,2
Non-Consensual Drug Use,2
 Past Abuse,2
 Blindness,2
 Wing Kink,2
 Bad Touch,2
 Inappropriate Humor,2
 wammy's house,2
 Historical References,2
 Superpower Sex,2
 Aftercare,2
 Forests,2
 Obsessive-Compulsive,2
 Orphans,2
 Honor,2
 Omega!L,2
 Awkward Flirting,2
 Forced Bonding,2
 Pyromania,2
 Punishment,2
 Hair-pulling,2
 Concerned L,2
 forgot the lube,2
 Reader-Insert,2
 Blood and Gore,2
 Addiction,2
 Female Homosexuality,2
 Drunkenness,2
Death Note Kink Meme,2
 parents walk in at the worst time,2
 Not Suitable/Safe For Work,2
 Implied or Off-stage Rape/Non-con,2
 Obsessive Behavior,2
 Abusive Relationship,2
 Plot What Plot/Porn Without Plot,2
 References to Knotting,2
 buttmonkey,2
 Criminal Masterminds,2
 Interrogation,2
Kinkmeme,2
 Threesome,2
 Guns,2
 Tokyo (City),2
 Emotional/Psychological Abuse,2
 Prophecy,2
 Romantic Fluff,2
 Sneaking Around,2
 School,2
 Character Bashing,2
 Alpha Light,2
 Medical Kink,2
 Soap Opera,2
 Writing,2
 Alpha!Light,2
 Gay,2
 Puppy Love,2
 taming,2
 Costumes,2
 POV Third Person Limited,2
 Denial,2
 Demons,2
 Memory Loss,2
 POV Multiple,2
 First Meetings,2
 Loss,2
 Alternate Universe - Fantasy,2
 Pop Culture,2
 Paranoia,2
 Pajamas & Sleepwear,2
 Fire,1
 It's a fic about a fictional biography about two fictional douchebags,1
 Folklore,1
 surprise sex!,1
 Public Nudity,1
 All the children are scary,1
 Apartment AU,1
 I Will Go Down With This Ship,1
 Cat Ears,1
 safe words,1
 Polytheistic Religion,1
 Happy Ending,1
 trans!halle,1
 Implied/Referenced Homophobia,1
 Alternate Universe - Superheroes/Superpowers,1
 Diet,1
 Strawberries,1
 Internal Monologue,1
 fake incest,1
 Historical Dress,1
 fetish for children,1
 relationships,1
 Bohemian Rhapsody,1
Cuddle Therapist AU,1
 The Godfather - Freeform,1
 top!L,1
 Taking Advantage,1
 Alternate Universe - Angels & Demons,1
 Paris (City),1
 Finger Sucking,1
 Aromantic Character,1
 Princes & Princesses,1
 Emotionally Repressed,1
 Bad Puns,1
 Spit Kink,1
 Object Insertion,1
 Orphanage,1
 dark queen,1
 historically inaccurate courtship,1
Prisoner Light,1
 Birds,1
 Top!Light,1
 Ryuk writes a romance novel,1
 Lace Panties,1
Pedophilia,1
 Emotional Constipation,1
Resurrection,1
 red string of fate (sorta),1
 ooc,1
 L loves strawberries,1
 Cock Rings,1
 Jahet!Ryuk,1
 unholy matrimony,1
 Forgiveness,1
 Beauty and the Beast Elements,1
Mystery,1
 Alternate Universe - Dark,1
 Conversations,1
 POV Nonhuman,1
 Power Bottom,1
 Evil Vs Evil,1
 detective!Misa,1
 Underage Drinking,1
 So incredibly out of character it disgusts me,1
 Ripped Clothing,1
 Pan-dimensional beings that span a finite sub-set of infinite realities,1
 be warned,1
 Takhisis!Rem,1
 Spoiler Alert - Freeform,1
 Mindless Fluff,1
 Frottage,1
 Ambiguous/Open Ending,1
 Force-Feeding,1
 papa wolf,1
 noncon,1
 Helicopters,1
 Bitterness,1
 Espionage,1
 Card Games,1
 Accidental Voyeurism,1
 Consensual Possession,1
 Shameless Smut,1
 19 year old Mello,1
Exhibitionism,1
 Bratting,1
Gender Neutral,1
 Lazy Mornings,1
 Fangirls,1
 Random Events Plot,1
 Voice Kink,1
 Season/Series 01,1
 except a few background characters are still alive,1
Burns,1
Enemies to Friends to Lovers,1
 Dubious Consent Due To Identity Issues,1
 Virginity,1
 Strip Tease,1
 slight non-con,1
 New Starts,1
 Past Violence,1
Light Bondage,1
 Sex Trafficking,1
 Temptation,1
 fluff vs angst,1
Minor Character Death,1
 Dr Phil,1
 Nipple Licking,1
 Foreign Language,1
 Haunting,1
 Souichirou's A+ Parenting,1
 Sexy Santa,1
 Drama Queen Misa,1
 Horny Teenagers,1
 Lots of Cum,1
 Shinigami/Human Relationships,1
 Community: springkink,1
 Soap Opera Disease,1
 Alternate Universe - Prison,1
 Modern Retelling,1
 Morning Sickness,1
 Afterlife,1
 Giving Up,1
 Guro,1
Canon Compliant,1
 Based on a Tumblr Post,1
 Horses,1
 Rescue,1
 Blowjobs,1
Vampirism,1
 Wrong,1
 An abusive amount of Jean-Paul Sartre references,1
 red dragon - Freeform,1
 Baby,1
Alternate Ending,1
 Some of them are gender unspecified,1
 Catboys & Catgirls,1
 morality pet,1
 walking problems,1
 Kitty Ears,1
 References to Canon,1
 Lost In Chracter,1
Trolling,1
 Car Accidents,1
 Unexpected Heat,1
 Sex Club,1
Threesome - F/M/M,1
 Matt is a cock-blocker,1
 Alternate Universe - Fusion,1
 Caffeine Addiction,1
 Implied Bottom!Light,1
 Infidelity,1
 L is a very bad babysitter,1
 Family Fluff,1
 Forbidden Love,1
 Star Trek References,1
 discussion of anorexia nervosa,1
Kidfic,1
 Mentor/Sidekick,1
 Sibling Incest,1
 Reader Insert,1
 Light will probably fuck L up one day,1
 Memory Alteration,1
 a/b/o dynamics,1
 Lucifer!Light,1
Angels,1
 Past Child Abuse,1
 Slurs,1
 Alternate Universe - Age Changes,1
 Mello is a drama queen,1
Light is sad,1
 Truth or Dare,1
 Caning,1
 First Crush,1
 Unconventional Courtship 2015,1
 So kinda a MoD!Harry fic,1
 Hard Fucking,1
 Hypocrisy,1
 Implications of sexual child abuse by teacher in chapter two,1
 Role Models,1
 Fireworks,1
 Ownership,1
 just to stay on the safe side here,1
 Forced Prostitution,1
 Royalty,1
 Gay Character,1
 Anti-Hero,1
 Jealous L,1
 Light is a little shiit,1
 Alternate Universe  Canon Divergence,1
 Pack Dynamics,1
 Snogging,1
 Oracle!L,1
 Accused Light,1
 Age Regression/De-Aging,1
 bad apple metaphors,1
 Alternate Universe- Troy,1
Knotting,1
 Lemon,1
 Sleep Groping,1
 five elements,1
 Alpha Males,1
 Beach Sex,1
 Office Sex,1
 i don't fucking know what to tell you man i just,1
 L just can't resist,1
 Magical!Light,1
 Attempted Stockholm Syndrome,1
 I Can't Believe I Wrote This,1
Heavy Angst,1
 Cutting,1
 Threats of Rape/Non-Con,1
 Relationship Advice,1
 Morning After,1
 Boyfriends,1
 Crash Landing,1
 Menstruation,1
 YouTube,1
 Vampires,1
 Hybrids,1
 Mad Science,1
 Trans Female Character,1
 Tentacle Sex,1
 Shame,1
 Gothic,1
 intentional injury,1
 Impregnation,1
 Clothing,1
 Partner Swapping,1
 Major Character Injury,1
 Trans Male Character,1
 Wordcount: 30.000-50.000,1
 ambulance ride,1
 Evil Mentor Beyond Birthday,1
Unhealthy Relationships,1
 the atoner,1
Alternate Universe - Fashion & Models,1
 Patriarchy,1
 Declarations Of Love,1
 actual cannibal light yagami,1
could possibly be considered dub-con,1
 souichirou is a dick,1
 murder addiction,1
 but also a lot of fluff,1
 tumblr drabble,1
 kind of,1
 Consent,1
 Corporal Punishment,1
 Alpha - Freeform,1
 Fucking Machines,1
 One-Sided Attraction,1
 Messy,1
 annoying oc's,1
 Naughty Use of Christmas Ribbons,1
 Electricity,1
 No Major Mpreg,1
 Wanko-nyanko,1
 Accidental Stimulation,1
 Confinement,1
 Injury,1
 the woobie,1
 Sadness and Smut,1
 Coffee,1
 Lawyers,1
 Artist L,1
 protective L,1
 Post Traumatic Stress,1
 Black Wing,1
 street rat,1
Narcissism,1
eventual LightxL,1
 and they're still having sex,1
 Seaside,1
Smut,1
 Established Sexual Relationship,1
 Scratching,1
Body Horror,1
Love/Hate,1
 Feelings abound,1
 Tail Sex,1
 by request,1
 Senient plants,1
 Runaway,1
 L rides a motorcycle,1
 basically this is so sweet that it will rot your teeth,1
 Master of Death,1
 Harry is paranoid but he has good reasons,1
 Churches,1
 Caffeine Withdrawal,1
 Sub Light,1
Stripper Light,1
 Fashion & Couture,1
 puking,1
 Size Difference,1
 Barney and Friends - Freeform,1
 personal headcanons for light and L,1
 Non-Graphic Sex,1
 Mutual Pining,1
 Platonic Cuddling,1
 Minor Canonical Character(s),1
 Need Brain Bleach,1
 Library Sex,1
 Harry Potter References,1
 Walt Disney turns in his grave,1
 Woobie Light,1
Serial Killers,1
 Desert Island,1
 Watari's no fool,1
 Breakfast,1
 Orgasm Control,1
 Internalization,1
 Beta!Misa,1
 Misunderstanding,1
 Alternate Universe - Serial Killers,1
 Revenge,1
 Lot's of teen angst,1
 Applejacks,1
 Necrophilia,1
 Genital Torture (mild),1
 But Light is a special little cinnamon roll,1
 Chaptered,1
 Stable Time Loops,1
 mad love,1
 Awkward Boners,1
 might be graphic,1
Angst,1
 Orgy,1
 Waltzing,1
 Mind Rape,1
 Angst and Feels,1
 Privacy Issues,1
 Drinking Games,1
 Double Life,1
 Gaslighting,1
 Noble Demon,1
Suicide Attempt,1
Headaches & Migraines,1
 Dry Humping,1
 Hermaphrodites,1
 Yandere!L,1
 Prince Charming - Freeform,1
 Kinda,1
 False Pregnancy,1
 Mythology References,1
 Walking Canes,1
 drugs (non-recreational),1
 Beyond's jar of strawberry Jam,1
 Light is the captain of the tennis team,1
 fanfiction trope: sex god Light,1
 Curtain Fic,1
 Abusive Partner,1
 Recreational Drug Use,1
 Male on Male,1
 Magic-Users,1
 darkish,1
 Light is very smitten,1
 Sleepy Sex,1
 care,1
 Submissive,1
 Guy on Guy,1
 Critical Thinking Skills,1
 Purring,1
 Curses,1
 Tumblr: otpprompts,1
 Emo,1
 Caf,1
 Undercover,1
 Warner,1
 Hair Washing,1
 Couch Sex,1
 Implied/Referenced Child Abuse,1
 Teacher-Student Relationship,1
 Puppy/Kitten Play,1
 Time Loop,1
 Non-Human Harry,1
 Transphobia,1
 Public Hand Jobs,1
 British Politics,1
 Post-Series,1
 Investigation,1
 dirty dirty dirty tbh,1
 Weapons,1
 Mathematics,1
 Dry Orgasm,1
 Emotionally Constipated Light,1
 Tigers,1
 I'll give you a head start,1
 Force Feeding,1
 Eventual Romance,1
 Boredom,1
 Wheelchairs,1
 The Omen (Movies) - Freeform,1
Nightmares,1
 Cliche,1
 Islands,1
 Dragons,1
 Bath Sex,1
 Pet Peeve Tropes,1
 Prince L,1
 Tree Sex,1
 Rebound Relationship,1
 but first L's gonna fuck him,1
 Bedside Vigils,1
 multiple AUs,1
 L is naughty,1
 Airplanes,1
 Bisexual L,1
 References to Claiming,1
 Courtship,1
 Light is the Sasuke of Death Note,1
 Symbiote - Freeform,1
 Persephone!Light,1
Cuddling & Snuggling,1
Mindfuck,1
 Accidental Marriage,1
 Queen Songs,1
 Matchmaking,1
 Rare Pairing,1
Implied/Referenced Drug Use,1
 Alternate Universe - Fairy Tale,1
Yotsuba Arc,1
 Movie Night,1
 Ramon Razor Hard Gay,1
 Resolved Sexual Tension,1
 Ryuk is a little shit,1
 Snow and Ice,1
 Light is a cinnamon roll that must be protected.,1
 Just Add Ninjas,1
 Arguing,1
 Towels,1
additional tags,1
 secret bases with arbitrarily assigned names,1
 Night Terrors,1
 Werewolf Misa,1
 Canon-Based,1
Humour fic,1
 A Decade in Prison,1
 Incomplete,1
 Minor Injuries,1
 Misa knows more than she lets on,1
 Implied Relationship,1
 Blood Kink,1
 Decapitation,1
Biting,1
 Same-Sex Marriage,1
 Weird Plot Shit,1
Alternate Universe - Vampire,1
 Invisibility,1
 Hugs,1
 Mostly the same as canon,1
 Domestic Fluff,1
 Yandere Misa,1
 bastard son,1
 Ungrateful Bastard,1
 Social Justice,1
 Tattoos,1
 Porn with Feelings,1
 Schoolboys,1
 is that a reason to read it?,1
 Size kink... With a twist ;),1
 Behind the Scenes,1
death note tv drama,1
 Disturbing Fluff,1
 Canon Related,1
 Attempted Seduction,1
 Ass to Mouth,1
 Forced Feminization,1
 au where Light regains his memory on the helicopter and is disgusted with himself,1
 poor Light-kun,1
 Reader-Interactive,1
 Mentions of dubious consent,1
 The Rules of The Death Note,1
 Delusions,1
 Chinese Food,1
 Drug Use,1
 societal stratification,1
 Killing,1
 Possession,1
 matt/mello - Freeform,1
 we can never be certain with these losers,1
 bottom!Light,1
 Mild Smut,1
 Sickness,1
 Sleepy Cuddles,1
 for misa that is,1
 Novella,1
 Also there's a lot of kissing,1
 Inanimate Object,1
 Freudian Elements,1
Framing Story,1
 Sayu is a cockblock,1
 in which my massive boner for road trips is revealed,1
Post-Series,1
 Science Fiction,1
 Technology,1
 Apple Shortages,1
 Alternian Empire Death Note AU,1
 Why you always lying?,1
 Alternate Universe - Canon,1
Alternate Universe - Dystopia,1
 Apollo!Light,1
 L is such a brat,1
Afterlife,1
 discussion of bulimia,1
 Sex Slave,1
 KFC,1
 It's Not Paranoia If They're Really Out To Get You,1
 Cum Inflation,1
 dub-con,1
 ficlets,1
 Triggers,1
 Family,1
 Pranks and Practical Jokes,1
 stockholm dubcon,1
 Fangplay,1
 just the tip,1
 Starvation,1
 choking fetish,1
 Slash if you squint,1
 sugar deprivation,1
 criminal profiler l lawliet,1
 historical notions of purity,1
 Human rights violations,1
 Murder Husbands,1
 High School L,1
 Monsters,1
Suicide,1
 domestic abuse,1
 male reader - Freeform,1
 Whiskey & Scotch,1
 Feral Behavior,1
 Public Masturbation,1
 L just wants to hit that,1
here we go again,1
Unofficial Sequel,1
 Mating Bond,1
 exactly what it looks like,1
 Loud Sex,1
 (but oh-so-polite),1
 Trolls,1
 Bullet wound,1
 Arcades,1
 Tentacle Monsters,1
 Canon - Anime,1
Force Feeding,1
 Elemental Magic,1
 Smoking,1
 Light Angst,1
 Guilty!Light Yagami,1
 Crackish Premise,1
Hand Jobs,1
 lawliet - Freeform,1
 Self-Discovery,1
 Spiderman (movieverse),1
 cargo ship,1
 Extremely Dubious Consent,1
 Road Trips,1
 Aged-Up Character(s),1
 Idk what i'm doing,1
 Death,1
 L is confused,1
 Ignorant!Light,1
 Taking Turns,1
 Persephone - Freeform,1
 Masturbation Interruptus,1
 Spoilers,1
Demons,1
 Doctor/Patient,1
 Gender Identity,1
 Misgendering,1
 Skullfucking,1
 The Simpsons - Freeform,1
 The Occasional Speiling Error,1
 Flying Sex,1
 Alternate Universe - Roommates/Housemates,1
 chase scene,1
 Miscommunication,1
 OC,1
 Model!L,1
 denial is strong,1
 Hopeful Ending,1
 Implied/Referenced Drug Use,1
 Closet Sex,1
 Sharing a Room,1
 but they work for the purposes of this fic,1
 Roses,1
 Human Experimentation,1
 England (Country),1
 Surprise Ending,1
 Snark,1
 Twincest,1
 Language,1
 near loves his toys,1
 Alternate Universe - Dragons,1
 Weddings,1
Child Abuse,1
High School AU,1
 Escape,1
 Public Display of Affection,1
 Hell,1
 Verbal Abuse,1
 Swords & Fencing,1
 A little smutty,1
 Elder God,1
 Family Reunions,1
 Sick Character,1
 Conviction - Freeform,1
 Father-Son Relationship,1
 Exes,1
 Black Book AU alt ending,1
 One Shot Collection,1
 (I am creating this tag),1
 suitor - Freeform,1
 People are Assholes,1
 Implied/Referenced Torture,1
 sachiko cries a lot,1
 Human Trafficking,1
 Oracles,1
 Dirty Jokes,1
 Alternate Universe - Politics,1
 Man on Man,1
 Sir Tate!L,1
Sadomasochism,1
 Battle of Wits,1
 Mood Swings,1
 top Light,1
 innocent!Light,1
Death Note Yaoi,1
 Con Artists,1
 Vandalism,1
 Absence,1
 Living Costume,1
 Tsunderes,1
 Clones,1
 Waistcoats,1
 or is there???,1
 Doctors & Physicians,1
 Gods,1
Touching,1
 sap,1
 Bottom L,1
 Spirit Animals,1
 Abusive Relationships,1
 Public Humiliation,1
 twist ending,1
 Although you can sort of guess that L's still a detective at the end,1
 In Medias Res,1
 Composing,1
 I dont really know,1
 starved for affection,1
 Hunters & Hunting,1
Sleepwalking,1
 Manga & Anime,1
 Love Letters,1
 Tsundere Light,1
 Hallucinations,1
Hurt/Comfort,1
 Explosions,1
 Inferiority Complex,1
 Food Fight,1
 Prompt Fill,1
 shaming,1
 Raistlin!Beyond,1
 Oneshot,1
 Fandom Allusions & Cliches & References,1
 Gay Sex,1
 Alternate Universe  Crack,1
 Body Dysphoria,1
 Lost Love,1
 shy Light,1
 Threesome - F/M/M,1
Their Love Is So,1
 References to Irish Mythology,1
 Taunting,1
 ace light yagami,1
 Bad Poetry,1
 Window Sex,1
 Petunia's petunias,1
 Rape Aftermath,1
 Misa To The Rescue,1
 Reconciliation Sex,1
 Ficlet Collection,1
 Motorcycles,1
Past Character Death,1
 Gender Issues,1
 Rival Sex,1
 Hermes!Matt,1
 Rival Relationship,1
 Multiple Crossovers,1
 Post Mpreg,1
 i'm trash,1
Elevator Sex,1
 Self Acceptance,1
 disgust,1
 Autism,1
 Dreams and Nightmares,1
 Cleanliness,1
 Bad Boys,1
Kink Meme,1
 Alien Mythology/Religion,1
 parents cramping Light's style,1
 Innocence,1
 On-Again/Off-Again Relationship,1
 Harm to Children,1
 Blankets,1
 Obsessed!L,1
 Social Anxiety,1
 Separations,1
Birthday,1
 Tragic Romance,1
 Homophobic Language,1
 Rule 63,1
 First Dates,1
 Anorexia,1
 Insecurity,1
 not particularly graphic,1
 Sexual Abuse,1
 overprotective dad,1
 funnel feeding,1
 Feeding Fetish,1
 Mythology - Freeform,1
 save the villain,1
Dark,1
 Drawing,1
 Harry-centric,1
 Liquor,1
 Light is a flirt,1
 Bathing,1
 L - Freeform,1
 Morally Ambiguous Character,1
 Subtext,1
 that really shouldn't be surprising,1
Noelverse,1
 Dubcon Kissing,1
 Hiatus,1
Voyeurism,1
 but they don't even realize,1
 Long Fucking,1
Abandoned Work - Unfinished and Discontinued,1
 pain fetish,1
 Alternate Universe - Arranged Marriage,1
 Ryuk is a bastard but not a complete bastard,1
 Dry Sex,1
Rape/Non-con Elements,1
 Phobias,1
 Crossover Pairings,1
 Uke!Light,1
Crossovers & Fandom Fusions,1
 EMP,1
 Sexual Confusion,1
 Addiction-Other,1
 White Day,1
 Non-Kira Light,1
 Poker,1
 Shopping,1
 Drugged Sex,1
 Different Endings,1
 Hybristophilia,1
 Ball Gags,1
 Marriage,1
Wammy House,1
 Body Worship,1
 Christmas Eve,1
 Orphan Light and Sayu,1
 Orders,1
 Agender Character,1
 Pick Up Lines,1
 Alcohol,1
 I need something to do with my time,1
 omega - Freeform,1
 He didn't plan on this,1
 Beyond is a creeper,1
 Milking,1
 Epic,1
 Alternate Universe - Stripper/Exotic Dancer,1
 Woobie,1
 kisses,1
 Maldeev/Kitiara!Misa,1
 Domesticity,1
Alternate Universe - Markings,1
 Deal with a Devil,1
 Past Drug Addiction,1
 Distrust,1
 X-Men: Evolution - Freeform,1
 Light is a bastard but not a complete bastard,1
 vampire,1
 Bittersweet,1
 Bittersweet Ending,1
 Death Note Exchange,1
 this is very stupid,1
 Alternate Universe - Horror,1
 Spiders,1
 tags added as story progresses,1
 Rape Fantasy,1
 Hearing Voices,1
 Sexual Identity,1
 Pizza,1
 Diapers,1
 Alternate Universe - Light Is Not Kira,1
 Sex Addiction,1
 Sensory Deprivation,1
 Hate Sex,1
 Ryuk has a better moral compass than Light does,1
 Lapdance,1
 Adventure & Romance,1
 Costume Kink,1
 Beings that exist outside of human comprehension,1
 Concerned Ryuk,1
 Psychic Abilities,1
 Human Blackrom,1
 Non-Graphic Violence,1
 Shakespeare,1
 Minor Violence,1
 Sexual Slavery,1
 Light is tired of Imagay jokes,1
Alternate Universe - Gods & Goddesses,1
 Confusion,1
 Toxic Relationships,1
 Life Partners,1
 Transvestite,1
 Rape Recovery,1
 Cuddling,1
 Necromancer!L,1
 The 50 Day Confinement,1
 Alpha!Beyond,1
 Trans Character,1
 geniuses being stupid,1
 Families of Choice,1
 Museums,1
 only after meeting your soulmate do you get to see in color,1
 Police Uniforms,1
 Bestiality,1
 Forced Sex,1
 fanfiction trope: virginal innocent L,1
 The Pizza Man,1
Slow Burn,1
 tactile sensitivity,1
 Matsuda You Idiot,1
 powers manifesting,1
 Pulp Science Fiction,1
 Immortality,1
 Alcohol Abuse/Alcoholism,1
 Blood Magic,1
 Atropos!Ryuk,1
 Shenanigans,1
 Implied/Referenced Character Death,1
 Rough Oral Sex,1
 Finger Fucking,1
 Everything I touch turns into sleep fluff,1
Drama,1
Alternate Universe - Afterlife,1
 Divination,1
 Closeted Light,1
 they're both alive somehow lmfao,1
 Bargaining,1
 Claustrophobia,1
 Dogged Nice Guy,1
 Khisanth!Light,1
Psychological Drama,1
 Ocean,1
 Agressive Submissive,1
 slight angst,1
 Domination,1
 Tails,1
 Burns,1
 Strangers to Lovers,1
 Bigotry,1
 Past Character Death,1
 Molestation,1
 Headspace,1
 not sure where this is going yet,1
Self-Harm,1
 Hentai,1
 Spells & Enchantments,1
 Not Lube,1
 Demon Sex,1
 One Night Stands,1
Alternate Universe - Greek Mythology,1
Alternate Universe - Fusion,1
 Boats and Ships,1
 one reference to child abuse,1
 Takes place when Light loses his memories of being Kira,1
Light goes undercover at a gay bar,1
 L watches,1
 Companionship in Exchange For Intimacy,1
 Candy Canes,1
 quadrants,1
 Multiple Orgasms,1
Dubious Consent,1
 Metafiction,1
 Ryuzaki kicks ass,1
 stalkers,1
Alternate Universe - Student/Teacher,1
 Standardized Tests,1
 Psychos in love,1
 Past Rape/Non-con,1
 Medical Torture,1
 otherwise,1
 Power Bottom Light,1
 High School Light,1
 Multiverse,1
 im a gay,1
boy on boy,1
 sorta - Freeform,1
 Talent Agent and Client,1
 Cynicism,1
 this is disgusting lmao,1
 Female on Male Abuse,1
 Cultural Differences,1
 Suicide,1
 Poison,1
 Since the Death Note isn't ever mentioned,1
 Excessive Orgasams,1
 Uke,1
 Plans,1
 Easily Guessed Password,1
 Mile High Club,1
 Spider-Man - Freeform,1
 Valentine's Day Fluff,1
 lying,1
 Wings,1
 Hades - Freeform,1
 Dystopia,1
 light yagami x l lawliet,1
 Ryuk ships Light/L,1
 Thanksgiving,1
 Eventual mpreg,1
 Boots Are Cool,1
 grounded,1
 it's the 'popular kid falls for school outcast' cliche,1
 Ghosts,1
 Inter-Species Sex,1
 how did it end up there,1
 house arrest,1
 Justice,1
 Stupidity,1
 Spies & Secret Agents,1
 Near Death Experience,1
 L is a loser,1
 Transformation,1
 Depressing,1
 Scythe,1
 Sexy,1
 Wall Sex,1
 but my grammar's okay,1
 dude looked like a chick from behind,1
 Enemies to Lovers,1
 Ego,1
 Dorks in Love,1
 extra marital affair,1
 Alternate Universe - Timeline Changes,1
 Hidden Talents,1
 Wilderness,1
Werewolves,1
 doctor Light - Freeform,1
 Domestication,1
 Phone Sex,1
 L breaks it gently to the task force,1
 Walks In The Park,1
 Heat Suppressants,1
 Maid uniform,1
 Peer Pressure,1
 Master/Pet,1
 Secret Organizations,1
 Overdose,1
 Rule 34 (not THAT one) of the Death Note,1
 Boys Kissing,1
Personification,1
 Brain Damage,1
 Gender Fluid Character,1
 Mages,1
 Homoromantic,1
 Heart Attacks,1
 Empath,1
 there isn't feelings involved,1
 Blueberries,1
 Non-Penetrative Sex Toys,1
 Light is snarky shit,1
 Alternate Universe - Writing & Publishing,1
Alternate Universe - Serial Killers,1
 Autistic Character,1
 bottom!L,1
 Food Play,1
 Frak Buddies,1
 Death Magic,1
 bishonen,1
 Telepathy,1
 Rituals,1
implied reincarnation/alternate unvierse,1
 Model Light,1
 Bragging about claiming,1
 including denial,1
 Magical Bonds,1
 Featuring Kira the Bunny,1
 Additional Warnings In Author's Note,1
 Prom,1
 Tooth-Rotting Fluff,1
Eating Disorders,1
 Tumblr Ask Box Fic,1
 Blackmail,1
 Satire,1
 Kira Returns,1
 Courage,1
 Genital Torture,1
 including one prompt for genderbend,1
 Omega Yagami Light,1
 Mostly Fluff,1
 Animals,1
 Dirty Dancing,1
 carriages,1
 Kuroshitsuji - Freeform,1
noncon,1
 Forbidden,1
 Control,1
 Werewolf Ryuk,1
 Freshman Light,1
 Attempted Rape,1
 Parent Issues,1
 Blind Character,1
trans!light,1
 Infection,1
 Implied/Referenced Underage Sex,1
 Elves,1
 Emotional Baggage,1
 Ancient Egypt,1
 Riding,1
Scar,1
 CPR,1
 Interspecies Sex,1
Gags,1
 Trapped,1
 Drama King Light,1
 Life Magic,1
 Basically,1
 Werewolf Mikami,1
 Shinigami Eyes,1
 Leather,1
Christmas Fluff,1
 Journalism,1
 dramaverse,1
 Minimal Shipping,1
Translation Available,1
 sort of,1
 CBT,1
 Crossovers & Fandom Fusions,1
 lonely,1
 Amusement Parks,1
 Twins,1
 12 year old Near,1
 Falconry,1
 amazingly original premise,1
 Sleepiness,1
 Sailor Moon - Freeform,1
 those are both so ridiculous haha,1
 Execution,1
 Alpha Beyond Birthday,1
 Alien Gender/Sexuality,1
 Fusion Characters,1
 Fictional Religion & Theology,1
 Those last two tags make it sound serious but its just fluff and smut,1
 Neighbors,1
 that joke again,1
 Cuddling and Snuggling,1
 WWII veteran,1
 Bodily Fluids,1
 Drunk Sex,1
 Dirty Thoughts,1
Telepathic Bond,1
 Moral Ambiguity,1
 badass uke,1
 Alternate Universe- Gods and Oracles,1
 Teenage Drama,1
 Twin-obsession,1
 doomed hometown,1
 hellsing - Freeform,1
Wammy's Era,1
 Gender Roles,1
 L and Light,1
 Battlefield,1
 Overstimulation,1
 Anonymity,1
 Suppressed Heat,1
 Pre-Slash,1
 Alpha L (Death Note),1
 Cowgirl Position,1
Regency Romance,1
 mentions of Yagami Light/Amane Misa,1
 But so does Light,1
 snuggles,1
 Present Tense,1
 L/Light - Freeform,1
 trashy trashy trash,1
 5 Times,1
 Rose - Freeform,1
 Environmental protectiveness,1
CYOA,1
 Internalized Transphobia,1
Alternate Universe - No Sgrub Session,1
 Misa dumps Light,1
 D/s dynamic (mild),1
 Sex,1
 Slow Build,1
 Warren Zevon,1
 Demonic Possession,1
 Shameless PWP,1
 Friends to Lovers,1
 Disability,1
one shots,1
 Slapstick,1
 Science Experiments,1
 Degradation,1
 Twilight Bashing,1
 Frozen did not deserve this,1
 sexual identity issues,1
 Bad Pick-Up Lines,1
 Light is very good at flirting,1
 Multi-dimesional beings,1
 One sided Misa/Light,1
 What more do you want?,1
 feverish near,1
 Fluff and Angst and Smut,1
 Two Years Later,1
White Day,1
 and everyone is ooc,1
 Desperation,1
 Stripping to support Sayu,1
Spanking,1
Implied Mpreg,1
 second-person point of view,1
 I mean you can take it either way I suppose,1
 Psycho (Movie),1
 Dominant!Light,1
Forests,1
 who will get into Light's pants first,1
 Social Anxiety Disorder,1
 Short One Shot,1
 Poker Nights,1
 Parallel Universes,1
 Black and Grey Morality,1
 Demeter!Sachiko,1
 Replacement Love Interest,1
 Coats,1
 Apologetic L,1
 Dubious Ethics,1
 Community: Sweet Charity,1
 L is very confused,1
 Light isn't Kira,1
 Incest,1
 Scenting,1
 Sex With a Sleeping Person,1
 Rebound,1
 Mild Eating Problems,1
 demon!L,1
 Intersex,1
 naked,1
 Alternate Universe - Photographer,1
 WTF Fanfiction Challenge,1
 subdermal tracking device,1
Kidnapping,1
 Enemas,1
 Underwater,1
 Drugs,1
 Secret Crush,1
 fluffy toward the end tho hopefully,1
 flaming,1
 innocent Light,1
 that will be discussed in fic,1
 Threats,1
 Fear of Discovery,1
 Attempted Rape/Non-Con,1
 Strap-Ons,1
 Trans Light,1
 Complicated Relationships,1
 Arrogance,1
 L has feels,1
 park,1
 Black Book,1
 Implied/Referenced Underage Relationship(s),1
 Omega Trafficking,1
 Nissan Versa,1
Slow Dancing,1
 Men's Room,1
 Horns,1
Threesome,1
 Hate,1
 Eventual relationship,1
 Therapy,1
 Rejection,1
 Clubbing,1
 Harry is also a creeper,1
 Personas,1
 Tourette's Syndrome,1
 Dragon Light,1
 deprogramming,1
 Songfic,1
 Car Sex,1
 Mount Doom,1
 Bisexual Character,1
 L's death,1
 Psychotropic Drugs,1
Mid-coital crimesolving,1
 Charon!Quillish,1
 Celebrities,1
 Psychology,1
 pink angel crepe van,1
 Light is not Kira,1
 Angels,1
 Omega L,1
 Demisexual Light,1
 Light literally hates everything,1
 faces,1
 Barristers,1
Male/Male sex,1
 Awkward Romance,1
 bad memories,1
 Forced Orgasm,1
 Drowning,1
 Being God,1
 rescue romance,1
 Anatomically Impossible Sex,1
 convicts,1
 L is a little shit,1
 POV Third Person Omniscient,1
 Sex with Sentient Animals,1
 Manipulations,1
 light yagami seme l lawliet uke,1
 Nosebleed,1
 guilt complex,1
 Emotion Play,1
 Clues,1
 Self-Hatred,1
 Emotional Hurt,1
Oral Sex,1
 handjob,1
 Medical,1
 Dom L,1
 inner thoughts/monologue,1
 Bombs,1
 Wine,1
Bottom Yagami Light,1
 secret code,1
 Alternate Canon,1
 Thief,1
 and handled accordingly,1
 POV Second Person,1
 Fatherhood,1
 Authority Figures,1
 Vore,1
 Living Clothing,1
 Narcolepsy,1
 reality ensues,1
 Destiny,1
Sex Toys,1
 kitties,1
 Non-Consensual Bondage,1
 minor blood/gore,1
Necromancers,1
 Somnophilia,1
 Troll Romance,1
Gay Sex,1
 L is Yuno Gasai,1
 Maximum Security Prison,1
 Cinnamon Roll is not protected,1
 Bisexual Male Character,1
 Gloves,1
 this went weird places,1
 Music,1
 comatose Light,1
Harry as Death,1
 Superheroes,1
 Non-Consensual Somnophilia,1
 nb!L,1
 Ejaculate,1
 drabbles,1
 Ficlet,1
 Public Claiming,1
 mistaken for pregnant,1
 Senior L,1
 Writers,1
 Food,1
 potato chips,1
 Mental Institutions,1
 poor L has no experience,1
 5+1 Things,1
 Lawlight if you squint,1
a fic based on a playlist,1
 Emotional Infidelity,1
 spoilers for death note,1
 Seme!L,1
 Misa In Her (Slutty) Usual Outfits,1
 Sweet,1
 light does too,1
 Animal Play,1
 Domestic Violence,1
 Come Swallowing,1
 Foiled Confessions,1
 hidden identities,1
 Dark Magic,1
 Alternate Universe - Vampire,1
 Sayu is a little shit,1
 Modern Greek Gods AU,1
 alternate universe- light has narcolepsy,1
 Boy x boy,1
 spoilers for Frozen,1
 Heavy Angst,1
 Pinky and the Brain - Freeform,1
 News Media,1
 Painting,1
 Best/Worst AU ever,1
 Harm to Animals,1
 Outdoor Sex,1
 Angst and Hurt/Comfort,1
 POV Yagami Light,1
Alternate Universe- No Supernatural,1
 Beyond is a flirty bastard,1
 Grinding,1
 Slow Updates,1
 Belly Kink,1
 Omega Strippers do it better,1
 Blood and Injury,1
 sleep cute,1
 Alternate Universe - Mermaid,1
 and they're still terrible people,1
 Sharing Body Heat,1
 Original Character(s),1
 Makeup,1
 Wishful Thinking,1
Godly-powers!Light,1
 Mentions of Suicide,1
 Needles,1
 Historical Inaccuracy,1
 Love at First Sight,1
 Yandere,1
 like kill him or something,1
 Bus Sex,1
 Dream Sex,1
 The Fates - Freeform,1
 Magical Realism,1
 Supernatural Elements,1
 Alternate Universe - Post-Canon,1
 Rule 34 (no not THAT one) of the Death Note,1
 Knight L,1
 Alternate Universe - Modern with Magic,1
 Search for Kira,1
 Fish,1
 Light's cover girlfriends - Freeform,1
 Vibrators,1
 Meet-Cute,1
 Breaking Up & Making Up,1
 badass butler,1
 Light is a bastard and a tragedy,1
 Internalized Sexism,1
 destroy the notebook or light dies,1
Work In Progress,1
 Aggressive Submissive,1
 Breastfeeding,1
 oh yeah word limits are hella weird,1
 Seamless Fuck,1
 L hates to lose,1
 Drinking,1
 certain characters do not die thank you very much,1
 Gay Male Character,1
 fucking in front of mirror,1
 ooc!light,1
 dark and troubled past,1
 vocal L,1
 Whining,1
 sweets,1
 brainiacs,1
 sex scene,1
Rape,1
 Flirting,1
 Art School,1
 Head Injury,1
Time Travel Fix-It,1
 Sexual Repression,1
 Soul Bond,1
Omega!Light,1
 Flogging,1
 transgender character,1
 multiple orgasm,1
 Light is a little shit,1
 Hades!L,1
 Canonical Character Death,1
 Walking,1
 Eventual Fluff,1
Alternate Universe - Magic,1
 Bi-Curiosity,1
 Sleep,1
 Happy Sex,1
 Sort Of Fluff,1
 Prostate Exam,1
 Implied Relationships,1
 Murder Mystery,1
 Self-Loathing,1
 L in Glasses,1
 Implied Underage,1
more tooth rotting fluff,1
 Reunions,1
 Babysitting,1
Fate,1
 Gray!Harry,1
 What if?,1
 Food Issues,1
 Samurai,1
 tartarus,1
 Ancient Runes,1
 Some dark themes,1
 L and Light are back,1
 Shout Out,1
 Cooking,1
 Fanart,1
 Lima Syndrome,1
 Crush,1
