 Slow Burn,42
 Angst,39
 Hurt/Comfort,34
 Romance,31
 Oral Sex,27
 Fluff,25
 Anal Sex,21
 Humor,19
 Masturbation,18
 Eventual Smut,15
 Canon-Typical Violence,15
 Smut,13
 Emotional Hurt/Comfort,13
 Rimming,13
Romance,13
 Slow Build,13
 Alternate Universe - Canon Divergence,13
,12
 Explicit Sexual Content,12
Fluff,12
 Alternate Universe - Modern Setting,12
 Praise Kink,11
 Dragon Age Kink Meme,11
 Anal Fingering,11
 Adoribull - Freeform,11
 Dirty Talk,10
 Spoilers,10
 Pining,10
 Friends to Lovers,10
 Sexual Content,10
 Rough Sex,10
 Post-Traumatic Stress Disorder - PTSD,10
 Bondage,9
 Unresolved Sexual Tension,8
 Frottage,8
 Size Difference,8
 Alternate Universe,8
 Kink Meme,8
Angst,8
 Friendship,8
Alternate Universe - Modern Setting,8
 Action/Adventure,8
 Dom/sub,8
Dragon Age Kink Meme,7
 Light Bondage,7
 Drama,7
 Torture,7
Slow Burn,7
 Hand Jobs,7
 Spanking,7
 Violence,7
 Angst with a Happy Ending,7
 Arranged Marriage,6
 Established Relationship,6
 Dom/sub Undertones,6
 Time Travel,6
Kink Negotiation,6
 Breathplay,6
 Slavery,6
 Falling In Love,6
 Blow Jobs,6
 Canonical Character Death,6
 Size Kink,6
 Safewords,5
 Implied/Referenced Rape/Non-con,5
 Sexual Tension,5
 Drinking,5
 Semi-Public Sex,5
 Eventual Romance,5
 Blood,5
 PTSD,5
 Sex Magic,5
 Minor Character Death,5
 Flashbacks,5
 Orgasm Delay/Denial,5
 Fluff and Angst,5
 Implied/Referenced Alcohol Abuse/Alcoholism,5
 Fluff and Smut,5
 BDSM,5
 Past Abuse,5
 Addiction,5
 First Time,5
 Vaginal Fingering,4
 Voice Kink,4
 Light BDSM,4
Alternate Universe,4
 Character Study,4
 Choking,4
Spoilers,4
 Love,4
 Post-Canon,4
Hurt/Comfort,4
 Vaginal Sex,4
 Dubious Consent,4
 Cullenlingus,4
 Kink Negotiation,4
 Blood Magic,4
 AU,4
Established Relationship,4
 Rape/Non-con Elements,4
 Porn With Plot,4
 Modern AU,4
 Drunk Sex,4
 Angst and Humor,4
 Rope Bondage,4
 Modern Girl in Thedas,4
 Complete,4
 Roleplay,4
 Polyamory,3
 Explicit Language,3
 Internalized Homophobia,3
 Awkward Sexual Situations,3
 Past Relationship(s),3
 D/s,3
 Minor Iron Bull/Dorian Pavus,3
 Knotting,3
 Nightmares,3
 Mutual Pining,3
 Texting,3
 Alternate Universe - Fairy Tale,3
Modern Girl in Thedas,3
 Feels,3
 Cunnilingus,3
 Developing Relationship,3
 Extremely Dubious Consent,3
 Hijinks & Shenanigans,3
 Dragon Age: Inquisition Spoilers,3
 Lyrium Withdrawal,3
 Homophobia,3
 Grief/Mourning,3
 Sex Toys,3
 Alcohol,3
 Drama & Romance,3
First Time,3
 Teasing,3
 Original Character Death(s),3
 Romantic Comedy,3
 Threesome - M/M/M,3
Alternate Universe - Canon Divergence,3
Slow Build,3
 Emotional Baggage,3
 Orgasm Denial,3
 Unrequited Love,3
 Aftercare,3
 Family Drama,3
 POV Alternating,3
 UST,3
 Canon Divergence,3
 Grinding,3
 Reunions,3
 Happy Ending,2
 Relationship Negotiation,2
 Prostate Massage,2
 Light Dom/sub,2
 Mating Cycles/In Heat,2
 Exhibitionism,2
 Unreliable Narrator,2
 Pregnancy Kink,2
 Enemies to Friends to Lovers,2
 Edgeplay,2
 Crack,2
 Multiple Orgasms,2
 Open Relationships,2
 Marking,2
 Abuse,2
 Public Sex,2
Canon-Typical Violence,2
 Mentions of alcoholism,2
 Halamshiral,2
 Panic Attacks,2
 Emotional Constipation,2
 Mild Blood,2
 Feelings,2
 Modern Character in Thedas,2
 the slowest burn,2
 Dancing,2
 Self-Harm,2
 Revenge,2
 Major character death - Freeform,2
 Angst and Feels,2
 Unresolved Romantic Tension,2
 Fake/Pretend Relationship,2
 Dark,2
 Possessive Behavior,2
 Lyrium Addiction,2
Shameless Smut,2
 Elven Glory,2
 Dragon Age Lore,2
 Dragons,2
 Porn,2
 Marriage Proposal,2
 negotiated non-consent,2
 Dysfunctional Family,2
 Collars,2
Lyrium Addiction,2
 Anxiety,2
 Intrigue,2
 Fix-It,2
 Mirror Sex,2
 Recovery,2
 Banter,2
 Light Angst,2
 Angst and Fluff and Smut,2
 Canon Compliant,2
 Implied/Referenced Drug Use,2
 Magic,2
 Sharing a Bed,2
 handjobs,2
 Mutual Masturbation,2
 Kinky,2
 Tevinter,2
 Threesome - F/M/M,2
 Subspace,2
 Insert in Thedas,2
 Grief,2
Adoribull - Freeform,2
 mages are witches,2
 Threats of Violence,2
 Sexual Fantasy,2
 Sex Before Feels,2
 Crying,2
 Diary/Journal,2
 Minor Violence,2
 Action & Romance,2
 Alcohol Abuse/Alcoholism,2
 Pre-Dragon Age: Inquisition,2
 Slow Romance,2
 Awkwardness,2
Alpha/Beta/Omega Dynamics,2
 Anonymous Sex,2
 Depression,2
 Jealousy,2
 Rape Play,2
 Cultural Differences,2
 Mages and Templars,2
 Voyeurism,2
 Eventual Happy Ending,2
Crack,2
 Phone Sex,2
 Suicide Attempt,2
 Evolving Tags,2
 Mild Gore,2
 Resolved Sexual Tension,2
 Riding,2
 sort of,2
 Fingering,2
 The Fade,2
 Dominance,2
 Moresomes,2
 Language Barrier,2
Fluff and Smut,2
 Overstimulation,2
 Caretaking,2
 Time Travel Fix-It,2
 Betrayal,2
 Blow Job,2
 Blood and Gore,2
 Consensual Kink,2
 Flogging,2
Modern AU,2
 Swearing,2
 Minor canon divergence,2
 Forced Orgasm,2
 Fade Tongue,2
 Humiliation,2
 Self-Esteem Issues,2
 Biting,2
 Double Penetration,2
 Necklace of the Kadan,2
 Plot,2
 Demons,2
 Adamant,2
 Suicidal Thoughts,2
 Schmoop,2
 Flirting,2
 Family Issues,2
 Fire,1
 Sub!Anders,1
 Mild Cock & Ball Torture (because I realised most people wouldn't know what CBT meant),1
 Hand & Finger Kink,1
 Folklore,1
 My First AO3 Post,1
 witch!hawke,1
 Modern Royalty,1
 Sunday Prompts,1
 Reluctant Inquisitor,1
 Post-Here Lies the Abyss,1
 sensory play,1
 (hot damn),1
 character death in chapter 2,1
 Broken Stockholm Syndrome,1
 Canon Gay Relationship,1
 Emotional Eating,1
 Safety first,1
Fail!Roleplay,1
 Sass & Class & Ass,1
 Skyrim Crossover,1
 mention of alcohol abuse,1
 Implied/Referenced Homophobia,1
 Brother/Brother Incest,1
 past trauma,1
 Mildly Dubious Consent,1
Autoerotic Asphyxiation,1
 Cullen in Distress,1
 Horse Whispering,1
 Mutual Moping About Family,1
My First Fanfic,1
 Under-negotiated Kink,1
Bondage,1
 Sexts!,1
Modern Thedas,1
 Bull Feels,1
 Touch-Starved,1
 Rather Dark Tones,1
Soulmates,1
 Male Friendship,1
That AU where the Fade has other side effects for mages than just their mage abilities,1
 Mental Health Issues,1
 Anxiety Disorder,1
 The Nonsense You Speak,1
 Held Down,1
 Spoilers for Dragon Age: The Masked Empire,1
 Begging,1
 Cassandra and Dorian are gay best friends,1
 Alternate Universe - Sleeping Beauty Fusion,1
 Master/Pet,1
 All sorts of terrible terrible things,1
 POV Original Character,1
Spoilers for Here Lies the Abyss,1
 Werewolves,1
 fic of a thousand summaries,1
 female trevelyan - Freeform,1
MMORPGs,1
 so much domestic fluff it's creating bunnies,1
 Bull is a porn star,1
 Dorian Smash,1
 Male Mahariel/Zevran - Freeform,1
 Unplanned Pregnancy,1
 Forgiveness,1
 Beauty and the Beast Elements,1
 cullen rutherford - Freeform,1
 Coping Mechanisms,1
 past emotional abuse,1
 Alternate Universe - Dark,1
That AU where Dorian and Cullen hook up through Thedr,1
 Don't Try This at Home,1
 allusions to major depression,1
 Sparring and Sex,1
 Dark Past,1
 no magic,1
 Rain Sex,1
 General gruesomeness,1
 Aftermath of Torture,1
 Family,1
 Bathroom Sex,1
 beware of metaphors of the literary sort,1
 Vivienne's Dubious Morality,1
 femquisitor,1
 collaring,1
 Animal Death,1
Arranged Marriage,1
 Soul-Searching,1
 Halward Pavus' A+ Parenting,1
 attempted drowning,1
 Shameless Smut,1
 dog walker au,1
 D/s relationship,1
 Too awkward to function,1
 thank the maker,1
D/s,1
 DOESN'T ANYONE EVER KNOCK,1
better living through cats,1
Halamshiral,1
 Sexual Intimacy,1
 lots of smut,1
Rite of Tranquility,1
 Mild torture,1
 Virginity,1
 Past Violence,1
 Honey,1
 Did I say art I was just kidding,1
 Harassment,1
 I Don't Even Know,1
 Bagel AU,1
 Qunlat freeform,1
 Chevalier,1
 Pre-Relationship,1
 Bear. Big bear,1
Humor,1
 a poor attempt at comedy,1
Anal Sex,1
 Post Trespasser,1
 Developing Friendship,1
 solavellan romance au,1
 WARNING THIS IS AN AU,1
Developing Relationship,1
 humour and fluff,1
Loneliness,1
 Domestic,1
 Anal Play,1
 Fantasy,1
King Alistair and Warden Queen,1
Vitaar,1
 organ-fondling,1
 POV Cullen Rutherford,1
Canon Compliant,1
 Horses,1
 Kidnapping,1
 Blowjobs,1
 Right after Cullen,1
 Prophetic Magic,1
 Minor Anders/FHawke,1
 Bull swears like a lot seriously,1
 Fade Nerd,1
 Dreams,1
 Slow Burn Romance,1
 Antivan Crows,1
 Dragon Age Spoilers,1
 Fade Kiss,1
Trolling,1
 Background Alistair/Female Warden,1
 Yearning longing pining,1
 Ritual Public Sex,1
 bad decisions everywhere,1
 Protect Clan Lavellan,1
 Weeklong Winter Ball,1
 Ostwick Wedding Customs,1
 That turns into raging inferno,1
 how did that dragon get in your pjs anyways?,1
 Anxiety Attacks,1
 Post-Doom Upon All the World,1
inquisitor!fenris,1
 Scent Kink,1
 bartending,1
 Memory Alteration,1
 And mercy what a knob indeed,1
 Past Child Abuse,1
 Emetophobia,1
 Roommates,1
 Elfy Elf Stuff,1
 Dubious Sanity,1
 Cullen's shadowy past,1
 Sexual Harassment,1
 Caning,1
 Waking,1
 Epic Halamshiral,1
Soulmate-Identifying Marks,1
 Andraste's Knicker Weasels,1
 fluff and porn without plot,1
 Interspecies Sex,1
Non-consensual use of magic,1
 Canon Lesbian Relationship,1
 Cole being awesome,1
 Hawke has a filthy mouth,1
 Alternate Universe - Sentinels and Guides Are Known,1
 Stargazing,1
 I'm...sorry?,1
 It's kind of like Fade tongue but it involves shapeshifting.,1
 Friendship/Love,1
 Animal Abuse,1
 Queer Cassandra Pentaghast,1
 I did not see Carver/Anders coming,1
 Anti-Hero,1
 Some AUs,1
" I already warned for ""interspecies"" but I will also warn for wolf tongue.",1
 some pre-relationship,1
 Knifeplay,1
 Work In Progress,1
 Cullen is a Disney Prince,1
 Peace,1
 Dub-Con Under Duress,1
 Sleep Groping,1
 Slight Food Kink,1
 Halward's A+ Parenting,1
 Post-Trespasser,1
 No really the slowest burn ever,1
Strangers to Lovers,1
 Bisexual Character,1
Brainwashing,1
 Strangers Dating,1
 Post-Endgame,1
Alternate Universe - Canon,1
 Cutting,1
 Fall of Arlathan,1
 Canon Era,1
 ALL the UST,1
 Alternate Universe - Star Wars Setting,1
 Chatting & Messaging,1
Fix-It,1
Blow Jobs,1
 Vampires,1
lion!cullen,1
 High highs,1
 Solavellan,1
 Impregnation,1
 he tried,1
 Meeting the Parents,1
 Break Up,1
 Uthenera,1
 References to Voyeurism,1
 Elf-centric,1
 gesticulating with ham,1
 Trans Male Character,1
 Winterfest,1
Dragon Age: Inquisition - Freeform,1
 Zero Relationship Skills,1
 Declarations Of Love,1
 Dead Dove: Do Not Eat,1
 Background Relationships,1
 Thedas Language Project,1
 Tent Sex,1
 Slow To Update,1
 Don't Judge Me,1
 more and more canon divergence,1
 Blasphemy,1
 Non-Sexual Intimacy,1
 The Dog is called Cat,1
 Red Templars,1
 Past Relationships,1
Schmoop,1
 Assisted Suicide of Minor Character,1
 And damn is he sexy while doing it,1
 Languages and Linguistics,1
 Descriptive Tattooing Scene,1
 Extramarital Affairs,1
 Tumblr Prompt,1
Unresolved Sexual Tension,1
 maybe some eventual smut,1
 Dorian absolutely and most certainly not being completely in love,1
 corporal punishment discussion,1
 except in Bull's pants,1
 Minor Canon character death,1
 Alternate Universe - College/University,1
 Demisexuality,1
 former pleasure slave Dorian,1
 Dorian Using Bull's Horns For Target Practice,1
 Dorian is a dragon,1
 Pre-Canon,1
 Ear Kink,1
 Future Fic,1
Internalized Homophobia,1
 Multimedia,1
 angst is in chapter 2,1
 Dorian is like a Tevinter Malcontent magnet,1
 Female Gaze,1
Alternate Universe one and all,1
 Physically Impossible Love Child,1
 Accidental Pregnancy,1
 Suggestive Themes,1
 Evolving Complicated Polygonal Romantic Configurations,1
 Fairy Tale Retellings,1
 intentional vagueness regarding the Calling,1
 thigh fucking,1
 Regret,1
 From Sex to Love,1
 Vivienne being lovely,1
Fenders,1
 Dorian in Shining Armor,1
 Things are not as they seem,1
 Hawke is a BAMF,1
 (Please Take Care When Waking Someone With PTSD Please),1
 Plot Spoilers,1
 Grey Wardens,1
 Female Lavellan/Fenris - Freeform,1
 Female Bilbo Baggins/Kili - Freeform,1
 Adoption,1
 Misunderstandings,1
 Confessions,1
 Dorian's terrible self-esteem,1
 hidden past,1
 Blades of Hessarian,1
 ok ok I promise there's a happy ending,1
 control play,1
 AU IS ACTUALLY AU,1
Angst mixed with humor,1
 bond,1
 Omega Verse,1
 for the record,1
 SO MUCH ANGST DAMN,1
 Horrible childhood friends,1
 Crucifixion,1
 Coitus Interruptus,1
 Rescue Missions,1
 Oral Fixation,1
 non-sexual kink discussion,1
 Alternate Universe - Edwardian,1
 Cullen romance,1
 what the heck spoilers for the whole game to be safe,1
 Solas Screws Up,1
 awkward in general,1
 Secret Baby,1
 Multiple Partners,1
Pregnancy,1
 Horn Balm,1
 torture is in chapter 2,1
 Dicks and Sass,1
 Following the Qun is hard yo,1
 Vaginally Explicit,1
 Because Cullen is sexier killing things than brooding over a desk,1
 All the banter,1
 watchwords,1
 Friends With Benefits,1
 R-E-S-P-E-C-T,1
 ALL THE CONSENT,1
 BioWare,1
 Name-Calling,1
 Fall of Elvhenan,1
 and everything is fluff and hipster coffee,1
Explicit Sexual Content,1
That fic where a chess game escalates rather abruptly,1
Virginity,1
 Magic-Users,1
 lots of swearing,1
 Alternate Universe - Royalty,1
 Discussion of the L-Word,1
 Spanking (discussion),1
 GO AWAY I AM CHEATING ON YOU WITH SOLAS,1
 Restraint,1
 The Author Regrets Nothing,1
 domestic bdsm,1
 happy ending guaranteed,1
 Makeup Sex,1
temporarily mute Dorian,1
 lots of booze too,1
 Cole is a cinnamon bun,1
 Silly,1
 Not Trespasser Compliant,1
 Hair Washing,1
 Templars,1
 Scratching,1
 Kid Fic,1
 past Anders/Male Hawke - Freeform,1
 Bar Room Brawl,1
 Dorian Pavus's Shitty Past,1
 No Trespasser Spoilers,1
 BAMF Bilbo,1
 Felching,1
 brief sexual assault,1
 Fun,1
 How bad does the Inquisitor want to be,1
 now with art,1
 Bull Needs To Remember Dorian Can Kick His Ass With Magic,1
 Bath Sex,1
 Tevinter Imperium,1
 Cullen Has Issues,1
 Subverted,1
 Kitchen Sex,1
 Slut Shaming,1
 Families of Choice,1
 The Gallows,1
 Dueling fiances,1
Desire Demon(s) (Dragon Age) - Freeform,1
 Cullen's Personal Quest spoilers,1
 Did I Mention The Drinking,1
 Heavy BDSM,1
 kink meme fill,1
 (TBH Celene's White Enough For Both of Them),1
 Slight Canon Divergence,1
 Bullying,1
 Courtship,1
 Mostly Cullrian with minor Adoribull,1
 other chapters are pretty chill,1
Dragon Age II Spoilers,1
 Extended Scene,1
 Best Friends,1
 Anders Gives the Hugs,1
 Minor Trespasser Spoilers,1
Quest fic,1
 Platonic Soulmates,1
 female inquisitor - Freeform,1
 Animal Rescue,1
 canon typical imprisonment,1
 Arguing,1
 mild nudity,1
 Peeping,1
 Epic Battles,1
additional tags,1
 Project Elvhen,1
 Orgasm Delay,1
 Thilbo,1
 Broody elves,1
 Not so mild post-angst smuttiness,1
 Not Everyone In The Chantry Sucks But Some of Them Really Do,1
 Bathing/Washing,1
 though he tried,1
Diary/Journal,1
 Incomplete,1
 Bad Parenting,1
 Kirkwall,1
 Young Solas,1
 Scheming,1
 a making-it-work-despite-our-differences fic,1
 Intrusive Thoughts,1
 Everything is Beautiful and Everything Hurts,1
 Attempted Brainwashing,1
 Wicked Eyes and Wicked Hearts,1
 Iron Bull Is a Good Bro,1
 Domestic Fluff,1
 Bull's Thighs Are Amazing And I Will Continue To Describe Them In Graphic Detail,1
 Ancient Elves Causing Mayhem,1
 Tattoos,1
 Porn with Feelings,1
 Dragon Age: Inquisition Crossover,1
Drunkenness,1
Rape/Non-con References,1
 Modern Day OCs in Thedas,1
 Bloodplay,1
 Dorian's Going to Regret Letting Cole Ask Him Questions,1
 Dorian's Butt Is Not A Pillow Bull,1
 Self-Acceptance,1
 Cinderella Elements,1
 Restraints,1
 How to be an Elf,1
 Dish,1
 Sounding,1
 Slight Taste of Despair,1
 Cullen battles demons,1
 Racism,1
 Angsty Schmoop,1
 Warning: Awkward Flirting,1
 Hope,1
 Possession,1
 mention of conversion therapy,1
 Discussion of Abortion,1
Dom/sub,1
 Assassins,1
 Say It Again,1
 tie-in,1
 so many Tevene,1
 Author Feasts on your Tears,1
 Incubus Dorian,1
 i can't believe i wrote it,1
 Detective AU,1
 surprisingly no nugs,1
 Bickering,1
 Fluff that somehow snuck in there,1
 have we all forgotten that Inquisition is a dirty word,1
 Alternate Universe - Canon,1
 Hawke's war hammer weighs more than she does,1
 gratuitous interior design,1
 Pain,1
 Malefica Imperio,1
 Vignette,1
 References to Abuse,1
 Spirit Fambly,1
 BDSM (discussion),1
 Rhapsody: It Makes an Ass of You and Me,1
 Non-Canon Relationship(s) - Freeform,1
 Ignores canon and timeline as the mood strikes,1
 Alpha/Beta/Omega Dynamics,1
 Adaar is in love with Krem and Krem is oblivious,1
 Unrequited/background Cullen x Krem,1
 Angst but not too much?,1
 Female Friendship,1
 heavy handed metaphors,1
 Dialogue-Only,1
 Dorian Pavus Is Sick Of Your Shit,1
5 Times,1
 Coming Untouched,1
 Amatus,1
 Fade,1
Post-Canon,1
 Loss of Virginity,1
 Espionage,1
Canon What Canon,1
 Changing Tenses,1
 May or may not all become full fledged stories someday,1
 Feral Behavior,1
 Physical Abuse,1
Safeword Use,1
 supportive inner circle,1
 bad assery,1
 Hawke is a Magister,1
 Mating Bond,1
 Drunken Flirting,1
 Hints of Dorian Pavus/Cullen Rutherford,1
 Foolish,1
 because of Evelyn's and Sera's shenanigans,1
 Yeaahhhh there'll be smut,1
 Plot Twists,1
Sexual Content,1
 companion!AU,1
 NSFW,1
 Elemental Magic,1
 how to fight a dragon in the nude,1
 Inquisition spoilers,1
 Strained Relationships,1
 ambiguous timeline,1
wow this took way too fricken long,1
 Breaking Poor Defenseless Beds,1
 MMORPGs,1
 happy crying,1
 canon-typical reference to slavery,1
 booze,1
 Minor Female Hawke/Cullen Rutherford,1
 Drink it Away,1
 popular kid/nerd au,1
 Female Bilbo,1
 Sloooooooooooow Burn,1
 Death,1
 Assassination Plot(s),1
 Consensual Possession,1
 which surprises no one at all,1
 Anders is a BAMF,1
 Not very much of plot otherwise,1
 Implied/Referenced Brainwashing,1
 ok confirmed definite smut,1
 Ferelden Circle Tower,1
 i did it,1
 Secret Identity,1
 Food Kink,1
 and emotional feeding,1
 Soft Roleplaying,1
 so much cheesy romance,1
 gratuitous texting,1
 Masochism,1
 I don't have a PhD in Tagging,1
 Next Stop Hell,1
 Miscommunication,1
 Mentions of dub-con,1
 Fenris? Fuck that guy,1
 and Templar abilities have further uses,1
 HAS AN OBNOXIOUS MYSTERY ELEMENT,1
 Self-Denial,1
 Modern Boy in Thedas,1
 Id Fic,1
 Mages vs. Templars,1
 Inquisitor Anders,1
 and for real this is long and development takes time,1
 so many elves,1
 Throne Sex,1
 Coming of Age,1
 vulnerable,1
 and gals,1
 Witches,1
 Because Cullen gets all the happy endings,1
 Qunlat wildly made up,1
 Public Display of Affection,1
 temporary disability,1
 Minor Canon Divergence at Deep Roads,1
 Sort of anonymous sex?,1
 Low lows,1
 Past Torture,1
 now with smut,1
 Post-Game,1
 Polyamory Negotiations,1
 Includes ART!,1
 Touching,1
 Master Pavus,1
 Pregnancy,1
 Anal Plug,1
 headcanons,1
 Strength Kink,1
 Denial of Feelings,1
 Hair Kink,1
 Implied Consent,1
 First Time Topping,1
 Mildly Dubious Consent (due to characters drinking prior to sex),1
 Literally And Figuratively,1
 most likely,1
 Fumbling,1
 Magical Restraint,1
 Darkness,1
 Whipping,1
 Problematic and played straight,1
 Major canon divergence,1
 Issues Were Had by All,1
 Magister Hawke,1
 Fisting - Fenris style,1
 Don't say I didn't warn you,1
 Redemption,1
Slice of Life,1
 Alternate Universe - Pre-Canon,1
 (Not Lesbians),1
Blood,1
 Partners to Lovers,1
 Druffalo Kisses,1
PWP,1
 No Spoilers,1
 Languages,1
 A lot of Elvhen History,1
 Switching,1
Service,1
 Sexual Violence,1
 Love Letters,1
 papa!Bull,1
 Cullen and Sera are bros,1
 Tragedy/Comedy,1
 Stereotypes,1
 long fic,1
 Poor Blackwall Never Catches a Break,1
 maybe some eventual fluff,1
 Gonna be Halla Long,1
 Painplay,1
 So Many Relationship Parallels That The Author Is Choking From Her Own Pretentiousness,1
 did I mention slow burn?,1
Wax Play,1
 Orlais' crush on Cullen,1
Reunion Sex,1
 realities of war,1
 dom/sub dynamics,1
 past slut-shaming,1
 Broken Bones,1
 Now with art! :)),1
 Personal Demons,1
 Post-Ending,1
 Ficlet Collection,1
 Abortion,1
 I regret the amount of quality time I have spent with the wiki page on Qunlat,1
 female human mage inquisitor,1
 Implied/Referenced Abortion,1
 Includes Art,1
 Art,1
 Presumed Dead,1
 Alistair is built srsly,1
 Mentions of past abuse,1
 Morning Sex,1
 Dreams and Nightmares,1
 bagginshield,1
 Mixed Fighter Lavellan,1
Sex Pollen,1
 Snowball Fight,1
 I tease too much,1
 no one is ever drunk enough for this,1
 SSC,1
 mostly canon,1
 Non-Explicit Sex,1
 Some angst?,1
 Alternate Universe - The Little Mermaid Fusion,1
 I try to at least buy canon dinner first,1
 Tragic Romance,1
 florist/tattoo artist au,1
 Impact Play,1
 Mild subdrop,1
 Hand Job,1
 Clamps - Freeform,1
Alternate Universe - Historical,1
 Please Note the Rating,1
 Cock & Ball Torture,1
 Crush at First Sight,1
 Fairy Tale Elements,1
 Sarcasm,1
 Insecurity,1
 Mild Humiliation,1
 Master/Slave,1
 Clothed Sex,1
 Sappy,1
Mildly Dubious Consent,1
 Alternate Universe - Victorian,1
 POV First Person,1
 Several chapters include legitimate smut now,1
 Barebacking,1
 smoking mention,1
 Resistance,1
 au-ish,1
 Purple!Hawke Humor,1
 Assumptions,1
BAMF!Dorian,1
 Templars (Dragon Age),1
 magic?,1
 I am not a nice man,1
 Graphic Description,1
 Separation,1
 past dubious consent,1
 Wolf Like Lavellan,1
Elves,1
Rape Roleplay,1
 Poor Life Choices,1
 Alternate Universe - Arranged Marriage,1
 Post-Game(s),1
 Minor gore at the end of chapter six and throughout chapter seven,1
 Withdrawal,1
 Copycat Cole,1
 angst in chapter 10,1
 potential smut,1
 Actual Violence,1
 Dalish and Krem: Seduction Dream Team,1
 The Chantry,1
 Minor Female Hawke/Isabela - Freeform,1
 Dorian Being Dorian,1
 Phobias,1
Minor Character Death,1
 Crossover Pairings,1
 Emotional Hurt,1
 (Fortunately Dorian Is There To Remind Him),1
 References to Jane Austen,1
 Dominance & Submission,1
Fantasizing,1
 Manhandling,1
Costume Parties & Masquerades,1
 Contractor Iron Bull,1
 Waxplay,1
 you knew he would,1
 Significant Kneeling,1
Short,1
 Necromancy,1
 Letters,1
 Bilbo as Phoenix,1
 protective Krem,1
 Dad!Bull,1
 secret,1
 slight D/s,1
 any pairing other than solavellan is really minor,1
 Elvhen,1
 Lots of Food,1
 Chair Bondage,1
 he multitasks,1
 implied reference to past non-con threats,1
 Non-Explicit,1
 Silly Hawke,1
Praise Kink,1
 Mentions of Infant Death,1
 Hawke is hot and Fenris is mad about it,1
 Curses,1
 fucking fucked directly up,1
 Alistair Needs a Hug,1
 Dragon Age - Freeform,1
 the Hawke ass is legendary,1
 switch Bull,1
 High School AU,1
 Librarian Dorian,1
 dorian is trying very hard not to be moved,1
Formerly Tranquil Inquisitor,1
 Sensory Deprivation,1
 Brother-Sister Relationships,1
 if that's a thing,1
 Canon Divergent Sort of,1
 Bull is a jerk,1
 Soul Mate AU,1
 Dorian gets a Mabari,1
 Fluff and Crack,1
 poor self-esteem,1
 Past Sexual Abuse,1
Asexual Aromantic Inquisitor,1
 Trust Issues,1
 Cliffhangers,1
 DAMAGED GOODS: DO NOT SHAKE,1
 Weirdly Uncomfortable Smut,1
 BDSM Scene,1
 Again,1
 spoilers for the Hero of Ferelden plotline in Inquisition,1
 Prince of the Inquisition,1
 Solas POV,1
 Hawke Needs a Hug,1
 Is it bestiality if the 'bestial' one is fully sentient?,1
 Filling In the Gaps,1
 I think?,1
 Cullen and Bull are going to murder someone,1
 Bethany and Carver both live AU,1
 Implied/Referenced Torture,1
 or laugh,1
 Rape,1
 Thorin is Wolverine,1
 references to unhealthy SM dynamics,1
 Consensual Drugging,1
 (I just wanted a reunion),1
 Bestiality,1
 curtain,1
 an inordinate amount of alcohol,1
 Dismemberment,1
 Non-Trespasser AU,1
 Blood Lust,1
 everyone is a hot mess,1
 Inappropriate Penance,1
 Rival Relationship,1
 Alpha/Omega,1
 Fantasizing,1
 the usual suspects make an appearance,1
 Also fluff,1
 Romance Porn,1
 Handfasting,1
 Mouth-to-Mouth,1
 Minor Original Character(s),1
 Spoilers for trespasser in chapter 14,1
 Spoilers for trespasser in chapter 13,1
repost because Mav is an idiot,1
 Star-crossed,1
 Improper Use of Confessionals,1
 Binge Drinking,1
 Implied/Referenced Character Death,1
 Rough Oral Sex,1
Avvar Cullen,1
 Mirrors,1
 Slice of Life,1
 Mild Angst,1
 Fanart,1
 I'm not even going to pretend it won't be,1
 dominant cullen,1
 Graphic depiction of death,1
 Mage Fetish,1
 Nipple Piercings,1
Physical Abuse,1
 Outdoor Sex,1
 Canon Futzed,1
 King Alistair and Warden Queen origin,1
 FINALLY A KISS,1
 and also the lack of warnings,1
 romance novels,1
 I watch too much chopped,1
 But like seriously the slowest,1
 Lowtown alleys smell bad,1
 Top Iron Bull,1
 Leashes,1
 Drug Withdrawals,1
 Facials,1
Emotional Hurt/Comfort,1
 Passive Suicidal Ideation,1
 suggested reading,1
 190K words of UST,1
 Second person POV,1
 One Night Stands,1
 Hellspiral,1
 hurt comfort,1
 the usual (and some not so usual) suspects make an appearance,1
 Erotic Massage,1
 Past Addiction,1
 seriously so much fluff,1
 Wolf of Skyhold AU,1
 Baby Dorian,1
 That fic where Cullen failed at roleplaying in the bedroom,1
 Slightly inappropriate friendships,1
 Dreaming,1
 Giant Spiders,1
 The Lion of Ferelden,1
 Stayed,1
 Pregnant Sex,1
 slight AU,1
 ableist language in chapter 18,1
 Past Rape/Non-con,1
 Rivalry,1
 Occasional smut flareups,1
 Dom/sub Play,1
 so much UST,1
 plundering the Deep Roads,1
 Suggestive Flirting,1
 Cancer,1
 Partnership,1
 sorta - Freeform,1
Modern Character in Thedas,1
 commander cullen - Freeform,1
 Reconciliation,1
 Suicide,1
 SO MUCH FLUFF,1
 Superpowers,1
 Vomiting,1
 spoilers in the tags,1
 Under revision,1
 Alternate Universe - Superheroes/Superpowers,1
 Varric Is Not Oogling Cassandra's Legs,1
 sorry boos :(,1
 Consent Play,1
 Shakespeare references!,1
 The Most Delicate of Blood Kinks,1
 Self-Lubrication,1
Future Fic,1
 Ritual Sex,1
 Temper Issues,1
 Bodyguard,1
 this sounds like the start of a really bad joke (I promise it's not),1
 eventually,1
 Last Resort of Good Men,1
 gesticulating with dildo,1
 Sirens,1
 Depressing,1
 Bossy Bottoms,1
Forgotten One AU,1
 Assault,1
Missing Scene,1
 Past Suicide Attempt,1
 mostly not though,1
 Fake Kidnapping,1
Kid Fic,1
 Warden Bethany Hawke,1
 Sera Being Gross And Hilarious,1
 Templar Fetish,1
Rough Sex,1
Alternate Universe - Soulmates,1
 The Masked Empire,1
Humour,1
 Hangover,1
 Prickles,1
 Love isn't enough,1
 Merrill/Sera,1
 Unresolved Tension,1
 domesticity and dispute,1
 Modern Thedas is still very much Thedas,1
 Drabbles turned Cohesive Narrative,1
 Love Confessions,1
 Risk Aware Consensual Kink,1
 Captivity,1
 The Anchor HURTS,1
 Wolf Sex,1
 Prejudice,1
 Kitty Cullen,1
 Nugs,1
 OCD,1
 Cullen's past in Kirkwall,1
 not for the impatient lol,1
 Long lasting sex,1
 ALL THE SPOILERS,1
 Dalish-ness,1
 Eventual Reconciliation,1
 Avvar,1
 The Western Approach,1
 going commando,1
 the smut is here guys,1
 Poisoning,1
 Intimacy,1
 Fenders,1
 not finished,1
 Hair Pulling Kink,1
 Dorian is the best BFF,1
 bit o' angst,1
 but also a mother hen,1
 Additional Warnings In Author's Note,1
 Surprise Smut,1
 Red Lyrium,1
 Tooth-Rotting Fluff,1
 Magisters,1
 weird magic stuff,1
 Gore warning,1
 Tam Lin - Freeform,1
 Consent is Sexy,1
 Hurt No Comfort,1
 Anders has some fucking issues,1
 Here Lies the Abyss,1
 Near Death Experiences,1
 FaceFucking,1
 Vive la Revolution,1
 Poor Anders,1
 eventual love,1
 Civil Rights,1
 Past Domestic Violence,1
 Glass Prison,1
 Shapeshifting,1
 Cullen gets to leave HQ and actually do stuff,1
 Implied/Referenced Attempted Non-con/Rape,1
 Forced Silencing,1
 Female Bilbo Baggins/Fili - Freeform,1
 Omega!Cullen,1
 Orlesians And Spies And All That Shit,1
 MAGES. - Freeform,1
Only partially crack,1
 Massage,1
 major end-game spoilers,1
 so many puns,1
 canon typical abuse - past,1
 This is not the universe you were looking for,1
BAMFs,1
 Body Worship,1
 Self-Destructive Behavior,1
 Dating,1
 Edging,1
Eventual Smut maybe,1
 Escapism,1
 A wizard's staff's got a knob on the end,1
 Dehumanization,1
 Submission,1
 The Hanged Man - Freeform,1
Time Travel,1
 Fluffy,1
 Sharing Clothes,1
 Dorian is the greatest,1
AU,1
 Ballroom Dancing,1
 i wrote the tattoo artist/florist au,1
 Did I mention Headcanons?,1
 Donuts,1
 Plus Sometimes Cole,1
 sexless kink,1
 better living through headcanons,1
 the truth comes out,1
 Snotty pompous nobles,1
 female mage inquisitor - Freeform,1
 Dorian is slightly insecure,1
 Michel de Chevin's past,1
 unhealthy view of consent,1
 Survivor Guilt,1
 All Kink Is Sober,1
 I'm already judging me,1
 POV Solas,1
 Beloved and Precious,1
 Hawke in the Fade,1
 canon compliant sort of,1
 Past Lives,1
 Seheron,1
 Guilt,1
 Ostwick Customs,1
 Mistakes,1
an unconventional courship,1
Alternate Universe - Fairy Tale,1
Modern Characters in Thedas,1
 (Magnificent Though It Is),1
 Justice!Anders - Freeform,1
 Obsessed minor character,1
 past sexual harrassment,1
 The Trevelyans are jerks,1
 resistance to aftercare,1
 Dirty Orlesian letters,1
 torture in chapter four,1
 now with art!,1
 and Cullen loves it,1
 Stubborn,1
 Sex,1
 Cuddling & Snuggling,1
 Demonic Possession,1
 Deep Smut,1
 Agnostic Dalish Elf,1
 communication issues,1
 so much Qunlat,1
 Glory Holes,1
 Avvar Culture,1
 But Also Vivienne Just Being HBIC,1
Ficlet Collection,1
 Stay,1
 Slight self-loathing,1
 ok a little angst,1
 triggered anxiety,1
Breathplay,1
Top!Fenris,1
 Loneliness,1
 Inquisitor is a Badass,1
 One Night Stand,1
 Alternate Universe - Avvar,1
Noncanonical Character Death,1
 Also eventually,1
 Soul mate,1
 Home,1
 Awkward Flirting,1
 Dubious Consent: Alcohol,1
 lady trevelyan,1
 Canon Dialogue,1
Spanking,1
 Bull and Krem to the rescue,1
 Dream Smut,1
 Okay maybe too much,1
 The K-Word,1
 kilbo - Freeform,1
 Breasts,1
 Pet Play,1
Alternate Universe - Slavery,1
 Parenthood,1
Cats,1
 Mage Trevelyan - Freeform,1
 Boot Worship,1
 mage inquisitor,1
 lots of swearing I warned you,1
 and now sex,1
 Snowballing,1
 The Observer - Freeform,1
Dragon!Dorian,1
 Hair-pulling,1
 Crossover,1
 Slight Bondage,1
 No Inqusition,1
 Canon and AU elements,1
Letters,1
 And Completely Legitimate Uses Thereof,1
 fighting a dragon in your pjs,1
 Dalish Culture,1
 Transformation,1
 So Many Cameos,1
 First Time Bottoming,1
 Dorian with piercings,1
 single parent/teacher au,1
 Unrequited Anders/Hawke,1
 Passive Behavior,1
 let's talk about sex,1
 Body Horror,1
 long distance,1
 Wrong number,1
 but also fluff so...,1
 Punishment,1
 there's porn i swear,1
 Cameos,1
 Wake-Up Sex,1
 First Kiss,1
 He gets better eventually,1
Main Campaign,1
Priest Kink,1
 damage and baggage,1
 Shibari,1
spoilers for varric's personal quests,1
 Crossdressing (Humorous),1
 self-care,1
 like seriously slowest of the slow burns,1
 Multiple Sex Positions,1
Time Travel Fix-It,1
 Talking things over like grown-ups,1
 Orlais is too spicy for Cullen,1
 or something,1
 Filbo - Freeform,1
 See what I did there,1
 Horns,1
 Love/Hate,1
 Pining dorian,1
 Femdom,1
 Eventual relationship,1
 Discussion of Group Sex,1
 internalized prejudice,1
 Female Bilbo Baggins/Thorin Oakenshield,1
 covert self-harm,1
 Should I Mention Spoilers?,1
 Past Sexual Assault,1
 Canon Trans Character,1
 Harrowing,1
POV Second Person,1
 Sex Over a Barrel,1
 puns,1
 Klismaphilia,1
 Haven,1
 Sign Language,1
 Electricity Play,1
 Dragon Bilbo,1
 Non-Linear Narrative,1
 Child Death,1
 Plot What Plot/Porn Without Plot,1
 Comfort,1
 Roughhousing,1
 Extended Separation,1
 Self-Rescue,1
 sassy Anders,1
 Dysfunctional Relationships,1
 Fashion Backstory,1
 Sex Pollen,1
 bad memories,1
 f-bombs galore,1
Post-Game(s),1
 Firefighter AU,1
 POV Iron Bull,1
 Discussions of Sexuality/Transgender,1
 Fake Marriage,1
 Threesome,1
 Implied/Referenced Sexual Assault,1
Babysitting,1
 physical harm in chapter 10,1
 Cullen with long hair,1
 (No Whitewashing of Briala Here),1
 comical reference to self harm in chapter 8,1
 switch!Cullen,1
 Idk what else to put yet,1
 Fade Sex,1
BDSM,1
 (Do They Have Condoms In Thedas?),1
 Horn Stimulation,1
 Emotional/Psychological Abuse,1
 'an apostate and a warden commander meet at a crossroads',1
 Self-Hatred,1
 might not be for everyone,1
 Childbirth,1
 Martial Arts,1
 Cullen is a cynical bastard,1
 handjob,1
 Romantic Fluff,1
 this is so silly,1
 Secrets,1
 Dominance/submission,1
 The Chargers - Freeform,1
 Long-Distance Relationship,1
 fuck what even were the tags?,1
 nsfw chapter 16,1
 Or let's not,1
 Things that make me blush,1
 (kinda),1
 nerdy language stuff,1
 (tagging just in case),1
 Jealousy Will Drive You Mad,1
 Clit Stimulation,1
 And Other Shenanigans,1
 Opium Abuse,1
 BadComedian!Hawke,1
 Idiots in Love,1
 Adamant Fortress,1
Introspection,1
 precious emotionally stunted children,1
 Alternate Universe - Dragon Age Fusion,1
 Snarky apostates,1
 Feelings Porn,1
 don't worry Bull's got this,1
 The Magister's Birthright,1
 Face Slapping,1
 Obliviousness,1
 Female Protagonist,1
 omg,1
 Canon Hawke deaths,1
 and also Dragons,1
 Dalish,1
 Lactation Kink,1
 Dogs,1
Fitzwilliam Trevelyan,1
Dirty Talk,1
Friendship,1
 Things are gonna get hot up in here,1
 Companionable Snark,1
 Undue Influence,1
 Injury Recovery,1
 Stargate SG-1 - Freeform,1
 Feet Washing,1
 ALL ABOARD THE ANGST TRAIN,1
Dorian Pavus's Shitty Past,1
Trans Fenris,1
 Meditation,1
 Canonical Death Reference,1
 What Could Have Been,1
 Amnesia,1
 Bull manages a Stunt Crew,1
 Arabian Nights homage,1
 Father Figures,1
 bit of angst,1
 art!,1
 Hate Sex,1
 and I don't really think I can justify this fic further sorry,1
 Hawkewardness,1
 Kissing,1
 Comeplay,1
 learning to live,1
Alternate Universe - Assassins & Hitmen,1
 blood warning,1
 Playful Sex,1
Other Additional Tags to Be Added,1
 Mermaids,1
 Slow Dancing,1
 Additional Warnings Apply,1
 Sing for your Supper,1
 Angst and Hurt/Comfort,1
 ass-groping,1
 Non-Traditional Alpha/Beta/Omega Dynamics,1
 Elves! Elves! Elves!,1
 Original Character(s),1
 Mentions of Suicide,1
Misunderstandings,1
Prompt Fic,1
 the slowest of burns,1
 total power exchange (temporary),1
 Mind Games,1
 Skyhold Grand Tourney,1
 Song Lyrics,1
 human mage inquisitor,1
 Minor Andruil/Ghilan'nain,1
 Chess Metaphors,1
 PWP,1
 Alternate Universe - Modern with Magic,1
 Pirates,1
 video chatting,1
 Red is your Color,1
 Multi-Part Story,1
 In Game Dialogue,1
 with art!,1
 Protective!Iron Bull,1
Pining,1
 starts with porn ends with cuddling,1
 Married Life,1
 Mystery,1
 Busted,1
 Some angst eventually so watch out for that,1
Mother-Son Relationship,1
 The Deep Roads,1
 Secret!Mage!Trevelyan,1
 needy sex,1
 Not really. Fenris Needs a Hug,1
 Minor Dorian/Iron Bull - Freeform,1
 POV Multiple,1
 everyone hates Crestwood,1
 Non-Graphic Rape/Non-Con,1
 Ancient Elvhenan,1
 Because these poor souls deserve it,1
 Possible inability to have children,1
 Drunkenness,1
 And yes I know how that sounds,1
 Possible Romance,1
 man tears,1
 Soul Bond,1
 Modern Era,1
 Discussion of Bondage,1
Fairy Tale Retellings,1
Past Child Abuse,1
Drunk Sex,1
 Cullen means well,1
 falling in love with your best friend's partner,1
 Eventual Fluff,1
 inappropriate texting,1
 strangers texting,1
 Bull was never Hissrad,1
 Brandy Whiskey and Wine,1
 Sappy Ending,1
 Alpha!Dorian,1
 NO SERIOUSLY SPOILERS,1
What-If,1
 Deviates From Canon,1
 Self-Destruction,1
Sub Drop,1
 I hope I don't get jossed,1
 Profanity,1
 One Shot,1
 Somniari,1
 Wrestling,1
 Jaded Inquisitor,1
 Dorian is an Actor,1
 references to sex in chapter 7,1
Fake/Pretend Relationship,1
my first time posting,1
 Self-Loathing,1
 Paranoia,1
 Parent-Child Relationship,1
 As Kink Should Be,1
 Awkward Dates,1
 JUST KISS ALREADY,1
