 Angst,32
,28
 Romance,25
Crossover,25
 Fluff,17
 Humor,15
 Crossover,14
 Hurt/Comfort,13
Alternate Universe,12
 Alternate Universe - Canon Divergence,11
 Crack,9
 Fluff and Angst,9
 Time Travel,8
 Drama,8
 Adventure,7
 Alternate Universe,7
 Smut,6
 whouffaldi,6
 Emotional Hurt/Comfort,6
 Timey-Wimey,6
 Telepathy,6
Time Travel,6
Romance,5
 First Time,5
Crack,5
 Explicit Sexual Content,5
Hurt/Comfort,5
 Friendship,5
 Children of Earth Fix-It,5
 Marriage,4
 Humour,4
 back from the dead,4
 Oral Sex,4
 Swearing,4
Smut,4
 Telepathic Bond,4
 Canonical Character Death,4
 Reunions,4
Fluff,3
 Alcohol,3
 Epic,3
Family,3
 Family,3
 Sexual Tension,3
 Time Lords,3
 Telepathic Sex,3
 Chameleon Arch,3
 Alternate Universe - Canon,3
Humor,3
 Banter,3
 Action/Adventure,3
Alternate Universe - Human,3
Alternate Universe - Canon Divergence,3
 Amnesia,3
Alternate Universe - College/University,3
 Spanking,3
 Flirting,3
 Dom/sub,3
 Sexual Experimentation,2
 1960s,2
 Blindfolds,2
 Explicit Language,2
 Kitchen Sex,2
 Jack Harkness: Future Version,2
 Happy Ending,2
 Crossover Pairings,2
Children of Earth Fix-It,2
 Mildly Dubious Consent,2
 Angst and Humor,2
 Anal Fingering,2
 Slow Build,2
 Unplanned Pregnancy,2
 Parties,2
 Blow Jobs,2
Reader Insert,2
 Bad Wolf Rose Tyler,2
 satsouffl,2
 Bondage,2
 Suicide Attempt,2
 Bad Wolf,2
Multiple Crossovers,2
 Rough Sex,2
 Psychic Abilities,2
 Drug Use,2
 Time War,2
 Jack Harkness Flirts,2
Episode: s03e08-09 Human Nature/Family of Blood,2
 whouffle,2
Mpreg,2
whouffaldi,2
 Light BDSM,2
 Fix-It,2
 Child Abuse,2
 Shower Sex,2
 Threesome - M/M/M,2
 Alternate Timelines,2
 Coffee,2
 Orgasm Delay/Denial,2
Swearing,2
 Angst with a Happy Ending,2
Alternate Universe - Canon,2
Telepathy,2
Angst,2
 Jealousy,2
 PTSD,2
 SHIELD,2
 Sex Pollen,2
 Episode AU: s03e08-09 Human Nature/Family of Blood,2
 Magic,2
Fix-It,2
 Minor Character Death,2
 Sharing a Bed,2
 Pregnancy,2
 5+1,2
 Drunkenness,2
 Anal Plug,2
 Rape/Non-con Elements,2
 Fluff and Smut,2
 Panic Attacks,2
 Kissing,2
 Alternate Universe - Human,2
 Alternate Universe - College/University,2
 Pre-Canon,2
 Future Fic,2
Alternate Universe - Fusion,2
 tw: torture,2
 Rose is the Master,2
 Slash,2
 Slow Burn,2
 Mutual Pining,2
 Fobwatch,2
 Established Relationship,2
 Series 3 with Rose,2
 Food Porn,2
Friendship,2
 Ridiculousness,2
 Past Abuse,2
 Anal Sex,2
 Crossovers & Fandom Fusions,2
Unplanned Pregnancy,2
 Epsiode Fix-it: s02e13 Doomsday,2
 Babies,2
 Alternate Universe - Fantasy,2
 Gun Violence,2
 Tony Stark Needs a Hug,2
 One Shot,2
AU,2
 Kid Fic,2
 Christmas,2
 Deaf Clint Barton,1
Age Regression,1
 Moving On,1
 so much fucking fix-it,1
 sorry Morgz,1
Unrequited Love,1
 future canon compliant,1
 Awkward Flirting,1
 Bottom Doctor,1
 fob-watch,1
 Gratuitous use of dubious canon,1
 Jack's Kiss Of Life,1
 Crack Pairing,1
band au,1
 the doctor dissaproves,1
  | Russian,1
 Nobility/Servants,1
 Past Alcohol Abuse/Alcoholism,1
 CAUSE LOOK AT ALL THE FUCK I GIVE,1
 Genocide,1
 so much drama,1
 every time i try to fix the tags i just fuck them up even more,1
 Action,1
 Aftercare,1
 the authors regret nothing,1
 Polyamory,1
 Dragons,1
 Aggressive Doctor,1
 Episode Fix-It: The House of the Dead Audio Drama,1
 Nurses,1
 Fluff and Crack,1
 Pneumonia,1
 Sally and Donna and even Martha kind of ship it,1
 Woman on Top,1
 slow-burn angst,1
 Spoilers,1
 she's an enabler,1
 Families of Choice,1
 that's the plan,1
 Whovengers,1
 Will Knows,1
 Community: mpregbigbang,1
Tony!Timelord,1
 The Doctor is Clara's teacher,1
 and vastra and jenny are too in love to get involved in this shit,1
 Episode Remix,1
 New Doctor (Doctor Who),1
 ramone keeps getting in the way,1
 Castiel Does Not Understand,1
 Wibbly-wobbly timey wimey,1
 Oh come on though,1
set in season 8,1
 Post-Episode: 2014 Xmas Last Christmas,1
 Bullying,1
 sick reader,1
 Hypervodka,1
 Post-Break Up,1
 Team Free Will,1
 Bonding,1
Twelfth Doctor Era,1
 Slavery,1
 Jack Harkness: Time Lord,1
 Character Insert,1
 but there's a mostly happy ending okay?,1
 Sherlock Holmes and Experiments,1
 Accidental Marriage,1
dinerAU,1
 Sherlock Holmes and Feelings,1
 Knifeplay,1
 Alien Planet,1
 THIS STORY LIVES BITCHES,1
 almost-linear River/Doctor,1
 Stress Relief,1
 Body Worship,1
 Podfic Available,1
 Sabriel - Freeform,1
 Sex,1
 Cuddling & Snuggling,1
 Drug Abuse,1
 Kitty - Freeform,1
 Queer Themes,1
 Neighbours AU,1
 Jack Ships Stucky,1
 Alternate Universe - Restaurant,1
 Food Critic,1
 Circular Causality,1
I don't even know where this piece came from,1
 clara is a cockblock,1
 Friends to Lovers,1
 Light Dom/sub,1
 Paris (City),1
 Steve Can't Get Drunk,1
 Ianto Jones: Future Version,1
 Master of Death Harry Potter,1
 Mutants,1
 Vitex Heiress,1
 Wincestiel - Freeform,1
Tumblr Prompt,1
 Unresolved Sexual Tension,1
 new york is a mess,1
 Purgatory,1
 Torture,1
 Epic Battles,1
Character Death Fix,1
 Orgasm Control,1
 Alternate Universe - Tattoo Parlor,1
additional tags,1
 Double Penetration,1
 Courtship,1
 Post-Episode: s07e05 The Angels Take Manhattan,1
 Hurt Tony Stark,1
 first-ish time,1
 Father-Daughter Relationship,1
 the doctor is having none of Hannibal's shit either,1
 mentions of drug use,1
 Pre-Series,1
Banter,1
 Sentimental fluff,1
 frequent creative eviscerations of public servants,1
 Public Blow Jobs,1
 possibly owen bashing,1
 PWP(ish),1
 Domestic Avengers,1
The God Complex,1
 Time Travel Fix-It,1
 Master of Death!Harry,1
 Implied/Referenced Cheating,1
 we don't need no stinkin' canon,1
 Pre-COE,1
 Post Season/Series 07,1
 but jack makes it better,1
Sex in a TARDIS,1
 Surprise Kissing,1
 The Master instead of Rose Tyler,1
 Food Sex,1
 Sassy Tony Stark,1
 there's a baby in the final chapter,1
 So much angst,1
out of order first time,1
 Divorce,1
 Parenthood,1
 Horcruxes,1
 This is not as depressing as it sounds,1
 Short & Sweet,1
 Libraries,1
 COMPUTER CRASHED,1
 Hugs,1
 Game of Thrones - Freeform,1
 One crossover per chapter,1
 Domestic Fluff,1
 Fourth Doctor - Freeform,1
 Devil May Cry 3,1
 Cute,1
 Flat Holm,1
Slash,1
 like whoa all the canons very divergent such AU,1
 Sensory Deprivation,1
 dinosaurs are awesome,1
major character deaths,1
 Confused Sherlock,1
 Alien Rituals,1
 Good Loki,1
 Protective Steve,1
 BAMF!John,1
Kid Loki,1
Superwholock,1
 Violence,1
Doctor Who Crossover,1
 Episode Fix-it: s04e08 Silence in the Library,1
Episode: s03e12-e13 The Sound of Drums/Last of the Time Lords,1
Burglars,1
First Time,1
Stopwatches,1
 Punishment,1
 Age Difference,1
 Chance Meetings,1
 E for later chapters,1
 commission,1
Pregnancy,1
 stark parties don't stop,1
 Christmas Tree,1
Year That Never Was,1
 Foot Jobs,1
 Sounding,1
 Post-Avengers (2012),1
 Jack's Missing Years,1
 AU!humanverse,1
 Pre-Episode: s07e06 The Snowmen,1
 Misuse of technology,1
 sass overload,1
 Class Differences,1
Canon Compliant,1
 Sassy Harry,1
 First Dates,1
 Implied/Referenced Rape/Non-con,1
 in which twelve and river are divorced and pining,1
Deviates From Canon,1
 Deus Ex Machina,1
 Mention Of Suicide Attempt,1
 crossovers,1
Ficlet,1
 Fobwatched Time Lord,1
 Time Lord!John,1
 Torchwood Season Two Doesn't Happen,1
 Surprise Pairing,1
 Time Lord Rose,1
 The Problem of Susan,1
 AUs,1
 Hot Tub Sex,1
 Innuendo,1
 Dark Doctor (Doctor Who),1
 Kind of AU as of Clara's time,1
 Reader-Insert,1
 He just plays video games and snarks,1
 Between Seasons/Series,1
malcolm x clara,1
 those were dates,1
 Really Minor Crossover,1
 Abandoned Work - Unfinished and Discontinued,1
 Drugs,1
 Terrible Metaphors,1
 Reincarnation,1
 Mother-Daughter Relationship,1
 Science Fiction,1
 Sidekicks,1
Post-Traumatic Stress Disorder,1
 preslash,1
 Babyfic,1
 Time Babies,1
 Hermann Gottlieb is Owen Harper,1
 Eventual Smut,1
 the character 'Trey MacDougal' is an alias but he is not an OC either just fyi for those reading,1
 Character Study,1
 Pudding,1
 1950s,1
 Sparks,1
Aliens,1
 Lemon,1
 Alien Cultural Differences,1
 Community: fan_flashworks,1
 Post-Traumatic Stress Disorder - PTSD,1
 Immortality,1
TW: Violence,1
 Cameos,1
 Alcohol Abuse/Alcoholism,1
 rationing,1
Anal Sex,1
 Flogging,1
Author's Favorite,1
 Pre-Slash,1
 Road Trips,1
Reunion,1
 Moffat-style Eleven,1
 Temporary Character Death - Jack Harkness,1
 ridiculous unindexable collection,1
 Sex in a Car,1
 Comfort Sex,1
 Episode: s05e04 The End,1
 politically crossed lovers,1
 Suit Porn,1
 Women Being Awesome,1
 which is the beauty of fanfic,1
 Time Lords and Ladies,1
Human!Master,1
Time Lord!Ianto,1
UNIT vs SHIELD,1
 cloning,1
Temporary Character Death,1
5 Times Plus 1,1
 Shamelessness,1
 Teasing,1
 Infinity (Marvel),1
Azkaban,1
 Mental Health Issues,1
 Siblings,1
 Classic Doctor Who References,1
 LOST References,1
Historical,1
 Femdom,1
 Fantasy,1
time loops,1
Wholock,1
 this started out as a 5 and 1,1
 but if you like Malcolm Tucker,1
 I Tried,1
Time Lords,1
 Plotty,1
 trials and weddings are remarkably similar when you really think about it,1
 Melody Malone - Freeform,1
 AU,1
 implied sex,1
 imagine,1
 Loss of Virginity,1
 Werewolf Sex,1
 Vaginal Fingering,1
Explicit Sexual Content,1
 sub!jack,1
 Rescue,1
 Cunnilingus,1
 Alternate Universe - 1960s,1
 I've never seen Supernatural,1
 Angsty Undertones,1
 Car Sex,1
 Married Couple,1
 weird science,1
Implied/Referenced Rape/Non-con,1
 Sub!Dean,1
 Fifth Doctor - Freeform,1
 Older Man/Younger Woman,1
 Psychic!Ianto,1
 War Doctor - Freeform,1
 Time Lord!Harry,1
 Character Death,1
 Feelings of Insignificance,1
 Confusing Jack Harkness,1
 Car Accidents,1
 Post-Children of Earth (Season 3),1
Community: eleventy_kink,1
 Alternate Universe - Fusion,1
 Doctor Who as a plot device,1
Emotional Hurt/Comfort,1
 Alternate Universe - Roommates,1
 Kneeling,1
 Alternate Universe - High School,1
 Not Actually Unrequited Love,1
 Destiel - Freeform,1
 Ianto and Phil Are Not Who They Seem To Be,1
 One Night Stands,1
 Anal Hook,1
 Beach Sex,1
 Tragedy,1
The Master as a companion,1
 Sibling Incest,1
 Archaeology class,1
 Reader Insert,1
 super mega crossover,1
 Soulmate-Identifying Marks,1
 Light Angst,1
 Reunion Sex,1
 Rebound Sex,1
 Karaoke,1
 Jack Harkness: Past Version,1
 Tumblr Prompt,1
Alternate Universe - Road Trip,1
 timelord!John,1
 but it should be fine,1
 Life On Mars References,1
Episode Tag,1
frienship,1
 Episode Fix-it: s04e13 Journey's End,1
 Manipulative Nick Fury,1
 Jim Kirk is a metal-bending mutant,1
 Unconventional Families,1
 Nightwatch,1
 Pie,1
 Mention of abuse,1
 Nobility,1
 helicarrier battles,1
 Alternate Universe - Harry Potter Setting,1
 Sad,1
 tw: drowning,1
 seriously,1
 Alternate Universe - Historical,1
 the Doctor is not involved in the non-con elements even though he does have a darker personality,1
 I'm Sorry,1
Gwen Bashing,1
 Casual Sex,1
 Plotless,1
 Death,1
descriptions of blood/gore,1
 human AU,1
 Pillow & Blanket Forts,1
late Christmas present,1
 treated all too seriously,1
 Companions,1
 Missy starts at Chapter 19,1
 Year That Never Was,1
BDSM,1
 GITF rewrite,1
 Wizards,1
 dub con snogging due to drunkenness,1
 Fairies,1
 The Master of Death and the Doctor as epic bros,1
 Ianto's dad sucked,1
 so much cursing,1
 bondage!twelve,1
 OH SHIT! I DID A THING!,1
 Rivalry,1
 Tarsus IV,1
 Multiple Crossovers,1
 Post-Canon,1
 bittersweet thoughts on the approaching end of life,1
 Playing Doctor,1
 Epistolary,1
 Medical,1
 semi-apocalyptic,1
 Post-Coital Cuddling,1
 TwelveWhump!,1
 Superwho,1
 that works on so many different levels,1
character death (not Ianto),1
 Alternate Universe - Roommates/Housemates,1
 Sex Games,1
 i don't like either of them so it's hard to tell but the bashing isn't intended sorry,1
 Wine,1
 Sick Tony Stark,1
 Eleventh Doctor Era,1
 Pining,1
 Demon Dean,1
 Alternate Canon,1
 Incest,1
 Fatherhood,1
 Time Agency,1
 Marauders,1
 Reconciliation,1
 Cheating,1
 BEST BELIEVE,1
Episode Fix-it: s04e08 Silence in the Library,1
 Chair Sex,1
 Community: norsekink,1
 Lime,1
 Consensual Sex,1
 Geeky,1
 writing improves over time i promise,1
 co-writing late at night makes us a little goofy,1
 Canon divergent,1
 Jack's Past,1
 Office Sex,1
Professor!River,1
 archivists,1
 WTH brain...,1
 more tags to be added later,1
 Community: intoabar,1
 Abduction,1
 I guess this is technically an AU now?,1
Amy and Rory appear in Chapter 5 only,1
Episode AU: s02e13 Doomsday,1
Plot What Plot,1
 Chatting & Messaging,1
 Community: avengerkink,1
 possibly gwen bashing,1
Series 2 UA,1
Dysfunctional Family,1
 Biting,1
 I'm so sorry,1
 TARDIS - Freeform,1
 Weddings,1
 I'm Bad At Summaries,1
Drabble Collection,1
 Licking,1
 Romance if you squint,1
 Smuff,1
 Episode Fix-It: s04e17-18 The End of Time,1
Morning Sex,1
 Crack Crossover,1
Superwho,1
 Face Slapping,1
 Hell,1
 Communication Failure,1
References to Suicide,1
 Alternate Universe - Flower Shop,1
 Ninth Doctor - Freeform,1
 Manipulative Hannibal,1
 Episode: s01e05 Small Worlds,1
 someone needs to save me from my brain,1
 Comedy,1
 Second Chances,1
 What Have I Done,1
 Character Development,1
 takes place during series 7B,1
 Series Spoilers,1
 AU - whoverse,1
 what is this I don't even,1
 Post-Episode: s01e04 Cyberwoman,1
 service submission (in the newest chapters),1
 trigger warning,1
 excessive introspection,1
 hint.....it's zero,1
 Loki Needs a Hug,1
 Stargate Makes An Appearance,1
 comic misunderstandings,1
World without stars,1
 Weeping Angels - Freeform,1
 Nick Fury is Not Amused,1
 Virgin Castiel,1
 fun with dr who references,1
 slightly cracky,1
Outrageous Flirting,1
Captivity,1
 those weren't schemes,1
 Experimentation,1
 Nipple Clamps,1
 Ambiguous/Open Ending,1
 Alternate Universe - Rock Band,1
Additional Warnings In Author's Note,1
 Season/Series 01,1
 Season/Series 03,1
Alternate Universe - Soulmates,1
 Dementors,1
 Tony sometimes sleeps his way through time and space,1
 Top Jack,1
 Dean is having none of Hannibal's shit,1
 Wedding Night,1
 Leadership,1
 Episode: s03e03 His Last Vow,1
 alternate series 3,1
 Possessive Behavior,1
 picnic without food,1
 but also the condesce vs everyone,1
 ALL WORKS ON HIATUS UNTIL CAN BE REPLACED,1
 Jealous Bucky,1
 past meeting future,1
 Marriage Proposal,1
 Alternate Universe - 1950s,1
 spoilers for the episode as well,1
 Epicness,1
 Alien Biology,1
 Robot Sex,1
 Silver Fox Lestrade,1
 BDSM,1
 Hate Sex,1
 Identity Porn,1
 5+1 Things,1
 Male-Female Friendship,1
 Ignore the events of the Christmas special,1
 Handlers,1
 Hypnosis,1
 spot the references,1
 Mild Hurt/Comfort,1
Adventure,1
 Servants,1
Alternate Universe - Doctor Who,1
 Rating increased for events in chapters 6 & 15,1
 Virtual Season/Series,1
 Impala,1
 enamored!Ten,1
 Mpreg,1
 you already knew that,1
Episode: s07e01 Asylum of the Daleks,1
 Episode: s04e10 Midnight,1
Rockstar AU,1
Memory Loss,1
 Harry is an avenger,1
 Inflicting Pevensies on People,1
Alien Planet,1
 Drabble,1
 Retirement,1
Porn,1
 Coulson is the God of Badass Secret Agents,1
Fandomstuck,1
 Prison,1
 Light Bondage,1
 Owen secretly cares about our little teaboy,1
 idk blame bree,1
 Adorable,1
 Extensive references to Old!Who,1
 Alternate Universe - Modern Setting,1
 Hunters & Hunting,1
 Original Character(s),1
 Loki Angst,1
 sub Doctor,1
 great houses au,1
 commentfic,1
 Anal Fisting,1
 Episode: s02e12 Army of Ghosts,1
 Regency,1
 Novel,1
 Bickering,1
 Season/Series 08 Spoilers,1
Human Doctor (Doctor Who),1
Tags to be added as necessary,1
 Abuse of an armchair,1
 5 Things,1
 all the avengers are basically big babies and can't take care of themselves,1
 Sweat,1
Whoffaldi,1
 Warning: Loki,1
 Cockles,1
Series 1 AU,1
Big Bang Challenge,1
 Past Torchwood,1
Gallifrey,1
 Doppelganger,1
 Life After the Doctor,1
 florist/tattoo artist au,1
 Inanimate Objects,1
 sick,1
 SHIELD Agent Darcy Lewis,1
 Post-Mission,1
 tw: still birth,1
 i should not be permitted to promote my own works,1
 Detective Inspector AU,1
 Team Dynamics,1
 Dubious Consent,1
 basically everyone shows up at one point or another,1
 Misunderstandings,1
 Triboelectric,1
 Wordcount: 50.000-100.000,1
 Beyond the Rift,1
 request,1
Multiple Doctors - Freeform,1
Work In Progress,1
 unscrupulous horny shrub women,1
 Smuggling,1
Misses Clause Challenge,1
 Sexual Content,1
Pining,1
Alternate Universe - Time Travel,1
 Dom Jack,1
 Harry Potter Has a Saving People Thing,1
Amor Vincit Omnia,1
Soulmates,1
 cuddlecore,1
 Avengers Feels,1
 Just to warn you,1
 happy fic,1
 Mystery,1
 Suicidal Thoughts,1
 BAMF Harry Potter,1
 Metallokinesis,1
 Angry Sex,1
 Requests,1
 (Temporary) Character Death,1
 Avenger Harry Potter,1
Ianto Jones: Immortal,1
 Post-His Last Vow,1
Non-Consensual Drug Use,1
 Masterbation,1
 Episode Tag,1
 Grief/Mourning,1
 All pairings are background or only mentioned,1
 Unresolved Romantic Tension,1
 Dom!Cas,1
 Infinity Gems,1
 Alternate Universe - Steampunk,1
 Metalbending & Metalbenders,1
 Other familiar faces will make their apparition,1
 Nests,1
 Relationship Study,1
 The TARDIS - Freeform,1
Drabble,1
 my baby,1
Sex Pollen,1
Colepaldi,1
 Immortals in Space,1
 future!fic,1
Wholock with a twist,1
 Hate Speech,1
 Naked Cuddling,1
 Darcy is Grace Holloway's daughter,1
 Hurt Ianto Jones,1
 clara x malcolm,1
 Excessive quoting,1
 five things,1
 Episode: s01e07 Greeks Bearing Gifts,1
Lemon,1
 I'm Serious,1
 Eating Disorders,1
 Sex Toys,1
 Mentions of attempted suicide,1
 Wing Kink,1
 flatmates to friends to lovers,1
 Hannibal is a Cannibal,1
 Handcuffs,1
 Doppelcest,1
 TW: Blood,1
 Eleventh Doctor Era (Revisited),1
Doctor Who Secret Santa,1
 We Are Tiny (the Universe Is Large),1
 Episode: s01e03 Ghost Machine,1
 Angst and Fluff,1
 Imaginary Friends,1
 this is all tumblr's fault,1
 vaguely downton abbey,1
 no really,1
 Abuse of Italics function,1
 take a shot every time you spot a canon reference,1
 Dmons,1
 sort of,1
 when I can think of them,1
 Doctor!Tony,1
 Hot Tub,1
 Team TARDIS,1
Shameless Smut,1
 Magical Artifacts,1
 outsider pov,1
 Lust Potion/Spell,1
 Robots,1
 I'm also playing fast and loose with Doctor Who canon,1
 Timey Wimey,1
 Marauders' Era,1
 Kilgrave is a monster,1
 Wooden Paddles,1
 Rock Stars,1
 Erik kidnaps Charles (for a terrible ordeal of tea and chess),1
 alien!darcy,1
 The Author Regrets Nothing,1
 Alternate Universe - Politics,1
 Hannibal is Hannibal,1
 for like the entirety of merlin,1
 TARDIS Coral,1
Darcy-centric,1
 interspecies smooches,1
 Submission,1
 Scientist!Ten,1
 AND DON'T BE COMPLAINING UP IN MY HOUSE ABOUT WHO I CHOSE TO WRITE ABOUT,1
 hints of ships but not really - Freeform,1
Fluff and Crack,1
5+1 Things,1
 Minotaurs,1
 Community: crossover_hp,1
 Aliens,1
 tw: preterm labour,1
 Alcohol Abuse,1
 Canon Gay Character,1
 Couch Sex,1
 for a change,1
 Mind Control,1
 Gwen Bashing,1
 Memes,1
 Time Loop,1
 off-screen adventures,1
 Drunken Flirting,1
 XReader,1
 Cooking,1
 but it gets better?,1
 Afghanistan,1
 References to Suicide,1
 1920s,1
 because the author is an idiot baby,1
 Ianto Jones: Not Dead,1
" You know he was totally going to say ""husband"" in Planet of Fire",1
 Falling In Love,1
 Semi-Public Sex,1
 Powerful Harry,1
 Owen doesn't actually work,1
Artificial Intelligence,1
 Time Tots,1
