 Fluff,29
 Angst,22
 Anal Sex,17
 Alternate Universe - High School,17
 Blow Jobs,16
 Smut,15
,13
 Peterick,13
 Alternate Universe,10
 Rimming,10
 Hurt/Comfort,9
Alternate Universe,9
 Eventual Smut,9
Alternate Universe - College/University,9
 Depression,9
 Pining,9
 Happy Ending,8
Alternate Universe - High School,8
 Suicide Attempt,8
 Angst with a Happy Ending,7
 Oral Sex,7
 Alternate Universe - No Band,7
 Explicit Sexual Content,7
 High School AU,7
 First Time,7
 Self-Harm,6
 Eating Disorders,6
 Dirty Talk,6
 Podfic Available,6
 Hand Jobs,6
 Jealousy,6
 Voyeurism,6
 Violence,6
 Funny,6
 Frerard,6
 Suicidal Thoughts,6
 First Kiss,6
 Ryden,5
 Panic Attacks,5
 Drug Use,5
 Mental Health Issues,5
 Alternate Universe - Soulmates,5
 Homophobia,5
Fluff,5
 Anal Fingering,5
 High School,5
 Alternate Universe - College/University,5
 Eventual Happy Ending,5
 Phone Sex,5
 Masturbation,5
 Humor,5
 Mildly Dubious Consent,4
 Light Dom/sub,4
 Making Out,4
 Bondage,4
 Misunderstandings,4
 Eventual Romance,4
Alternate Universe - Coffee Shops & Cafs,4
 Crossdressing,4
 Bulimia,4
Humor,4
 Barebacking,4
 Cute,4
 AU,4
 Threesome - M/M/M,4
 Orgasm Delay/Denial,4
 Fluff and Angst,4
Peterick,4
 Fluff and Smut,4
 Friends to Lovers,4
 Plot What Plot/Porn Without Plot,4
 Rough Sex,4
 Dom/sub,4
 Bandom Big Bang,3
 Underage Drinking,3
 Soulmates,3
 Body Image,3
Frerard,3
 Blowjobs,3
 Emotional Hurt/Comfort,3
 Prostitution,3
 Coffee,3
 Lingerie,3
 Falling In Love,3
 Friends With Benefits,3
 Self-Hatred,3
 Crushes,3
 Van Days,3
 Bruises,3
 Anxiety,3
 Blood Drinking,3
 Implied/Referenced Self-Harm,3
 Insomnia,3
 Light Bondage,3
 Spanking,3
 Gay Sex,3
 Sex Toys,3
 Homophobic Language,3
 Crack,3
Threesome - M/M/M,3
First Time,3
 Alcohol Abuse/Alcoholism,3
 Slow Build,3
 Rough Oral Sex,3
 Cheating,3
 Friendship,3
 Making Love,3
 Sexual Content,3
 Fingerfucking,3
AU,3
Group chat,3
 Podfic Welcome,3
 Yoga,3
 Romance,3
 Threesome,3
 Anorexia,3
joshler - Freeform,3
 Biting,3
 Gay,3
 Kissing,3
 Schmoop,3
 Explicit Language,2
Soulmates,2
Alternate Universe - Supernatural Elements,2
 Drug Addiction,2
Coming Out,2
 Frottage,2
 Side Peterick,2
 Accidental Voyeurism,2
 cuteness,2
 Enemies to Friends to Lovers,2
 Established Relationship,2
Anal Sex,2
 attempted suicide,2
 Sexual Tension,2
 Kidnapping,2
 Car Accidents,2
 Self Harm,2
 as usual,2
 Friendship/Love,2
 Abuse,2
 Cuddles,2
 Andy is the mom friend,2
 Psychology,2
 Vampires,2
 Boys Being Boys,2
 Alternate Universe - Gender Changes,2
 Choking,2
 Foursome - M/M/M/M,2
 petekey,2
 lots of swearing,2
 Phan - Freeform,2
 Recreational Drug Use,2
 Singing,2
 Blackmail,2
 Vampire Gerard Way,2
 author is incredible at tagging,2
 Jailbait!Patrick,2
 Tattoos,2
 Sexting,2
 fall out boy - Freeform,2
 Alternate Universe - Career,2
 Implied/Referenced Suicide,2
 Fake/Pretend Relationship,2
 Blood,2
 Triggers,2
 Psychological Trauma,2
 Light Angst,2
Angst,2
 Implied/Referenced Rape/Non-con,2
 yeah - Freeform,2
 Coming Out,2
 Magic,2
 Weddings,2
Crossdressing,2
 Daddy Kink,2
 KIK,2
 Eating Disorder,2
 Soulmates AU,2
 but not really,2
Hurt/Comfort,2
 Silly,2
 Dubious Consent,2
 Therapy,2
 sin - Freeform,2
 Insecurity,2
 College,2
 Body Worship,2
 Alcohol,2
 Alternate Universe - Stripper/Exotic Dancer,2
 Orgasm Control,2
Masturbation,2
 Bipolar Disorder,2
 Implied Sexual Content,2
 Minor Violence,2
 Rape Recovery,2
 Grief,2
Airplanes,2
 Facials,2
 Unhealthy Coping Mechanisms,2
 Cancer,2
 Nudity,2
 Enemies to Lovers,2
 Rape/Non-con Elements,2
 Supernatural Elements,2
 Self Confidence Issues,2
 BDSM,2
 Alternate Universe - Modern Setting,2
 Teacher-Student Relationship,2
 This is trash,2
 Past Abuse,2
 sort of,2
 Asexual Mikey Way,2
 Community: bandombigbang,2
Alternate Universe - Prostitute,2
 Hurt,2
 Catholic School,2
 Angst and Humor,2
 Drug Abuse,2
Anorexia,2
 Drug-Induced Sex,2
 Puppies,2
 Crossover,2
 Comfort,2
 University,2
 Character Death,2
 Swearing,2
 Underage Kissing,2
 Coffee Shops,2
 Action/Adventure,2
Trans Male Character,2
 Smoking,2
 School,2
Gender or Sex Swap,2
 shy!Gerard,2
Body Image,2
 Food,2
 Alternate Universe - Vampire,2
 Mpreg,2
 Dom/sub Undertones,2
 Mentions of Suicide,2
 PWP,2
 Demons,2
 First Meetings,2
 Drugs,2
 Top!Gerard,2
 Sappy Ending,2
 Music,2
 Reading Aloud,1
 Fire,1
 Arranged Marriage,1
 Idk vampire shit,1
 Russian Translation Available,1
 canon bands,1
 Community: genderbendbb,1
 so much sex like omg,1
Bodyswap,1
Possessive Behavior,1
 strange insults,1
 basically 5sos owns a coffeeshop,1
 Ray is a ray of sunshine,1
 Intercrural Sex,1
 tags are gonna change probably,1
 Seven Minutes In Heaven,1
 no but seriously dont read this if your easily triggered,1
 everyone's a demon,1
transgender AU,1
 Eavesdropping,1
 Kidfic,1
 Translation Available,1
 Coercion,1
 I have no idea what I'm doing,1
 Brief Schizophrenia,1
 pwp with jailbait patrick because I am trash,1
 Alternate Universe - Superheroes/Superpowers,1
 Anal Play,1
 major joe/pete BROtp feels,1
 look theyre all friends okay,1
 Strawberries,1
 gender bend,1
 so awkward i wanna hit myself,1
 Knifeplay,1
 queerplatonic josh and tyler!,1
 i'm serious guys they gonna fuck soon,1
 Punk Rocker!Frank,1
 Marmike - Freeform,1
 Sexual Assault,1
 these tags embarrass me but everything's true here,1
 Scomiche,1
 Its really gay,1
 Jail AU,1
 Josh looks all tough and punk,1
 possessed!Patrick,1
 Finger Sucking,1
 i do chapter-specific trigger warnings in the pre-notes though,1
 Unresolved Sexual Tension,1
 Begging,1
 Mating Cycles/In Heat,1
 patrick is nervous,1
 Internalized Homophobia,1
 Exhibitionism,1
 kind of background/referenced peterick idek how to describe it,1
 implied self harm,1
 Emotionally Repressed,1
 Violent Sex,1
 Patrick makes a deal with the devil,1
 Is it pegging if Patrick doesn't identify as female idk but they use a toy and Patrick tops Pete,1
 No Smut,1
 Public Blow Jobs,1
 Five Nights at Freddy's - Freeform,1
 Pegging,1
 Tongues,1
Vampires,1
 minor character death pre-story,1
 alpha!pete,1
 these tags oml,1
 Josh FUN,1
 Making Up,1
 Misunderstanding,1
 Sex is mentioned a lot,1
Alternate Universe - Fantasy,1
 good job,1
 tyler is a high school senior,1
 sissy boy,1
 But only a little,1
 be warned,1
 yup the last of my innocence,1
 Family,1
 Bandits & Outlaws,1
Alternate Universe - Real World,1
 author abuses tags,1
Arranged Marriage,1
 Bottom!Pete,1
 Smutty,1
 Fairy Tale Curses,1
charles u better enjoy this shit,1
 tyler's parents are very abusive and religious and homophobic,1
 idk why i did this,1
 dog walker au,1
 Gerard has a lot of sex,1
 Teacher/Student Roleplay,1
 Undressing,1
 Suicide Attempts,1
 brendon is always shirtless,1
 Or LGBT+,1
 Rated M for safety purposes,1
 everyone is gay and it's a-okay,1
 FOB,1
 Voice Kink,1
 Selectively mute,1
 tyler likes leading good little christian boys astray,1
 ryan is the normal one,1
 Alternate Universe - Online Dating,1
 I Don't Even Know,1
 No Homo,1
Mpreg,1
 Vampire Hunters,1
 Vibrator,1
 like he wears pretty clothes and makeup,1
 Sex Work,1
 these tags are awful im sorry,1
 NSFW Art,1
 If You Don't Like Fluff Then DO NOT Read,1
 Haunting,1
 INDEFINITE HIATUS,1
 so does ryden,1
 Can you tell it's 3 o'clock in the morning,1
 Illnesses,1
Genderswap,1
 so he just annoys him 24/7,1
 Non-Graphic Violence,1
 Innocent!patrick,1
 Artist AU,1
 Domestic,1
 actually,1
 gabilliam 4 life,1
 post petes suicide attempt,1
 meeting at the therapist,1
 Wet Dream,1
 Child Abuse,1
 Mikey Way is like 12,1
 Divorce,1
 Filthy Lucre,1
Depression,1
 may be triggering to certain people,1
 Explicit Consent,1
 Shopping,1
 i think this was the hardest i've ever laughed writing anything,1
 it's very vague though,1
 all happy junk,1
Bullying,1
 Hey lookie no angst,1
 Holding Hands,1
 Strippers,1
 Promises,1
 Knotting,1
 josh just wants to help tyler,1
Hiatus,1
 Slurs,1
 implied prostitution,1
 bottom!Gerard,1
 Kneeling,1
 Infidelity,1
 Seduction,1
 the kids aren't alright,1
 Anxiety Attacks,1
 Open Relationships,1
 who let me on the internet,1
 Clothes Sharing,1
 brendon likes to annoy everyone,1
CMAs 2015,1
 Only dom/sub during sexy times,1
 Jethin - Freeform,1
 andy joe and patrick are the best uncles ever,1
Transgender,1
 Out of Character,1
 Past Child Abuse,1
 Tyler gets very passionate about Taco Bell in chapter 6,1
Laundry,1
 Flower child Zayn,1
 Emo Trinity,1
Wedding Night,1
 yep it's a group chat fic soz m80s,1
 everyone is queer sorry i dont make the rules,1
 Sexual Harassment,1
Soulmate-Identifying Marks,1
 Eventual Sex,1
Tentacles,1
 but a lovable idiot,1
 garden,1
 tyler is a good christian boy,1
 Marking,1
 Homo Pete Wentz,1
 i'll add more as it happens,1
 Wizards,1
 top pete,1
 michael looks like he would kill a man for a fucking peanut but is actually soft as hell,1
 The 80s AU,1
 Cutesy,1
 meeting at a bar,1
 Royalty,1
 well done Bren,1
 Tyler has a stupid crush,1
 Public Sex,1
 Swordfighting,1
Catholic School,1
 Alternate Universe - 1920s,1
Gangbang,1
 Highschool AU,1
 multiple au's,1
 Protective Pete Wentz,1
 Gerard has a small obsession with Frank's tattoos,1
 Destiel - Freeform,1
 Alternate Universe - Zombies,1
 Online Romance,1
 Alternate Universe - Always the Opposite Sex,1
parental abandonment,1
 Bisexual Character,1
Alternate Universe - Prostitution,1
 Customer!Pete,1
 Christianity,1
 violation of privacy,1
 Cutting,1
Tattoos,1
 just a bit,1
 Chatting & Messaging,1
 death and more death,1
Blow Jobs,1
 YouTube,1
 Trans Female Character,1
 Ficlet,1
this is joshler i stg,1
 Butt Plugs,1
 fnaf - Freeform,1
 hug,1
 community: bandomreversebigbang,1
 Mutual Pining,1
 very slowly developing relationships,1
 Famous Liam,1
 Alternate Universe - Babysitters,1
 in some parts,1
 omega!patrick,1
 Declarations Of Love,1
Heathens au,1
 Referenced Bullying,1
Model AU,1
 basically patrick owns a coffee store and everyone is hella gay,1
 Slaves,1
 Bisexual Josh Dun,1
 Umbrella Academy - Freeform,1
 embarrassing fic I wouldn't write now,1
 HIV/AIDS,1
Language Barrier,1
Fluffy,1
 until it just becomes too much for them to handle,1
 Holidays,1
 Nightmares,1
 alternative universe,1
 Kittenplay,1
Coffeeshop AU,1
 more to come in the second chapter,1
 Massive amounts of fluff though,1
 weight loss,1
 not really - Freeform,1
 Top Josh,1
 Teen Angst,1
 also lil bits of trohley for u fellow trohley lovers,1
 snirkle,1
 Saint/Bronx are Pete's brothers,1
 chubby!Gerard,1
 Punk Frank Iero,1
 Joe Trohman: Matchmaker Extraordinare,1
 shit teachers,1
 Fear of Rejection,1
 i wanted to do this leave me alone,1
Secret Relationship,1
 who let pete teach,1
 Andy is so done,1
 also cat ears,1
 Adorable,1
 Publicity,1
 sad stuff,1
 Boys in Skirts,1
 and funny ish,1
 Top Frank Iero,1
 Affectionate Insults,1
 Based on a True Story,1
 eye-mates,1
 Trans Male Character,1
 Download Available,1
 High School Drama,1
 Very fluffy,1
 Onesies,1
 Bottom Tyler,1
Mating Cycles/In Heat,1
 Dancing,1
 Sigils,1
 Team Dynamics,1
Flower Child!Gerard,1
 Adoption,1
 cool classes,1
 abusive relationships (not between Pete and Patrick),1
 not really peterick-centric but still in there,1
 Childhood Friends,1
 so cute,1
 why did I make this,1
 Awkward Boners,1
 Steampunk,1
 Punk,1
 Soulmate-Identifying Marks,1
 terribly sorry about that,1
 Mutant Powers,1
 Lesbian Character,1
 Fan Art,1
 Unresolved Romantic Tension,1
 night changes,1
 frank and gee are preschoolers,1
 Stage Gay,1
Eating Disorders,1
 also i am trash,1
 sharing a high school textbook and leaving each other notes,1
 it's fairly pg but i'll tag a few triggers or stuff that might pop up,1
 Alternate Universe - Non-Famous,1
 Dark,1
Immortality,1
 Kinda,1
 this is just mafia sin with death,1
 Frank Iero is a gay little shit,1
Sex Tape,1
 Jenna is the best girl friend ever (or not),1
 Gladiators,1
Epistolary,1
 References to Drugs,1
 Niam - Freeform,1
 Trying to Make it in the Big City,1
 brendon wears a corset,1
 MCRmy - Freeform,1
 Alternate Universe - Royalty,1
 Coming In Pants,1
 Implied/Referenced Cheating,1
 troyler - Freeform,1
 Mixed Signals,1
 Sexual Frustration,1
 Emo,1
 stretch marks,1
 later on smut,1
 not nearly enough,1
 basement!gerard,1
 hardcore projection,1
 Character Study (of sorts),1
 brendon's like ten when ryan meets him so that's the underage tag,1
 Meta,1
 Overprotective Pete,1
 Developing Relationship,1
 Transphobia,1
 That's it,1
Mall AU,1
 non binary!josh dun,1
 yall had to know angst would find its way in /somehow/,1
 cody carson motherfuckers,1
 non-consentual biting,1
 mentions of recreational drug use / underage drinking,1
 Unofficial Adoption,1
 Happy,1
 Weed,1
 Alternate Universe - Apocalypse,1
 Masturbation in Shower,1
 very slowly,1
 SCIENCE!,1
 Antisocial Gerard,1
 Orgy,1
 pete and andy broing,1
 Felching,1
 NSFW,1
 Chatlogs,1
 Snowboarding,1
 s i n,1
 Dragons,1
 Porn,1
 ghost!Brendon,1
 blurry is Tyler's twin,1
 Punk Nick,1
 Time Travel,1
 Catholic,1
Friends to Enemies,1
 ziam,1
 vampires yay,1
 sex mention,1
 Jamia has a massive crush on her mostly straight best friend Lindsey,1
 meeting in not so good places,1
 Bullying,1
 josh and tyler hate each other but they really dont,1
 Parents opposing,1
 Abusive Parents,1
 Matchmaking,1
 ABSOLUTELY GUARANTEED HAPPY ENDING,1
 Alternate Universe - Fairy Tale,1
Stalker!Frank,1
 Sugar Daddy,1
Asexual Character,1
 im sorry for even writing this,1
High School,1
 Coming Of Age (sort of?),1
 therapist office,1
Van Days,1
 Referenced Child Abuse,1
 Siren!Patrick,1
 Slut Gerard Way,1
additional tags,1
 Embarrassment,1
 Flowers,1
 lots of gay,1
 slightly nsfw,1
 very gay,1
 high school!au,1
 Sex Tapes,1
 Fallen Angels,1
 Past Underage,1
 Tronnor,1
 Shoes,1
 Alternate Universe - Steampunk,1
 Dysfunctional Family,1
Biting,1
 this started off innocent i swear?,1
 Bandom - Freeform,1
 Road Trip,1
 Collars,1
 There was this one time Lindsey punched Brendon Urie in the balls and it was cool as fuck,1
 Same-Sex Marriage,1
 Listen To Your Heart AU,1
 Domestic Fluff,1
 soulmate camp,1
 Movie Poster,1
 Humiliation,1
 Walking Trees,1
 Crack Treated Seriously,1
 dadlon weekes,1
 Nature n stuff,1
 Alternate Universe - Crack,1
 Cake,1
 Strap-Ons,1
 Alternate Universe - Pirate,1
 but no gore,1
 Foxica,1
 Punk Louis,1
 Sugar Skulls,1
 song breakdown,1
 Pikey,1
 Police,1
 Inspired by a Movie,1
 Party Games,1
 pining pete,1
 Alternate Universe - Police,1
 Halloween chapters,1
 Public Blowjobs,1
 Excessive Swearing,1
Dom/sub,1
 and they fuck every chapter,1
 Mild Smut,1
 The Author Respects Spencer Smith,1
 Fluffy Ending,1
 Blackouts,1
 Antisemitism,1
 Josh is just really misunderstood,1
 Alternate Universe - Hogwarts,1
 Video Format: Streaming,1
RAY TORO DOES NOT DIE,1
 also get ready for a shit ton of references,1
 Sixteen Candles AU,1
 ay,1
 Light-Hearted,1
 did i mention that before,1
 author is quality at tagging,1
 Science Fiction,1
 Hair Pulling,1
 Rydon,1
 Crossdresser Gerard,1
 most of these are au's but a couple aren't,1
 um,1
 Engagement,1
 author uses too many memes,1
 Meeting,1
 College AU,1
 mikey and the toaster,1
 All the Fluff Tags Basically,1
 Sassy!Patrick,1
 original footage,1
Fake/Pretend Relationship,1
 Love,1
 Alpha/Beta/Omega Dynamics,1
 gerard is a nerd,1
 Anxiety Disorder,1
 heroin references,1
 Bubble Bath,1
 faerie tale,1
 i'll continue to add the necessary tags as the story continues,1
trash group chat fic,1
 25 Days of Fic,1
 Implied/Referenced Drug Addiction,1
 Public Masturbation,1
Daddy Kink,1
 Physical Abuse,1
 ahahhaha good times,1
 Foursome - F/M/M/M,1
 Hippie Harry,1
Sex Work,1
 I CANNOT PUT ENOUGH EMPHASES ON IT,1
 Unwanted Advances,1
 Loud Sex,1
 Books,1
 upside down kiss,1
 Colors,1
 Tyler is so gay,1
 Not Actually Unrequited Love,1
 Recovery,1
 Podfic,1
 Pleading,1
 Inspired by Music,1
 The Cake Is A Lie,1
 there are only gay ships,1
 Beaches,1
Alternate Universe - Teachers,1
 gay its all very gay,1
 Tumblr Prompt,1
 Overuse of the phrase 'How Dare',1
 Safer Sex,1
 Gay Parents,1
 also don't let brendon urie into a church,1
 Drunk Blow Jobs,1
 im english so i dont really know the american education system that well,1
 Extremely Dubious Consent,1
 half of it is josh bein smiley and fun,1
 joe/pete brotp feels,1
 Death,1
 Breakfast in Bed,1
 Vacation,1
 Punk Phil,1
alternative universe,1
 bras,1
 Shameless Smut,1
Demons,1
 pete is a vampire,1
 Group chat,1
 sex scandal,1
 Gender Identity,1
 VeRy PaSsIoNaTe,1
 he's a bean,1
 Miscommunication,1
 Jandy,1
Alternate Universe - Religious,1
Heist,1
 Boarding School,1
cursing,1
 Cocaine,1
 barisa!Patrick,1
 All the Sin,1
 like a supernatural episode,1
 demiboy!gerard,1
 in some places i guess,1
Making Out,1
 Scene Queen Mikeyway,1
 nothing actually happens until brendon's eighteen,1
 illumanti jokes at one point,1
 Roses,1
 Breathplay,1
 so much vampire shit,1
Child Abuse,1
 Read Warnings Note,1
 Joe is pete's roommate,1
 halloween party,1
 Foul Language,1
 established relationship(s) - Freeform,1
 Canon Non-Binary Character,1
 warning: like one masturbation scene?,1
 References to Suicide Attempt,1
High School AU,1
 Sharing a Bed,1
 i only ship joshler in a friendly brotherly way but i'll make them date in this,1
 jesus christ - Freeform,1
 grand canyon - Freeform,1
 kiss,1
 Post-Hiatus,1
 Hippies,1
perspective change every chapter,1
 Female Protagonist,1
 Lap Sex,1
 Female Harry,1
 Human Trafficking,1
 Tyler Gets Hit,1
 Rewrite,1
 Based off Tumblr thing,1
 Kink Shaming,1
 multifandom vid,1
 Alternate Universe - Supernatural Elements,1
 Non-Famous Niall,1
gaaay,1
 Vegetarians & Vegans,1
 Foursome,1
 Prostitute Josh Dun,1
Crossover,1
 How Do I Tag,1
 and the fuck ups,1
 Drunk Driving,1
 pete and patrick dress up as bubbeline,1
 Boys In Love,1
 Wedding,1
 zerrie,1
 chicks being awesome,1
Podfic Available,1
 SINSINSINSINSISNISNISISNISN,1
 Trans Character,1
 William Beckett is mentioned like twice,1
 Cute Kids,1
 I'll add more tags later,1
 Nude Photos,1
 Cameras,1
 my art,1
Underage - Freeform,1
 wings are cool,1
 handjobs,1
 Patrick whump,1
 Sexual Violence,1
 asshole ocs,1
Trans Character,1
 its called el toro pub,1
 everybody loves him,1
 There's literally no tags to describe this one,1
 but cute too,1
 Vaginal Sex,1
 cause people wanted josh and ryan so,1
 and by ronnie radke,1
 Brendon cries a lot,1
 (mild) hypothermia,1
 Body Dysphoria,1
 enjoy what i finished before I gave up,1
 Skiing,1
 angel - Freeform,1
 I mean,1
 shit is gonna get real,1
 GYM CLASS AU,1
 Threesome - F/M/M,1
 Team as Family,1
" idk ""humorous"" bullshit i wrote late at night",1
 i know there are too many of these but who gives a fuck,1
 Blind!Frank,1
 Solo Artist Patrick,1
coffee shop AU,1
 oh well,1
 there's gonna be a ton of a little less sixteen candles references so sue me,1
 Rape Aftermath,1
 so is shia labeouf,1
AU!Coffee shop,1
 Gender Issues,1
 but is too shy to tell him,1
 Angry Sex,1
 Anal,1
 Art,1
 josh and tyler have to keep their relationship a secret,1
 lilo,1
 non binary!kellin quinn,1
Alternative Universe - News Team,1
 its mostly just andy freaking out so far so,1
 patrick being exasperated,1
 josh is a good little christian boy riddled with guilt,1
Sex Pollen,1
 Pillow Fights,1
 Post-Apocalypse,1
dub-con,1
 (sort of? I guess?),1
 Social Anxiety,1
36 questions to fall in love,1
 pikas,1
 Apocalypse,1
 Wingfic,1
 Villains,1
Alternate Universe - Historical,1
 First Dates,1
 Alternate Universe - Hippies,1
 public handjobs,1
 neither is pete,1
 Dresses,1
 these tags are the worst,1
 Top!Frank,1
 Clothed Sex,1
Mildly Dubious Consent,1
 Alternate Universe - Ghosts,1
 Female Louis,1
 Human!Pete,1
 you know what they say about snitches and talkers...,1
 this is mostly fluff!,1
 Patrick kind of hates Pete to start with,1
 Pete's an art major,1
 Sad,1
 Fanmix,1
 Workplace Sex,1
 Semi-Public Sex,1
 So Much Homo,1
Tyler is all pastel and stuff,1
 Bottom Gerard Way,1
Bakery and Coffee Shop,1
 Swords,1
 Tyler hates Jenna,1
 Memes,1
 AU kind of??,1
 patrick centric,1
 alcohol mention,1
Dream Sex,1
 Graphic Description,1
 Hiatus,1
 Bottom Patrick,1
 everyone takes theatre class,1
 i suck at summaries i'm sorry just give it a chance,1
 this is probably gonna be dark af,1
 so much fucking angst,1
 not bad for my first work in the fob fandom,1
 read it,1
 Pastries,1
 Alternate Universe - Prohibition Era,1
 i dont know what happened tbh,1
 lo and behold,1
 Literature,1
 Pornstars,1
Enemies to Lovers,1
 like a plethora of angst,1
 Drugged Sex,1
 i think this is okay,1
 gerard is mute,1
 Audio Format: Streaming,1
 Cancer recovery,1
 Patrick is pretty innocent,1
Abuse,1
 Marriage,1
 Religious Themes & References,1
 Five Times Plus One,1
 Rimming (sort of),1
 Mikey is basically cool as fuck,1
 gratuitous use of the word 'fuck',1
Movie Creation,1
 Sexual Fantasy,1
 i never know what to rate my fics,1
 Mutants,1
 gerard and co are hunters ay,1
 Fainting,1
 Insults,1
 author is an incredible tagger,1
 Rating went up because I don't want to get into trouble :T,1
 Torture,1
 freshman in senior gym,1
 KYS,1
 Child Abuse (mentioned),1
 this was so fucking fun to write omg,1
 you can taste the awkward,1
 this is the story equivalent of a shitpost,1
 so much kinky sex,1
 Multiple Pairings,1
 I mean?,1
 yay,1
 New Town AU,1
 One-Shots,1
 they're all about the same age,1
 Lots of musical references tbh,1
 Symbolism,1
 seriously a mess,1
h/c,1
 like omg so cute,1
domestic fluffy shit,1
Trigger warnings for suicide,1
 Pizza,1
 promised happy ending,1
 dont let ME into a church after this,1
 it's technically underage but it's masturbation so i didn't tag it as underage,1
 references to self harm,1
 also this is only mature for said one masturbation scene,1
 Star Gazing,1
 Lapdance,1
 Mild Sexual Content,1
 Soul Punk,1
 Past Sexual Abuse,1
 very slow,1
 contains alternate ending,1
 Alternate Universe - Fashion & Models,1
 MCR,1
 patrick is terrfied,1
 white girl drinks,1
 toasterisnotonfire,1
 christmas one-shots,1
 Brendon Urie is fabulous,1
 AU: hunters,1
Explicit Sexual Content,1
 very very offensive humor at one point,1
 oh yeah they do the do,1
 LITERALLY,1
 Hate to Love,1
 brief mention of suicidal thoughts,1
 bless him,1
 recovery era,1
 Teenagers,1
 frank is silly and gerard is a nerd,1
 Professor - Freeform,1
 if any of those trigger you parts of/all of this fic may not be for you,1
 Hospitals,1
 Grief/Mourning,1
 Kind Josh,1
Vibrators,1
 larry stylinson - Freeform,1
 Brendon doesn't know how to get Ryan's attention,1
 anyway,1
 Prequel,1
 Everyone's gay,1
 dallon is tall,1
Phone Sex,1
 Teasing,1
 Underage Smoking,1
 lol,1
 Frerard is my life,1
 Mild Angst,1
 Film making,1
Tyler's in some sort of psychiatric hospital and Josh works there,1
 Awkwardness,1
Daddykink,1
Mutant,1
 slight alcoholism for like one chapter,1
 he will wear high heels later on,1
 Bands,1
 franki makes puns and everyone loves her,1
 Strangers to Lovers,1
 Questioning Religion,1
 Angst and Hurt/Comfort,1
 mentioned rape/non-con,1
 Implied/Referenced Underage Prostitution,1
 Ryan is a grammar nazi,1
 demigirl!lana,1
 Panties,1
 Alcoholism,1
 transgirl! frank iero,1
 Murder,1
Lust Potion/Spell,1
 Prostate Milking,1
 Pregnancy,1
 why the fuck not,1
Pete Wentz's Suicide Attempt (Best Buy Incident),1
 Lindsey Is A Goddess,1
 and i feel so bad for writing this,1
 San Francisco,1
 Mixtape,1
Established Relationship,1
 Mute!spencer,1
 Jalex - Freeform,1
 Biphobia,1
 Work Contains Fan(s) or Fandom(s),1
 Alcohol Mentions,1
 Obsession,1
 theyre girls,1
 Hippie Louis,1
 Dom!Pete,1
 angels and shit but not actually,1
 pika - Freeform,1
 and the other half of it is sad tyler,1
 Past Rape/Non-con,1
 forced feminisation,1
 Modeling,1
 josh giggles anyway,1
 possessive!Frank,1
 Sad Tyler,1
 sex is basically what these horny bastards want,1
 Alternate Universe - Mutants,1
Merfolk AU,1
 Rehabilitation,1
 lola is there,1
 Rape Attempt,1
Teacher-Student Relationship,1
 Summer Romance,1
 text chat,1
 lots of christian guilt,1
 80s Britain,1
Summer of Like,1
 holy actual fuck the sin,1
 Suicide,1
 Trauma,1
 i apologize for the inconvenience but im fucking done with bandoms BYE,1
 travie is ace,1
 cute josh is cute,1
 Superpowers,1
 Valentine's Day Fluff,1
 powers,1
 joshler - Freeform,1
 Frank is victim to many short jokes,1
 Fighting,1
 larry - Freeform,1
group chat au,1
 Guitars,1
 Boy Kisses,1
Future Fic,1
 Summer campish,1
 some minor small tiny angst,1
 frank loves it,1
 Ghosts,1
Alternate Universe - Canon Divergence,1
 Queerplatonic Relationships,1
 Elounor,1
 omegism (prejudice against omegas),1
 Muteness,1
 Hospital Abuse,1
 Second Chances,1
 Dream Sex,1
 tyler wears the kimono,1
 Mistaken Identity,1
 Alternate Universe - Restaurant,1
 blood cw,1
 i wanna hit myself bc the cute now,1
 Tyler once again gets passionate about taco bell in chapter 17,1
 trans!tyler,1
 Alternate Universe - Gladiators,1
 Dorks in Love,1
 josh is a college student,1
 Beating (mentioned),1
 Tattoo Artist Patrick,1
 Patrick might be an angel,1
 add tags as I update,1
Rough Sex,1
 Paparazzi,1
Alternate Universe - Soulmates,1
Cute,1
Ducks,1
 Gerard Way is a Sweetheart,1
 Peer Pressure,1
 Nelissa,1
 Teenage Patrick is a bitch,1
 mention of suicide,1
 Mikey Way is very grumpy,1
 Starbucks,1
 brendon likes sex jesus,1
 Punk Perrie,1
 ace! frank,1
 Shy Gerard Way,1
 Servants,1
Coming of Age,1
 meet your soulmate at camp,1
 Alternate Universe - Reincarnation,1
 Happy in the beginning,1
 complicated things,1
 first fic,1
 Brendon Is An Idiot,1
 Flower Child Harry,1
 i just tagged other relationships bc they exist here,1
 pete is smug,1
 Frank gets jealous,1
 melanie is barely a character oml,1
 my friend said im king of fluff,1
 I'm so sorry,1
 Valentine's Day,1
 non binary character,1
 Kiss on Cheek,1
 Alternate Universe - Basketball,1
 Digital Art,1
Bandom - Freeform,1
Alternate Universe - Movie Fusion,1
 dirty teenage boy smooches,1
 but not like,1
 hot dads,1
 Patrick's a music major,1
 Reading,1
 Tooth-Rotting Fluff,1
 Student Frank,1
 Sleeping Together,1
 gay ship,1
 that's the whole story,1
 gerards head is too far up his ass,1
 and maybe Brendon Urie too,1
 Voodoo,1
 lots of man tears,1
Alternate Universe - The Youngblood Chronicles,1
 Near Death Experiences,1
 Alternative Universe - FBI,1
 updated frequently bc i have no life whoops,1
 Failboats,1
 Queer Themes,1
Minor Violence,1
 Attempted Rape,1
 Blind Character,1
 cute little meetings,1
 Male Homosexuality,1
 author is an artist who wanted to rant abt drawing band members,1
 grad school,1
 this was supposed to be cute but it turned into porn,1
 teenagers in love,1
 Riding,1
 finger-fucking,1
 otp prompt,1
more characters later - Freeform,1
 Basically,1
 Derogatory Language,1
 My First Work in This Fandom,1
 Blindness,1
 triggering,1
 gerard doesnt drink,1
 Porn With Plot,1
 pete is a little shit,1
 Ryden subplot,1
 Zombies,1
 but like,1
 Jesus - Freeform,1
 Septiplier - Freeform,1
 Coffee date,1
Slavery,1
 Depressing Thoughts Disguised With Humor,1
 Fluff and Humor,1
 Dating,1
Abusive Parents,1
Suicidal Thoughts,1
 airports and fluff,1
 bartender!pete,1
 Zombie Apocalypse,1
 cameos from just about everybody in bandom,1
 this is more fun than these tags make it sound honest,1
 this is like hella fluff,1
 Sassy sweet Ryan,1
 Fandom history,1
 reference to divorce,1
 Neighbors,1
 Little Mermaid AU,1
Pre-Slash,1
 super kinky mafia sex,1
 Homosexuality,1
 25 days of one-shot-mas,1
 Ballroom Dancing,1
 Drunk Sex,1
Alternate Universe - BDSM,1
 pete is really confused,1
 Phone Calls & Telephones,1
 Pre-Show Sex,1
 Moving On,1
 Eating,1
 ashley supplies them with illegal substances somebody call the police,1
 Shotgunning,1
 Frank wants to have sex with Gerard but he is awkward as fuck,1
 stay safe,1
 ray owns a bar,1
 He's still awkward and nerdy as fuck though,1
 Unrequited Love,1
 Transsexual,1
 its gr8 read it,1
 Non-binary character,1
 Mutant Rights,1
 tyler my sweet lil bean likes to ruin silences with bad jokes,1
 marina has been added srry,1
 first time ain't yet frens,1
Crimes & Criminals,1
 Top!Patrick,1
 Lots of scars,1
 Blind Date,1
 OT4,1
 Stripper Louis,1
 Alternate Universe - Detectives,1
 time 2 fix these godawful tags again,1
 josh saves tyler ofc,1
 Past Character Death,1
 coffeeshop! au ayy,1
 Marriage of Convenience,1
tyler centric,1
 he's incredibly gay,1
Airports,1
 Sex,1
 Cuddling & Snuggling,1
 Social butterfly Mikey,1
 Not Safe Sane and Consensual,1
 Student!Artist!Tyler,1
 Like a million percent done,1
 meningitis,1
 Bar!AU,1
 American Sign Language,1
 GET IT,1
 more like mystery,1
 Sorry guys,1
 maybe smut idk yet,1
 Pete Wentz MySpace Whore,1
 idk - Freeform,1
 Pete and Patrick (Fall Out Boy),1
Breathplay,1
 Bad Pick-Up Lines,1
 mentions of drug use,1
 Punk Dan,1
 andy and joe are mentioned,1
 gratuitous use of the work fuck,1
First Kiss,1
Courtship,1
 Predator/Prey,1
 Child Abandoment (mentioned),1
 Fat Shaming,1
 group chat au,1
 Home,1
 Alternate Universe - Neighbors,1
post YBC,1
 Trope Bingo Amnesty,1
Spanking,1
 and patrick is beautiful,1
 super sorry,1
 Underage Sex,1
 Alternate ending to Miss Missing You video,1
 boys that we love,1
 Short One Shot,1
 but you should,1
 meet-not-so-cute,1
 not if you dont want,1
Christmas,1
Alternate Universe - Vampire,1
 Cuddle,1
 brendon can't calm himself,1
 Trigger Warnings,1
 Punishment,1
 Chance Meetings,1
 its not bad trust me nothing bad ever happens,1
 jk,1
 Fight Sex,1
 Hair-pulling,1
Christmas fic,1
 welcome to the real world motherfuckers,1
 Wooing,1
 Angsty Frank Iero,1
 so does gabe,1
 brendon complains a lot,1
 i'm shit at tagging,1
 Guns,1
 With everybody,1
 angsty ending,1
Fanvids,1
 mentions of suicide attempt/suicides,1
 POV Second Person,1
 Hospitalization,1
 Chapter 4 briefly mentions abuse,1
 just a bit of gay fun,1
Drug Addiction,1
 gay couples,1
 Hit With A Clue-By-Four,1
 I am not gonna label all the characters I would be here forever,1
 Horror,1
 i finally added tyler and josh,1
 Unicorns,1
 Crossdressing Kink,1
Alternate Universe - Punk,1
 Dreamwalking,1
 Lirry - Freeform,1
 LARPing,1
 i'll cringe over this in 5 years just you wait,1
 Ghost!Mikey,1
 Heartbreak,1
 Cameos,1
 selectively mute ryan ross,1
Josh is popular and a cool punk,1
 also mentions of anxiety,1
 Ianthony - Freeform,1
 what could go wrong?,1
 im not good at funny,1
 patrick is sad,1
Public Transportation,1
 It's only 'underage' because Brendon and Spencer are 17 and Ryan is 18!,1
 i kinda suck,1
 Crime Fighting,1
 Mostly humor,1
 Hats,1
 More Chapters Whenever,1
 cute kisses,1
 and finally a proposal,1
 Love/Hate,1
 Big Gay Bandom Highschool AU,1
 Eventual Relationships,1
Superpowers,1
 franks a whore,1
 Attempt at Humor,1
 Gabe Saporta is a gay supporter,1
 lots of rolling of the eyes,1
 Cosplay,1
 Handcuffs,1
 but he's not really creative,1
 Post-Traumatic Stress Disorder - PTSD,1
 Songfic,1
 Car Sex,1
 Ridiculous,1
 fun times,1
 lmao usually just as a joke though dw lmao,1
 boys being stupid because thats what they do,1
College AU,1
 this is the fluffiest thing I've ever written,1
 frank needs to get his shit together,1
 and fluff,1
 transgirl Sarah,1
 Homophobia (mentioned),1
 Married Sex,1
Dog Walker Pete Wentz,1
 A Goddess on the cheer squad with many opinions regarding authority and nudism,1
 here there be hurt,1
 Alternate Universe - Future,1
 Punk Rock,1
 hesitant alien/stomachaches era,1
 Slight Hurt/Comfort,1
 Annngst,1
 why do I always make Brendon really hyper I don't understand,1
 based on a video i saw a while back of the boys talking about their various intelligence levels,1
 No Strings Attached,1
 Dark Angel - Freeform,1
 Heroin,1
 Love him though,1
 Drowning,1
 josh tries to be punk rock and not wear half of his tux,1
 Catholic Character,1
 Nouis,1
 Ryan is hopelessly in love with Brendon,1
 I'm not using tags properly am I,1
 and past sexual abuse,1
 He teaches drama,1
 seriously,1
 written at ungodly hours of the morning,1
 I'm Sorry,1
 who am i kidding this is awful,1
 Punk Harry,1
 Artist!Gerard - Freeform,1
 zouis,1
 So much smut,1
Rape Recovery,1
 joetrick is very minor but i couldnt resist,1
The Nightmare Before Christmas - Freeform,1
 literally so many brandon rogers references,1
 Alternate Universe - Porn,1
 transboy! tyler joseph,1
 Emotional/Psychological Abuse,1
 Mermen AU,1
 Gender or Sex Swap,1
 Worcester MA,1
 Romantic Fluff,1
 and blurry has to control them,1
 Long-Distance Relationship,1
 Sub Gerard Way,1
 D/s undertones,1
 feminine tyler,1
 Homelessness,1
 Christmas Fluff,1
 Self-Esteem Issues,1
 Dom Frank Iero,1
 leave me alone i wanted to add dan and phil,1
 danisnotonfire references,1
 Pete checks out Patrick for Art (tm),1
 Spirit Medium!Patrick,1
 16 Candles,1
 Service Submission,1
 this is kind of weird but i keep writing more so i'm gonna keep posting more is that okay,1
 daddy kinks,1
 Complete,1
 Patrick is a drama queen,1
 frerard does this dicksucking thing,1
 Mentioned suicide,1
 Patrick's story is so fucking sad,1
 poor Patrick,1
 possible peterick moments,1
 Pete has an obsession with memes,1
 Stay Alive,1
 kms,1
 i am #trash,1
 Obliviousness,1
 Superheroes,1
 remember when i used to update this everyday,1
 Feminization,1
Drunkeness,1
 Love Hearts,1
 Alternate Universe - Time Travel,1
 Dick Jokes,1
 Photography,1
 Mental Institutions,1
 Strippers & Strip Clubs,1
 trigger warning,1
 Merman!Patrick,1
 once again I apologise,1
 Repressed Memories,1
 Alternate Universe - Fraternity,1
 don't hurt me,1
 Mentions of homophobia,1
 Group Chat Fic,1
 joe wears a dress,1
 Geographical Isolation,1
 smosh - Freeform,1
 dallon is the only one who knows what he's doing,1
 Group Sex,1
 selfie - Freeform,1
 soulbonding,1
 Female Dominance,1
 mentions of marina and the diamonds,1
 Hate Sex,1
 Broken Noses,1
 Temporary Fuckboy!Mikey,1
 Genderswap,1
Boarding School,1
 Comeplay,1
 and Patrick's a little shit,1
 expect lots of memes,1
 Panic At The Disco (Band),1
 it's a happy ending I promise,1
 Romeo and Juliet References,1
 guess what kids this fic is discontinued sorry not sorry,1
selective mutism,1
 Josh is too perfect to be healthy though,1
 Original Character(s),1
 Costumes,1
 you're in for a treat,1
 pete is the devil,1
 ass eating,1
San Francisco,1
 now that that's out the way,1
 Implied Childhood Sexual Abuse,1
 Kids,1
 Joe sends a lot of stock photos,1
 Blurryface,1
 Bottom!Frank,1
 Alternate Universe - Best Song Ever,1
 he wears pretty dresses because he can,1
 i may have made someone cry,1
 patrick slaps sense into josh,1
 Hippie Zayn,1
 Pirates,1
 mcr forms in this very group chat,1
 Charming!Frank,1
 self hate,1
 No Sex,1
 Vibrators,1
 Meet-Cute,1
 Memory Loss,1
 gay ass ships,1
 (not important to plot and not graphic by any means),1
Deaf AU,1
Crack,1
 Everyone Is Gay,1
 Let me know any additional tag,1
 Alternate Universe - Zombie Apocalypse,1
 Off-screen Relationship(s),1
 Binge Eating Disorder,1
 Gay Male Character,1
 Mystery,1
Dysfunctional Relationships,1
 piggyback,1
 Gay Tyler Joseph,1
Drabble,1
 Non-Graphic Rape/Non-Con,1
 Family Member Death,1
 Billie Joe's the professor,1
 Not Abandoned,1
 Flirting,1
 Suicide Notes,1
 Drunkenness,1
 Suit Porn,1
 andy and patrick broing,1
 Soul Bond,1
 gee whiz is non binary and an absolute angel,1
 YouTubers - Freeform,1
Drunk Sex,1
 frank is a power bottom,1
 this is trash i'm sorry,1
 Ferard,1
 pete loves patrick's skin,1
Alternate Universe - College,1
 I thought it was hot hopefully you will too,1
 kisses,1
 Wales,1
 stoner mikey way,1
 College drop out,1
 it was like 5am,1
 Babysitter Patrick Stump,1
 Alternate Universe - Post-Apocalypse,1
Soulmate AU,1
 i am trash,1
 i might add more characters,1
 Asexual Relationship,1
 sploshing,1
 it's trash,1
 One Shot,1
 People's Choice Awards 2015,1
 Sadness,1
 Hugging,1
 Internet,1
 Sophiam,1
 sex is mentioned in basically every chapter,1
 Online Relationship,1
 Alternate Universe - The Youngblood Chronicles,1
 Cold Weather,1
 Cooking,1
 Punk Phan,1
Alternate Universe - No Band,1
 Fanart,1
 brallon,1
 portal gun - Freeform,1
 fall out boy breakup,1
 Christmas,1
 I can't promise it's good,1
