 Fluff,35
 Slow Build,20
 Angst,17
,16
 Smut,16
 Anal Sex,16
 Alternate Universe,15
 Free! Kink Meme,13
 First Time,13
 Romance,13
 Hurt/Comfort,12
 Blow Jobs,12
 Mating Cycles/In Heat,11
 Knotting,11
 Explicit Sexual Content,11
Fluff,11
 Masturbation,11
Alternate Universe,10
 Future Fic,10
 Fluff and Smut,10
 Friendship,10
 Friends to Lovers,10
 Slice of Life,9
Alpha/Beta/Omega Dynamics,9
 Rimming,9
 Pining,8
 Frottage,7
 Established Relationship,7
 Slow Burn,7
 Dirty Talk,7
 Light Angst,7
 Fluff and Angst,7
 Jealousy,7
 Emotional Hurt/Comfort,6
 First Love,6
 Anal Fingering,6
 Falling In Love,6
 Humor,6
 Omega Verse,5
 Possessive Behavior,5
 Eventual Smut,5
 Alpha/Beta/Omega Dynamics,5
 Developing Relationship,5
Angst,5
 Light Bondage,5
 Barebacking,5
 Rough Sex,5
 Shameless Smut,4
Smut,4
 Mutual Pining,4
 Misunderstandings,4
 Kink Meme,4
 Rating May Change,4
 Oral Sex,4
Alternate Universe - College/University,4
Kink Meme,4
 Sex Toys,4
 Drama,4
 Mild Angst,4
 Hand Jobs,4
Established Relationship,4
 Violence,4
 First Kiss,4
 Kissing,4
Free! Kink Meme,4
 Polyamory,3
 Growing Up,3
 Getting Together,3
 Bondage,3
 Voice Kink,3
Alternate Universe - Future Fish,3
Friends to Lovers,3
 Multiple Orgasms,3
 Introspection,3
 Childhood Friends,3
 Post-Series,3
 Semi-Public Sex,3
 Bottom Nanase Haruka,3
Romance,3
 Anxiety,3
 Growing Up Together,3
 Love,3
 College,3
 SO MUCH FLUFF,3
 Alpha/Omega,3
 AU,3
 Orgasm Delay/Denial,3
 Depression,3
 Self-Lubrication,3
Future Fic,3
Alternate Universe - Splash Free,3
 Voyeurism,3
 Orgasm Denial,3
AU,3
 UST,3
mermaid au,3
 Plot What Plot/Porn Without Plot,3
 Drabble Collection,3
 Alternate Universe - Canon Divergence,3
 PWP,3
 Other Additional Tags to Be Added,3
 Arranged Marriage,2
 Explicit Language,2
 Intercrural Sex,2
 Happy Ending,2
 Underage Drinking,2
 top!Nagisa,2
 Family,2
 Accidental Voyeurism,2
 I Don't Even Know,2
 Top Tachibana Makoto,2
 Awkward First Times,2
 Light BDSM,2
 Sexual Tension,2
 First Time Blow Jobs,2
 Mates,2
 Eventual Sex,2
Alternate Universe - Werewolf,2
 Friendship/Love,2
 Angst Free,2
 Abuse,2
 First Time Sex,2
Friendship,2
 Panic Attacks,2
 Dildos,2
 Demisexuality,2
 Size Difference,2
 Sickfic,2
 makoharu - Freeform,2
 TsundeRin,2
 Arabian AU,2
 possessive!Haru,2
 cheap lecherous jokes,2
 Alternate Universe - Royalty,2
 model!Haru,2
 Eventual Romance,2
 Praise Kink,2
 Bottom Tachibana Makoto,2
 Bullying,2
 Crushes,2
 Collars,2
 Age Difference,2
 commission,2
 Tokyo AU,2
 Bottom!Rin,2
 Blood,2
 Canon Compliant,2
 Fingering,2
 lostsuke,2
 Alpha!Haru,2
 Spanking,2
 Dubious Consent,2
 Makoto - Freeform,2
First Kiss,2
 Swimming Pools,2
 First Time Bottoming,2
 Body Worship,2
First Time,2
Plot What Plot/Porn Without Plot,2
 Teasing,2
 Threesome - M/M/M,2
 Jealous!Rin,2
 One Night Stands,2
 Comedy,2
 Eventual Happy Ending,2
 Self Confidence Issues,2
 Tiny bit of Angst,2
 Alternate Universe - Modern Setting,2
 mermaid au,2
 stutter,2
 Tooth-Rotting Fluff,2
 Sexual Content,2
 Teacher-Student Relationship,2
Domestic Fluff,2
 Riding,2
 Fluff and Humor,2
 Haru - Freeform,2
 Tokyo - Freeform,2
 Cute,2
 Sex,2
 Cuddling & Snuggling,2
 Domestic Fluff,2
 Swimming,2
 Sharing Clothes,2
 People have reported crying,2
 Angst with a Happy Ending,2
 Tokyo (City),2
 Biting,2
 Alternate Universe - Never Met,2
 Mpreg,2
 Top Nanase Haruka,2
 Kids,2
 introverted Haru,2
Alternate Universe - Soulmates,2
 LOTS of merman sex,1
 pretending for a good cause,1
 The boys look GOOD in tuxes,1
 plus really badly implied sex,1
 references to highspeed,1
 Love Hotels,1
 Free! Eternal Summer,1
 a little tiny bit of D/s,1
Bodyswap,1
 but it turns out to be the best thing he could have done,1
Titanic AU,1
Porn Without Plot,1
 Blindfolds,1
 IN SPACE!,1
 Haru making bad decisions out of stubbornness and despair,1
 this tag list will be as long as the bible when i am done with this,1
Olympics,1
 Interspecies Romance,1
Boys lovin' boys,1
Referenced Past Minor Character Death,1
 Makoharu Fanfiction Festival,1
Older Characters,1
 officer sousuke,1
 Existential Crisis,1
 Morning Wood,1
 Humour,1
Soulmates,1
 intimacy issues,1
 probably,1
 this is my first fic,1
 Light Dom/sub,1
 Held Down,1
 Finger Sucking,1
 Rin and Nagisa are bros,1
 Begging,1
 Internalized Homophobia,1
 MagnificentBastard!Makoto,1
 not really angst but,1
 References to Mpreg,1
school teachers,1
 he fails a lot,1
 Awkward first dates,1
siren au,1
 Good old Rei,1
 Arabian!AU,1
Chaptered,1
 Missing Scene,1
 Sousuke and Rin are the good ol' police officers,1
Mookoto AU,1
 Mostly Pwp,1
 Makoto and Sousuke work as bartenders to pay for college,1
 rejected confessions,1
 Seven Days AU,1
 Cock Rings,1
 rin and sousuke are bros4lyfe,1
 pop culture references,1
 no one asked for this but i still wrote it,1
 Fisting,1
 Haru is obsessive,1
 merman,1
 Horny teenage exploration,1
 Things will change,1
Alternate Universe - Fantasy,1
 Side-Hazuki Nagisa/Ryuugazaki Rei,1
 Seductive!Haru,1
 AU where Makoto never went to university,1
 Angry Nagisa,1
 be warned,1
 just girly things,1
 Shut up I need happiness for once,1
 I am omegaverse trash,1
 Pregnancy Kink,1
 pretty straightforward ABO but i tried to avoid a lot of the dubcon issues,1
 makoto is obsessed with flowers,1
Artist AU,1
 Makoharu is the main ship,1
 Affairs,1
 Smutty,1
High  Speed!,1
Sequel,1
 a hint of yakuza not really a major plot element if you're here for that i'm sorry,1
fuckbuddies to actual boyfriends,1
 Aftermath,1
Gender Neutral,1
 Other characters show up later,1
 Lazy Mornings,1
 everything is Rin's fault,1
 magical flowershop au,1
 Omega!Rin,1
 Shy Makoto,1
 Bisexual Rin,1
 mention of HaruNitori,1
Anal Sex,1
Canon Continuation,1
SouMako - Freeform,1
 My First Fanfic,1
Riding,1
 rinharu - Freeform,1
Alternate Universe - Past Lives,1
 Past Relationship(s),1
 probably painfully out of character for the sake of gratuitous sex,1
 Edgeplay,1
 Witches,1
 Non-Graphic Violence,1
University,1
 the inside joke everyone wants to get out of,1
 Will be rather a dark journey in all honesty,1
 Butler! Rei,1
 I just wanted to write dumb robot pick up lines,1
 I am so done with this fic,1
 Basically it's two swimming boyfriends who are stupid in love and learning how to do sex things,1
 fish trying to party,1
 Iwatobi!Rin,1
 D/s,1
Explicit Sexual Content,1
 strippers take a field trip,1
 Rei doesn't want whatever you're selling thanks,1
 Fanboy Haruka (kinda),1
 nagisa really wants to be friends with haruka and haruka is secretly married to makoto,1
 warning there will be small amounts of angst,1
 cop!Rin,1
 Beta/Beta,1
 Dizziness,1
rated T for teenage makeouts and lots of Rin swearing,1
 everyone ships reigisa,1
Waxing,1
 RinHaru Breakup,1
 Seduction,1
wet dreams and blowjobs,1
 nagisa/rei if you squint,1
 Also now featuring Reigisa,1
Frottage,1
 Magicians,1
 Scent Kink,1
 pregnancy possible/mentioned but no one gets pregnant in this fic,1
 Promiscuity,1
 also lots of characters barely show up orz,1
 Cuties,1
 and yelling at me a lot,1
makoharu - Freeform,1
 and all the other firsts that come with it,1
 lots of hugs,1
Gift Work,1
 Jogging,1
Criminal AU,1
 Past Underage Sex,1
 photographer!Makoto,1
 Haru is lost,1
 First Crush,1
 haru has asthma,1
 Rin/Rei/Nagisa are the wedding planning squad,1
 Marking,1
 Stargazing,1
 but nothing heavy mentioned,1
 palace setting,1
 really minor ones though,1
 Forced Prostitution,1
the entirety of the final chapter is porn,1
 discovering feelings,1
 i am sorry again,1
 Cuddles,1
 Graduation,1
Age Regression/De-Aging,1
 Public Sex,1
Anxiety,1
 agent/PR-guru!Nagisa,1
 cosmic interference and all that good stuff,1
 AUish,1
 Kisumi is such a flirt,1
 underaged drinking,1
 Alpha Tachibana Makoto,1
 cops and gangs,1
 a few more tags to be added as I go,1
 They're still trying to figure each other out,1
 it was supposed to be a oneshot,1
 Late Night texts,1
 Original Male Characters - Freeform,1
 totally excessive drinking,1
 except Sou,1
SOMA inspired AU,1
 The End,1
 slight D/s undertones,1
onsens,1
 haru writes poetry,1
 other characters playing minor roles - Freeform,1
 noisy Makoto,1
 Vampires,1
 Trans Female Character,1
 Bouncer!Sousuke,1
 and high school student sousuke,1
 So bear with me. Please?,1
Headgames with Haru,1
 Meeting the Parents,1
 Major Character Injury,1
 Updates Fridays,1
 Dom/sub Undertones,1
 Urban Fantasy,1
 Post Free! ES,1
 excessive hand holding,1
 in-universe writing,1
 Because these boys deserve Nice Things,1
 Stripper!Haru,1
 Alternate Universe - Rock Band,1
 Prostitution,1
 Naughty snoopy Haru,1
Rei in Lingerie,1
 i can't believe i haven't seen one of these before,1
 Haruka and Makoto never met,1
 Confusing!Nitori,1
 Corniness,1
 Merman!Haru,1
 better late than never right,1
 Haru takes steps to better his life,1
 College is rough sometimes,1
 Lap dancing,1
 boys in lingerie,1
 Emotional Constipation,1
 inexperienced teenagers having bad sex,1
 Healing,1
 Awkward Romance,1
 vaguely historical setting,1
 OLDCODEX because of reasons,1
 Blood and Violence,1
 light angst but flavored with smut,1
 A bit of canon divergence,1
 aprentice chef!haru,1
Hand Jobs,1
 Food therapy,1
 Alternate Universe - College/University,1
Fluff and Humor,1
 Rin is still a romantic dork no matter how much he pretends otherwise,1
 soul mates,1
 Ran is a math nerd,1
Fingerfucking,1
 This F-ing Kid,1
 mentioned Yamazaki Sousuke/Matsuoka Rin,1
Sleeptalking,1
 Omega Matsuoka Rin,1
 Haru has a slight omorashi kink,1
 slight noncon/Haru elbows a creep,1
 mention of miscarriage,1
 Foursome - M/M/M/M,1
repost,1
 Minor Hazuki Nagisa/Ryuugazaki Rei,1
 Sassy!Rei,1
 Platonic Cuddling,1
 side Rei/Nagisa,1
 Rei is Fabulous,1
Soul Bond,1
 dad sex in later chapters,1
 cock blocking,1
 A Drastic Return to Sexytimes,1
 yes he's actually a cop in this one,1
 Five guys on the fuck-up spectrum,1
 Rin is a tacky drunk,1
 Bruising,1
 Eternal Summer spoilers,1
self-indulgent stripper au,1
 Dancing,1
 More Bottom!Rin,1
 in heat,1
 'Fateful Encounters' (ah Mako...),1
 Confessions,1
 medling neighbors,1
 A little love for SouMako,1
 heavy side pairings,1
 Soulmate-Identifying Marks,1
 sassy ass haru,1
 lol don't come here for plot,1
 guys just shut up and make out,1
Porn Watching,1
 Rin is not an asshole,1
Bartender AU,1
 Discovery,1
 CUDDLEBUG,1
 u keep trying rin bby,1
 and gross,1
 and doin it in the butt later,1
 Hermaphrodites,1
 A very different Future Fish,1
 Fake/Pretend Relationship,1
Suggestive Themes,1
 Shorts (Clothing),1
 Feels,1
worry not it's mostly makoharu!!,1
 Underwater Sex,1
 Tumblr Ask Box Fic,1
 this includes handy js,1
 basically just a lot of smut in this ch tbh,1
 Rei is Flustered,1
 Recreational Drug Use,1
 in ikea,1
 Slow Building Relationships,1
 So Married,1
 this is ridiculously self-indulgent,1
 Colors trope,1
 swimming lessons,1
 BDSM,1
 Alpha/Beta,1
 Single Dad Rin,1
Childhood Friends,1
 but I promise there will be romance eventually,1
 Loud Sex,1
 might have sourin in the future if I ever manage to get that far,1
 Prompt from my husbando: Young Rin and highschool age Haru,1
 Coming In Pants,1
 Robot AU,1
 editor!Rei,1
 small breakthroughs,1
 Sexual Frustration,1
 Post-Finale,1
 Some Humor,1
 Haru being jaded,1
 idiot!Haru,1
 Omega!Nitori,1
 lots of romantic and domestic stuff,1
 look an entire fanfic thats basically a sickfic,1
 which takes place within and after ES,1
 warning: Nagisa,1
mind the porn,1
 Demisexual Haru,1
 Haru is a petulant man-child,1
 KISUMI STOP IT,1
 everyone continues to get pinned to various surfaces,1
 Makoto having none of it,1
 lots of it actually,1
 Revelations,1
Nightmares,1
 or at least Rin thinks he is for now,1
 Not about rebound relationships,1
 Cafe AU,1
 Cutesy phone calls,1
 unplanned all-nighters,1
 CFO!Gou,1
 newly weds game,1
 Haru and Rin are on the Tokyo Swim Team,1
 so if you're here for that you can go on straight to chap 3,1
 like rin levels of romantic,1
 Mentally undressing Makoto is fun,1
Magical Realism,1
 Matsuoka Rin is the biggest anti-climax in the history of romance,1
 Bonding,1
 New Year's Eve,1
 Happy ending floof,1
 Boypussy,1
 Bruises,1
 rins forever an embarrassment,1
 Subtle flirting,1
 can't forget that,1
 background SouGou,1
Alternate Universe - Coffee Shops & Cafs,1
 but I swear it's not as angsty as it seems,1
 basically I fixed a lot of plotholes and turned this faux sports anime into a love story,1
 Super unhealthy self-repression,1
 super-pumped-up-jock!Sousuke,1
additional tags,1
 celeb!Rin,1
 I honestly can't believe I wrote this,1
Emergency room,1
 adventures in Dorkyo,1
 Prompt Fic,1
 Blurry Dick Pics,1
 Once again this is ALL CONSENSUAL,1
 Crossdressing,1
 Unintended Consequences,1
Spooky AU,1
 Knight Makoto,1
 Pornstars!Rin & Mako,1
 okay everyone are bros actually,1
Alternate Universe - Pirate,1
 Momo is Special Investigator Pyunsuke and Nitori is an Actual Police Investigator,1
Drunken Kissing,1
 Dry Humping,1
 Chef Haru,1
 under it all Haru is still a socially inept dork,1
 Kittens,1
 and the wife,1
 Alpha!Rin,1
 The natural order of things happens,1
 videogame metaphors,1
 Sexting,1
 Haru is a wordy little thing,1
 Anal Gaping,1
 Omega!Haru,1
 Sounding,1
 side relationships are kind of in the background this is primarily soumako,1
 revisiting the past,1
 witch!Nagisa,1
 Rin is a doof,1
 Tango,1
 Everyone Is An Adult,1
 I'm Serious It's just Porn,1
 fish talking about triggers,1
 ok so there is kisuharu and they date but its not the main focus just making that cleae,1
 Makoto's POV,1
 merman au,1
 it might get weird,1
 all of the references,1
 Teacher Rin,1
 Future-fic,1
like a couple paragraphs of plot and that's it for now,1
 Science Fiction,1
 No Lube,1
Pre-Relationship,1
Matchmaking,1
 Rin and Rei are Haru's sons,1
Sleepovers,1
 Engagement,1
Omegaverse,1
 Alpha Creed: Brotherhood,1
 Nudes,1
 College AU,1
 Pain,1
 basically rin and rei do a lot of couple things and then totally bang,1
 Alpha!Sou,1
minor reference to past makoto/haru,1
Fake/Pretend Relationship,1
 Growing Old Together,1
 Blood Drinking,1
 69,1
 Merman Nanase Haruka,1
Soulmate-Identifying Timers,1
 Makoto was kidnapped as a kid,1
 Nagisa please,1
 Poor Mookoto's got it tough,1
Fluff and Angst,1
 Bathroom Sex,1
 AU because Pro!Haru is now canon,1
5 Times,1
 Coming Untouched,1
 Brainwashing,1
 Haru having grown up,1
 a bomb-sniffing dog that's tired of sousuke's shit,1
 Loss of Virginity,1
 Shower Sex,1
 protective Haru,1
 Haru is gay,1
 Beta!Kisumi,1
 also there are a lot of references enjoy,1
 college student!haru,1
CoffeeAU,1
 True Love,1
 dogboy!Rei,1
 ...and should probably be spanked,1
 Domestic SouMako,1
 Id Fic,1
 Platonic Makoharu,1
 Rating will go up,1
 robot!haru,1
 Mistress!Miho,1
 I love how many tags there are for awkward,1
don't even ask,1
 Dominant!Makoto,1
 Salon AU,1
 Banter,1
 Haru/Water - Freeform,1
 model!rin,1
 Angst and Fluff and Smut,1
 Gray-Ace Haru,1
 Rin is a beautiful delicate flower,1
 standing up sex,1
 Deaf Character,1
 gratuitous descriptions of food,1
 Masquerade Ball,1
 Alternate Universe - Harry Potter Setting,1
 Haru's stripper name,1
 Nitori has the patience of a saint,1
 I am so sorry,1
 Rin and his pilllow,1
 Through the Years,1
 It's gonna be rll gay let me tell you,1
 Underwater Blow Jobs,1
 Traffic jam,1
 Bromance,1
 stangers falling in love,1
 swimmer boys,1
 Owner Nagisa,1
 Text messages that shamelessly serve to fill plotholes and provide comic relief,1
 Childhood,1
 Miscommunication,1
 limited edition,1
 rin has piercings,1
 Ao3 offered me the Better Than Canon tag and I am laughing,1
 Makoto is extremely well-endowed pass it on,1
 Makoto has amazingly bad timing,1
 Beta!Nagisa,1
 Alternate Universe - Coffee Shops & Cafs,1
 Breathplay,1
 Bottom!Haru,1
 Alpha!Sousuke,1
 Canon divergent,1
 pining!Haru,1
 And Haru is more of a romantic than you'd think,1
 nothing graphic though,1
it's just sex i'm sorry,1
 Language,1
 Male Pregnancy,1
 please pay attention to the pairing tags as we move along with this,1
 Depressed and/or drunken confessions,1
 Minor Character Death,1
 NagiGou are evil twins from different mothers,1
Pet au,1
 thousands of words of awkward,1
 Botched Stakeouts,1
 care,1
 cop!Sousuke,1
 not all of them will be nsfw but just in case,1
 Daddy Kink,1
 also adding tumblr-buddy!Kisumi,1
 No seriously I haven't written porn in ages it's bad,1
 Human Trafficking,1
 aggressive anal fingering,1
 Outsider Perspective,1
 Sex between strangers,1
 Makoto is a prostitute tho,1
 Shameless wallowing,1
 True Mates,1
 soumako warbuddy brotp,1
 Rich boy Haru,1
 Sourin is only really hinted at,1
 I promise,1
 i'm sorry this should have been edited more,1
Canon Universe,1
 needy!Haru,1
 Virgin!Nitori,1
 dogboy!Makoto,1
 set not too long after episode 12,1
 Historical Fantasy,1
 resolutions,1
 How do I tag?,1
 medling siblings,1
Rockstar AU,1
Non-Chronological,1
 Dress-up Fantasies,1
 Makoto rescued,1
 Drabble,1
little bit of rinharu in the background,1
Porn,1
 awkward cuties,1
 No Spoilers,1
 Not a fic that glamorizes stripping,1
 Omegaverse,1
 breath play,1
 Growing Up is Hard,1
 so is jealous Makoto but we don't talk about that,1
 Mutual Masturbation,1
 Masks,1
 No one's a virgin,1
 Haru comforts Rin even if it is inwardly torturing him,1
 ish,1
 Pheromones,1
 chaptered but only because it looks nice that way,1
 Gangbang,1
 Eventual Relationships,1
 Get on the trashville train choochoo,1
 explicit - Freeform,1
 reunion with an old friend,1
 plenty of sex,1
 Flashbacks,1
 anxiety disorders,1
 Kinks,1
 fair warning,1
 Asthma,1
 no actual mpreg occurs,1
established MakoRin,1
 Phasing,1
 Homophobia,1
 m/m - Freeform,1
 Roughness,1
 Relationship(s),1
 Rape Aftermath,1
 Mild Fantasy,1
 everyone else is straight,1
 harumako,1
tinder au,1
 I am not sure I will ever top this in terms of sheer volume and dedication,1
 Anal,1
Side-Matsuoka Gou/Mikoshiba Seijuurou,1
 Aphrodisiacs,1
 STARPOOP RETURNS,1
 Warm and Fuzzy Feelings,1
 flowerboy!makoto,1
 Time Skips,1
 Omega!Momo,1
 seriously nothing but smut,1
 Toys,1
 if Kisumi could stop personally victimising everyone that would be great,1
 Bisexual Kisumi,1
 Haru notices a pattern,1
 started before s2 was announced,1
 Haru gets teased about Sousuke,1
 makoto likes them,1
 Handcuffs,1
 Separations,1
 Borderline-stalking because Haru can't help himself,1
 Haru's first day,1
 I love cliche titles,1
 side Kisumi/Haru,1
 Sousuke only has a minor part sorry Sousuke,1
 Makoto makes a small misunderstanding,1
 why is this so long,1
 Stripper AU,1
 Literary References & Allusions,1
 idk if that needed a trigger warning so there it is?,1
 Crush at First Sight,1
 Momo's anus,1
 Face-Fucking,1
 Master/Slave,1
 one chance only,1
 Clothed Sex,1
 Rin's maid outfit,1
Pool boy!Rin,1
 and now we have accidental side SouMako,1
 Rin graces his loser friends with his presence,1
 Tumblr: iwatobiartfics,1
 self defense basics,1
 warning: implied non con attempt,1
 misleading title because makoto would never buy haru anything made of satin that boy has standards,1
 POV First Person,1
 Longing,1
 Tumblr Prompts,1
 Trope Subversion,1
 what are tags,1
 Sexy and overconfident Makoto,1
 side- reigisa,1
 the plot is bad but not as bad as it sounds,1
 Yaoi,1
 oh god i wrote the smut,1
 I tried for light bondage,1
 gentle domestic violence,1
 Spooning,1
 plot heavy,1
 Creampie,1
 please support the source material!!,1
 it's not really that raunchy I just didn't want to rate it G,1
 Haru is ace,1
 Getting to Know Each Other,1
 Confessions always go better over cocoa,1
 Bakery and Coffee Shop,1
 don't look at me,1
 Some Plot,1
an actual not onesided makoto/haruka fic,1
 MakoHaru Week 2016,1
 age gap,1
Minor Character Death,1
Sexting,1
 Emotional Hurt,1
 itll do you so me good,1
 Alternate Universe - Burlesque Club,1
 Pornstars,1
 Shopping,1
Things Aren't As They Appear,1
 Sousuke Being a Nice Friend,1
 Forbidden Love,1
 Prince Haruka,1
 Haru knows how to tease his man,1
 Slavery,1
 not obeying stripper protocol,1
 Possible smut,1
 Kink,1
 Marriage,1
 lol that's in comparison to my other recent works only,1
 also they're one shots and not connected to each other so dont look for continuity,1
 Alternate Universe - Future Fish,1
 Pack Life,1
 awkward lap dances,1
 Maybe even more than Makoto and that's saying something,1
 hell yeah HELL YEAH,1
 Sexual Fantasy,1
 BRO Rin,1
 harumakotokyo,1
 dogboy!Sousuke,1
 Torture,1
 testing the boundaries,1
 Alternate Universe - Stripper/Exotic Dancer,1
this is 2 percent plot and 200 percent porn,1
 i tried to make this a plotty thing but it didn't work out,1
 merman Haruka,1
 Multiple Pairings,1
 vampire!Rei,1
 trigger warning - attempted rape,1
 they grew apart never to recover again,1
 just a lil,1
 Universe slipping,1
prompt,1
 Rich boy!Ai,1
 the reigisa and sourin are in the background for now :D,1
 my favorite kind of au,1
 Rin creates most of his own issues,1
 High School,1
 and Ai and Nagisa are Makoto's sons,1
 Cravings,1
 Frotting,1
 Nagisa is cooler than you,1
 Owner Haru,1
 Mild Sexual Content,1
 Sou receives an art lesson,1
 i roll traditional,1
 A veritable explosion of feels after said immense repression.,1
 I Tried,1
 Implied Sexual Content,1
 trigger warning - rape,1
 Nagisa Schemes,1
kid!Haru,1
 Still deciding if I should make this with a happy ending,1
 Minor Violence,1
 Wedding Planning,1
 breakdowns,1
 Child Tachibana Makoto,1
 depiction of terminal illness,1
 Rape Recovery,1
the get together fic,1
 Cuddling,1
 Tachibana Makoto - Freeform,1
 Actual fireworks,1
 the prompt was beautiful and i needed it like air,1
 Nitori's a freak in the sheets don't try to tell me different,1
 5 kisses,1
 cuties being dorks,1
 haru tries to woo the boy next door,1
 Derealization,1
 Occasional angst,1
 makoto questioning his entire existence,1
Growing Up Together,1
 Makoto Tachibottom Festival 2K14,1
 Alcohol Abuse/Alcoholism,1
 Fairy Godmother!Gou,1
 Completed,1
 Lost Kitten,1
Alternate Universe - Historical,1
 not a huge amount though,1
 Gou's a muscle-sexual,1
 Depressed Haruka,1
 Rei is no-one to be trifled with,1
 Minor Matsuoka Rin/Yamazaki Sousuke,1
 Asexuality,1
 Everyone seems to want a piece of Nitori,1
Phone Sex,1
 Strangers to Lovers,1
 drunk canoodling,1
 Freeform,1
 Parent/Teacher Relationship,1
 Nagisa is Haruka's best friend,1
 dark themes,1
 Awkwardness,1
 Other country,1
 Nagisa should be a warning tag in itself,1
 Captain!Makoto,1
 Omega Haruka,1
 Rin hates his life,1
 College!Haru,1
 Conditioning,1
 Romantic Comedy,1
 psychological sub space,1
YouTuber Rin,1
 and boys having issues,1
 12k of haru being absolutely shameless and makoto blushing & blushing & blushing some more,1
 Kemonomimi AU,1
Will add tags as characters/pairings come along,1
 Language of Flowers,1
 nsfw prompt,1
 Trolling and embarrassing Rin is why I was placed upon this Earth,1
 tags to be updated as I go,1
 Sleep Sex,1
 I bet you all thought this story would never get custom tags,1
 Owner Rin,1
 it's not actually all that smutty,1
Switching,1
 Later Smut,1
 koala!Rin (jk he's just in australia for MOST of this),1
 except for chapter 10,1
 an excess of sass,1
First Love,1
 Some Actual Swimming Wow,1
 cybernetic enhancements,1
 Alternate Universe - Historical,1
 Cyberpunk,1
 References to Sex,1
 i suck,1
 bad language,1
 Cheesy romance,1
 the little drabble that grew,1
 like hella slow burn,1
 Burlesque,1
 Dom/sub Play,1
 Haru puts forth the effort,1
 I don't know how to to tag,1
 Makoto is adorable,1
 Character death but what did you expect,1
 tight white pants,1
Mood Swings,1
 Angst with schmoop,1
 sorta - Freeform,1
 Incest,1
 lots of feelings,1
 medling friends,1
 Exploring,1
 Reigisa if you squint,1
Bottom Tachibana Makoto,1
 Implied Mpreg,1
 Vomiting,1
Alternate Universe - Sex Shop,1
 Dystopia,1
 BL,1
 And I tried for submissive,1
 Alternate Universe - Fairy Tale,1
 everyone whos pregnant is hella emotional and angry,1
 takes place before Free! Eternal Summer,1
 eventual Makoharu,1
drabbles,1
 Alternative Perspective,1
 fear of water,1
 disgustingly in love,1
 SouMako is implied,1
 the only one of them who's not an ass is Makoto tbh,1
 oh and gay sex,1
 Rape Mentions,1
 alpha!makoto,1
 Large Cock,1
 this is going to be fairly quick and dirty,1
 Merman sex,1
 jealous Haru is canon Haru,1
Porn With Plot,1
 I was going to write porn and then it turned into feelings,1
 Romantic Gestures,1
 Prompt Fill,1
 Rin - Freeform,1
 Rating subject to change,1
 Overthinking,1
 ...no I actually made it worse,1
 Peer Pressure,1
 Sei has better things to do,1
 dorky Rin flailing about his crush,1
 KNB Crossover,1
Marine Park AU,1
 newbie writer,1
 Sousuke has a huge Dong,1
 Boys Kissing,1
 Suicide Attempt,1
 awkward husbands,1
Slow Build,1
 you can see the kinky in his eyes,1
 Family Drama,1
 Nagisa the Sex Guru,1
 Haruka changes genders like a fish,1
 all shall love me and despair,1
 Sousuke swears alot,1
 Aquariums,1
 a bit of angst,1
 Rin is fucking sick of everyone's shit,1
 Cringey First Time,1
 Hopeless romantic Rin,1
 allusions to original myth,1
 nothing but porn,1
 also MIGHT include soumako just because I can,1
 haru pov,1
 fluff among friends,1
 Temper Tantrums,1
 makoto gets beat up a lot,1
 Vibrators,1
 I don't know much JSL... So lots of this will be American Sign Language.,1
 nightmares and revelations,1
 wet dreams,1
 Telepathic Bond,1
 so many stars too many stars tbh,1
 Magic Made Them Do It,1
 Sousuke is Makoto's sassy best friend,1
 But nothing too bad and nothing explicit,1
 different forms of ptsd,1
 Tiny Angst,1
 Fingerfucking,1
 canon divergences in age,1
 But then this happened,1
 lots and lots of cameos,1
Post episode 2,1
 I DON'T EVEN KNOW WHAT HAPPENED THIS WAS SUPPOSED TO BE A ONE SHOT,1
eternal summer ed au,1
 Middle School,1
 Studying,1
 mentions of past relationships - Freeform,1
 Catboys,1
 Pansexual Sousuke,1
 just let go Haru bby it's ok,1
 platonic hugs that may not actually be so platonic in undertone,1
 parental angst,1
 it mentions reigisa and kisumixasahi,1
 Lots of Samezuka Swim Team Love,1
 Past Abuse,1
 Blindness,1
 This AU is dark in the background but really it is just made of sO MUCH FLUFF,1
 character introspection,1
 Porn With Plot,1
 sigh,1
 male reader - Freeform,1
 Demisexual Makoto,1
 SouHaru trash,1
 Reckless Driving,1
 and completely and utterly done rei,1
 original mermaid folklore,1
 sort of,1
 firefighter makoto/chef haru,1
 a soup kitchen,1
 third attempt at a retitle,1
 cries because it's real,1
 Nagisa's just along for the ride,1
 Ren is a skater,1
 Dominance,1
 rinharu gou's soccermoms brotp,1
 Rin Speaking English,1
 referenced homophobia,1
 but it's consensual,1
 Submission,1
 Loving stares,1
Arabian! AU,1
 Teenage Rebellion,1
 post-traumatic growth,1
 OOC Haruka and Makoto probably,1
 Sexy Breakfast,1
 haru likes the pool,1
 Drunk Sex,1
flowershop!AU,1
 Fantasy AU,1
 makoto is oblivious to haru's weird courting attempts,1
 and featuring 'thank god you're alive' sex,1
 everyone is rich,1
 Prompt: Anxiously Waiting,1
 Moving On,1
 Hurt,1
 s,1
 reference to mental illness,1
 Getting Back Together,1
 and Kisumi has such a short mention I didn't even have the heart to tag him,1
 Unrequited Love,1
 and sousuke's naughty fantasies and dreams pop up sometimes,1
 shoujo!AU,1
 not that much after tbh,1
 husband+wife kink sort of,1
 Bridezilla!Haru,1
 Haru is also a marine biologist bc why not,1
 side Kou/Seijuro,1
 Original Female Character(s) - Freeform,1
 Good friend Nagisa,1
 Olympic Swimmer Rin,1
 Makoto and Haru are both dads,1
 Oblivious Haruka,1
 mention of RinHaru,1
 and a tattoo,1
 makoharu nsfw prompts,1
 a haunted strip club,1
 basically some snk characters make an appearance,1
 The Challenge Fic That Ate Me Holy Shit,1
 so be warned if you're iffy about stuff like that,1
 Rin moves back to Tokyo,1
 Plenty of vanilla sex as well,1
 Legendary Creature,1
 haru is a very smooth robot,1
 so damn original,1
 Haru. IS. AquaMan,1
 Haru gets what he wants,1
 Alpha Makoto,1
 Haru finally gets to show his (kitchen) stuff!,1
 Hugs,1
 Drug Abuse,1
 Haru cant handle technology,1
Marriage,1
 until he meets a strange handosme homeless kid,1
 Nanase Haruka - Freeform,1
 Splash Free,1
 Found Family,1
 trigger warning - choking,1
 Swim Coach Haru,1
Tumblr Prompt,1
bartender!AU,1
 Free! - Freeform,1
Alternate Universe - Flower Shop,1
 Corny English,1
 Tuxedos everywhere,1
 Kisumi is in one chapter,1
 Rin walks in on Nitori jerkin' it,1
 Loneliness,1
 ...and the OT4 ship's FINALLY in :),1
 happy fucking birthday loreena,1
 dolphin dick,1
 starring uni sophomore rin,1
 Mentions of past child sex slavery,1
 Androids,1
 Mako wants to be a florist because that shits cute,1
Long-Distance Relationship,1
 Veela,1
 Food Sex,1
 Desperation,1
 So much angst,1
 Artist Nanase Haruka,1
 Sad things...,1
 2016 Summer Olympics,1
 haha.... ah... yeah....,1
 Father Haru,1
 cross-dressing,1
 Running Away,1
 Sex Clubs,1
Get Together,1
 (Makoto's daughter/ex-wife I mean),1
 inappropriate use of jam,1
 Rin can't catch a break,1
Tokyo (City),1
 BigBrother!Rin,1
 Rin has such a potty mouth,1
Bodyguard!AU,1
college fic,1
 chef!haru,1
 Ace!Makoto (in future chapters),1
 Slow relationship build up,1
 Scenting,1
Reconciliation,1
 haruka in tiny shorts and probably also high heels,1
 Butler! Ai,1
 Reader-Insert,1
 haru still loves water,1
 Makoto is Affably Evil and Sousuke is creeped out,1
 color me in love,1
 Makoto and Haru never met while Rei and Nagisa are childhood friends,1
 Gangs,1
 Shota!Haru has dokis for Makoto,1
 also there's no way this can't be identified as some kind of crack,1
 genderfluid!Nagisa,1
Teacher AU,1
 Scent Marking,1
 Angsty love martyr!Makoto,1
 Parent Death,1
 Drunkenness,1
 Alpha Yamazaki Sousuke,1
 Cameos,1
 Sweaty Rin,1
 Asexual Character,1
 a shake up in the stripper hierarcy,1
 Canon Divergence,1
 Beta!Ai,1
 Attack on Titan Crossover,1
 Bad shameless smut,1
 Comfort/Angst,1
" budding ""are-we-or-aren't-we"" SouRin",1
 University,1
 Omega!Makoto,1
 Murder Most Foul,1
 Rin is a pushy foul-mouthed bottom,1
 what's New Year's at a strip club without a little degradation?,1
 Pet Names,1
 Aromantic Character,1
 Copious Amounts of Sibling Fluff,1
 nongraphic depiction of chronic illness,1
Light Angst,1
grocery store au,1
 Alternate Universe - Yakuza,1
 bottom!Makoto,1
 Just generally a lot of feelings,1
Universe Alteration,1
 Rivals Into Lovers,1
modern day hades and persephone,1
 but it didn't work,1
 LingeRei,1
 SO,1
 car games,1
 Sign Language,1
 Bisexual Character,1
 it starts dark and sad,1
 teacher!Makoto,1
 Past Matsuoka Rin/Nanase Haruka,1
 im evil,1
samezuka!makoto,1
Bottom!Rin,1
 Abusive Relationship,1
 Swearing,1
 Reality Bending,1
 Omega Rin,1
 SouMomo will be the death of me,1
 SouHaru,1
Alpha/Omega,1
 relationship,1
 nerd/geek/weirdo!Haru,1
there's a lot of swearing so if you;re not into that stay away,1
 a day in the life,1
 Farm Boy Makoto,1
 everyone is in the same swimming team except makoto because he loves flowers better,1
 Switching Perspectives,1
Panties,1
 Which leads to kissing fun times,1
 Thank god for Rin,1
 written before free!es started airing so this has not much relevance to the story arc sorry :c,1
Sharing Clothes,1
 Action/Adventure,1
 I just want Sousuke to smile again alright?,1
 Second-Hand Embarrassment,1
 im not sure what this is,1
 I'm Sorry,1
 Protective Makoto,1
 Rin and Haruka are soulmates but shit happens,1
 Independent!Gou,1
 no talking,1
 Haru and Makoto are so married,1
 trigger warning - assault,1
 Makoto being a bamf,1
 Medical,1
 haru wears sweaters,1
 Secrets,1
 Mating,1
 Humiliation,1
 i tried to be funny???,1
 Police Officer Matsuoka Rin,1
 Makoto has emotional issues,1
 Boyfriends,1
 Consensual Sex,1
 don't worry rin the monsters won't get you,1
 I guess we'll see,1
 the makogou is super-secondary,1
Introspection,1
 Sexuality,1
 But with a happy ending,1
 No triggering content,1
 Mentions of drug use and underage drinking,1
 makoto being gross like hella gross,1
 kitten spam,1
 romance comes late in fic,1
 Magical Accidents,1
 au where sousuke & rin have never met before but everything else is pretty much the same,1
 Shame,1
 Because Rei is the most obvious person in the entire world,1
 Size Kink,1
 Topping from the Bottom,1
 Puberty,1
 Strippers & Strip Clubs,1
 hyperactive robot!nagisa,1
 Swimming Anime - Freeform,1
 dorky boys being cuddlebugs,1
 yakuza!au,1
 Companionable Snark,1
 baby's first pair of heels,1
 rintori - Freeform,1
 Rin and Haru are too pretty,1
 Funny,1
 tactile sign language,1
 Sousuke gets a clue,1
 sosuke is jealous,1
rin figuring his shit out,1
 Double Penetration,1
 Makoto is a lean mean Alpha sex machine,1
 Beta!Gou,1
Action/Adventure,1
 reference to cutting,1
 Alternate Universe - Titanic Fusion,1
 Student/swimmer/artist!Haru,1
 drug dealers and rentboys,1
 I have no idea what that ship is called,1
 Heavy Angst,1
 Omega Nanase Haruka,1
AUTHOR AU,1
 Puppy Love,1
 Since it's a different universe anyway,1
Temporarily Unrequited Love,1
 Skype,1
 Beta!Rei,1
 Oblivious Nanase Haruka,1
warning: Nagisa,1
 I swear its for the sake of the plot,1
 top!Sousuke,1
 Younger Makoto,1
 Catboy!Haruka,1
 I fixed the plot!,1
Alternate Universe - Pacific Rim Fusion,1
 Costumes,1
 Oblivious,1
 Mainly fluff but I can't seem to write anything without a little bit of angst so,1
 Dream Sex,1
 Haruka is an author,1
University AU,1
 sometimes you can't go back but you can make a new normal that's ok,1
 Blow Jobs With Teeth,1
 Pirates,1
 dark!Haru,1
 so here i wrote it,1
 sort of they're both just giggly and stupid omg,1
 haru is rich,1
 hot dads,1
 Questioning Sexuality,1
 Angst level escalated from small to rather large,1
 Fairy Godfather!Sei,1
Pining,1
 FLUFF incoming,1
 Side Quests,1
 very affectionate Rin,1
 in which Makoto's really bad at this whole 'one-night stand' concept,1
 Casinos,1
 Oblivious Tachibana Makoto,1
 Counseling,1
 sarcastic shit sousuke,1
 who has Makoto's eyes,1
 POV Multiple,1
 Deeply needed some odd-couple SouHaru,1
Rape,1
 don't even look for a plot or reason,1
 Birthday Parties,1
 riding the 'Makoto is exceptionally endowed' bandwagon,1
 Makoto never met Haru,1
 Flirting,1
 Kisumi earns a 'Kiss',1
 Butterbuddies,1
 Art School,1
 but im a romantic piece of shit,1
 The guys were devastated,1
 roadtrip,1
Free! - Freeform,1
 Haru gets some overdue attention,1
 Love Bites,1
 Alternate Universe - Fantasy,1
 hints of sourin,1
Dirty Talk,1
Canon-Compliant,1
 Dimension Travel,1
 Reunions,1
 Top Matsuoka Rin,1
 Haru being a little shit,1
 Relationship Issues,1
 Emotional Haru,1
 everyone goes home confused,1
 One Shot,1
stupid married couple,1
 Pole Dancing,1
 botched confessions,1
 Bartenders,1
 warning: mentions of underage prostitution,1
 In Public,1
 future/after graduation fic,1
" He also self-indentifies as ""Haru""",1
 Sousuke tickles Rin,1
Mild Smut,1
 some violence,1
 lifeguard!Makoto,1
