Alternate Universe - Modern Setting,37
 Alternate Universe - Canon Divergence,36
 Angst,33
 Romance,23
 Sexual Content,23
 Slow Burn,20
 Fluff,19
Alternate Universe - Canon Divergence,19
 R plus L equals J,18
,17
 Alternate Universe - Modern Setting,15
 Violence,14
 Oral Sex,14
 Explicit Sexual Content,14
 First Time,13
 Arranged Marriage,12
 Smut,12
 Explicit Language,11
 Drama,11
 Slow Build,11
 Canon-Typical Violence,11
Romance,10
 Loss of Virginity,10
 Alternate Universe,10
 Canon Compliant,9
 Future Fic,9
 Humor,9
 Unresolved Sexual Tension,8
 Implied/Referenced Rape/Non-con,8
 Jon Snow is a Targaryen,8
 Cunnilingus,7
 Hurt/Comfort,7
 Older Man/Younger Woman,7
 Politics,7
 Fluff and Angst,7
 Pregnancy,7
 Friends to Lovers,7
 Friendship,7
 Dubious Consent,7
 POV Multiple,7
 Other Additional Tags to Be Added,7
 Masturbation,7
 sansan,6
Arranged Marriage,6
 Sexual Tension,6
 Half-Sibling Incest,6
 Character Death,6
 Sibling Incest,6
 Minor Character Death,6
 Alternate Universe - College/University,6
 Falling In Love,6
 Canonical Character Death,6
 Eventual Romance,5
 Miscarriage,5
 Dragons,5
 Forced Marriage,5
 Crossover,5
 Love,5
Alternate Universe,5
Female Harry Potter,5
 Fluff and Smut,5
 Sister-Sister Relationship,5
 Eventual Smut,5
R plus L equals J,5
 Unresolved Romantic Tension,5
 Marriage,4
 Rough Sex,4
 Family,4
 Physical Abuse,4
 Infidelity,4
 Murder,4
 Post - A Dance With Dragons,4
 Emotional Hurt/Comfort,4
 Accidental Voyeurism,4
 Weddings,4
 Rape/Non-con Elements,4
 Mpreg,4
 Canon Divergence - The Battle of the Blackwater,4
 Frottage,4
 Secret Relationship,3
Fluff,3
 Time Travel,3
 Emotional/Psychological Abuse,3
 POV Sandor,3
 War,3
 Blackwater AU,3
 Torture,3
First Time,3
 ASoIaF Kink Meme,3
 Action/Adventure,3
Slow Burn,3
 First Kiss,3
 Alternate Universe - Gender Changes,3
Angst,3
 Jealousy,3
 Attempted Sexual Assault,3
 Complete,3
 Tooth-Rotting Fluff,3
 Voyeurism,3
 Hand Jobs,3
 Badass Arya,3
 Kissing,3
 ADWD spoilers,3
 Original Character(s),3
 Fingerfucking,3
 Anal Sex,3
Post - A Dance With Dragons,3
 Possessive Behavior,3
 Jon Snow knows nothing,3
 Alternate Universe - Fantasy,3
 Dirty Talk,2
Spoilers,2
 Alternate Universe - Arranged Marriage,2
 Polyamory,2
 Rape,2
 Happy Ending,2
 Dialogue Heavy,2
 robert/cersei are not a happy couple,2
 Mildly Dubious Consent,2
 Growing Up,2
 Fem!Jon Snow,2
 Marriage of Convenience,2
 Imprisonment,2
 Domestic Fluff,2
 regency england,2
 AU after DwD,2
 POV Alternating,2
 Canon - TV,2
 Father-Daughter Relationship,2
 Implied/Referenced Domestic Violence,2
 Fantasy,2
 Gendrya - Freeform,2
Alternate Universe - Always a Different Sex,2
 Underage Sex,2
 Wedding,2
 High School,2
 Underage Drinking,2
 Brother-Sister Relationships,2
Pregnancy,2
 Drug Use,2
 Vaginal Fingering,2
 POV Female Character,2
 Rape Recovery,2
 Enemies to Friends to Lovers,2
 Awkward Sexual Situations,2
 Fairy Tales,2
 Period Typical Attitudes,2
 House Stark,2
 Past Abuse,2
 Minor Original Character(s),2
 Non-Graphic Violence,2
 AU,2
 Kidnapping,2
Canon Divergence - The Battle of the Blackwater,2
 True Love,2
 Implied Sexual Content,2
 Sex Club,2
 Child Death,2
 Family Fluff,2
 Cousin Incest,2
 Swearing,2
 Past Child Abuse,2
 Drabble Collection,2
 Threesome,2
Wedding Night,2
 Alternate Universe - Historical,2
 Amputation,2
 Friendship/Love,2
 Fingering,2
 Abuse,2
 Childbirth,2
 Sexual Inexperience,2
 Book style,2
 pre-canon timeline,2
 Incest,2
Alternate Universe - Arranged Marriage,2
 Winterfell,2
 Trauma,2
 Escape,2
 Verbal Abuse,2
 Sexual Humor,2
 Dom/sub Undertones,2
 Alternate Universe - High School,2
 One Shot Collection,2
 Prostitution,2
 Domestic Violence,2
 Ramsay is his own warning,2
Action/Adventure,2
 Sex,2
Sexual Experimentation,2
 Secret Targaryen,2
 Mutilation,2
 Pre-Canon,2
 Light Bondage,2
Older Man/Younger Woman,2
 Mutual Masturbation,2
 Love at First Sight,2
 Mutual Pining,2
 Blow Jobs,2
 House Lannister,2
 Spanking,2
Prince Gendry,2
 Self-Harm,2
 Mentions of Rape,2
 Revenge,2
 Breastfeeding,2
 Rape Aftermath,2
 Consensual,2
 OT3,2
 POV Sansa,2
 Betrayal,2
 Resolved Sexual Tension,2
 Implied/Referenced Underage Sex,2
 Political Marriage,2
 Modern Era,2
 Porn With Plot,2
 Rule 63,2
 sort of,2
 Implied/Referenced Incest,2
 What-If,2
 Assassins & Hitmen,2
 Modern Setting,2
Blackwater AU,2
 Sexual Abuse,2
 Girl!Jon,2
 Canon Divergence - Red Wedding,2
 Restraints,2
 Semi-Public Sex,2
AU,2
 Texting,2
 Consensual Underage Sex,2
Canada,1
 Period-Typical Sexism,1
 Traveling,1
 Canon Gay Relationship,1
 Graphic Description,1
 Abortion,1
 80's AU,1
 Horrible things happen but,1
 unhappily married,1
 Curiosity,1
 Queen Sansa,1
 Words of Love,1
 Sandor is a famous musician,1
 Intersex Omegas,1
 Transgender Toni Stark,1
 A little bit Mansfield Park,1
 Laughter during Sex,1
 Riverlands,1
 Some Swearing,1
 lost characters reappearing,1
 Myrcella is devious,1
Polyamory,1
 Unrequited Love,1
 lesbian bdsm,1
 Daring Swordfights,1
 Aftercare,1
 unrequited!Throbb,1
 Don't expect too much,1
 Intercrural Sex,1
 Identity Porn,1
 Dark!Jon,1
 and Shireen is not burned,1
 erotic humiliation,1
 Emotional Infidelity,1
 Mild Kink,1
 Angry Sex,1
Alternate Universe - Fairy Tale,1
 Riding In Cars with Boys,1
 Zombie Apocalypse,1
 Dubious Morality,1
 Alternate Universe - Regency,1
Danger,1
 Death in Childbirth,1
 Acorn Hall,1
 Travel,1
 Book Spoilers,1
 i'm not letting you break me you can try you can fail,1
 Beheading,1
 Alternate Universe - Office,1
 The Martell Brothers are plotsy,1
Extremely Dubious Consent,1
 SLOW AF,1
 Anal Play,1
 Magic,1
 Heavy BDSM,1
 Sansa is not a bitch,1
 i can't even help myself at this point,1
 Unbeta'd,1
 Theatre,1
 Mobster AU,1
 Rape/Non-con References,1
 season 6 AU,1
 DominantJaime,1
 Alpha Robb,1
 This version of Westeros has Oscar Wilde,1
 Oberyn has a tender ickle heart,1
 i need the fluff,1
 Recovery from trauma,1
Crossover,1
 Caretaking,1
 mnage  trois,1
 i blame tumblr okay,1
 ASOS Spoilers,1
 Anal Fingering,1
 Alternate Universe - Always a Different Sex,1
 Alpha/Omega,1
 5 Times,1
 lesbian,1
 Princess Sansa,1
 Uncle Sandor,1
 Sansa Arryn,1
Characters to be added in order of appearance,1
 femme,1
 Reader Insert,1
One Night Stand,1
 Morning Wood,1
 Body Worship,1
 Happy Endings for sure,1
 mob girl!Sansa,1
 Bodyguard,1
 Sexual Assault,1
 Cuddling & Snuggling,1
 Letters,1
 warning: suicidal thoughts,1
 spoilers for AFFC,1
 Game of Thrones - Freeform,1
 Angst with a Happy Ending,1
Marriage,1
 London,1
 references to rape,1
 Best Friends,1
I'll see you all in hell,1
Alternate Universe - Coffee Shops & Cafs,1
 Guilty Pleasures,1
 slightly fluffy,1
 Jtunheimr | Jotunheim,1
 Alternate Reality,1
 Did I mention humor?,1
 chivalric fetishism,1
 Sexual Fantasy,1
 Marriage Proposal,1
 Older Woman/Younger Woman,1
 Master of Death Harry Potter,1
 White Walker Sansa,1
 giantcouple,1
 adding the fluff,1
 Devil May Cry 3,1
 Darker Than Intended,1
 Overhearing sex because the walls are too thin,1
 Children of Characters,1
 Private School,1
Semi-Canon Compliant,1
 Alternate Universe - Reincarnation,1
 Toys,1
 Oberyn and Ellaria are good to Sansa,1
 Femme Domme,1
 Pre-Relationship,1
 Childhood Friends,1
omega Jon,1
 courting,1
additional tags,1
 Benjen is found!!,1
 Mutually Unrequited,1
 Erotica,1
 POV Natasha Romanov,1
 Violent Sex,1
 POV Original Character,1
 Extremely Slow Burn,1
 Firsts,1
 A Hundred Ways To Say 'I Love You',1
 Feral,1
 undead characters,1
 I blame AsbestosMouth,1
 joffrey pov,1
 Kate Bishop is Clint Barton's Daughter,1
 Tenderness,1
 Bathing/Washing,1
 Prompt Fic,1
 Multiple Pairings,1
 all those people she mourned- or didn't even have time to mourn,1
 Wet Dream,1
 NaNoWriMo,1
 Pack Dynamics,1
Explicit in the later chapters,1
 molasses speed,1
 Missing Scene,1
Trigger warning for sexual violence,1
 Bittersweet Ending,1
 Bisexual Bucky Barnes,1
 Vampire!Pietro,1
 A fight with the Bolton's!,1
 Multiple Major Character Deaths,1
 Twelfth Night - Freeform,1
 H plus N equals J,1
 Discussed Sexual Content,1
 Dysfunctional Family,1
POV Male Character,1
 Decapitation,1
 Bisexual Female Character of Color,1
 Loki is Not Amused,1
 Sansa Tarth,1
Masturbation,1
Post-Battle of the Blackwater,1
 Doggy Style,1
Character Development,1
 um,1
 Mild SanSan,1
Family,1
 Rescue,1
 Hunting,1
 Male Dominance,1
 Stannis does not understand this 'nice',1
 the mob life,1
 jealous!Jon,1
 Rickon the grease monkey,1
 Wrote in a Week,1
 Boypussy,1
 slowish burn,1
 Fisting,1
POV Female Character,1
 Jon Snow is a Stark,1
 Actors,1
 Alternative Universe- Rhaenys Lives,1
 Anniversary,1
 Sand Snake!Darcy,1
 Dark!Tormund,1
 but it's really all implied and if you know canon then you're good,1
 Female Robb,1
 Scissoring,1
 Mild/Attempted sexual assault,1
 Red Room,1
 no intrigue,1
 Queer Het,1
 In Spite of a Nail,1
 Deaf Clint Barton,1
 Bloodplay,1
 Assassin Training,1
 Post-War,1
 Post - Game of Thrones season six,1
 Dothraki Dongs,1
Rape/Non-con References,1
Suspense,1
Superwholock,1
 Quality bedlinens ruined,1
 Bondage,1
 romance but you have to squint because Sandor,1
 Anxiety,1
 highschool!au,1
 Alpha/Beta/Omega Dynamics,1
 Marauders,1
 So Many Eyes,1
 Breed sex,1
 Butterflies,1
 Not completely linear,1
 Aftermath of Torture,1
 Non-Consensual Groping,1
 Inappropriate Erections,1
 Snowballing,1
 see you all in hell,1
 Health Issues,1
 Age Difference,1
 and sex too,1
 Adventure & Romance,1
 Past Sexual Abuse,1
 Everyone Is Alive,1
 Getting to Know Each Other,1
 slooooooow burn,1
 Reborn Rhaegar Targaryen,1
A little bit Emma,1
 sansan fest 2015,1
 Implied/Referenced Suicide,1
 Adultery,1
 Awesome Natasha Romanov,1
 I Will Go Down With This Ship,1
 Pregnancy Kink,1
Sexual Tension,1
 Medicinal Marijuana,1
 Sansa is a thief,1
 Animal Death,1
 Comfort,1
 some battle scenes,1
 Dragon Riders,1
 Mentioned Character Death,1
 Leather,1
 Soul-Searching,1
 lfheimr | Alfheim,1
 Loki hates everyone,1
 UST,1
 road tripping on a horse,1
 sexual awakening,1
 Guns,1
 Minor Jaime Lannister/Brienne of Tarth,1
 Killing,1
 tags added as i go along,1
 Public Relations,1
 true to grrm's style I kill characters,1
 White Walkers,1
 Penetration,1
 But none of the main characters,1
 Intersex,1
Explicit Sexual Content,1
 POV Second Person,1
 Dothraki!Pietro,1
 Prophecy,1
 Robert's Rebellion happened later,1
 Joffrey is the literal worst,1
 Stockholm Syndrome,1
 Tumblr Challenge,1
 alive potters,1
 non-canon,1
 Alternate Universe - Soulmates,1
 Soulmates,1
 Awkward Sandor Is Awkward,1
 Blood and Gore,1
 Canon - Book,1
 Hate to Love,1
 this kinda sticks to canon for like two chapters,1
 Where Is Gendry?,1
 mentions of sexual abuse,1
 I am shooting from the hip here,1
Mild Language,1
 sneaky Sansa,1
 Lousy food,1
 DominantCersei,1
POV Multiple,1
 Reincarnation,1
 Beast mode daddy!Sandor,1
 Mother-Daughter Relationship,1
 canonical character cameos,1
 smirky!Arya,1
Light Bondage,1
 I Don't Even Know,1
 sex happens,1
 Stargaryen Soulsborne Crossovers Included,1
more characters and pairings will be added as the story continues,1
Reincarnation,1
 Established Relationship,1
 And humiliation,1
 Loverboned,1
 Awkward First Times,1
 Dumbledore Bashing,1
 I just got tired of tagging,1
 Attempted Rape/Non-Con,1
 direwolf,1
 Alternate Universe - Canon,1
 Alcohol Abuse/Alcoholism,1
 season 5,1
 Non-con/dub-con,1
 Arrogant Thor,1
 badass Jaqen,1
 Identity Issues,1
 Additional Tags to Be Added,1
 trans!Alleras,1
Character Death,1
 Completed,1
Modern Era,1
 Vignette,1
 Dark!Arya - Freeform,1
 Stares Glares and Gazes,1
 canon,1
 Slow Romance,1
 Blood,1
Canon - Book,1
 Love Triangles,1
 Timeline What Timeline,1
Sexual Abuse,1
 Jtunn Loki,1
 I blame SwimmingFox,1
 Fantasy/Romance,1
 dub-con,1
 POV Minor Character,1
Darcy Lewis Crossover Challenge,1
 Sansa Baratheon,1
 don't google gout,1
 Half Breeds,1
 I don't even know guys,1
 Prequel,1
 King Stannis,1
 Bisexual Clint Barton,1
 Alternate Universe - Romance Novel,1
 Crack,1
 Master/Servant,1
 Growing Up Together,1
 trigger warning for plot mixed with smut,1
 Teasing,1
 Strangers to Lovers,1
 Original Character Death(s),1
 Mild Angst,1
 Genderplay,1
 Alternate universe - Mafia,1
 Knights and Ladies,1
 Robb has a baby,1
 lemon cakes are aftercare,1
SanSan from Arya POV,1
 TV Show Canon (Mostly),1
Minor Character Death,1
 Sansa Targaryen,1
 Some pairings are not healthy realtionships,1
 Coming Out,1
 Angry Uncle Tully,1
 Gang Rape,1
 body service,1
 Protective Siblings,1
 Divorce,1
 I Tried,1
 Rhaegar wins,1
 Snow Septas,1
 A little bit Pride & Prejudice,1
 Alternate Universe - Fashion & Models,1
 I haven't decided yet,1
Post-Canon,1
Canon Compliant,1
 D/s,1
Modern AU,1
 well it is GoT guys,1
 Bronnaery,1
 Post-Traumatic Stress Disorder - PTSD,1
 Sorry About All the Murdering,1
 Explicit Consent,1
 Injured Sandor,1
 TWOW spoilers,1
Corruption,1
 Alternate Universe - Lyanna Is Alive,1
 Adolescence,1
 Gregor (kinda),1
Alpha/Beta/Omega Dynamics,1
 Stargaryen,1
 A window into Arya's assassin training,1
 Reunions,1
 Period-Typical Underage,1
 queer,1
 Abusive Relationships,1
 Office Romance,1
 I'm taking liberties here,1
 For Want of a Nail,1
 Dark,1
Smut,1
 book canon,1
 Car Accidents,1
 show verse,1
 Somnophilia,1
 Tragic Romance,1
 Non-Linear Narrative,1
Women Being Awesome,1
 Implied Mpreg,1
 Orgasm Delay/Denial,1
 Knife Play,1
 Plot What Plot/Porn Without Plot,1
 Non-Canon Relationship,1
 Sansa Lannister - Freeform,1
 Mallory (see FancyKid's A Lightness) - Freeform,1
 Plot Twists,1
 Family Feels,1
 there will be more characters later,1
 Depression,1
 High school French ftw,1
 Jaqarya,1
 Syrio becomes a Stark man,1
 just go with it,1
 Seduction,1
 Sansa Greyjoy,1
 Underage - Freeform,1
Sexual Content,1
 United States,1
 Multiple Relationships,1
 Polygamy,1
 Stealing a Woman is Open to Interpretation,1
 a lot of sexual tension,1
 Alpha Ramsay,1
 Come Eating,1
 Background Relationships,1
 Groping,1
 Banter,1
 Sansa is not raped,1
 Non-Canonical Character Death,1
 Naked Hugging,1
 Jon is blindsided,1
musicians au,1
 Alternate Universe - A Song of Ice and Fire,1
 Tumblr Prompt,1
fluff and nonsense,1
 Emotional Manipulation,1
 Angst and Fluff and Smut,1
 and the only cure is more sansan,1
 Stations of the Canon,1
 Online Dating,1
 Self-Discovery,1
 I will add them,1
hahahah Ned doesn't go South what kind of nuts are you?,1
 Battle for the Bride,1
 Post-Season/Series 06,1
 mafia au,1
 Deaf Character,1
 Riots,1
 Nuada is a gentleman,1
 basically everyone is around all the time,1
 Late Daenerys Introduction,1
 cervical torture,1
 Ambiguous Underage Sex,1
 Slash,1
 Georgian Period,1
 Laufey's A+ Parenting,1
 irreverent,1
AU- Game of Thrones,1
 Petyr Baelish is a creep,1
 Dakka,1
 Step-parents,1
Dubious Consent,1
 War Of The Five Kings,1
Robb Stark Trusts Direwolves A Bit Too Much,1
 Rimming,1
 Skinny!Steve,1
 Jory Lives!!,1
 Post - A Storm of Swords,1
 Aged-Up Character(s),1
 about a world that took that love and choked her on her own kindness,1
 here we go again,1
 Death,1
 Post - Red Wedding,1
 no,1
 Siblings,1
"Jon ""Oathbreaker"" Snow",1
 Assassination Plot(s),1
 Spoilers for Book 3 - A Storm of Swords,1
 Corruption,1
 broody jon and hopeful sansa,1
 lannister fetish,1
 Implied/Referenced Abuse,1
alternative universe,1
 Petyr refuses to use Jon's name,1
 I really truly mean it do not google gout I already puked for your sins,1
BDSM,1
 Stark Family Dynamics,1
 Sansa pretends to be Alayne Stone,1
 shifter!Steve,1
 warg,1
 Natasha-centric,1
 Power Play,1
 alive and thriving and living,1
 1825,1
 Odin's A+ Parenting,1
 Brienne Realises How Hot She Is,1
 BAMF Jaime Lannister,1
 Post ADWD,1
 Burlesque,1
 Lust-Filled Warrior Couple,1
 Post-Canon,1
Tooth-Rotting Fluff,1
 Harrenhal,1
 Night's Princess Sansa,1
 Childhood Sexual Abuse,1
 Assassination Attempt(s),1
 Secrets,1
 Imagine your OTP,1
 Secret Identity,1
Fix-It,1
 like seriously don't even look for angst here,1
 pillow book,1
 smut I am sure,1
 Sansa Martell,1
 Public Sex,1
 Mating,1
 Character of Color,1
 Brienne is a bro,1
 permanent marking,1
 Miscommunication,1
 Lemon Cakes,1
 Boarding School,1
 Finally!! At chapter 56,1
 Princess Arya,1
 Adding characters as I go,1
 Crossover Pairings,1
 Older Sansa,1
 dark!Robb,1
 role play,1
 Rhaegar Wins AU,1
 Family Secrets,1
 Cheating,1
 spoilers for ADWD,1
 chasing cars,1
 incest (consensual),1
 barber!Sandor,1
 jean neige is ???,1
 Dark Thor,1
 Alternate Universe - Ned Lives,1
Forced Marriage,1
Genderbending,1
 im so clever,1
 Italian Mafia,1
 Attempt at Humor,1
Canon-Typical Violence,1
 Sansa Tyrell,1
 Castration,1
 Fever,1
 Mpreg scare,1
 Game of Thrones References,1
 Seriously it's been 50 chapters and still nothing but fluff and friendship,1
 Queen in the North,1
 Celtic Mythology & Folklore,1
 Drunk!Sansa,1
 now with just a hint of Boltoncest!,1
 Tragedy,1
 some time shifting,1
 blended families - Freeform,1
 Decorating by Daenerys,1
 Minor Arya Stark/Gendry Waters,1
 (why do i fall in love with characters like these,1
 Religious Fanaticism,1
 Cutting,1
 Twincest,1
 The Starks are just cool,1
 Christmas Fluff,1
 but she's trying so so so hard,1
 The House of Black and White,1
 BDSM-lite,1
 Universe Melding,1
Alternate Universe - Harry Potter Setting,1
 Statutory Rape,1
Sibling Rivalry,1
 Mounties (RCMP),1
 canonish timeline eventually,1
 Chatting & Messaging,1
 Bisexual Male Character,1
 AGOT spoilers,1
 Hangover,1
 Schmoopy-Bear!Sandor,1
Hurt/Comfort,1
 Bisexual Steve Rogers,1
 predator/prey play,1
 Biting,1
 post 6x10,1
 Sex in the prologue!,1
 yes it does,1
fandom challenge,1
Future Fic,1
 I am trying to end these tags on a positive note,1
Child Abuse,1
Drabble Collection,1
 Jon is not so passive,1
More characters to come,1
post 6x09,1
 Non-Graphic Rape/Non-Con,1
 Shame,1
 Alternate Aegon VI,1
 Fluff and Humor,1
 Family Bonding,1
 burn as slow as fuck,1
 Break Up,1
 Feminization,1
 let's talk about a girl who loved her world,1
 Petplay,1
 abusive/psychotic character,1
 until one day she can suddenly live again,1
 Cutesy stuff,1
 The Lord of Light Approves,1
 It's my fanfic and I'll write what I want to,1
 AU after Robert's Rebellion,1
 The Faceless Men,1
 Dominance,1
 Canon Continuation,1
 Canon character deaths,1
 Alternate Universe - Rhaegar lives,1
 snapshots of life,1
 Character Development,1
 Sexual Violence,1
 Rickon/Shireen - Freeform,1
 Size Kink,1
Virgin!Sandor,1
 Series Spoilers,1
 Soulmate-Identifying Marks,1
 Teen Pregnancy,1
 it's gonna be a long journey,1
 Needle play,1
 Mistaken Identity,1
 POV Outsider,1
 Back to Winterfell,1
 OR IS IT,1
 Adventure,1
 Rare Pairings,1
 Rape Kink,1
 Declarations Of Love,1
 Vaginal Sex,1
 Twisted and Fluffy Feelings,1
 Sansa Stark may not be whole may not even be close,1
 Sibling Love,1
 season 6,1
 Breasts,1
 lots of Loki Angst,1
 Alternate Universe - Library,1
 trigger warning for alcohol,1
 those are the ones I have plans for though,1
 good joffrey,1
 Dorks in Love,1
 Starks all up in this joint,1
Dark Starks,1
 Face-Fucking,1
 Sansa Storm,1
Stark family feels,1
 Beauty and the Beast,1
 Intoxication,1
 Mild Gore,1
 Sirius Black Lives,1
 arya pov,1
 because not in this story,1
 Scandal,1
Attempted Rape/Non-Con,1
 Sansa Snow,1
 One-Sided Attraction,1
 It sucks at first but gets better,1
 Het and Slash,1
Female Jon Snow,1
 Whipping,1
 Wedding Night,1
 Drunk Driving,1
 dragons are just really big scary lizard cats made of murder and hatred and cuddles,1
 BAMF Tyrion Lannister,1
 Warging,1
 Skagos,1
 Fix-It of Sorts,1
 and how she said no i'm not giving up,1
 Unintentional Voyeurism,1
Alternate Universe - Regency,1
 Stark family feels,1
 Desecration of Religious Artefacts,1
 Set Three Years Before Lord Arryn's Death,1
Implied/Referenced Incest,1
 Father-Son Relationship,1
 Extramarital Affairs,1
 Execution,1
 Post - A Clash of Kings,1
 Female Dominance,1
 Sweetrobin/Shireen,1
 Aegon is a Blackfyre,1
 unrequited love to friends to lovers,1
Unresolved Sexual Tension,1
 Suicide Attempt,1
 Soulmate AU,1
Adultery,1
 Badass Sansa,1
 inappropriate use of fruit,1
Slow Build,1
 Heavy Angst,1
 Alternate Universe - Rhaegar won,1
 not really - Freeform,1
 Comeplay,1
 Drabble Sequence,1
 Historical Fantasy,1
 Possible Spoilers for Season 6 Episode 9,1
 trying to make my poor heart feel better before s7,1
 Bull Riding,1
 Sexual Experimentation,1
 Cute Kids,1
 Alternate Universe - Rhaegar Wins,1
 The prince that was promised,1
 Strap-on play,1
 Friend Crush,1
 everyone is bi,1
explicit - Freeform,1
 Sibling Rivalry,1
 this is slow build,1
 Omega Theon,1
 love and adventure and angst,1
 Creepy Dudes,1
 Organized Crime,1
 Strangulation,1
 Male Lactation,1
 Wizard Rhaegar Targaryen,1
Alternate Universe - College/University,1
sansan,1
 Sansa tries to be nice to Stannis,1
 Arya is kind of messed up in the head,1
 Darcy Lewis is Tony Stark's Daughter,1
 House Martell,1
 no seriously do NOT google gout,1
 Explicit Sex,1
 Oberyn lives!!,1
Sansa in different families,1
 General graphic violence,1
 but i've never been able to write just smut so HEY WHO'S SURPRISED,1
 Not actually incest,1
 Loki Angst,1
 Makeup,1
 Pre-OT3,1
 Chivalry,1
 Were-Creatures,1
 gratuitous internet meme references,1
Fake Marriage,1
 wildlings and white walkers threaten the peace,1
 Political Alliances,1
 Lyanna Mormont is gracious and I love her,1
 Cersei's Strumpet Stomp,1
 Jon and Sansa are siblings not romantic,1
 Alternate Universe - Sandor Clegane Is A Stark Man,1
 Jonasfic,1
 Breeding Kink,1
 Sansa is aged up,1
 Robb Stark/Jeyne Westerling - Freeform,1
 Faceless Men having sex,1
 Sappy,1
 Regency Romance,1
 Alternate Universe - Game of Thrones Fusion,1
 Tale as Old as Time,1
 Flashbacks,1
 It Gets Worse Before It Gets Better,1
 modern!AU,1
 Post Season 6,1
 Fights,1
 Secret Identities,1
 SanSan is a go - I REPEAT - SanSan is a GO,1
 Los Angeles,1
 Fetishism,1
 Exhibitionism,1
 SilverPrinces,1
 The Night's Watch,1
 Sansa is underage by modern standards but grown up by asoiaf standards,1
 Fame,1
 Happily Ever Afters,1
 Everyone Has Issues,1
 your faves having deep conversations,1
Femslash,1
 Arena Rock AU,1
 Non-Canonical Violence,1
 Nightwatch,1
 Families of Choice,1
 Crime,1
 Faceless Arya,1
 and then goes into uncharted territory,1
 Dark Humor,1
 Some Fluff,1
 Misunderstandings,1
 Mistress/slave,1
 Nobility,1
 Sansa - Freeform,1
 Engagement,1
 Year of the False Spring,1
 oh well,1
 voyuerism,1
 Canon Bisexual Character,1
 Internal Conflict,1
 Joffery's rebellion,1
 Relationship(s),1
" ""What If""",1
 Femslash,1
 Threesome - M/M/M,1
 Season/Series 06 Spoilers,1
Queen Daenerys,1
 this is set three years before Lord Arryn's canon death,1
Jon Snow knows nothing,1
 I'll tag more as I add chapters,1
 #CastleBlack,1
 Motorcycles,1
 Underage if you squint (The story spans ages 15 - 20 for Arya),1
 mix of asoiaf and got,1
Braavos,1
 Some angst,1
 Mystery,1
 Suicidal Thoughts,1
 Chains,1
Alternate Universe - Gender Changes,1
 Knifeplay,1
 let's talk about how she survived and survived and survived,1
 Theon is a bit like Reek,1
 A.U.,1
 Aphrodisiacs,1
 you know what let's talk about sansa seeing her family again,1
 Darcy Lewis' verbal diarrhea,1
 Threesome - F/F/M,1
 Reluctant Fluff,1
 Regency Period,1
 Abandonment,1
 Queer Themes,1
 Grief/Mourning,1
 Robert's Rebellion,1
 Retelling,1
 Attempted Rape,1
 Very Eventual Happy Ending,1
 Drunk!Sandor is a mush ball,1
 Council,1
 Ghost is here!,1
First Kiss,1
 Sansa Tully,1
Game of Thrones Typical Everything,1
Underage Sex,1
 Angst and Humor,1
 Implied/Referenced Child Abuse,1
Sansa changes into a Wolf,1
 Also many more canon characters involved,1
 Robb lives!!,1
 trigger warning for smut mixed with plot,1
 Married Sex,1
 First Meetings,1
 no betas,1
Kink Meme,1
 Smutty!,1
 Gifted!Darcy,1
Family Dynamics,1
 oh yeah,1
 stick-n-pokes,1
 Other POVs,1
 Hacking,1
 Stark reunion,1
 shy!Gendry,1
 Slow Burn J/A,1
 Non-Consensual Spanking,1
 Sansa gets a clue,1
 Some pairings are from the story's past,1
 some gore,1
 Endgame,1
 Sad Ending,1
 The actual details of beating the White Walkers is AMBIGUOUS at best,1
Ramsay is his own warning,1
 Child Neglect,1
 Loss,1
 Animalistic!,1
 Wildlings - Freeform,1
 unhappy betrothals,1
 Soul Bond,1
 Journalism,1
 house swap,1
 play piercing,1
 Snowed In,1
 Candy Licking,1
 18th Century,1
 oh i almost forgot,1
 Zombies,1
 I try and make the Starks as happy as I can,1
 Original Character - Freeform,1
 Sansa-centric,1
 Smart Arya,1
 Love is a Battlefeild,1
 accidental epic,1
 Kitsune Harry Potter,1
 Eventual Fluff,1
 Brotp,1
 Crossovers & Fandom Fusions,1
 Choking,1
 a bit of everything,1
 Result of serious WoW deprivation,1
 RST,1
Shameless Smut,1
 Top Drop,1
 Everyone Is Gay,1
 Technology Advancement,1
 Trolljen Stark (Benjen the prankster),1
 needle,1
 Gentlemen Prefer Blondes,1
 Political Campaigns,1
 Pregnancy Cravings,1
 Bisexual Darcy Lewis,1
 Marauders' Era,1
 Murder Mystery,1
 Serial Killer,1
 Stannis/Davos - Freeform,1
 Master/Slave,1
 Pregnancy Fantasy,1
 but seriously there is some dark heavy creepy af shit in here,1
 Libraries,1
 NSFW (Chapter 18 onwards),1
 no- but seriously- it's going to be a while,1
 Consensual Sexual Content Only,1
 and like other stuff,1
 I REGRET NOTHING,1
" trigger warning for use of the word ""panties""",1
 Dimension Travel,1
 New York City,1
 The Author Regrets Nothing,1
 artist!Gendry,1
 hints of Margaery/Sansa,1
 Picks up at 6x03,1
 I don't think there's a plot here either,1
#lustatfirstsight,1
 Family Issues,1
 nerdy!Gendry,1
 Babysitting,1
Mildly Dubious Consent,1
 Dark Sansa,1
 i know even less than jon i swear to god),1
 Grand Maester Conspiracy,1
 bloodsport,1
 Submission,1
 ooc Jon,1
 One Shot,1
 Lommy is fun and gay,1
 Some Humor,1
 Fictional Religion & Theology,1
 show canon,1
 Crossdressing,1
 Ned gets Robert to back down because of reasons,1
Time Travel,1
 Petyr Baelish/Sansa Stark Non-Con/Abuse,1
 like super super slow build,1
Brother-Sister Relationships,1
 Jaqen H'ghar is more than he seems,1
 king in the north,1
Canon Gay Character,1
 mention of rape,1
 Alternate Universe - Boarding School,1
 Cryptophasia,1
 LME,1
 Non Consensual,1
 Blood Play,1
 Kid Fic,1
Fake/Pretend Relationship,1
 XReader,1
 In Public,1
 Omega Verse,1
 Daenerys/Margaery - Freeform,1
 Pop Culture,1
 this story has sort of moved away from the library,1
 Syrio lives!!,1
 Post-Series,1
 skinchangers,1
 some violence,1
 Begins Pre-Canon,1
 Horror Story around the campfire,1
 Corporal Punishment,1
 Gendrya in later chapters,1
 Canon-ish Timeline Eventually,1
 Post-Quiet Isle,1
 i have a fever,1
