 Human Bill Cipher,42
 Angst,19
 Fluff,19
 Human!Bill,19
 BillDip,18
 Blood,17
 Anal Sex,15
 Older Dipper Pines,14
 Sexual Content,14
 Smut,11
 Aged-Up Character(s),11
 Magic,11
 Kidnapping,10
 Older!Dipper,10
 Violence,10
 Blood and Gore,10
 Demon flirting,9
 Slow Burn,9
 Bill Cipher Being Bill Cipher,9
 Emotional Manipulation,9
 Gore,9
 Possessive Behavior,8
 Dubious Consent,8
 Fluff and Angst,8
BillDip,8
 Eventual Smut,8
 Established Relationship,7
 Hurt/Comfort,7
 Stockholm Syndrome,7
 Manipulation,7
Human Bill Cipher,6
 cipherpines,6
 Human bill,6
 Nightmares,6
 NSFW,6
 Torture,6
 Master/Pet,6
 Triangle Bill Cipher,6
 Slow Build,6
 Romance,6
 Demons,6
 Rimming,5
 Pedophilia,5
 Dark,5
Alternate Universe - Monster Falls,5
Human!Bill,5
 Tentacles,5
 Masturbation,5
 Mild Gore,5
 Blow Jobs,5
 Suicidal Thoughts,5
 Other Additional Tags to Be Added,5
,4
 no magic,4
 Bondage,4
 Family,4
Transcendence AU,4
Alternate Universe,4
 Plot What Plot/Porn Without Plot,4
 Abuse,4
 Adult Dipper Pines,4
 Alternate Universe,4
 Pirate!Bill,4
 Dirty Talk,4
 Older Characters,4
 Rape,4
 Anxiety,4
 Oral Sex,4
 Bill is an asshole,4
 Masochism,4
 Twincest,4
PWP,4
 Spanking,4
 Alcohol Abuse/Alcoholism,4
 Body Horror,4
Alternate Universe - Transcendence,4
 Anal Fingering,4
 AU,4
 Depression,4
 Jealousy,4
 Fingering,4
 Deerper,4
 Swearing,4
 Angst with a Happy Ending,4
 Underage - Freeform,4
 Kissing,4
 Original Character(s),4
 Alternate Universe - Canon Divergence,4
 Hand Jobs,3
 Underage Drinking,3
 Possessive Bill Cipher,3
 Top Bill Cipher,3
 Dreams,3
 Teen!Dipper,3
 Older Pines Twins,3
 writer!dipper,3
 Sibling Incest,3
 Siren!Dipper,3
Tentacles,3
 Panic Attacks,3
Smut,3
 Self-Harm,3
 awkward teen romance,3
 Alternate Universe - Pirate,3
 Possession,3
 Possessiveness,3
 Poor Dipper,3
 Animal Death,3
 Alternate Universe - Soulmates,3
 Explicit Sexual Content,3
 handjobs,3
 Kid!Bill - Freeform,3
 Tentacle Sex,3
 technically,3
 Sleep Deprivation,3
 human form Bill,3
 Drama,3
 Alcohol,3
 Praise Kink,3
 Alternate Universe- No Supernatural,3
 Death,3
 Reincarnation,3
 Creepy Bill,3
 Multiple Orgasms,3
Dubious Consent,3
 Obsession,3
NSFW,3
 Sirens,3
 Suicide Attempt,3
 Mystery Twins,3
 Sadism,3
 Friendship,3
 Pirate Bill Cipher,3
 sort of,3
 pinescone,3
 Asphyxiation,3
 Demonic Possession,3
 Suicide mention,3
 Betrayal,3
 sorta - Freeform,3
 Master/Slave,3
 Demon Deals,3
Aged-Up Character(s),3
 older dipper,3
 Mpreg,3
 Supernatural Elements,3
 No Sex,3
 Humor,3
 Transcendence AU,3
 Horror,3
 Historical Inaccuracy,3
 Demon Summoning,2
 Explicit Language,2
 Coercion,2
 Mildly Dubious Consent,2
Billdip Week,2
 Begging,2
 Bloodplay,2
 Frottage,2
 cuteness,2
 Pre-Relationship,2
 Non-Graphic Violence,2
 Child Abuse,2
 Psychological Horror,2
 just in case,2
 dubcon,2
 Family Feels,2
 Family Fluff,2
 Emetophobia,2
 Sexual Harassment,2
 Reverse Pines,2
 Attempted Murder,2
 One-Shot,2
 Aged up characters,2
 Trans Male Character,2
 Drinking,2
 Older!Mabel,2
 Injury,2
 I guess???,2
 mabifica,2
 Dipper Pines - Freeform,2
 Tentacle Porn,2
 Protective!Mabel,2
 seriously,2
 Reverse Falls,2
 Falling In Love,2
 Curses,2
 Demon/Human Relationships,2
 Post-Series,2
 Magic Tricks,2
Romance,2
 Bullying,2
 Cults,2
 Sea Monsters,2
Alternate Universe - Pirate,2
 Collars,2
 Rating May Change,2
 Mentions of sexual things,2
 College AU,2
 dub-con,2
 Psychological Trauma,2
 Mental Health Issues,2
 triangle!Bill,2
 domestic life,2
Angst,2
 Hijinks & Shenanigans,2
 Post-Canon,2
 Minor Character Death,2
 Past Torture,2
 Daddy Kink,2
 Alternate Universe - Transcendence,2
 Trans Character,2
Blood,2
 Psychological Torture,2
 Mutual Masturbation,2
 trans!Dipper,2
 Oneshot,2
 Kinks,2
 12 year old Dipper,2
 Sad,2
 College,2
 plot heavy,2
Fluff,2
 Bipper,2
Dark Dipper Pines,2
 Threats of Violence,2
 Mental Instability,2
 End of the World,2
 Pirate AU,2
 Sexual innuendos,2
 High School,2
 prompts,2
 Cuddling,2
 possessive,2
 Implied/Referenced Torture,2
 Teasing,2
 Slice of Life,2
Alpha/Beta/Omega Dynamics,2
 Murder,2
 siren!au,2
 god!Bill,2
 Family Secrets,2
 Demon!Bill,2
Alternate Universe - Canon Divergence,2
 adult!Deerper,2
 Alternate Universe - High School,2
 demon!dipper,2
 Deals,2
 Fluff and Smut,2
Incest,2
 slight billdip,2
 Slash,2
 I'm so sorry,2
 Manipulative Bill Cipher,2
 Bill Cipher - Freeform,2
 Restraints,2
 Overstimulation,2
Family,2
 Eye Trauma,2
 Sex,2
 Sibling Bonding,2
 Friends to Lovers,2
 wolf!Bill,2
 Cervitaur,2
Gore,2
 Pirate!AU,2
 human!bill cipher,2
 Obsessive Behavior,2
 Post-Traumatic Stress Disorder - PTSD,2
 Character Death,2
 Action/Adventure,2
 Femslash,2
 I'm Sorry,2
 ? - Freeform,2
 And a demon,2
 Emotional/Psychological Abuse,2
 Secrets,2
 Not Really Character Death,2
Demon flirting,2
 Trans Female Character,2
 Bottom Dipper Pines,2
 Aged!Twins,2
 Trans Dipper Pines,2
 Older Mabel Pines,2
Dark,2
Older!Dipper,2
 Pirates,2
 Reverse Bill,2
Pirates,2
 Memory Loss,2
Older Dipper Pines,2
 Soul Bond,2
Soulmate AU,2
 Paranoia,2
 Lima Syndrome,2
 Dom/sub,2
 Christmas,2
 so much nsfw,1
 Supportive and Loving Mabel Pines,1
 very very dubious,1
 Have I mentioned fluff?,1
 Modern Royalty,1
 One sided conversation,1
 Knight Ghost-Eyes,1
 demons all around,1
 sacrilegious themes,1
 Alternate Universe - Werewolf,1
 violence kink,1
 References to Canon Events,1
 protective demon,1
 Alpha!Mabel,1
 Persephone/Hades AU,1
 Pure Smut,1
 Kidfic,1
After Weirdmageddon,1
 Consensual Beastiality,1
 Happy Ending,1
 Youtuber AU,1
SHIELD YOUR EYES YOUNG ONES,1
 like seriously i will embrace the fluff in me,1
 seriously don't do this,1
 Alternate Universe - Slavery,1
 aquarium,1
 Bill hanging out with the twins,1
Semi Slow Burn,1
Mabel and Stanley being cutie pies,1
 love child of many otps,1
 referenced alien sex,1
 Count Stanford Pines,1
 Omega!Dipper,1
 Fire used both literally and metaphorically,1
 Hunter Bill,1
 a flower dies,1
 I have no idea what else to tag this,1
 like a supreme asshole,1
 Adopted Children,1
 Safewords,1
 Overweight Dipper Pines,1
 caribbean,1
 ice cream man au,1
 maze,1
 Lots of Angst,1
 will&bill are twins too,1
 any ideas are welcome,1
 this is the sad fic,1
 this is my first fanfic i don't know how to use tags,1
 Chains,1
 Emotional Roller Coaster,1
 Mating Cycles/In Heat,1
 sort of age balanced,1
so someone wanted porn,1
 probably will have a plot but only a little one,1
 Internalized Homophobia,1
 Bad Puns,1
 but they don't know,1
Sirens,1
 Werewolves,1
 Stancest - Freeform,1
 Submissive!Dipper,1
cipher twins au,1
 Off Screen Violence,1
 Sorry if it isn't good,1
 this is exactly what the previous tag sounds like,1
 just gonna depend on my mood,1
 it me,1
 Mabill,1
 I promise there is fluff guys,1
 Space AU,1
 kind of sad,1
 The Unknown,1
 warnings for:,1
 Bill is a horrible demon and should not be trusted,1
 aladdin billdip,1
 fiddlestan,1
 Entrepreneur!Bill,1
 Bill's got issues,1
Past Rape/Non-con,1
 NO Pincest,1
 Aro Ace Dipper,1
 i'm a slave to the whims of my characters,1
bohemian au,1
 kinda orgasm denial,1
 theres so much blood hence the name,1
 noncon,1
 much of this material might be trigger happy,1
 Dubious Morality,1
 Accidental Voyeurism,1
 Sleeping Curse,1
 Implied/Referenced Rape/Non-con,1
 Sassy Dipper,1
 Alternate Universe - Aladdin,1
 to the twins at least,1
 mansions,1
 demisexual bill is my life,1
 im not kidding. not even just Bill I mean triangles in general,1
 Alternate Universe - Moulin Rouge! Fusion,1
 Asexual Stanford Pines,1
 Bill Cipher's 3 Gum Challenge,1
 otherwise known as consensual nonconsent,1
 I'm not sure honestly but I guess it's better to be safe than sorry...,1
 Enemies to Friends to Lovers,1
 but we don't have a 'way less supernatural tag' so i'm not sure what to do here,1
 cops and robbers,1
Watersports,1
Body Horror,1
Enemies to Friends to Lovers,1
 Undecided Happy Ending or Not,1
 if bill only had one helmet he would give it to you,1
 First time sex for Bill,1
 Plans to break Dipper,1
 all of the Ciphers want that Pine Tree booty,1
 Public Masturbation,1
 Mind Manipulation,1
 brief drug references in later chapters,1
 I'm basically bsing everything,1
Humor,1
 Mindfuck,1
 oneshots!,1
 foreshadowing and mystery,1
 AU after society of the blind eye,1
 angst like whoa,1
 We Got It All,1
 cute little dorks,1
 Witches,1
 Bill Cipher is a God,1
 BAMF!Mabel,1
 Non-Consensual Blow Jobs,1
 they're around the same age,1
 Get ready for too much sexual tension for a children's show,1
 Awkward First Time,1
 Domestic,1
 actually,1
 Too cute fluffle times,1
 Will contain massive amounts of fluff,1
 no relation between chapters,1
 Younger Dips Or Older Dips,1
 Interspecies Romance,1
 Fantasy,1
anti bullying,1
 Post-Weirdmageddon,1
 Protective!Bill,1
 i don't want anyone to get triggered,1
 Blowjobs,1
 Dirty Stuff,1
 accidentally,1
 shy Dipper,1
 young!stan,1
 sex in fourth chapter,1
 I don't know how that one happened but it did,1
 Eldritch Bill Cipher,1
 Genderbend,1
 or master/slave i have no idea i never specify,1
 Adult!Bill,1
 Demon Sex,1
 friendly violence,1
 I'm Going To Hell For This,1
 Car Accidents,1
Shota,1
 lowkey love at first sight,1
 Dipper has magic,1
 sex slaves,1
Mystery Trio,1
 Dipper makes a deal with Bill,1
 original demon character - Freeform,1
 So many AUs,1
 Don't fuck the Siren,1
 Dipper is adorable and angsty,1
 Tickling,1
 I will update the tags as I write,1
 Bad Flirting,1
 Character Study,1
 I hope you guys like this,1
 blood mention,1
 Wirt's a hopeless poet,1
 Memory Alteration,1
 Chaos,1
 Self Harm,1
 Healthy Relationships,1
 Past Child Abuse,1
 Online Dating,1
 we'll see what happens yo,1
 Stalking,1
 so some things are not perfectly canon,1
 background macifica,1
 Emotional Hurt/Comfort,1
 Hurt Dipper Pines,1
 Roommates,1
 I love this prompt,1
 Parody,1
 Period Typical Homophobia,1
 this was fun,1
 Basically what would happen if computer dating got really big,1
 Officially AU or Canon Divergent I guess???????,1
Soulmate-Identifying Marks,1
 human death,1
 bill being too reckless for his own good,1
 Tags will be added when needed,1
 that may or may not be inspired from my life,1
 unsteady relationship,1
 Dissociation,1
 bill still only has the one eye,1
 Yandere Bill Cipher,1
 Smol DipDop,1
 breaking of the fourth wall a bit,1
 I'm sorry for inaccurate stuff written here,1
human!bill cipher,1
 OCs coming your way,1
 Kink,1
 for now it's pretty tame,1
Older! Pines Twins,1
 references to past self harm in chapters 12 13 and 25,1
 Dipper and Mabel are 15,1
 endangerment of tiny children,1
 mild dirty talk,1
 rating and tittle may change and tags will be added,1
 Deer Biology,1
 Demon being a demon,1
 dom!Bill,1
 all fluff,1
 Alternate Universe - 1920s,1
 Dipper is 16,1
 bill being bill,1
 M!preg,1
 at one point Ford expresses some awareness of basic lab safety and is therefore wildly OOC,1
 Angel/Demon Relationship,1
 you'll know when it happens,1
 Dipper freaks out,1
 Birthday Presents,1
 A creep with plans and a crush on poor unsuspecting unconscious Dipper,1
 He comes back,1
 After Weirdmageddon,1
 Robbie gets punched in the face,1
 And loses,1
 Bisexual Character,1
 like just good ol happy fluff,1
 brief reference to mind control,1
 bill is not a demon... this time,1
Prompt Fill,1
 Threats of Rape/Non-Con,1
 Canon Era,1
 Existential College Grad Dipper Pines,1
 Vague torture,1
 Demonic Guardian-AU,1
 Alternate version of the Weirdmageddon trilogy!,1
teacher!Bill,1
 It sucks a lot,1
 Bill is actually kinda nice,1
 Jealous Bill Cipher,1
 Macabre,1
 Weirdness,1
 it's all consensual,1
 Protective!Dipper,1
 That's a tag now,1
 Forest Walk,1
 Bill is basically the weirdest person ever,1
 Alternate Universe - Gods & Goddesses,1
 teen!Mabel,1
 everyone else is pretty much in the background but they're in the tags anyway,1
 ace!bill,1
 Don't worry,1
 Dom/sub Undertones,1
 Not Drift Compatibility,1
 Mental Anguish,1
 I just want you all to know that this isn't going to end well,1
 Dipper thinks he's a detective,1
 There are no sexual stuff besides some jokes,1
 everyone knows but ford,1
is this an excuse to write porn?,1
 Tad is so done with everything,1
 Sometimes-human Bill Cipher,1
 Bill not being an ass for once,1
 so people may not see it as an issue but i figured i'd tag anyway,1
 im the epitome of trash,1
 Alternate Universe - Reverse Falls,1
 Dipper is transgender,1
 I Don't Know Anymore,1
 God Mention,1
just a little one shot,1
 kind of,1
 it doesn't really work perfectly,1
 Modern Fantasy,1
 Systematic Murder and Torture,1
 the f word is said like so many times,1
 a bit of a slow burn,1
Attempt at Humor,1
 illuminaughty,1
 Beaches,1
 Blood Play,1
 drabble and oneshot collection,1
 demon trapping,1
 dirty talk like DAMN,1
 hunter au but not really,1
 this is slow af,1
 I'm rude,1
 bill is a little possessive,1
 Xenophilia,1
 Dipper doesn't mind not really,1
 I'll add them along the way,1
 Identity Porn,1
 what a beautiful day to ruin these character's lives,1
 Bill doesn't understand fragile humans,1
 Just because he's a sadistic isosceles monster doesn't mean he can't be a good boyfriend,1
 this is like hella important,1
 oh my gosh my first AU,1
 Eventual violence,1
 Mild Blood,1
 Monster Falls AU,1
 Many AU's,1
 Bad Decisions,1
 redoing these tags because goddamn,1
 dealing with losing a limb,1
 Choking,1
 because we need more of those,1
Love God AU,1
 Introspection,1
 Atbash,1
 Grease References,1
Sibling Incest,1
 imma try to NOT be dark this time,1
 discretion is advised,1
 And If The Drabble Should Be Fluffy Or Creepy,1
 Multiple Dimensions,1
 What else is new,1
 Anal Fisting,1
 pilot AU,1
 PLEASE take the warnings seriously. All of them!,1
 Compulsive Behavior,1
 Dipper and his freaking Antlers,1
characters in order of appearance,1
 Human!Beast,1
 shippy thing goes in shippy thing comes out,1
 Mutual Pining,1
 Suggestive Themes,1
 Bill is also really gross,1
 Strangers in bed,1
 okay it actually has a plot now,1
 you'll see - Freeform,1
 but not as much as usual,1
 Tentacle Rape,1
 and water battles,1
 Shoves all the warning tags there,1
 Bill is good to Dipper,1
 Aichmophobia,1
 Dipper isn't (and then he is sorta),1
 and fluffy shinnanigans,1
 Pet,1
 College Student Dipper Pines,1
 Parent AU,1
 Alternate Universe - Serial Killers,1
 rethinks that whole no magic thing,1
 sex in sixteenth chapter,1
 Mabel Pines - Freeform,1
 more platonic Billdip with references to a romantic relationship,1
 Necrophilia,1
 lots of swearing,1
 references to things,1
 So yea,1
 First Officer Dipper Pines,1
 Mentions of Violence,1
 romantic little triangle,1
 And Bill has to come along,1
 Soulmate-Identifying Marks,1
 fistfights,1
 Major character death - Freeform,1
 Where's the Bonnie & Clyde AU?,1
 what did you expect from a fairytale au?,1
 Rating will most likely change,1
 Prince Gideon Gleeful,1
 Nightmare Realm,1
 Gaslighting,1
 a crew full of assholes,1
 mass death (mentioned),1
 Confessions,1
 Ford can be an ass,1
 bill is a jackass,1
 Yup i'm pretty sure,1
Creepy Fluff,1
 they told me i'm vanilla and now look what i've become,1
 creepy demon is creepy,1
 Queer Character,1
Female Reader,1
 older billdip,1
 Slight Bible Satire,1
 Bill Clone,1
 May Week,1
 Human Sacrifice,1
 Friends With Benefits,1
 1950s Slang,1
 Knife Play,1
 Sorta requires a tag,1
Sequel,1
 Government Conspiracy,1
 Recreational Drug Use,1
 Caring for mytical creatures,1
 there may be multiple chapters based on the responses i get,1
 Singing,1
 Bill being an asshole,1
 Blackmail,1
 alcohol use,1
 But too stupid to figure it out yourself,1
 Mistletoe,1
 Basically just a whole hell of a lot of fucking with Dipper's mind some more,1
Dipper has a voice in his head,1
 for the most part cute billdip,1
 like you hadn't already guessed,1
 I've never done this before,1
 body shaming,1
Jealousy,1
 dipper is slightly afraid,1
 Interdimensional Stans AU,1
 or before the series even ended,1
 more angst than was intended,1
 additional tags to be added as the story progresses,1
 Alternate Series Ending,1
 Bill being himself,1
 Coz the antiheroes are more cool!,1
 Bill is an ass,1
 texting fic,1
 Demon in love,1
 this is probably the darkest Gravity Falls ever written,1
 Kid Fic,1
 Transphobia,1
 I originally wrote this as a joke,1
 Texting,1
 Disassociation from reality,1
 Fooling Around,1
80s AU,1
 EXTREME MANIPULATION,1
 Dipper has a lot of panic attacks,1
 Dipper's so confused,1
 nonhuman!twins,1
 I hope you like this Flowers,1
 disease mention,1
 Werewolf!Dipper,1
 Flower Crowns,1
 Bill has a lisp,1
 Historically Inaccurate,1
Nightmares,1
 i think i did okay,1
 since they were kinda useless anyways,1
 he cries a lot actually,1
 Not your regular dark billdip I promise,1
 platonic billdip !,1
 original demon characters i guess,1
 Non consensual hand jobs,1
 Magic Pines Twins,1
 you don't have to know wtnv to read this tho,1
 sex mention,1
 eventual rape recovery,1
 bill's dad isn't a good dad,1
Psychological Trauma,1
 mostly sfw but there's a little nsfw here too so be careful,1
 sex in 13th chapter,1
 some sad and lonely preteen boy,1
 Bill's a snarky asshole,1
 Blood and Torture,1
 adding that just in case,1
 Non-Consensual,1
 Circus,1
 And angst,1
 Genderbending,1
 Best Friends,1
 Here we go,1
Alternate Universe - Coffee Shops & Cafs,1
 I haven't done research for this fic yet,1
 Once in a while Dipper isn't a total passive pushover,1
 i have sinned,1
 Bill nearly kills a guy,1
 feels alert you will cry,1
 Period-Typical Homophobia,1
 mature - Freeform,1
 everyone is reversed,1
 Recovered Memories,1
 halloween week,1
 marking with a knife,1
 but that probably wont be for a while,1
additional tags,1
 Embarrassment,1
 Injured Dipper,1
 Safe Sane and Consensual,1
 Possessive!Bill,1
 None of these things happened to me in life xD,1
 you're really going to hurt,1
 first I love you,1
Strippers & Strip Clubs,1
 Just to warn people,1
 tv show au,1
 Or Is It?,1
 he becomes obsessed with dipper,1
Ghost Stan AU,1
 Fluffy,1
 bill is secretive,1
 Inexperienced Kissing,1
 LGBTQ Themes,1
 everyone wants the pine tree booty,1
 past billford,1
 the third one is seriously bad guys i'm sorry,1
 strong sibling relationships,1
 And Bill really likes it,1
 I'm so so so sorry oh my gosh,1
 Bulimia,1
 lots of wounds and blood,1
 Tattoos,1
 Alternate Universe - Mob,1
 Modern magic AU,1
 Dipper moves in with Bill,1
 well maybe lima syndrome you know how it is,1
 Fae! Dipper,1
 The thirst is real,1
 A surprising amount of fluff,1
 Age Difference,1
 bill is posessive,1
 so you need a potion to figure it out,1
 Self-Acceptance,1
 Badass Mabel Pines,1
 triangle bill,1
 pro tip: don't let me write fanfiction. I'll fuck everyone up. even the villains. no one is safe,1
 middle schoolers are asshats,1
 Food mention,1
 Badly Written Smut,1
 it was a joke jsyk,1
 Dipper is 22,1
 contains a bit of everything,1
 Drug Use,1
 teen!Pacifica,1
 Because Bill don't give two shits no mo,1
 Self-Mutilation,1
 Students,1
 Conspiracy Theories,1
 Implied spanking,1
cant stop wont stop,1
 the death is only kinda true,1
 Dark!Dipper,1
 Sleepy Cuddles,1
 bigender!bisexual!Mabel,1
 I messed up real hard,1
 Teenage Bill,1
 supportive/unsupportive pines,1
child bride,1
 Sleepovers,1
 Monsterfalls AU - Freeform,1
Post-Series,1
 Mild Language,1
 Injuries of varying severity,1
 Aromantic Asexual Dipper Pines,1
 Get a tissue,1
this is literally Bill and Dipper in marching band,1
 mabel is supportive,1
 Homoeroticism,1
 Basically Bill fucks with Dipper's head,1
 Gravity Falls - Freeform,1
 Party,1
 Ableist Language,1
 Disney,1
 Gravity Falls AU,1
 So does Will,1
 Embarrassment Kink,1
 Bill Trapped in a Human Body,1
Character Death,1
 maybe some violence,1
mafia au,1
 snarking,1
 Horrible Deaths,1
 Bills a jerk,1
 a cup of fluff,1
 Human!Demon-Tad in future chapters,1
 Figuring out you are in love with your best friend,1
 Facial Shaving,1
 Blood Drinking,1
 Not Dark Dipper,1
 magic forest,1
 Fix-It,1
 fluff mcfluffington flufuff,1
Fluff and Angst,1
 Terrified Parents,1
 safe and happy babies are the best babies k,1
 Protective Siblings,1
 Winter BillDip Week,1
 Coming Untouched,1
Demonic summoning,1
 My Own AU,1
 Monsters,1
 Shower Sex,1
 love spells,1
 Cunnilingus,1
 inebriation,1
 This work may cause some relapses into depression or a strong memory of it,1
 Dentistry,1
 Bloodlust AU,1
 Demonic Guardians,1
 Mind Palace,1
 Shota I guess?,1
 Don't hate me for this,1
 at least it ends happily,1
 bittersweet fluff,1
Servantry,1
 sorry about that,1
 Violent Thoughts,1
 First story,1
 Siren Dipper Pines,1
 Oral,1
 Alternate Universe - Teenagers,1
 all the nsfw,1
 Madness,1
 somewhat forced marriage,1
 Developing Relationship,1
 Stalker Bill,1
 this fic started before I knew anything about Ford,1
 PTSD,1
 sci-fi space adventures,1
 Daddy Issues,1
 Roller Coasters,1
 bill is human throughout most of this for reasons unknown,1
 possessive bill,1
 sorry I don't make the rules - Freeform,1
 GUESS WHO WROTE MOOOORE?,1
 Light Angst,1
 Suffering,1
 BAMF Dipper,1
 Sex Magic,1
 Bill can be a little possessive,1
 Detective Dipper Pines,1
 Sensitive Nipples,1
 Angst and Fluff and Smut,1
 Social Media is Abused,1
 Bill being a badass,1
 both Fluff and Feels,1
 older kitten!Dipper,1
 Bill is creepy,1
 If this doesn't sound like your thing don't read it,1
 Mabel being a dork in love,1
 Bill POV,1
1920s Chicago AU,1
 Extremely Dubious Consent,1
 CHAPTER 7 IS MOST GRAPHIC,1
 But also in love,1
 it wasn't supposed to turn out like this,1
 rating for future chapters,1
 Language,1
 so many regrets,1
 Writer Dipper Pines,1
 Oooh Dipper is developing actual feelings?,1
 Wetting,1
 Enjoy your sad sad story dear,1
 the real villain is the time period tbh,1
 Spoilers,1
 Existential Angst,1
 people get eaten,1
Demons,1
 anthyding can hadplen,1
 Dark Matters,1
 Doctor/Patient,1
 Love Potion/Spell,1
 Dipper's aged up but he's like 17,1
 this plays 8 years after Weirdmageddon,1
 eventual billdip,1
 pacifica and mabel being cute later on,1
 Hinted Stancest,1
Panic Attacks,1
 Bill is a human,1
 Neuroatypical Mabel Pines,1
 Weirdmageddon,1
 As well as massive amounts of pain and agony,1
 If you read this you are signing yourself up for some heavy emotional shit,1
 Implied Femslash,1
 jerk,1
 brief references to vomiting,1
 Dipper is literally attracted to triangles,1
 Someone needs a therapist,1
 Magical Lessons,1
 Roses,1
 no one actually dies calm down,1
 (nobody tell him he's actually a punching bag),1
 Royal Pines,1
 Disassociation,1
 because there's always cat drama,1
 Bill is a little shit,1
 i just wanted to write this and had no other venue,1
 that ship name sounds too funny to me though,1
 guys listen to me,1
 Bill doesn't rape Dipper I swear,1
 the mabifica runs a little dry in the middle there but it comes back after a few chapters,1
 Summerween,1
 erotic asphyxiation,1
 halloween party,1
 Drugs,1
 pedoBill,1
 temporary memory loss,1
 Scrapbookortunities,1
 the trashiest trash,1
 Eventual Dark!Dipper,1
 Safeword Use,1
 Wendy has weird reflexes,1
 but I think I'll change that in later chapters,1
 Child trauma,1
 Verbal Abuse,1
 Bill is part of the Mafia,1
 bill is famous,1
 bestiality i guess,1
 stranger danger,1
number of chapters subject to change,1
 radio host!Bill,1
 so here you go,1
 In Character Bill Cipher,1
 cat!bill,1
 Reverse Dipper is a jackass,1
 why are my tags always a disaster,1
 Like a fluffernutter sandwich with bees in it,1
 One Shot Collection,1
 Mob Boss Bill Cipher,1
 i'm trash,1
 Trans Dipper,1
 Truth Or Dare Challenges,1
 and being huge dorks together,1
 Sex in later chapters maybe,1
 Dub-con content in Chapter 18,1
 Games,1
 oh great another pirate and siren fanfiction,1
 i figured you guess that but wanted to make sure,1
 Chubby Dipper,1
 Side Mabel/Wendy,1
 Always A Pleasure To Take Requests,1
 I will call it Supernatural School... or something,1
 demon marriage proposal,1
 slight steampunk elements,1
Crossover,1
 some of the characters listed only show up a little bit,1
 Pumpkin carving,1
 will contain trigger warnings,1
 cursing,1
Reincarnation AU,1
 Dipper is in love with him,1
 a dash of sadness to taste,1
 might be sexual things,1
 mentions of demon sexuality or lack thereof,1
 they're like 17 or 18 here idk,1
 except it turned into smut,1
 CNC,1
 Bill being an asshole for real,1
 Void!Dipper au,1
 Eldritch!Bill,1
 Treasure Planet AU (maybe),1
 lots of magic,1
 but i can guarantee there will be blood and teeth pulling,1
 Drabble,1
 Bill gives surprisingly good life advice,1
 IDK what to really put here,1
 bill have a cerberus,1
 sub!Dipper,1
 The story and pacing gets better as the story goes on I promise.,1
 Fluff (In the beginning),1
 like hella lots,1
 trans!ace!Dipper,1
 Minor Body Horror,1
 Marchioness Pacifica Northwest,1
 Glad You're Having Fun,1
 Love Letters,1
 Bill plays the flute,1
 Worldbuilding,1
 Dipper suffers from depression,1
 they kinda just get right into it,1
 explicit - Freeform,1
 dance battles,1
 Trigonometry,1
 Flashbacks,1
 slightly aged up characters,1
 Power Hungry!Bill,1
 Painplay,1
 like a lot,1
 fair warning,1
 Navigator Dipper,1
Familiars,1
 now i can focus on other things,1
 On hiatus atm,1
 Mystery Trio 2.0,1
 Bill likes to annoy people but being annoyed in return not so much,1
 Seven Years Later,1
undertale crossover,1
coffee shop AU,1
 oh well,1
Drabble Collection,1
Mild Gore,1
 Student!Dipper,1
 mild use of,1
 Mentions of Stalking,1
Past Character Death,1
 Bill being a dick,1
Backstory,1
 bill is an asshole of course,1
 chapter 4 is gonna be rough on the feels,1
 it has been confirmed,1
 Siren Dipper,1
 I'd Also Appreciate If You Specify The Age Of The Characters,1
 Frat Parties,1
 Kinda yandere Bill,1
 this whole thing is littered with cliches,1
 Time Skips,1
 hat sex,1
 a healthy relationship billdip fic,1
 fear kink,1
 Protective Mabel Pines,1
 we'll just have to see,1
 This might end soon,1
 Wendy is aromantic/pansexual,1
 Mabel is transgender,1
 Dreams and Nightmares,1
 Demon True Forms,1
 Mentions of pornography,1
 Side Relationships - Freeform,1
 Snowball Fight,1
 Diseases,1
 Bill is Will,1
 Abandoned Work - Unfinished and Discontinued,1
 its gonna be great guys,1
 Bill is needy,1
 bill generally being super handsy,1
 The rest of the characters don't become prominent until then,1
 it will end happily for someone though,1
 there will be lots of them,1
Reverse Bill Cipher,1
POV Second Person,1
 Blood Ritual,1
 Spirits/Ocean myths,1
 The death themes of this fic are also heavy,1
 For reasons,1
 and once in a while Bill isn't blurring the line of consent,1
 Pacifica can't deal with Mabels nerdy cuteness,1
 additional warnings at the start of particular chapters,1
 violence and character death in chapter 28,1
 Pregnant Dipper,1
 Non-Consensual Kissing,1
 Canon-Typical Violence,1
 not just dead sure yet,1
 Magical Artifacts,1
 Human bodies,1
Other Characters as well - Freeform,1
 Pirate Tad Strange,1
 Dipper plays the sousaphone,1
Obsession,1
 ?? ??,1
 Slight Tad/Dipper,1
 Prostitution mention,1
 corpse fucking,1
 Don't fuck with Stan,1
 some implications of death and violence,1
 New York City,1
 grey morality,1
Rating May Change,1
Post-Traumatic Stress Disorder - PTSD,1
 (not really) - Freeform,1
 seriously though bill is an idiot,1
 and I'll scrap all the weird background plot lines,1
 Dominant!Bill,1
 Non-Consensual Touching,1
 Supernatural Creatures,1
 angst????,1
 Tumblr Prompts,1
 yaoi hands,1
 btw everyone is bisexual,1
 Mind Control,1
 Hive Mind,1
 au-ish,1
 this is the first time i will be doing something like this,1
 and bill is annoyingly clingy,1
 And be a dick,1
 Magical Vibrators,1
 probably angst,1
 sorry - Freeform,1
 depends how much you want it lol,1
 Bill possesses someone,1
 blame xIrelandx,1
 i'ma shut up now,1
 title is not from a Coldplay song what,1
 world building,1
 Skype is a nightmare but brings people together,1
 pirate ocs galore I tell ya,1
 Future AU,1
 also eventually the power of competent psychiatric care,1
 Switch Bill,1
 Bill knows things that Dipper doesn't,1
 please note that by slow burn i mean SLOW BURN,1
 Pines Family Reunion,1
 a few ocs sorry,1
 lots of snapchat,1
 kid!Dipper,1
 brief reference to alcohol,1
Rape/Non-con Elements,1
Creepy,1
 its ok,1
 if you want to shoot me in the face for the title i forgive you instantly,1
 Alternate Universe - Kitties~,1
 there's more going on here than what appears on the surface,1
 because bill's finally behaving himself again in my head,1
 Unsafe Sex,1
 Crossover Pairings,1
 Release the Krakken!!!,1
 Bathing,1
 demonic rituals,1
 S&M,1
 God Bill Cipher,1
Reverse Dipper,1
 Labyrinth References,1
 Shopping,1
 No Age Gap Eventually,1
 this is a slow going story of pain,1
 Catfishing,1
 That's right you heard me!,1
 Slavery,1
Bill Cipher Being Bill Cipher,1
 Dipper and Bill aren't much for foreplay,1
 Mild Needleplay,1
Neverhuman AU,1
 This Is Why We Can't Have Nice Things,1
 blips and chitz!,1
 in case that bothers anyone,1
 And More Fluff,1
 Because he's a jerk,1
Post-Finale Shenanigans,1
 This is really just them having sex,1
 Alternate Reality,1
 although i did not invent selkies to be clear,1
 vampire!Bill,1
 dirty talking,1
Stan is bi,1
 Caffeine,1
Angel/Demon AU,1
 I messed up,1
 college age billdip,1
 Weirdmaggedon,1
5 Gum,1
 even more overprotective Bill,1
 Costume Parties & Masquerades,1
 its generally just adorable,1
 rutting season,1
 And Dipper has a brief panic attack,1
 The rating for this thing just goes everywhere to be honest,1
 older Twins,1
 Dipper is confused,1
 Dipper's just trying to do his research,1
 medication use,1
 Wet Dream,1
 vampire,1
 yay,1
 Pain is hilarious,1
 Eye Sex,1
 Gonna add more tags soon,1
 i'm actually proud of this though,1
 Nipple Play,1
 Badass bill,1
 Vessels,1
genie!bill,1
 this started out as a one-shot,1
 And the Stans are PISSED,1
Alternate Universe - Royalty,1
 High School AU,1
 Okay it's not exactly mild,1
 the princess and the frog - Freeform,1
 yes it's disturbing but yes you are reading it,1
 Sea Grunks,1
Dark Character,1
 demon hunter AU,1
 Bill is a manipulative fuck,1
 Poltergeists,1
 at least there's that,1
 Bipolar Disorder,1
 Sassy Bill,1
 accidental background mabifica,1
 Tol Bill,1
 then shippy things happen,1
 (he's 13),1
 Light Physical Abuse,1
 Attempted Rape (brief),1
 Older Dipper and Mabel,1
this is an idea someone posted on tumblr,1
 Hunter Bill AU,1
 just a little smut,1
 small bit of blood,1
 dirtybadwrong,1
 Trust Issues,1
 Dipper bound and chained but still managing to toy with Bill,1
 Mystery Kids,1
 Viscountess Mable Pines,1
 Christmas Tree,1
warnings placed per chapter if needed,1
 abuse mention,1
 as in the word 'daddy' is used in a sexual manner!!,1
 Blacking-Out,1
 brief - Freeform,1
 how do I even write comedy idk,1
 Magical!Mabel,1
 and Dipper has a crush,1
 WereWendy,1
 Minor Violence,1
 this is all sorts of unhealthy,1
 Yeaaaahhh this is angst,1
 Sacrifice,1
 Toxic Relationships,1
 Attempted at least,1
 card tricks,1
 Mobsters,1
 Rape Recovery,1
 not safe for work,1
who will later become Henry Pines but shhhh,1
 angsty as frickity frack,1
 bill had a rude childhood,1
 Mystery Adventure,1
 Hate to Love,1
 but S E RI O USLY,1
 Gods,1
we're writing proper billdip finally,1
 Romanticism,1
 Mind Sex,1
 Teenagers,1
 And that pretty much goes to hell after the 26th chapter,1
 Changed to M for violence and heavy plot stuff not for sexual,1
 Church Sex,1
 1950s,1
 And somehow more terrifying then usual because of it,1
 Immortality,1
 One-Sided Relationship,1
 original background characters - Freeform,1
 Additional Tags to Be Added,1
 Also fluff,1
 Slow Romance,1
 Count Stanley Pines,1
 Minor Original Character(s),1
 Bill struggles with his demonic urges,1
 Nightmare Fuel,1
 dance,1
 this guy,1
 You've been warned...,1
 Insane Bill Cipher,1
 PI Ford,1
 and momentarily crazy,1
 ship abuse,1
 dipper is tired for some reason,1
 Original Character Death(s),1
Anxiety Attacks,1
 but there's also fluff,1
 Freeform,1
 Dipper's patience running thin,1
 whoops gotta add drug use as a tag,1
 top!Bill,1
 Bill takes good care of Dipper,1
 Sexual Roleplay,1
 both fluff and dark stuff,1
 Mabel Tops Pacifica,1
 i'll update these tags as I think of more,1
 Molestation,1
 but they are teenagers when doing the thing,1
 may be sexual content,1
church kink,1
 Captain Bill,1
 Demon Parties,1
 whoa dinosaurs,1
 summoned the wrong demon,1
 And Bill has the body of a 17 year old so,1
 my head ran the frick away with it,1
 Romantic Comedy,1
 Threesome - M/M/M,1
 Bill is a bad drunk,1
 I'm so so sorry guys,1
 Power Hungry!Dipper,1
 Abandonment Issues,1
 Object Head Bill Cipher,1
 what even is this,1
 it's been in my head,1
 Dissociative Identity Disorder,1
 Popsicles,1
 filthy filthy smut,1
 Leashes,1
 Mental Breakdown,1
 Breaking Bad jokes,1
 Mystery Trio AU,1
 Orgasm Delay/Denial,1
 Just Leave A Comment,1
 i am not sorry and the OP has all my gratitude,1
 Tag,1
 Sibling Relationship,1
 this probably isnt the type of fic you expect- believe me,1
 Spells & Enchantments,1
 Virginal!Dipper,1
 Ritual Sex,1
 Alcoholism,1
 Crushes,1
 Being Walked In On,1
 Loss of Limbs,1
 who is Bill really,1
 Cipher Twins - Freeform,1
Bills a creep,1
 Kid!Will,1
 With an overarching plot,1
 will add more tags as the story progresses,1
 it will make sense by the end I promise,1
 Soos is queer,1
 Gideons a prick,1
 anyway i've been there,1
 siren eating people,1
Gift Fic,1
 Grumpy Old Men,1
 Gargrunkle Stan,1
 this is the AU nobody asked for,1
Established Relationship,1
 Alternate Universe - Historical,1
 Autumn BillDip Week,1
 Rating will probably change,1
 i wanted to add more tags,1
 Valentine Week,1
 Aromantic,1
 but tHEN YOU ALL WANTED A PLOT,1
 Bottom Bill Cipher,1
 i'm trying to break out of my vanilla-ness,1
older dipper,1
 Bill is creepy in this going to warn you now,1
 (and i'll be there for you),1
 gargoyle Stan,1
 Crimson Peak Inspired,1
 Past Rape/Non-con,1
 Bipolar Bill,1
 Burlesque,1
STRAIGHT UP NASTY SHIT,1
 especially when your brother/uncle is a dream demon and can make sure nothing hurts,1
 WELL MAYBE STOCKHOLM SYNDROME like im not ruling it out,1
 unbetaed,1
 Hubris,1
 thoughts of murder,1
 BDSM elements,1
 holy shit i've never tagged those before what is this,1
Magic,1
 perhaps,1
 Which considering hes a demon,1
 Alternate Universe - Marching Band,1
 Cannibalism?,1
 slowburn,1
 fae! Stans,1
 sharp teeth and talons are fun,1
 Suicide,1
 humanoid bill cipher,1
 Trauma,1
Non-con sort of themes,1
 Implied Mpreg,1
 Vomiting,1
 Tragedy,1
 Mile High Club,1
Persephone AU,1
 BAMF Bill,1
 siren!bill,1
 underage cause dipper is 16 when they do it,1
 mentions of past rape/non-con,1
 bottom!dipper,1
 assumption that there is a bar in Gravity Falls,1
 Horror Movies References,1
 Cuddling & Snuggling,1
 Bill's human form is like 20,1
 Reunited and It Feels So Good,1
 starts off not shippy,1
 Family Bonding,1
 I Cannot Stress that Enough,1
 I apologize in advance,1
 Animal Sacrifice,1
 Human!Will Cipher,1
 Baroness Grenda,1
trigger warning,1
 Gods and Goddesses,1
 Space Opera,1
 More tags will be added as this cancerous sin grows,1
 Also some 50's slang,1
 Comedy,1
 Dipper doesn't mind,1
 Voyeurism,1
 bill is a genie,1
 Partial Mind Control,1
Parapines,1
like super light dipper/pacifica,1
dubcon,1
 Enemies to Lovers,1
 Gravity Falls - Transcendence AU,1
 Rape/Non-con Elements,1
 Bills a creepy dick,1
 Slightly reluctant sex,1
 Familiars,1
billdip romance,1
 Dipper's in denial,1
 perhaps some wendip in the future,1
 this turned out much darker than planned ahaha. sorry,1
 the journals are there,1
 Because I'll Do What I Want If You Don't Specify,1
Alternate Universe - Soulmates,1
 who has a hard time writing this stuff?,1
 Dreams vs. Reality,1
 that's not fun,1
College,1
 Bill's a little shit,1
 War,1
 Dipper Mabel and Stan not related,1
 Multiverse,1
Major Character Injury,1
 (...okay a lot of smut...),1
 Alternate Universe - 1950s,1
 BDSM,1
 it's only mentioned once though,1
 mabel is heroic,1
 like slow as HELL,1
 Mild Hurt/Comfort,1
 prompt collection,1
 Past Starvation,1
 theyre both 18 for most of this fic,1
non con,1
 overprotective Stan,1
 the previous tag is a lie,1
 Halloween,1
 Don't take Stan's wooing advice,1
 Disturbing Themes,1
 older!bill cipher,1
 which is why I bumped up the rating,1
 first fic,1
 family trouble kind of,1
 they make out a lot,1
 Fic,1
Canon Divergence,1
 because im a horrible person,1
 Altered Mental States,1
 You Have Been Warned,1
 Gunplay,1
 Abortion mention,1
 i guess we can call this a,1
 Even though technically Dipper is eighteen... and stuff...,1
Dark BillDip,1
 Knights - Freeform,1
Comedy,1
 Bill is such a dork in this I cannot stress enough,1
 Dipper is too sassy for his own good,1
 aged up twins,1
 some very minor sexual innuendos,1
cuteness,1
 its an angel thing,1
 Kings and Queens,1
 but not enough that it warrants a gore warning,1
 Prophecies,1
 Additional Warnings In Author's Note,1
 Poetry,1
 Prom,1
 but this is a very very very not good relationship,1
 This is an AU,1
 Bill being creepy,1
 also mabifica happens later,1
 but everyones still friends afterwards,1
 Teacher-Student Relationship,1
 the Flock - Freeform,1
 here it is,1
 Surprisingly Helpful Bill Cipher,1
 Near Death Experiences,1
 Queer Themes,1
 Mystery Trio Girl Gang,1
 True Love's Kiss,1
 Soul-Crushing Sadness,1
 and Dipper is just along for the ride,1
 Alternate Universe - Blind,1
 actually hurt/comfort but stangst is just such a funny word to me,1
 Ancient Egypt,1
 Crystal Falls - Freeform,1
 Demon Worshipping Cult,1
 Bill transforms into a cat,1
 Dipper kinkshames himself,1
 Viscount Dipper Pines,1
 Past Abuse,1
 Latino Rick,1
 Kindoms,1
 Desk,1
 Demon Dipper Pines,1
 demonic deals,1
 Child Neglect,1
 Elentori Dreams,1
 god!Tad,1
 (more tags to be added),1
1950's AU,1
 like too much gold,1
 This started out as a non!Plot fic,1
 hugs and kisses,1
 18th Century,1
 Triangle ABC is the sexiest thing about this fic probably,1
 because this shit doesn't work with triangle Bill,1
 kind of anyway,1
 Mentions of Prostitution,1
 Slight Blood Play?,1
 Magical Dipper,1
 Fluff and Humor,1
 Edging,1
 Period-Typical Racism,1
 Past Underage,1
 but just in case,1
 and it feels fantastic,1
Pirate!Bill Cipher - Freeform,1
 at some point there will be violence,1
 Mollusk is a gentle giant,1
 sorta?,1
 Detective Noir,1
 and I know most people say that,1
 Orgasm Denial,1
older!Pines,1
 magical monsters,1
 didnt think I'd ever do this but,1
 Witchcraft,1
 cernunnos - Freeform,1
 Trans Characters,1
 Oh no wait stop helping Bill Cipher,1
 I think you know where this goes,1
 au-au,1
 Teasing???,1
 I'm not really sure,1
 This may not have a happy ending,1
 Hebephilia,1
 Alternate Universe - Food Service,1
 SlimeSoos,1
 Tags May Change,1
 Fat Shaming,1
 Eventually More Angst I Swear,1
 dipper gets over it,1
 Hurt,1
 sappy romance-y stuff,1
 Dipper doesn't like loud noises,1
 Hell mention,1
 there's magic just not canon level magic,1
 Dipper crying,1
 i havent really thought of an important plot,1
 Magical!Dipper,1
 i cant really think of any other tags,1
 stuff happens in a church,1
Stangst,1
 Unrequited Love,1
all of my fics on this website have character death,1
 of all kinds - Freeform,1
Ghost Hunters,1
 Past Lives,1
 Masochist/Sadist Bill,1
 Aftercare,1
 More tags to be added,1
 but everyone's fine and dandy with same sex relationships,1
 bills kinda a creep,1
 OD mention,1
 /,1
possessive triangle jerkbag,1
 stanchez,1
 from out of the blue,1
 Alternate Universe - Detectives,1
 Im not into rape,1
 Pansexual Character,1
 Adult!Dipper,1
 Dipper being an asshat,1
 Past Character Death,1
 Big Age gap between Dipper and Bill,1
 bone breakage,1
 Aro Dipper,1
 Bill is actually comforting and helpful for once,1
 Lantern-Bearer Wirt,1
 Angst and Humor,1
 Sort of Bipper on Dipper moments,1
 basically rick and stan running around doing crazy shit and trying to get rich,1
 gold everywhere,1
Eldritch Bill Cipher,1
 because he wants to be close to Dipper,1
Demonic Possession,1
Intoxication,1
 ....aaaand now it has a plot,1
 smol dip,1
One-Shots,1
 Bill is also an asshole,1
Car Accidents,1
 glass eyes,1
 sexual content will occur,1
 angry little sinners,1
 basically just dipper being a huge nerd,1
 older!billdip,1
Forced Crossdressing,1
 with a plot twist,1
 slow-ish build,1
 Bill being kinda a jerk but alright,1
 bill bein a lil shit,1
 and also apparently Tad?,1
 Family Drama,1
 short fic,1
 idk - Freeform,1
 Hunter!Bill,1
" ""Canon"" Billdip",1
 Paraphilias,1
 Being human kinda sucks,1
 but also paranormal investigator!dipper,1
 Bad Pick-Up Lines,1
 Mild Painplay,1
 Scurvy,1
 Bill showing off/courting Dipper,1
 Werewolf,1
 literally nothing time line wise makes sense,1
 it will be okay in the end,1
 mentions of demon culture,1
 Bechdel Test Pass,1
 Tengu,1
 Welcome to Night Vale AU,1
 bill is extremely controlling,1
 (and the occasional smut...),1
 neck biting,1
 Worship,1
 Also Bill speaks Spanish,1
 Traveling,1
 Bill is hella ace,1
 Desperation,1
 Top Dipper Pines,1
True Triangle Fucker AU,1
 cecil voice yes,1
 Switch Dipper,1
 these tags make this sound super dark but it's really not,1
 Please be careful and responsible,1
 New AU!,1
 that is the good news,1
 Triangle Paraphilia,1
 Pet Play,1
 Oh whale,1
Prostitution,1
 worship kink,1
 I really don't know how to tag this lmao,1
 Dipper is a guppy,1
Alternate Universe - Vampire,1
 Tentacle Bondage,1
Part 2 of a trilogy,1
 Ford and Mabel bonding,1
 it's gonna happen chapter 3,1
 Dubious Ethics,1
 The Summer Ends,1
 Feels man,1
 cat drama,1
Non-Graphic Violence,1
 This is just a little bit upsetting,1
 bill's subtle grand plan,1
 Rough Sex,1
 kinda bestiality,1
 Death Threats,1
 Incest,1
 technically bill has no age,1
Hunter AU,1
 Grown up Dipper and Mabel,1
 Disappointed But Not Surprised Stanley Pines,1
 Compatibility,1
Alternate Universe - Demons,1
Kidnapping,1
 Bill singing a Labyrinth song,1
 young!Rick,1
 Military,1
 no clear position for either of them,1
 writer! Dipper,1
 Virgin Dipper,1
 licking things to claim them,1
 But with less of a restrained flare,1
 both ships are eventual as this is a,1
 Trigger Warnings,1
Near Death Experiences,1
 sexual themes later on,1
 MILDLY SUGGESTIVE CHAPTERS???,1
 a surprising amount of fluff in fact,1
 Deer Dipper,1
god!Bill,1
 post-college,1
 Antihero au,1
 First Kiss,1
 ummm hmmmm,1
 The Power Of Mabel,1
 kraken - Freeform,1
 bwomp bwomp tag additions that I forgot to mention,1
 Road Trips,1
 idk if that exists but if it doesn't well i'm starting it,1
 who am I kidding it was gonna happen anyway,1
 Pedophile Bill,1
 Medicinal Drug Use,1
 Wormwood is a sarcastic ass but I swear he isn't evil,1
 University,1
 dipper is a teenage boy what more do you need to know,1
 Cibophobia,1
 Sex Toys,1
 love you luke!,1
 because ghost stan,1
 Naughty,1
 I will tell you when we get there,1
 if you don't like any of what i mentioned PLEASE DON'T READ,1
 Aromantic Character,1
 Eventual Relationships,1
 (the poetry was a mistake),1
 Lots of kissing,1
 Clubbing,1
 in fact most of this was his idea,1
 more tags to come,1
 Car Sex,1
 original selkie character,1
 references to soulmates,1
MafiaAU,1
Fluff and Smut,1
 MafiaBoss!Bill,1
 halfway demon actually,1
 hinted ptsd,1
 Unhealthy Relationships,1
Older Pines Twins,1
 Abusive Relationship,1
 hate make outs,1
 No Plot/Plotless,1
 Comfort,1
 Unhappy Engagment,1
 coat abuse,1
 Dipper is patient as fuck,1
 minor background Soos and Melody,1
 at least,1
 genie au,1
 Dysfunctional Relationships,1
 no sirens were harmed in the production of this fic,1
 Bill contemplates his attraction towards fish,1
 Awkward Romance,1
 I don't even want to put it in the relationship tags but one-sided gideon/mabel,1
 Drowning,1
 ohmigods I am so sorry,1
 more tags incoming,1
 Mabel is awesome and supportive,1
 Mabel is bipolar,1
 Over Protective!Bill Cipher,1
 Implied/Referenced Sexual Assault,1
 Human rituals,1
 Dipper's parents are horrible,1
 but everyone is going to be Okay i promise,1
 Bill wants a pet,1
 Acephobic language,1
 everyone is aged up,1
 (I Updated The Tags),1
Fairy Tale type AU,1
 musical foreshadowing,1
 they're adorable,1
 Alcohol Abuse,1
 They are in highschool,1
 Graphic Violence,1
 And making tag terrifying,1
 Bill kinda being an ass?,1
 Brave!Mabel,1
Merman!AU,1
 Self-Hatred,1
 adding underage because technically they are fifteen when they get serious,1
 so OOC I suppose,1
 Emotional Hurt,1
 minor animal death,1
 employee bill,1
 Also Bill's Form,1
Post-Finale,1
 Same-Sex Marriage,1
Male Pregnancy,1
 bill just being a downright prick,1
 Stan is so done with these bastards,1
 Bill isnt the one who hurt him though,1
 I say major character death because of the usual passage of time,1
Golf,1
 Dipper is still 12,1
 looking for surprised people,1
 time spanned: age 5~mid 20s,1
 and bill is full of fracking whims,1
 Bohemian lifestyle,1
 this is smut,1
 Childhood Trauma,1
 Mafia Slang,1
 Somnophilia,1
 I guess?? sure,1
 Cussing,1
 there will be blood and gore,1
 Biting,1
 the twins run the shack,1
 Master/Slave Billdip,1
 Gradual Attraction,1
 Just to mess with Dipper,1
 Suicidal Ideation,1
 rick and stan a hundred years!,1
 Don't go out in the woods in the middle of the night,1
 god AU,1
 Alternate Universe - Fantasy,1
 Lewdness,1
 Episodic Structure,1
 Everyone hates Gideon,1
Bipper,1
Case Fic,1
 Mabel is a sweetheart as usual - Dipper not so much,1
 drabbles,1
 transdimensional arc,1
 Seven Deadly Sins,1
 Bill you little shit,1
there will be a sequel coming after this,1
highschool!au,1
 Mental Institutions,1
Gravity Falls - Freeform,1
 Dippers just a trouble magnet,1
 Possessed Mabel,1
 Injury Recovery,1
 Captain Bill Cipher,1
 theyre more in passing,1
 Bill's Crew - Freeform,1
Slow Burn,1
 Dipper Pines' Real Name,1
 Sweet,1
 prolly not,1
 Dipper and Mabel are older,1
 figured i'd put that,1
 things REALLY don't pick up until chpt 23,1
 magic twins au,1
badly written pwp thing,1
 collection,1
 Amnesia,1
 Mental Disintegration,1
unconnected one shots of various length,1
 But if you love Bill you already know he is a jerk most of the time,1
 Alternate Universe - Creatures & Monsters,1
 BiblicalDemon!Bill,1
 everyone is in their mid twenties,1
 Heavy Angst,1
 Sex off to the side,1
 And Stan doesn't let people mess with his family,1
 I am going to hurt these characters so fucking past their limits and it will hurt you,1
 this is always going to be one-sided,1
 and Dipper is totally a cat person,1
 as in Bill waits for age of consent,1
 Baroness Candy,1
Smut for no good reason,1
 Pirate Captain Bill,1
 Country Hate,1
Teen for lenguage,1
 But so is Reverse Bill even though hes timid as hell,1
 evil doritos getting off,1
 12 years old dipper,1
 Horror Fest,1
 This is really offensive to religions so,1
 Needles,1
 Bill is still Bill,1
 Mind Games,1
Beauty and the Beast!AU,1
 Bill Cipher is a creep,1
 Dream Sex,1
 Familiar!AU,1
 Anxious Dipper Pines,1
 possible rape threats,1
 Alternate Universe - Post-Canon,1
 starts out kinky and ends kinda sweet i dunno what happened,1
 Oh yes,1
 PWP,1
Protective Stan,1
 It Gets Worse Before It Gets Better,1
 Timestuck,1
 these three become the strangest little family,1
 MerMabel,1
 Scheming Bill,1
 but nothing overdone,1
 and of course love!,1
 Jossed,1
 Just a bunch of shenanigans happen,1
 human and deer sex,1
Sock Opera AU,1
 Stanley being a less than responsible caretaker,1
 Cannibalism,1
 Most Is Pretty OOC But You Guys Seem To Like It So Far So Eyyyyy,1
 Summer Week,1
 Midterms,1
 A little bit of blood,1
 HE WANTS THE D,1
 Physical Disability,1
 Triangle Sex!,1
 Crossover,1
 without any clue about basic bodily functions,1
 Alternate Universe - Greek Mythology,1
 Mabel's gonna be mad when she realizes what happened to her sewing pins,1
 Serial Killers,1
 can you use blood as lube?,1
 post college,1
 A Pinch of Angst,1
 just what the world wants,1
 Cock Worship,1
Past Abuse,1
 just fluff,1
 of course there's a blood mention,1
heavily implied Mabifica,1
 lots and lots of stuff,1
 graphic depiction of accidents and injuries,1
 and gets screwed over,1
 might be rated m later on,1
 bill and will both being super protective over one another,1
 bill's a fucking sap,1
 it's Bill,1
 very plot heavy,1
 implications of drugs,1
 also graphic depictions of violence because alcor is not to be messed with,1
 Tentacle handjob,1
 as someone with a bias opinion it's worth the read,1
 this is probably set after World War 2,1
 Demonic!Dipper,1
 he was skeptical at first,1
 gratuitous amounts of candy,1
 book 1/5,1
 Mermaid Mabel,1
 premature death,1
Hurt Dipper,1
 Love Bites,1
 Murder Mystery,1
 maybeslightlypossiblymagical!Dipper,1
 Music,1
 we just don't know,1
Siren!Dipper,1
 beastiality,1
 Conversation with unconscious teenager,1
 this was a mistake,1
 everything is fluffy fluff and nothing hurts,1
 Sailor!Dipper Pines,1
 Alpha!Bill Cipher,1
 Babysitting,1
 Relationship Issues,1
 super smash bros,1
 Slow-ish burn,1
 One Shot,1
 Dipper's mom has a hot boyfriend,1
 Gorn,1
 gladiator,1
 not humanbill,1
 Healing Magic,1
Stalking,1
 underage tattooing is there no tag for that?,1
side Mabifica,1
 a disappointing lack of money puns,1
 ok i lied theres gonna be some stuff going down later on,1
 tw: underaged drinking,1
 Cooking,1
 Demon Tad Strange,1
 Sassy Dipper Pines,1
 some violence,1
 Alternate Universe - Monster Falls,1
