 Fluff,43
 Angst,22
Fluff,18
 Getting Together,18
,15
Alternate Universe,15
 Slow Burn,14
 Pining,13
 Alternate Universe - College/University,13
 Mutual Pining,13
 Hurt/Comfort,12
 Slow Build,12
 Friends to Lovers,11
Alpha/Beta/Omega Dynamics,11
 Masturbation,11
 Anal Fingering,10
 Fluff and Angst,10
Alternate Universe - College/University,9
 Friendship,9
 Anal Sex,9
 First Time,8
 Blow Jobs,8
 Fluff and Smut,8
 Homophobia,8
 Childhood Friends,8
 Omega Verse,8
 Alternate Universe,8
 Alcohol,7
 Falling In Love,7
 Established Relationship,7
 Rimming,7
 Jealousy,7
 Future Fic,7
 Unrequited Love,6
 Smut,6
 Mating Cycles/In Heat,6
 Eventual Smut,6
 Sexual Tension,6
 Canon Compliant,6
 Kissing,6
 Humor,6
 Fake/Pretend Relationship,6
 Aged-Up Character(s),6
 Dirty Talk,5
 Bullying,5
 Frottage,5
Plot What Plot/Porn Without Plot,5
 Oral Sex,5
 AU,5
 Hand Jobs,5
Future Fic,5
 Phone Sex,5
 Love Confessions,5
 Sexual Content,5
 Plot What Plot/Porn Without Plot,5
 First Kiss,5
 Friends With Benefits,5
 Underage Drinking,4
 Implied Sexual Content,4
 Alpha/Omega,4
Humor,4
 Teasing,4
 Romance,4
 Scent Marking,4
 Riding,4
 Porn With Plot,4
 Possessive Behavior,4
 Texting,4
 Semi-Public Sex,4
 Polyamory,3
 First Love,3
 Panic Attacks,3
 Happy Ending,3
 Post-Canon,3
 Alpha!Iwaizumi,3
 Body Worship,3
 Begging,3
 Rough Sex,3
 Domestic Fluff,3
 Omega!Oikawa,3
 Anxiety,3
 Age Difference,3
 Family,3
 canonverse,3
 Shower Sex,3
 Blowjobs,3
 Omegaverse,3
 iwaoi - Freeform,3
 Domestic,3
 Attempt at Humor,3
 Awkwardness,3
 Romantic Comedy,3
 Threesome - M/M/M,3
 Knotting,3
 Orgasm Delay/Denial,3
 Angst with a Happy Ending,3
 Emotional Hurt/Comfort,3
Getting Together,3
 Smoking,3
 Coming of Age,3
 Biting,3
 Injury,3
 Family Drama,3
Hurt/Comfort,3
 Misunderstandings,3
 Drinking,3
First Kiss,3
 Recreational Drug Use,3
 First Dates,3
 Barebacking,3
 College,3
 Drunk Sex,3
 University,2
Texting,2
Possessive Behavior,2
 Fluff and Crack,2
 Forehead Kisses,2
 Implied/Referenced Homophobia,2
 Omega!Yamaguchi,2
 Crushes,2
 Hinata is a writer,2
 Time Skips,2
 Matchmaking,2
Alternate Universe - Coffee Shops & Cafs,2
 Light Dom/sub,2
 POV Alternating,2
 High Octane Flirting,2
College AU,2
 Fantasy,2
 Minor Injuries,2
 Aliens,2
 Sharing Clothes,2
 Betrayal,2
 Tattoos,2
 Mating,2
 hand holding,2
 Power Bottom,2
 Violence,2
 Swearing,2
 Public Transportation,2
 Height Differences,2
 mild violence,2
 Cuddling,2
 Sleepy Cuddles,2
 Reader-Insert,2
 Asexual Character,2
 Blood,2
 Alpha!Kuroo,2
Developing Relationship,2
 Alpha/Beta/Omega Dynamics,2
 Alpha!Lev,2
 Slice of Life,2
Post-Canon,2
 Nesting,2
 Depression,2
 Scent Kink,2
 Kageyama is an artist,2
 Light Angst,2
 omega!hinata,2
Sharing Clothes,2
 Threesome,2
Angst,2
 Minor Iwaizumi Hajime/Oikawa Tooru,2
 Fingering,2
 territorial,2
 Graduation,2
 Coming Out,2
 omega!suga,2
 alpha!kageyama,2
 Childhood,2
 Alpha!Daichi,2
 Public Display of Affection,2
 Winter,2
 Major Character Injury,2
 Trans Male Character,2
 Comedy,2
 Dom/sub Undertones,2
 Voyeurism,2
 Neck Kissing,2
 Alpha!Tsukishima,2
 Standalone,2
 Daddy Kink,2
Jealousy,2
Alternate Universe - Soulmates,2
 Wall Sex,2
 Omega!Kenma,2
Slow Build,2
 Mpreg,2
 Skype,2
 Drabble,2
 Choking,2
 Light Bondage,2
 Protectiveness,2
 Mutual Masturbation,2
 Foursome - M/M/M/M,2
Established Relationship,2
 Platonic Cuddling,2
 Sickfic,2
Social Anxiety,2
 Minor Violence,2
 Facials,2
 Confessions,2
 Angry Sex,2
Friends to Lovers,2
 Mates,2
 Kinda,2
 Alpha!Asahi,2
 Handcuffs,2
 Social Anxiety,2
 KuroKen - Freeform,2
 Boss/Employee Relationship,2
 Marking,2
 Family Issues,2
 Omega!Nishinoya,2
AU,2
 Omega!Akaashi,2
 Alpha!Bokuto,2
 Omega!Yaku,2
 Christmas,2
 Hints of Daisuga,1
 that's not even a possibility,1
 Felching,1
 the sad gay with the happy ending,1
 Akaashi is Hinata's uncle,1
 astronomer Akaashi,1
 tsukki please,1
 Dogspotting,1
 but cute stuff too,1
dumb and dumber and super dumb love,1
 how to get rid of your dragon,1
 Trash trio,1
 Eventual Romance,1
 Kink Meme,1
 Hand & Finger Kink,1
 mild homophobia,1
 neck kisses,1
 Kuroo is helplessly in love with his best friend,1
 Yachi Hitoka shipper extraordinaire,1
 Getting Back Together,1
 Short,1
 POV Third Person,1
 spiderman kiss,1
Single Dad AU,1
 KINDAAAAAA but not really idk it's not that angsty just tsukki being a shitface,1
 snuggles,1
 married ennomichi,1
 Kuroo is a Flawless Matchmaker,1
 teamy goodness,1
 gratuitous use of the f word,1
 Oikawa in glasses,1
 Praise Kink,1
 Tsukishima is as always a glorious bastard,1
 Arranged Marriage,1
hinata's oblivious and kageyama's really trying,1
 Dragons,1
 agender akaashi,1
 Pretty Setter Squad,1
 every ship gets screentime,1
 first meeting after years,1
 Explicit Language,1
 Overstimulation,1
 Intercrural Sex,1
 Dick Pics,1
 Minor Hinata Shouyou/Kozume Kenma,1
 alSO PUNS,1
 Nerd/bad boy,1
 why is every ghost a snarky asshole,1
 Spoilers,1
 Witches,1
 Kitchen Sex,1
 Oikawa the Artist,1
 Kuroo's misunderstood,1
 Blind Date,1
Bets & Wagers,1
 Anal,1
Relationship Study,1
 Growing Old Together,1
Non-Linear Narrative,1
 Famous Volleyball Player Oikawa,1
 the buddy cop AU that nobody asked for,1
 Lots of blushing,1
 Dialogue Heavy,1
Sexting,1
 no happy ending,1
 Beach Trip,1
 Crack,1
 Slight Bullying(??),1
 Teacher-Student Relationship,1
 Growing Up,1
 the fukurodani third years are merciless and love seeing keiji flustered this just in,1
 A bunch of chars as kids,1
 Kenma has social anxiety,1
 Fire and fire imagery,1
 Bokuto the suave boyfriend,1
 this is NOT SMUT im sorry guys,1
 Single Dads AU,1
 by which I do mean,1
 a bunch of youtuber references,1
 Kissing in the Rain,1
 Kuroo fucks Tsukki and Oikawa,1
 Bros turned flatmates,1
Sexual Frustration,1
Starring dweebs Tsukki and Yamaguchi being in love and super sappy,1
 Caretaking,1
 hints of homophobia,1
 New Year's Eve,1
 Internal Monologue,1
 bonding over exotic animals,1
 Middle School Graduation,1
 Sports Photographer Noya,1
 so oblivious it hurts!kuroo,1
 Accidental Marriage,1
 warning: this gets pretty dark ngl,1
 How did this even happen,1
 Drama,1
 Marriage,1
 mermaid - Freeform,1
 also gratuitous abuse of explicit language,1
 I have a weakness for pet names,1
 Trapped In A Closet,1
 platonic friendship,1
 iwaizumi enjoying torturing his bff way too much,1
 Dark Thoughts,1
 Teenage Awkwardness,1
 it doesn't happen for real but a character thinks it does,1
 god they're dumb,1
 Sex,1
 Cuddling & Snuggling,1
 Stockholm Syndrome,1
 Kuroo's POV,1
 Genderbending,1
 suga oikawa and aone are flatmates,1
 Sibling Bonding,1
 Angst and Humor,1
 Final Haikyuu Quest,1
 Male Friendship,1
 also bokuto is v ticklish,1
kisses,1
 Sexual Fantasy,1
 younger Tsukki being a prick,1
 self indulgent oh god so self indulgent,1
 mentions of- iwaoi,1
 actually more like family angst watch them faLL,1
 by the way i am DEFINITELY not abandoning this fic,1
 Slow Dancing,1
 Sometimes there's more plot than porn,1
 Unresolved Sexual Tension,1
 Aromantic Character,1
 Mild Gore,1
 Mentions of alcohol,1
 photographer akaashi,1
Canon Compliant,1
Pre-relationship kinda flirting and confusion,1
additional tags,1
 hina avoiding kuroo when he realizes he's in love with him,1
 Double Penetration,1
 Emotionally Repressed,1
Alternate Universe - Bakery,1
canon,1
 nature imagery and lots of it,1
 akaashi shoots at bokuto while wearing a dress what more do you want,1
 gets more serious later on,1
 thigh kisses,1
 Distance,1
 Stripping,1
 Musician Bokuto,1
 Domesticity,1
 falling in love with their best friends partner au,1
 Part 2 to Scent Marking,1
 also based on a headcanon of mine,1
 Autism,1
 awkward boys,1
 Mating Bond,1
 and very importantly,1
 student!Daichi,1
 more tags as the story progresses,1
 the recorder version of My Heart Will Go On,1
 and also all the characters,1
 so fluffy i could die,1
 Asphyxiation Kink,1
AKITERU'S LIFE IS SUFFERING,1
 NSFW,1
 Public Displays of Affection,1
 Dragon Shenanigans,1
 Implied/Referenced Cheating,1
 Crossdressing,1
Depression,1
 but they don't get away with it,1
 Revolution,1
 trans akaashi is a cinnamon roll,1
 Test Subject Kuroo,1
 Love/Hate Relationship,1
 hajime gets spirit-married to tooru,1
 omega tsukishima,1
 But a hella lotta fluff too,1
 this might count as humour,1
 Aggression,1
 SO MUCH FLUFF YOU WILL DIE,1
 IT!tech Suga,1
 So much angst,1
 literal Hinata Defense Squad,1
 Expanded Canon,1
 warnings for severe injury and death,1
 celebration,1
 Captains,1
 Sappy ass songs,1
prompts,1
 Alpha Iwaizumi Hajime,1
 Lots of 'I love you's,1
 Hugs,1
 Reckless Use Of Mopeds,1
 haikyuu hogwarts aus make me so happy,1
 nose kisses,1
 will there be butt sex?? who knows who knows,1
 everybody is in love,1
Love Confessions,1
 some characters are aged up,1
 Underage Sex,1
 69 (Sex Position),1
 the world needs alien iwa,1
 Tsukishima being the best boyfriend,1
 Oblivious Iwaizumi Hajime,1
iwaoi - Freeform,1
 updates on Fridays,1
 Porn with Feelings,1
 i tagged it as gen too but it's really hella gay,1
 sword fights,1
 its supposed to be funny i swear,1
Alternate Universe - Fantasy,1
lowkey seiyuu au,1
ao3 deleted like half of it the first time,1
 utter shenanigans,1
 Alternate Universe - After College/University,1
 City adventures,1
 and so is the rest of Karasuno,1
 closed eyelid kisses,1
 Bondage,1
 bottom!Tsukki,1
 bc of reasons and chapter 185,1
 meeting on a train ride au,1
whaeyhasha s,1
First Time,1
kindergarten teacher au gone off the deep end,1
 kuroo swears a lot,1
 If It's Hurting You It's Probably Hurting Me More,1
 Alcohol Abuse,1
 lawyer oikawa,1
 Lapdance,1
 Sexting,1
 Yamaguchi being a great boyfriend,1
 Alternate Canon,1
 Recreational use of alcohol,1
just short little things...,1
 a variety of randomly name-dropped hq characters,1
 very slow,1
rival secret agents au,1
 very lowkey side kurosuga,1
 Demon AU,1
 so done with everything!yaku,1
 asahi regrets everything,1
 Highly aggressive alphas,1
 Gay cooking homos,1
 broken hearts and dorks,1
Alternate Universe - Nanny,1
 Domestic Violence,1
 rated T because iwa-chan uses Raunchy Language,1
 incredibly creative undercover names,1
 separate universities,1
 Daichi is an unsure high school boy and Suga is a mischievous angel yes,1
 Dragon Riders,1
 OC children - Freeform,1
 kuroo being the most in love loser it's actually ridiculous,1
Arranged Marriage,1
 Learning to Fly,1
 daichi is denser than a solid block of lead probably,1
 Oikawa is the worst,1
 whimp kuroo,1
 Tsukiyama - Freeform,1
 Suga's POV,1
 hypothetical discussions of cannibalism,1
 more like king of my heart,1
 Foursome,1
 Gambling,1
 cuteness,1
 YEAH FLUFFY SMUT I SAID IT,1
 Vaginal Fingering,1
 blowjob,1
 Ghost Stories,1
 lawyer kuroo bc that's a hc I love and adore,1
 Future AU,1
 chin kisses,1
 I don't even know anymore,1
 crying from happiness,1
 Massage,1
 Stalker,1
 I don't know what this is other than filth,1
 Konoha needs a firehose,1
 Third Year KageHina,1
bokuakakurotsuki,1
 it's mostly about superpowers,1
 idc,1
 Fluffy Ending,1
 Akaashi and Oikawa are figure skaters,1
 Enemies to Friends to Lovers,1
 insecure hina,1
 Mentions of Death,1
 Bokuto is a pal,1
 Genderfluid Character,1
 but not really over-the-top,1
 Minor Sawamura Daichi/Sugawara Koushi,1
 Strangers,1
 I just knew I had to say it,1
farm au,1
Kissing,1
 Sawamura Brothers AU,1
 Nightmares,1
kagehina as third years,1
 Called the wrong number AU! (jazz hands),1
witches and ghosts and psychics oh my,1
 Trans girl Yachi,1
 baths,1
Shenanigans,1
 He punches someone in the face,1
 Crossdressing Kink,1
 dick kissing,1
 also pork buns! lots of pork buns!,1
 suga is the best,1
 I've always loved stuff like this so I thought 'why not give it a try',1
 i tried to make it happy,1
 Intimidation(??),1
 noya is the Real Crocodile Hunter,1
 The third years work at the campus coffee shop,1
 Oblivious,1
Slow Burn,1
 Inline with canon,1
 Hinata can't cook to save his life,1
 Rated Mature for Later Chapters,1
 kinda like a The Proposal AU,1
Mpreg,1
 past present and future character death,1
 Primarily Bokuaka with other minor couples,1
 semi-au,1
 Engagement,1
 clenches fish,1
 kinda its jsut an au,1
 Attempted Rape/Non-Con,1
Skype,1
 teacher suga,1
 Circles of Hell,1
Alternate Universe - Neighbors,1
 Nudes,1
kagehina as second years,1
 just warning you,1
 Suicide,1
 TAGS ARE MY BANE,1
 GAY AWAKENINGS,1
 Sex Slave,1
 i accidentally angsted a bit,1
 umm A LOT OF focus on the ghost drift,1
 almost a httyd au but it's really in its own universe,1
 Canon Divergence,1
 Demisexual! Kageyama,1
 iwa sometimes fails at being human,1
Light-Hearted,1
 Sexual Experimentation,1
 Mild Tourism,1
 immortality is a thing,1
 supportive boyfriend kuroo,1
Fake/Pretend Relationship,1
 Whipped Cream,1
 Suga being an angel,1
 I promise it's nearly entirely fluff,1
 this isn't tsukiyama's first rodeo,1
Foursome - M/M/M/M,1
 Birthday Fluff,1
 Attempted Rape,1
 Past Relationship(s),1
Intercrural Sex,1
 A little angst,1
 coming home,1
 Model Oikawa,1
 Accidental Boner,1
 Wall Kisses,1
 Lots of swearing I guess,1
 Rejections,1
 Love,1
 and honestly oikawa isn't okay with that,1
 this growing list of kinks is unnerving,1
 New Years,1
Anal Sex,1
Drama,1
 The boys are awkward dorks,1
 complicated relationship,1
 suga is meg ryan,1
 Firsts,1
 theres an accidental split lip so skip this one if stuff like that grosses you out,1
 Child Abuse,1
 Omega Oikawa Tooru,1
5 Times,1
 cheek kisses,1
 Really just the most plotless of the plotless,1
 Ice Cream,1
 literally just fluff,1
 Hinata is mostly a power bottom,1
 Tsukki and his music,1
the rest of seijou will show up later,1
 its literally just fluff and hormones,1
 Alternate Universe - Fashion & Models,1
 More star analogies because this is my aesthetic,1
 Hinata gets his ass kicked a lot,1
 im not tagging the entire team like i think theyre all there somewhere yeah,1
Zombie Apocalypse,1
 KageHina - Freeform,1
 this fic was actually just called Freckled Dick before it ever had a name,1
 Kidnapping,1
 Post-Traumatic Stress Disorder - PTSD,1
 oikawa is damn tired of all these kids,1
Suga is an eccentric cat person,1
kags doesn't make much of a proper appearance tbh,1
 catboy,1
 ok well they're kind of hitmen too,1
 hinata twins,1
 but he's still a little shit who deserves this sorry not sorry,1
 Sleepy/Unconscious Sex,1
 Cockblocking,1
 Hajime is a tad dirty,1
 scared of love,1
 aka that means 1st year akaashi and 2nd year bokuto,1
 everyone has the magic bug except kindaichi,1
 Bad Decisions,1
Touch-Starved,1
 god i love yams freckles,1
 Alternate Universe - Future,1
Practice Kissing,1
 Iwaizumi swears a lot,1
Pacific Rim AU,1
 Older Man/Younger Woman,1
Fluff and Smut,1
 Training Camp,1
 Control Issues,1
 Mating Bites,1
 Reader-Interactive,1
Bullying,1
 and it goes on from there,1
 Future,1
 Alternate Universe - Soulmates,1
 some parts are angsty,1
 kagehina are the troublesome newbies,1
Crushes,1
 Riding Crop,1
 Loud Sex,1
 now with bonus makki!,1
 winter cuddles,1
 Oikawa being an artist,1
 Feudal Japan,1
 IF THAT WASN'T OBVIOUS BY THE TITLE,1
 Literally they all cuddle with each other in a blanket nest,1
 Sleeping Beauty Elements,1
 It's just smut so read it and sin,1
 Public Hand Jobs,1
 Akaashi is a pretty boy stoner,1
everybody cameos at some point,1
 IM JUST RLY FUCKING ABOUT HINAKAGE BEING PHYSICAL,1
 Developing Relationship,1
 Indirect Kiss,1
 but this is focused on the loving dynamics of their relationship not the sexual aspects,1
 Mentions of Pregnancy,1
 Survival,1
 and mega stupid,1
 dumb boys talk about their feelings,1
 florist tsukishima,1
 mentions of blowjobs,1
 daisuga is going to be the reason my heart fails me at this young age,1
 Teenage Dorks,1
Romance,1
 Angst and Porn,1
 Minor Kuroo Tetsurou/Terushima Yuuji,1
 Coffee Shops,1
 and he has hired everybody,1
 Family Fluff,1
 Forbidden Love,1
 bartender daichi,1
Sexual Content,1
Frottage,1
 one very mild boner,1
gross fluff,1
 assumed major character death,1
 Accountant Akaashi,1
 Fluff and Hurt/Comfort,1
 Kageyama has a sexuality crisis,1
 so many subplots your head will spin,1
 no this isn't casino royale what are you talking about,1
 Come Eating,1
 Human Experimentation,1
 Kiyotsukki senpai-kouhai interactions,1
 Negative Thoughts,1
 Multiple Orgasms,1
 he punched Yams too when they were little,1
 Barely there Kagehina,1
Alternate Universe - Teachers,1
 Locker Room Sex,1
 Self-Hatred,1
 Soulmates,1
Akaashi comes out,1
 Emotions,1
 Space Puns,1
 horror games,1
belated happy birthday to my dorky ball of sunshine,1
 ufo hunting,1
 sort of a coming of age fic,1
 Near Future,1
 Drabble Collection,1
 whoops,1
 Loss Of Morals,1
 I made myself cry please cry with me,1
 Songfic,1
 underdog heroes,1
Alternate Universe - Tattoo Parlor,1
 sappiest nsfw you'll ever read,1
 Action/Adventure,1
Height Differences,1
 genderfluid aliens,1
 but noya tanaka and asahi have doctorates,1
 Cooking,1
 literally these two just rip me to shreds,1
 A very inaccurate view of an accounting firm,1
 Just the whole team being really gay,1
 Chronic Pain,1
 Alternate Universe - Harry Potter Setting,1
 Truth or Dare,1
 and it turned into this sappy gay monster,1
 Mentions of neglect,1
 Holding Hands,1
 First Crush,1
 Slight Misunderstandings,1
 Alternate Universe - Historical,1
 but good angst you know,1
 thigh fucking,1
 I'm Sorry,1
 Remember,1
 Late Night Conversations,1
 the daisugs and asanoya are side pairings fyi,1
 A/B/O,1
 Alien!Daichi,1
 Death,1
 They seriously bicker too much about plants and cookies,1
 SUPERPOWERS SUPERPOWERS SUPERPOWERS,1
 the really long supernatural hunter fic,1
handholding and other shenannigans,1
 Camping,1
 the original prompt was them playing intramural vb together,1
 also ukai's here for like two lines,1
Wingfic,1
 college age characters,1
alternative universe,1
 like always,1
 potentially fatal situations,1
 Alternate Universe - Boarding School,1
 I like to think I'm funny,1
 kuroo being a bit fragile and emotional,1
 cross dressing,1
 I'm so gross,1
 specifically your mom jokes,1
 iwaoi is here now too,1
 paintball fights,1
 Genderfluid Kozume Kenma,1
 Minimal volleyball,1
 Past Rape/Non-con,1
 Emotional/Psychological Abuse,1
 Relationship Advice,1
 daichi is a badass,1
 Doctor/Patient,1
 Iwaizumi the photographer,1
 boys bein' besties first and boyfriends second,1
Confessions,1
Oral Sex,1
 Geeks/Jocks AU,1
Caught in the Rain,1
 Epistolary,1
 Catboy AU,1
 Gender Identity,1
 Cuddles,1
 to make up for all the sad yams,1
 Super-photogenic Iwa-chan,1
 alpha kageyama,1
 iwaoi fluff that is,1
 University KageHina,1
 Long-Distance Relationship,1
 And hot neighbor Kageyama is there to offer his very reluctant help,1
 Attempted Sexual Assault,1
 any combination you can think of,1
 it's official now,1
" Not actually hints more like ""they are gay they are dating everyone knows shut up""",1
 You've Got Mail AU,1
 Humiliation,1
 97 percent of this is just Daichi being a lovesick dork I'm so sorry,1
 Partying,1
 Miscommunication,1
 War,1
 Implied/Referenced Suicide,1
 Kenma topping,1
 i am romcom trash,1
 Face Sitting,1
 fluff makes the world go round,1
 Culture Shock,1
 Christmas Fluff,1
 i guess??,1
Rough Sex,1
 Kagehina Month,1
Aged up characters,1
 slowburn,1
 Cheating,1
 rated T because Iwa-chan has a potty mouth,1
 Implied/Referenced Drug Use,1
 look at me still shit with tags,1
 I FUCKING DID IT ??,1
 Porn Watching,1
magician/demon au,1
 Akaashi Keiji Is So Done,1
 hand kissing,1
 Amusement Parks,1
 Supernatural AU - Freeform,1
 bokuto is a cinnamon roll,1
 Deepthroating,1
 Siblings,1
 Hickeys,1
 Alternate Universe - Coffee Shops & Cafs,1
 Chromesthesia,1
 Implied/Referenced Underage Drinking,1
 brief mention of kuroo/kenma,1
 Everyone is very gay,1
 Sometimes there's more porn than plot,1
 Daichi owns a farm,1
 MEGANE OIKAWA,1
 silly to serious,1
 Vomiting,1
 at least the idea the plot is different,1
 Farmer Iwaizumi,1
 dad jokes,1
 Mentions of KiyoYachi,1
 side iwaoi,1
 lots of sci fi mentions,1
 First Kisses,1
 Jealous,1
 Verbal Bondage,1
Alternate Universe - High School,1
 but u can write smut for this fic if u want,1
yeeeh this one is just gonna have everything,1
 Hate Makeouts,1
 slow build to full on smut,1
 but in the end it's a,1
 Wrist Kissing,1
 Nosebleed,1
 Yakuza,1
 self indulgent aggressive kissing,1
 but kisses make everything feel better,1
 Experimental Style,1
 where suga and daichi meet online,1
 kageyama tobio king of the court,1
 ukatake in charge obvs,1
 no prior you've got mail knowledge required,1
 captains squad,1
 Oikawa hates dirt,1
Tokyo (City),1
 iwaizumi tops by the way,1
 Scary Movies,1
 Self-Lubrication,1
 Birthday Presents,1
 Vampires,1
 Ancient Japan,1
 Freckles,1
Soulmates,1
 Just assume any ship can show up at any given time with little screentime,1
 Music,1
HQBB2014,1
Kink,1
drabbles,1
 Sharing a Bed,1
ok so like there's definitely angst,1
 Scientist Kenma,1
 Butt Plugs,1
 Dating,1
 Blindfolds,1
 Break Up,1
 Improper Use of Outerwear,1
 i'm sorry hinata you didn't deserve this,1
 tanaka for best senpai,1
 Prostitution,1
Background Relationships,1
Crossdressing,1
 i am weak for dominant territorial alphas getting aggressive and possessive and by god does it show,1
 Bisexuality,1
 lots of PDA,1
 Platonic bed sharing,1
 Kink Prompt 50 - Geek/Jock,1
 Bisexual Character,1
 make-out sessions,1
 relationship studies within a relationship study?,1
 Kageyama's still uncreative about cursing,1
 I'm Bad At Tagging,1
 Sex Toys,1
 HQ Rarepair Week,1
 so bad at games it hurts!daichi,1
 everyone likes everyone,1
 Obliviousness,1
 Dick Jokes,1
 also Kageyama is mega protective,1
 sharing food,1
 Exes,1
is there such a thing as kneepads kink,1
They're all dorks but that's nothing new,1
 demi/grayromantic Oiks,1
 Perpendicular Sexual Situations,1
 Meeting internet friends without knowing you're meeting internet friends,1
 oikuro flirting,1
 suga-san matchmaker extraordinaire,1
 Verbal Abuse,1
 Anal Plug,1
 deep spiritual connections,1
 will update the tags as the story progresses,1
 Rejection,1
 Back kisses,1
 Non-Explicit Sex,1
 3rd gym,1
 Alternate Universe - Hogwarts,1
 canon-verse,1
 Dorks in Love,1
 Coping,1
 Kagehina centric,1
 Face-Fucking,1
 Fake Relationship,1
 badass dragons,1
 the only reason this is rated teen is because mad dog wont stop saying the word fuck,1
 a lot of talk about the stars and such,1
 Epilepsy,1
 Alternate Universe - Fantasy,1
 Protective Tsukishima,1
 Autistic Bokuto,1
 kageyama and hinata in denial: the fic,1
 Steamy,1
 Extended Canon,1
 Soldiers,1
Shower Sex,1
 Pack Dynamics,1
 time 2 die,1
 Boys Being Boys,1
 POV alternates between bokuto and akaashi,1
 it's a great time,1
 fluffy romcom,1
Humour,1
 porn wiith plot,1
Bipolar Disorder,1
 idk - Freeform,1
 HQBB2014,1
Snapchat,1
 Dom/sub,1
 Nekoma Volleyball Club - Freeform,1
College,1
 akaashi wears eyeliner and has a teeny tiny hand fetish,1
 Iwaizumi is gorgeous and Oikawa has a crush,1
 bully x victim,1
 Boys In Love,1
 Literal Sleeping Together,1
 Uncles,1
 Kuroo and Bokuto dance to Beyonce,1
 Tsunderes,1
 so much fluff tho,1
 Single-Father-Iwaizumi,1
 kageyama is bad at expressing himself,1
 Self indulgent really,1
 Kissing Lessons,1
 daisuga - Freeform,1
 Virginity,1
 Makeouts,1
 smol 4year old Hinata,1
Slash,1
 i guess you can call it that???,1
 Alternate Universe - Delinquents,1
 this is so cheesy THESE VOLLEYBALL BOYS ARE RUINING ME,1
Smut,1
 Alternate Universe - Punk,1
 daisuga are still papa and mama,1
 Sexuality,1
 no chickens were harmed in the making of this fic,1
 Mild Hurt/Comfort,1
 o i forgot but they jerk it too,1
 colors yey,1
 not really - Freeform,1
 Alternate Universe - Medieval,1
 because I'm a sucker for astronomy analogies,1
 kagehina's jaeger is kind of unit 01 too,1
 well... maybe platonic,1
 jealous hinata,1
 iwa-chan being sappy,1
 Short One Shot,1
 Teen Angst,1
 recreational alcohol use,1
Fluff and Humor,1
 akaashi in a skirt is the only plot i need,1
 ghost drift sex,1
 Secret Crush,1
 dirty talking also happens whoops,1
 it's not even a handjob,1
 Feelings,1
 daichi is an actual dad,1
 there's some platonic bokukuro and akakono too enjoy,1
 that's the plot,1
 Slow Burn tag will stay more for posterity than for accuracy,1
 Pre-Canon,1
 kurosuga,1
 Nude Photos,1
 Single Parent AU,1
 so frustated with games it hurts!kenma,1
 yamaguchi is a pillar of strength,1
 and tears i'm sorry,1
 nature magic and soulmates,1
 but there's still a warning for drowning,1
 Kageyama's POV of Painting with Words,1
PWP,1
 Magical Shenanigans,1
 No ball pens were hurt in the making of this story,1
TSUKISHIMAS DICK IS STUPID HARD,1
 Explicit Sexual Content,1
 have your dentist on speed dial,1
 Grinding,1
 police man iwaizumi,1
 slight ukatake,1
 Slash,1
 side kuroken,1
 aging everyone up to their 20's,1
 Alternate Universe - Science Fiction,1
Nanny AU,1
 Character Development,1
 handjobs,1
 non-con warning in chapter 10,1
 Original Character(s),1
 tsukki is trash but yamaguchi loves him and so i love him by association,1
 No Sex,1
 bokukuro friendship is so important,1
 Teenage Boy Hormones,1
 everyone is dumb,1
 there are so many dragons i'm not even a little bit sorry,1
Misunderstandings,1
 sad necromancy,1
 Meme Wars,1
 ass eating,1
 New Year's Fluff,1
 i just love the idea of oikawa doing high school crush things,1
 wow i love lev so much bye,1
 Love at First Sight,1
 genderfluid kenma,1
 Broody teenager Tobio and his besties Yachi and Hinata,1
 stupid volleyball dorks all around,1
 Kenma's an introverted nerd,1
YouTube,1
 a vent fic to be honest,1
 offical member of the Yamaguchi Protection Squad,1
 Making Out,1
 Tight Pants,1
 Magical Realism,1
 Spirit World,1
 some bodyworship?,1
kuroo is just a piece of shit trash king what else do you expect,1
Matchmaking,1
 Slight Tanaka appearance,1
 just like this,1
 Aquaphobia,1
 aone is precious,1
 Oneshot,1
 Minor Shimizu Kiyoko/Yachi Hitoka,1
 whorehouse,1
 Pirates,1
Fake Marriage,1
 Halloween,1
 every mythology under the sun,1
 sex in a lake (wild I know),1
 Skiing,1
 Supernatural Creatures,1
 True Love,1
 There's gonna be some cursing because Kageyama is the Japanese Gordon Ramsay,1
 Bokuaka - Freeform,1
 crossdressing as a cover,1
 Magical Bonds,1
 warning for bad pickup lines,1
 mortal!iwaizumi,1
 Threesome - F/M/M,1
 Kenma as a third year,1
 Team Dynamics,1
 Jess is burning in BokuAka hell,1
 Demons,1
 Religion,1
 i don't know how to tag,1
 precious babies,1
 Dubious Consent,1
 yea kuroo totally got all these killer lines from bokuto,1
 Erotic Electrostimulation,1
 Suga and Oikawa are little shits,1
 the main focus is not the sports,1
 school setting,1
 kenma is generally unhelpful,1
 this just spiraled out of control and ended up like this,1
 also i need to write something that is not oofuri and haikyuu,1
 Asperger Syndrome,1
 more tags as more stuff is revealed!,1
 Forced Kiss,1
 Relationship(s),1
 so don't read if u don't like psychic connections between pilots??,1
 Daichi is lonely,1
 Bad Cooking,1
 so fluffy you will have diabetes,1
 Mild Face-Fucking,1
 lesbians,1
 PWP,1
 daichi is tom hanks,1
 akaashi is a sinnamon roll,1
 pretending to hate each other au,1
 second year hinakage,1
 it's how i roll,1
 Sweet,1
 Loss of Virginity,1
 the bad guys are way cooler than the good guys,1
 Omega Hinata,1
 Motorcycles,1
Alternate Universe- Soulmates,1
 it's a dumb american-japanese romcom that nobody can escape,1
 it made me cry 3 times so,1
 Brace yourselves,1
 i am not fucking around here,1
 Soulmate-Identifying Marks,1
 Hianta is so cute Kageyama can't handle it,1
 on a scale of one to garbage oikawa is non-recyclable trash,1
 hinata sammich,1
 OT4,1
 slight gore,1
 Adoption,1
 Captains being bros,1
 Because I can,1
 Bartender! Kageyama,1
 Kenma/Kuroo centric,1
 clenches fist,1
 Drinking Games,1
 lalalala i can't hear you over bisexual noya,1
i'm in kurodai hell,1
 Resolved Sexual Tension,1
 Love/Hate,1
 Protective Teammates,1
 Oikawa's so thirsty,1
 lots of friendships,1
 Tooth-Rotting Fluff,1
 punk x pastel,1
 Tattoo artist! Hinata,1
 Male Homosexuality,1
Domestic Fluff,1
 daichi/suga,1
 Sleepy Kisses,1
Single Parents,1
 Implied/Referenced Child Abuse,1
 POV Multiple,1
 Fantasizing,1
 Other Additional Tags to Be Added,1
 Those two are so sweet it's disgusting,1
 Implied/Referenced Underage Sex,1
 Relationship Study,1
Road Trips,1
 Domestic Violence - one very brief scene,1
 First Meetings,1
 Mentions of Blood,1
 but better safe than sorry,1
 and his injuries and reactions are described,1
tsukkiyama - Freeform,1
literally they're gay and married,1
 Omega Reader,1
 College AU,1
 a lot of teaching about omegaverse,1
obligatory 'my pet spider escaped and it turns out my neighbor is afraid of spiders' au,1
 various pairings - Freeform,1
 Yelling and Crying,1
 other familiar faces appear fleetingly in this fic,1
 Family Dynamics,1
 head-first into volleyball hell,1
 make out,1
 Children,1
 Suicidal Thoughts - literally like 3 sentences,1
 Superstition,1
 Mentions of Violence,1
Drabble Collection,1
 this was also self-indulgent,1
 I love dragons,1
 Canon Universe,1
 cameo appearances by kenma and daichi,1
 hints of Kuroo liking Kenma,1
 Teen Drinking Is Very Bad,1
 i guess,1
Past bullied Yamaguchi,1
 kuroo is really embarrassing,1
 Kuroo the suave bartender,1
 Police,1
 Past Drug Use,1
 non-graphic violence and semi-graphic sex,1
 also character deconstruction,1
 The older one is making up for it tho,1
 there are warnings included with the chapters,1
 this is so self-indulgent,1
 First Times,1
 Manga Spoilers,1
 Drunken Cooking,1
 Jealous!Alphas,1
 dedicated to the readers of scent marking tbh,1
 Homophobic Language,1
 Rule 63,1
 Genital Piercing,1
 idk apparently i can only write fake wedding AUs,1
 there is apparently quite a bit of pain and suffering in this fic,1
 kagehinakage month,1
 Colorblindness,1
 Team,1
 everyone else is a secret,1
 saeko nee-san is best nee-san,1
 actually everyone's a depraved little shit except bokuto,1
 and they actually rly love and care for each other they are just....passionate,1
online dating au,1
Friends With Benefits,1
 if it's possible to have spiritual sex well then here it is,1
Dating,1
 Because platonic HinaYachi gives me life,1
 there you go,1
 Featuring platonic HinaYachi being the cutest flatmates,1
 Crush at First Sight,1
Aged-Up Character(s),1
 Magic-Users,1
Alien!Iwaizumi,1
 but not the bullying itself,1
 unprotected sex,1
 the return of skirt!Kenma,1
 family relationships and fluff,1
 volleyidiots,1
 also a side pairing,1
 Alternate Universe - Bakery,1
 skype au,1
 Prince/servant,1
there's like one original character but don't worry about it,1
Yaku's POV,1
 and so is tobio,1
 kuroo and bokuto are such great dorky friends,1
 also daisuga,1
Childhood Friends,1
 the companion piece to 'build a temple in me',1
 thats important,1
 Mountains,1
 Try not to fall in love with Bokuto,1
 Bodyswap,1
 Childhood Memories,1
 knocking on the wrong door au,1
 all the goods really,1
Synesthesia,1
god!oikawa,1
 Love Triangles,1
i think nishinoya has the most plot relevance here other than the main two,1
UST,1
 oikawa being a drama queen,1
 Everyone is around,1
 can u imagine oikawa's face on a billboard,1
 New Year's Kiss,1
 marrito,1
 gratuitous abuse of foreign languages,1
 Assassins & Hitmen,1
 adorable volleyball dorks,1
 Vigilante,1
 Karaoke,1
 kitagawa daiichi cop squad,1
 One Shot,1
 boyfriend shirt bc again I LOVE,1
 Zombie Apocalypse,1
 Bokuto and Kuroo are Hockey players,1
 Dirty Jokes,1
 Pansexual! Hinata,1
 matsuhana - Freeform,1
 kindergarten teacher asahi,1
 tragic past,1
 Lots of Iwaizumi taking care of Oikawa,1
 mortician yamaguchi,1
 when i say light-hearted i mean there's a lot of hurt and actually some really sad stuff,1
 Humiliation kink,1
figure skater/hockey player au,1
 Neighbors,1
 PSS shenanigans,1
 Sexual Humor,1
 Couch Sex,1
 based on yaboykeiji's work,1
 never trust demon familiars,1
intense!hinata,1
 i dare you,1
 Alternate Universe - Children,1
 some volleyball is involved,1
 Crying Yamaguchi,1
 Pairings to be added,1
 palm kisses,1
 Fluffy Smut,1
 konoha and kuroo for sassy techs,1
 Kid Fic,1
 I don't know what this is or what I was trying to say with it,1
 HQ Secret Santa 2014,1
 That's it,1
 It's VERY complicated,1
 in which Kyoutani realizes he has a massive crush on Yahaba,1
 Phone Calls & Telephones,1
 noya is sorry (but not that sorry),1
 Queerplatonic relationship,1
 stripper kuroo,1
 Iwaizumi being an awesome chef,1
 Fluff and Humor,1
 artist Bokuto,1
 Panty Kink,1
 Cock Piercing,1
 Awkward Sex,1
 takeda waxes poetical,1
 Memes,1
 also known as i fucked up and wrote a RLY RLY LONG fic,1
 Minor Tsukishima Kei/Yamaguchi Tadashi,1
 Colours,1
