 Cannibalism,48
 Anal Sex,33
 Murder Husbands,30
Alpha/Beta/Omega Dynamics,29
 Angst,26
 Dubious Consent,25
 Canon-Typical Violence,25
 Possessive Hannibal,25
 Fluff,22
 Hurt/Comfort,21
 Biting,21
 Mating Cycles/In Heat,20
 Rimming,19
 Slow Burn,19
 Oral Sex,19
 Alpha/Beta/Omega Dynamics,19
 Alpha Hannibal,19
 Violence,19
 Hannibal is a Cannibal,18
 Omega Will,18
 Anal Fingering,18
 Manipulation,18
 Knotting,17
 Murder,16
 Bottom Hannibal,16
 Hand Jobs,15
 First Time,15
 Blow Jobs,15
 Hannibal is Hannibal,14
 Mpreg,14
 Emotional Hurt/Comfort,13
 Dark Will,13
 Not Beta Read,12
 Kidnapping,12
 Alpha/Omega,12
 Age Difference,11
 Minor Character Death,11
 Manipulative Hannibal,11
 Alternate Universe,10
 Blood,10
 Possessive Behavior,10
 Emotional Manipulation,10
 Fluff and Smut,10
 Masturbation,10
 Rough Sex,10
,9
 Eventual Smut,9
 Fluff and Angst,9
 Dark Will Graham,9
 Bottom Will,9
 Top Hannibal,9
 Creepy Hannibal,9
 Smut,8
 Established Relationship,8
 Domestic,8
 Someone Help Will Graham,8
 Nightmares,8
 Spanking,8
 Jealousy,8
 Blood and Gore,8
 Alternate Universe - Canon Divergence,8
 Frottage,7
Alternate Universe,7
 Alpha!hannibal,7
 Dirty Talk,7
 Domestic Fluff,7
 Explicit Sexual Content,7
 Sex,7
 Slow Build,7
 Omega!will,7
 Serial Killers,7
 Happy Ending,6
 Mildly Dubious Consent,6
 Object Insertion,6
 First Kiss,6
 Marking,6
 Top Will,6
 Omega Verse,6
 Developing Relationship,6
 Daddy Kink,6
Post-Episode: s03e13 The Wrath of the Lamb,6
 Will Figures It Out,6
 Character Death,6
 Dogs,6
 Implied Cannibalism,6
 Knifeplay,5
 Bloodplay,5
 Loss of Virginity,5
 Protectiveness,5
 Protective Hannibal,5
 Gaslighting,5
 Post-Finale,5
 Extremely Underage,5
 Restraints,5
 Non-Consensual Drug Use,5
 Shower Sex,5
 dark!Will,5
 Hallucinations,5
 Sadism,5
 No mpreg,5
 Dominance,5
 Hannigram - Freeform,5
 Other Additional Tags to Be Added,5
 Post-Episode: s03e13 The Wrath of the Lamb,5
 Sassy Will,4
Alternate Universe - Fantasy,4
Mpreg,4
Shota,4
 Additional Warnings In Author's Note,4
 Curtain Fic,4
 Kink Meme,4
 Masochism,4
 Dark,4
Cannibalism,4
First Time,4
 Original Character Death(s),4
 Breeding,4
 Implied Mpreg,4
 Mind Games,4
 Rape/Non-con Elements,4
 BDSM,4
 Sexual Content,4
 Porn With Plot,4
 Empathy,4
 POV Alternating,4
 Murder Family,4
 Gore,4
 Plot What Plot/Porn Without Plot,4
Alpha/Omega,4
 Romance,4
 Emotional/Psychological Abuse,4
 Medical Kink,4
 Feminization,4
Alternate Universe - Canon Divergence,4
 First Meetings,4
 Light Dom/sub,3
 69 (Sex Position),3
 Bondage,3
 Pregnancy Kink,3
 Virginity,3
 Past Child Abuse,3
 Disturbing Themes,3
 Stalking,3
 Caning,3
 Public Sex,3
Canon-Typical Violence,3
 Butt Plugs,3
 Non-Traditional Alpha/Beta/Omega Dynamics,3
 Injury,3
 Alternate Universe - Different First Meeting,3
 Self-Harm,3
 Falling In Love,3
 Wendigo,3
Murder Husbands,3
 Bonding,3
 Sugar Daddy,3
 Manipulative Will,3
 Bathing/Washing,3
 Collars,3
 Stockholm Syndrome,3
 Blood Drinking,3
 Fix-It,3
 Death,3
 Spoilers,3
 Anal Plug,3
 mentions of mpreg,3
 omega science,3
 Mutual Masturbation,3
 Prompt Fill,3
 Will Finds Out,3
 Mental Instability,3
 Trust Issues,3
 Omegaverse,3
 AU,3
 Mental Breakdown,3
 Orgasm Delay/Denial,3
 Captivity,3
 Intimacy,3
 Friendship,3
 Teacher-Student Relationship,3
 Fingerfucking,3
Domestic Fluff,3
AU,3
 Possessive Will,3
 Caretaking,3
 Enemas,3
 Scent Marking,3
 Drug Use,3
 Humiliation,3
 Amnesia,3
 Suicidal Thoughts,3
 Horror,3
 Dom/sub,3
Hannibal AU,2
 Arranged Marriage,2
 Explicit Language,2
 Intercrural Sex,2
 Will Knows,2
 Post Red Dragon,2
 Public Hand Jobs,2
 Humour,2
dark!Will,2
 Exhibitionism,2
 Violent Sex,2
 Public Blow Jobs,2
 Jealous Hannibal,2
 Food is People,2
 Dubious Morality,2
 Sleepwalking,2
 Shameless Smut,2
 Season/Series 01,2
 Mind Control,2
 Yeah you read that right,2
 Child Abuse,2
 Psychological Horror,2
 D/s,2
 Sexual Tension,2
Explicit Sexual Content,2
 Blowjobs,2
 Seduction,2
 Canonical Cannibalism,2
 Dissociation,2
 Non Consensual,2
 Abuse,2
 Will Graham's Dogs - Freeform,2
 I Can't Believe I Wrote This,2
 Threesome - M/M/M,2
 Nipple Play,2
 Dildos,2
 Milking,2
 Autistic Will Graham,2
 Licking,2
 Sickfic,2
 Cruelty,2
 Kinda,2
 Nesting,2
 Singing,2
 Subdrop,2
 Foreshadowing,2
 no,2
 Eventual Romance,2
Supernatural Elements,2
 Porn,2
 Kitchen Sex,2
 Bullying,2
 Courtship,2
 BAMF Will,2
 Case Fic,2
 Ass to Mouth,2
 Possessiveness,2
Post-Finale,2
Omegaverse,2
 kinda....,2
 Mental Health Issues,2
 Feral Behavior,2
 Physical Abuse,2
 True Love,2
 Obsessive Hannibal,2
Angst,2
 Canon Compliant,2
 Post-Canon,2
 Seizures,2
 Implied/Referenced Drug Use,2
 Breathplay,2
 Sharing a Bed,2
Crossdressing,2
 Sexual Violence,2
 Whipping,2
 Cum Eating,2
Hurt/Comfort,2
 Top!Will,2
 Angry Sex,2
 Twins,2
 Food Porn,2
 Dark Romance,2
 Rutting,2
 Poor Will,2
 Master/Slave,2
 Alternate Universe - Victorian,2
 Longing,2
 Discrimination,2
Fluff,2
 Dry Sex,2
 Torture,2
 Eye Contact,2
 Crying,2
 Kink Negotiation,2
Dreams,2
 Dismemberment,2
Shaving,2
 Teasing,2
 dark themes,2
 Attempted Sexual Assault,2
Alternate Universe- Canon Divergence,2
Dubious Consent,2
 Wolves,2
 Roleplay,2
 Self-Lubrication,2
 Omega!Hannibal,2
 Voyeurism,2
Crack,2
 Suicide Attempt,2
 Bottom!Hannibal,2
 Strangulation,2
 Gags,2
 Slash,2
 You Have Been Warned,2
 Medical Procedures,2
 Post-Season/Series 03,2
 Psychopaths In Love,2
 Horror Elements,2
 Mild Gore,2
 The Murder Family,2
 Control,2
 Riding,2
 Past Abuse,2
 Dating,2
 Edging,2
 Bodyswap,2
Murder,2
 Submission,2
 Hannibal is Not a Cannibal,2
 Asphyxiation,2
 Aftercare,2
 Beverly Katz is the Best,2
 Cuddling & Snuggling,2
 Sassy Will Graham,2
 Reunion,2
 Betrayal,2
 Hannibal POV,2
Alternate Universe - Vampire,2
 Flogging,2
 Obsessive Behavior,2
 Post-Traumatic Stress Disorder - PTSD,2
 Car Sex,2
 Angst with a Happy Ending,2
 Cleverness,2
 Bottom Will Graham,2
 Mating,2
 a/b/o dynamics,2
 Training,2
 Tropes,2
 Lactation Kink,2
 Size Kink,2
 adoration,2
 Sweet,2
 Domestic Violence,2
 Double Penetration,2
 Kissing,2
 Original Character(s),2
 Love at First Sight,2
 Supernatural Elements,2
 Heat Cycles,2
 Humor,2
 Demons,2
 Alpha!Will,2
 murder!husbands,2
a/b/o dynamics,2
 Canonical Character Death,2
 Mentor/Protg,2
 Cooking,2
 Fanart,2
 Hannibal (NBC) - Freeform,1
 Post-Fall (Hannibal),1
 Confrontation,1
 Fanfiction,1
 Hannibal writes Will letters because he misses him,1
 Python named Rick,1
 slight AU,1
Possessive Behavior,1
 Will learns self-defense,1
 it's already weird,1
 expensive everything,1
 Blindfolds,1
 Dick Pics,1
 I Will Go Down With This Ship,1
 Coercion,1
Psychological Torture,1
 Chilton's still kicking,1
 Unconsciousness,1
 Will Graham doesn't need anyone's help,1
Surgeon Hannibal,1
 not a ghost story,1
 but his timing really sucks,1
 Soulmates have each other's eye color,1
 Seer Will,1
 will's dogs - Freeform,1
 what a surprise,1
 Episode: s01e08 Fromage,1
 Jack Being an Asshole,1
 Safewords,1
 No Rape/Non-con,1
 loudly implied cannibalism,1
 Hannibal is a sweetheat,1
 Quickies,1
 This is getting darker,1
 you know,1
 Possible Character Death,1
 Unresolved Sexual Tension,1
Episode: s03e13 The Wrath of the Lamb,1
 Non-Human Hannibal,1
 Making Out,1
 sex robots and sex dolls (not Hannibal),1
Younger/Older Character,1
 descriptions of crime scenes,1
 description of crime scenes,1
 Will is Wooed,1
 Hannibal is NOT a manipulative bastard,1
 Gratuitous Smut,1
yes - Freeform,1
 trickery,1
 honesly just a lot of morally questionable behaviour in general,1
 Hannibal is Manly af,1
 Vampire Sex,1
Picnics,1
 Sexism,1
 Infantilism,1
 Premature Birth,1
 Matthew is a good friend,1
 Fisting,1
 Headcanoned Though Not Explicitly Stated In the Fic,1
 Brainwashing,1
 merman,1
 Will and hannibal are happy daddies,1
 Alternate Universe - Dark,1
 Conversations,1
 chapter 5 is the sex chapter,1
 Does not follow canon storyline/timeline,1
Hannibal and Cooking,1
 pseudo panic attacks,1
 basically how these things go,1
 Cooking Lessons,1
 Sub Will,1
Mistaken for Being in a Relationship,1
 Killer Will,1
Doll!Hannibal,1
 Family,1
 Bathroom Sex,1
 Prison Breaks,1
 first hannibal fic published,1
 (Hannibal's meat not Will's dogs),1
 uhhh,1
 More Sherlock References,1
 Sexuality Crisis,1
 Fairy Tale Curses,1
 Implied/Referenced Rape/Non-con,1
 Will is a Jealous Bitch,1
 one-sided Hannibal/Mason,1
 minor Will Graham/Alana Bloom,1
 Scars,1
 Will Needs a Hug,1
 Soulmates,1
 Surgeon Hannibal,1
 Voice Kink,1
 I Don't Even Know,1
 Lecter Family 2.0,1
 Lolita!Will,1
 Because it should be,1
 Alternate Universe - Mental Institution,1
 Eye Color,1
 Hannibal is adorable and clumsy,1
 Sex Work,1
 Hannibal put your damn hand down,1
 Does Will Graham need saving?,1
Infidelity,1
 mentions of past rape (not the mains),1
 Mindfuck,1
 Nipple Licking,1
 like ultra slow,1
 academy au,1
 Shota,1
 Voicemail,1
Hallucinations,1
 S&M,1
 Manipulative!Will,1
 Smut in the Tub,1
 Trapped with no food,1
 Wendigo Hannibal,1
 Magical Boys,1
 Police Officer Will Graham,1
 Wet Dream,1
 past Alana/Hannibal relationship,1
 Mention of Past Non Consensual Daemon Touching,1
 lots of semen,1
 no betrayal,1
 hannibal secret santa,1
 Alternate Universe - BDSM,1
 Autosarcophagy,1
 Dreams,1
Celtic God!Hannibal,1
 Mentions of Suicidal Thoughts,1
 Domestic Discipline,1
 dubcon,1
 vampires.DO.NOT.sparkle,1
 But Still Pretty Dark,1
 Feudalism,1
 Sex Club,1
 Basically an excuse for Will!whump,1
 Read if you feel sad and amazed by the season 3 finale,1
 Graphic surgery,1
Sex,1
Frottage,1
 secret lube,1
 body parts,1
 Sibling Incest,1
 Scent Kink,1
 bad cannibal,1
 Fanart Included,1
 Acknowledged Encephalitis,1
 both of them have uniform kink,1
 apprentice!will,1
 Self Harm,1
 as usual,1
 Alpha Will,1
 slow-burn,1
 isnt that romantic?,1
 Shocking I know,1
 Medication,1
 non-consensual drug use implied,1
 Competition,1
 More Fluff,1
 Sexual Harassment,1
 dominance play,1
 Prostate Massage,1
 doting,1
 and... eventually... Winston,1
 gratuitous whump,1
 Implied Murder,1
 Live Feed,1
 Airplane Sex,1
 the like - Freeform,1
 Wage Your War AU,1
 meet cute,1
 Vague Hannibal Rising references,1
 more to come - Freeform,1
 dubious consent at end,1
 Forced Prostitution,1
 absolutely no angst here or mention of the finale-that-shall-not-be-named,1
 Chilton just sorta sits around and acts smarmy,1
 mild dirty talk,1
 Ableism,1
 Will is Aroused,1
 First Date,1
 Foreskin Play,1
 i warned you,1
 cooking au,1
 Murder Sex,1
 Swiping Light of Empathy,1
 also,1
 Hannibal is a Sick Fuck,1
 Age Regression/De-Aging,1
 Feeding Bottles,1
Community: hannibalkink,1
 baby!Will,1
dub con kinda,1
 Bad Ideas,1
 Sequel,1
 satan called after i wrote this,1
Alternate Universe - Prostitution,1
 Cutting,1
 Threats of Rape/Non-Con,1
 Human's Die Alot,1
 but can be perceived as,1
Alternate Universe - High School,1
 coffee nerds,1
Blow Jobs,1
 This Story Has it All Basically,1
 hey Will what time is it?,1
 more or less,1
 toe sucking,1
 Weirdness,1
 Valentine's Day,1
 Teacher AU,1
 Sleepy Will,1
 Impregnation,1
 all the dogs - Freeform,1
 Technically Anal Sex,1
 and also sometimes thinks about murdering people,1
 abuse of minor character,1
 Male Lactation,1
 Stubborn Will,1
 Sugar Daddy Hannibal,1
 hannibal likes it and puts a ring on it,1
 POV Outsider,1
 Train Sex,1
 Declarations Of Love,1
 I really don't recommend this as a good model for a relationship,1
 bed sharing,1
 there's no actual mpreg but ya know,1
 Top Will Graham,1
 references,1
 mentions of amputation,1
 touching an unconscious person without their explicit consent,1
 kind of,1
 Don't Touch Hannibal's Things,1
 Prostitution,1
 Fucking Machines,1
 Blow Jobs in a Car,1
 Panic Attacks,1
 clever as shit Nigel,1
 just so were clear,1
 questionable mathematics,1
 Pederasty,1
 Get it together for your Graham cracker,1
I will add more tags and characters and relationships as they come up,1
 twister game,1
Medical Kink,1
 Coffee,1
 alternative universe,1
 Assertive Hannibal,1
 Forced Orgasm,1
 not really - Freeform,1
 so I wrote a second chapter,1
 So Many Dogs,1
 Manipulative!Hannibal,1
 Chan,1
 Drunk Hannibal,1
 will is screwed,1
 Fishing,1
 Hannibal is a bag of dicks,1
 Future Fic,1
 not on will,1
 Heat Manipulation,1
 rating jump,1
 Choking,1
 Wendigo Shapshifting,1
 not you,1
 Will is sassy,1
 Grey Will,1
 Prison,1
 Cannibalistic Thoughts,1
 Cannibalism Puns,1
 nothing new there,1
 Angst and Porn,1
 Will is a sassy sexy 20-year-old who looks like an angry puppy,1
 HUMAN PHO,1
 He eats the rudes,1
 Prison Guard!Will,1
 I Mentioned This On Tumblr,1
 Anal Fisting,1
 Sherlock Being Sherlock,1
 Those who slay together stay together,1
 Fairy Tale Retellings,1
 references to necrophilia,1
 sexting in public,1
 cause I wrote the sex,1
 Tentacle Rape,1
 a little bit of Jack and Francis in this,1
 Did I mention there is no mpreg,1
 unhealthy attachment,1
 a lot of fucking swearing,1
 Very Minor,1
 scat (weensy bit not explict),1
 Breeding Cycle,1
 Submissive Hannibal,1
 Misunderstandings,1
 Warning for Happiness,1
 College Professor Jack Crawford,1
 Confessions,1
 Alternate Universe - Serial Killers,1
 Revenge,1
 any extended vacation in europe is an escape,1
 he takes it,1
 and they do it again on chapter 29,1
 there's a sequel,1
 Pedophilia,1
 Lingerie Kink,1
 Underage Character,1
 Written from Franklin's POV,1
 Derogatory Language,1
 Will is the cutest thing ever,1
 slight gore,1
 AI AU,1
 canon typical manipulation,1
 Vulnerable Omega Will,1
 Crying Hannibal,1
 Dining table sex,1
 Dry Humping,1
 Solitary Confinement,1
 but it gets resolved,1
 No Beta,1
 Phantom Beverly,1
 Maybe mpreg depends on if I get frisky,1
 Season 1,1
 guarding,1
 Locked In,1
Sugar Daddy Hannibal,1
 Non-sexual dub-con,1
Epistolary,1
 sex trafficking/prostitution,1
 Animalistic Behaviour,1
 Unrepentantly Morally Dubious,1
 Consent Issues,1
 cannibals in love,1
 Mentions of dub-con,1
 price,1
Domestic,1
 But Will is Always Autistic in All My Fics Guys,1
 Adam has a plan,1
 snake - Freeform,1
 (though I don't really have to tag for that either do I?),1
 Hannibal loves toying with Will,1
 False Identity,1
 Male Slash,1
 Scarred Will,1
 Hannibal saves Will from the guy who raped him,1
 Couch Sex,1
 Service Kink,1
 Implied/Referenced Child Abuse,1
 More Public Sex,1
 Viking/Warlord AU,1
 sex in a park,1
 hanninal ooc,1
 non cannon violence,1
 Scarring,1
 Eating Of Humans,1
 Relationship of Convenience,1
 Semi-Public Sex,1
 More Mindfuckery,1
 He is good to Will,1
 slightly heart-aching angst,1
 bottom!Adam,1
 Will is Hannibal's Nymphet,1
 just saying,1
 Hannibal in casual clothes,1
 Hallucinogens,1
 Hannibal the Fuck-meister,1
 Emotional Will,1
 Lecter is devious,1
 kisses,1
Nightmares,1
 Felching,1
 coffee shop owner Hannibal,1
 Praise Kink,1
 Chilton - Freeform,1
 Canon Typical Violence,1
 Fluff and Crack,1
 and being husbands,1
 Bath Sex,1
Post S3 Finale,1
 Psychoanalyzation,1
Alternative Universe - Supernatural Elements,1
 holy crap pervs yes there will be sex,1
 happy-ish ending,1
 Creature Hannibal,1
 Attempted Assisted Suicide,1
Psychological Trauma,1
 Obsessive Behaviour,1
 Alternative Universe - FBI,1
 Alana Bloom is just trying to keep her favourite student safe,1
 laundry service,1
 all consensual,1
 Murder husbands having a merry time murdering,1
 Alternate Universe - Fairy Tale,1
Hooker AU,1
 Movie Night,1
Alternate Universe - Coffee Shops & Cafs,1
 But I bet people is pretty damn tasty,1
Alternate Universe- Vampires,1
 Choose Your Own Ending,1
 Bad BDSM Etiquette,1
 Nostalgia,1
 loving descriptions of food,1
 I wrote this on a plane,1
 Barney Matthews is the sweetest orderly in the universe,1
additional tags,1
 and then Wild Will,1
 strangely sappy,1
 You're Welcome,1
 College Student Will Graham,1
 Cults,1
 Lols these tags,1
 Roux - Freeform,1
 Massage,1
 Sex Tapes,1
 improper use of pigs,1
 Prompt Fic,1
 Rating Changed Because Will Has A Naughty Dream,1
 More Sex,1
 Omega Will Graham,1
 It's okay to blame Teresa for everything,1
 Canon Off-screen Suicide,1
 Crossdressing,1
 Fluffy,1
 Blood Kink,1
 Dysfunctional Family,1
 Dinner Party,1
Homelessness,1
Biting,1
 Hannibal the Cannibal,1
Apocalypse,1
Alternate Universe - Beauty and the Beast,1
 this fic is actually a trope fic,1
 Offscreen character death,1
 Explicit Graphic Violence,1
 oh man these warnings yikes,1
 Weird theremin analogies,1
 Changing plans,1
 Bottom Nigel,1
 Alternate Universe - Crack,1
 server!will,1
 commission,1
 Other Psuedo Creole Mythology/Culture,1
 Self-Hating Will,1
 Magical Elements,1
 not sure how to tag this,1
 Horny Will,1
 smothering,1
 Emotions,1
 eventual murder husbands,1
 Phantom Abigail,1
Mental Institutions,1
 Language Kink,1
 Top!Adam,1
 mid season 3 au,1
 Don't you dare to try to hurt Hannibal's puppy,1
 BAMF Will Graham,1
 merman au,1
 Omega Noah,1
 Sleepy Cuddles,1
 consent will be so explicit you will need a dentist,1
 School Uniforms,1
 Pretentious literary and biblical references,1
 Intrigue,1
 Mizumono Spoilers,1
 Snuggling,1
 fictional S4,1
 Hannibal Rising Spoilers,1
 He doesn't care,1
 Alternate Universe - Canon,1
 Ableist Language,1
 Prison neighbors,1
 Watersports,1
Hannigran AU,1
 Fluff everywhere,1
 copious amounts of blood and its inappropriate use,1
 Will's not great either,1
 Hurt Will,1
 dub-con,1
 not too much though,1
 Somewhere in Season 1,1
 Psychological Trauma,1
 jail break,1
 (though do I really have to tag for that in this fandom?),1
 sexual age play,1
 Gentle Sex,1
 Everything Hurts,1
 Will you are in so much trouble baby,1
 institutionalized gender inequality,1
 no but like reeeeally sloooooow burn,1
 Creepy fantasy creatures,1
 no one is a cannibal,1
 written as consensual,1
 but how dark is the question,1
 Animal Death,1
 And it's cute!!,1
 Cunnilingus,1
 dowry,1
 Yeah This Gets That Level of Weird and Creepily Intimate,1
 random facts about mistletoe,1
Daddy Kink,1
 happy ending? kinda?,1
 THIS IS NOT AND WILL NOT BE OMEGA-VERSE,1
 mentions of bodily injury,1
 Mating Bond,1
 Daemon Touching,1
 Forced Voyeurism,1
 sorry about that,1
 Will is so not taking any of his shit,1
 Oral,1
 cop will,1
 you read that right,1
 Ice Skating,1
 hannibal 'did I mention I am a cannibal' lecter,1
 Will is neither fragile nor unstable,1
 more tags will be added,1
 Fuck o'clock,1
 Hannibal is a possesive cannibal,1
 Daddy Issues,1
 Of Course There's Cannibalism,1
 Can you tell I have a bit of a tailoring fetish,1
 hannibal being a pretentious piece of shit,1
 AOB,1
 Bodily Functions,1
 The coffee is not people,1
 Sad pandas,1
 omega biology,1
 Angst and Fluff and Smut,1
 questionable theraputic practice,1
 Hannibal also has another card up his sleeve,1
 I got this from Twitter,1
 oh my gosh so many cannibalism puns,1
 Older Man/Younger Man,1
 Role Reversal,1
 Non-Human Will Graham,1
 First Meeting,1
 Extremely Dubious Consent,1
 line dancing,1
 Breakfast in Bed,1
" ""helps"" is a strong word perhaps",1
alternative universe,1
 PrisonGuard!Will,1
Additional Warnings Apply,1
 Jealous Will,1
 the food is definitely people,1
 shower,1
 Accidental Drug Use,1
 Alana Bloom - Freeform,1
 Mentions of rape/non-con from previous alpha,1
 Secret Identity,1
 Vampire Hannibal Lecter,1
Android AU,1
 Phantom Will,1
 Sex Against A Tree,1
 Boarding School,1
 Graphic Sexual Content,1
Set in Game of Thrones,1
 No underage,1
 Minor self-loathing,1
 Alternate Universe - Coffee Shops & Cafs,1
 Implied/Referenced Self-Harm,1
 Pho,1
Alternate Universe - Zombies,1
 Tobias - Freeform,1
 Mob Activities,1
Alternate Universe - Childhood Friends,1
Shopping,1
 Language,1
 Always,1
 Dream Seduction,1
 Enemies to Friends to Lovers,1
 Ripper Murders,1
 Will is a cake maker,1
 slow-build,1
 Sorry couldn't resist the Sherlock references,1
 The mask,1
 Public Display of Affection,1
 Alternate Universe - Dystopia,1
 Traumatized Will,1
 Alternate Universe - Role Reversal,1
 He'll fuck you up,1
 Warden!Chilton,1
 arent they always?,1
 Escape,1
 Hand Feeding,1
 Touching,1
 Hannibal's paradoxical moral code,1
 Hand Job,1
 Face-Fucking,1
 Tentacle Sex,1
 canon style violence,1
 inexcusable crack,1
Hannigram - Freeform,1
 very sassy Will,1
 More Murder,1
 Edited by a Beta,1
 Slave!Will,1
 Alternate Universe - Sense8 (TV) Fusion,1
 Contest,1
 it's implied - Freeform,1
 Community: hannibalkink,1
 Drama,1
 Teddy Bears,1
 a really bad Sherlock joke,1
 HumbertHumbert!Hannibal,1
 cock - Freeform,1
 top!Hannibal,1
 blood but no cannibolism,1
 Jesus Christ RUN Franklyn!,1
 Teeth,1
 also sex,1
 Sexual Torture,1
 Canon Sexuality,1
 meddling father,1
 Sibling Rivalry,1
 Taking Advantage of a Minor,1
 Chapter 3 is fanfic art gif,1
 a minor sexuality crisis,1
 Languages,1
Underage - Freeform,1
 Switching,1
 Hunters & Hunting,1
 Psychological Torture,1
 Love Letters,1
 #RudeTrip,1
 Worldbuilding,1
 Flashbacks,1
 oh and cannibalism but I think that's a given by now,1
 wine is people too,1
 Dire wolves,1
 Surrealist,1
 But no Hanni love for him,1
 c'mon you knew that was coming,1
 sick,1
 nothings sacred anymore,1
 interesting uses for butter,1
 Sorry Not Sorry,1
 don't you love my shit summeries,1
 Threesome - F/M/M,1
 but it's complicated,1
 Mentions of Rape,1
 sex in chapter 5,1
 will is like a semi feral child who doesn't care if the people is food,1
 Rape Aftermath,1
 Does it still count as cannibalism if it's a wendigo eating a goblin?,1
 Betas rule the world,1
 Ficlet Collection,1
 striking,1
Blind Character,1
 i have no explanation,1
 dogfuck rapeworld,1
 self-confident Will,1
 Art,1
 Post Mpreg,1
 Hannibal Has A Broken Heart,1
 courting through murder,1
 season 5,1
 There will be sex,1
 eventual killer will,1
 nibbles,1
 Insanity,1
 both he and Hannibal deal with the consequences,1
 Innocence,1
Age Play,1
 hannibal and Will finally do it on chapter 25,1
 Therapy,1
 Trou Normand,1
 references to cannibalism,1
 Handcuffs,1
 will figuring it out,1
 Separations,1
 everything is an excuse for sex,1
 Sex with an empath,1
 Jack is a bastard,1
 Do not read if you have not watched the season 3 finale,1
 Kid Fic,1
 Tragic Romance,1
 Season 3 Finale,1
 Homophobic Language,1
 Non-Sexual Age Play,1
 Oh my God Hannibal you can't just smell someone when they're sleeping,1
 Will with encephalitis,1
 actually this thing is loaded with angst,1
Dark Will Graham,1
 sin - Freeform,1
 merfolk science and anatomy,1
 Mentions of War,1
 maybe? - Freeform,1
 Impregnation Kink,1
 Ravenstag,1
Emotional Manipulation,1
 Booty Calls,1
 unintentional manipulation but no mind games,1
Tumblr Prompts,1
Dark,1
 Non-Consensual Touching,1
 but still a terrible human being,1
 Some Implied and/or Imagined Animal Abuse,1
 Breastfeeding,1
 Everything Snob Hannibal,1
 BDSM Thoughts,1
 Blood Play,1
 (I wouldn't hurt a puppy geez),1
 Non-con/dubcon,1
 holy shit he brought a picnic,1
 and he might be in over his head,1
 people are food,1
 these two need couples therapy,1
Child Neglect,1
 mentions of menstration,1
 Graphic Description,1
 Spooning,1
Non-Sexual Age Play,1
 furious Will,1
 Vampire-Human Relationship,1
 Hurt!Will,1
 Miscarriage,1
Alternate Universe - Different First Meeting,1
 Lobotomy,1
 Jack needs to stop appointing serial killers as consultants,1
 Play pens,1
 Alpha rut,1
 artist/master AU,1
Unrequited Love,1
 kinda of,1
 Will is straight,1
Sexting,1
 Crack,1
 we make fun of Chilton,1
Other Youtubers,1
 Psychic Bond,1
 Pornstars,1
 Shopping,1
 Mischa Lecter mentioned,1
 Kink,1
Abuse,1
 Knives,1
 Alpha Alana,1
 Caring Hannibal,1
 Slapping,1
Will is an awkward turtle,1
 Separated Murder Husbands,1
 London,1
 Serial Killer Will,1
 Prison Riot,1
 This Is Hannibal's Design,1
 Sequel to Hyacinth House,1
 Sexual Fantasy,1
 Plot With Porn,1
 particularly when you're cannibals,1
 Surgery (sort of?),1
 Will and Hannibal Have Sex In Front of Their Prey,1
 Hannibal Being Hannibal,1
 Suppositories,1
 This won't hurt your feelings,1
 Wordcount: Over 50.000,1
 assbabies,1
 Domesticity,1
 very bloody,1
 teenage will,1
 predator-prey stuff,1
Feral!Hannibal,1
 Retired!Jack,1
 they are in love,1
 Rewrite of 'Blood Soul and Cake',1
 teeth brushing,1
 yay,1
 Curses,1
 Will is 17 in this,1
 brief dubcon in the first chapter (not Hannibal/Will),1
 Spiders,1
 I'm So Hard,1
 I Can't Believe I Haven't Been Tagging this as Though I Expect You to Read My Mind,1
 Omega Hannibal,1
 then AU territory,1
 No Daddy Kink,1
 (Obviously),1
 Sassy Beverly Katz,1
 chapter 11 is over 20000,1
 Diapers,1
Spacedogs rom com,1
Alternate Universe - Restaurant,1
 mutual obsession,1
 Things aren't great for Will,1
 oddly sexy semen collection,1
 lots of blood,1
 emotional blackmail,1
 puns are the lowest form of humor,1
 sliding along the Kinsey scale,1
 Paddys Day,1
 Prison fluff,1
 Progressively Darker Will,1
 courting gifts,1
 Wendigos,1
 And Will doesn't need to be saved,1
 tag-team killing,1
 I Tried,1
Post-Season/Series 03,1
 Unhappy marriage,1
 Discipline,1
 Best Museum In London,1
 Hospital,1
 Minor Violence,1
 Hannibal is a possessive bastard,1
 Squick,1
 Maybe - Freeform,1
 Sexual Slavery,1
 Scents & Smells,1
 Confusion,1
 Like super post,1
 (Will misses him too),1
 Confusing Will,1
 psychopathy,1
 trope primer,1
 Victorian,1
 Strength Kink,1
 Implied/Referenced Torture,1
 kid!Hannibal,1
 a little bit of blood play,1
 outside pov,1
 And some fluffy domestic stuff,1
 Bestiality,1
 Freddie should know better,1
Slow Burn,1
 self lubricating,1
 Hospitals,1
 see?,1
 Hannibal using foul language,1
Plot What Plot/Porn Without Plot,1
 animal cruelty,1
 Shy Will,1
 Fantasizing,1
I am so sorry,1
 Philosophy,1
 these goobers like sex - ok?,1
 Mentions of Violence,1
 Minor Original Character(s),1
 Prescription Drug Use,1
 this is not how you therapy,1
 duh - Freeform,1
 Twink Will Graham,1
 I apparently Hannigram everything,1
 Freddie Lounds - Freeform,1
 Rough Oral Sex,1
 Canon animal cruelty,1
 Slice of Life,1
 You And Me Baby We Be Fucking Like Gorillas!,1
 Hannibal we don't show people we care by killing them,1
 house work,1
 Angry Will,1
 libel,1
 Venezia | Venice,1
Will Figures It Out,1
 monster au,1
 Second Time,1
 semen - Freeform,1
 Claustrophobia,1
 PTSD Will,1
 Narcissism,1
 JustFuckMeUp,1
 Dominant Behavior,1
 Conditioning,1
 Romantic Comedy,1
 Threats of non-con,1
 God Complex,1
 Strangers to Lovers,1
 i made them have a kid together,1
 bestiality references,1
post wotl,1
 Leashes,1
 graphic cruelty,1
 Facials,1
Alternate Universe - Daemons,1
Self-Harm,1
 Illustrated,1
 Depression,1
Romance,1
 This is Not a Cutesy Fluffy Story,1
 Vulnerable!Hannibal,1
 no angst i promise,1
Alternate Universe - Role Reversal,1
 im definitely going to hell,1
 Urination,1
 Sexual exploration,1
 Dogs Everywhere,1
 Prostate Milking,1
 Kid!Will,1
 Inmate!Hannibal,1
 Unstable Will,1
 Science,1
 Neither is sure if they're murder husbands or muder bros,1
 Trains,1
 no encephalitis,1
 Possessive Jack,1
 Damn cute!,1
 Dark Themes and Imagery,1
Established Relationship,1
 book nerds,1
 Dreaming,1
 ladder sex,1
 Obsession,1
 mostly angst,1
 because i fucking said so,1
 Not a vampire fic,1
 killer fight,1
 Fae & Fairies,1
 Past Rape/Non-con,1
 Medical Torture,1
 Captor Bonding,1
 90 percent plot and 10 percent porn,1
 We all really want to know the answer to that McDonald's question,1
 Some Mostly One-Sided Willana Feels at Certain Moments,1
 I don't know how it happened but we wrote serial killer fluff damn-it!,1
 also sorta,1
 Corsetry,1
 kinda funny,1
 forced mating,1
 Partnership,1
 sorta - Freeform,1
 Incest,1
 Alternate Universe - His Dark Materials Fusion,1
 grey!Will,1
 Domestic Issues,1
 Episode: s02e11 Ko No Mono,1
 Cheating,1
 murder family...sort of,1
 Porn Watching,1
 Trauma,1
 About as Much as in Red Dragon,1
 Incarcerated Hannibal,1
 This is not real therapy this is just porn,1
 Graphic Descriptions of Murder,1
 Mile High Club,1
 Mute Will,1
 Power Struggle,1
 Is this trope considered crack?,1
 Murder as Art,1
 as in hannibal is actually will's father,1
 He also lacks any morality whatsoever,1
 forced impregnation,1
 Wine Inspiration,1
 Will the Blow-queen,1
 hannigrahan,1
 Medical Jargon,1
 Faun Will,1
 Virginity Kink,1
 Ghosts,1
 eventually,1
 In stories.....,1
 Pining,1
 Main character deaths are only for a hot second,1
 Comedy,1
 Possessive!Hannibal,1
 Face-Sitting,1
rated for language,1
 Wall Sex,1
dubcon,1
 Phantom Hannibal,1
 Deals,1
 shhh just suspend diebelief and enjoy it,1
 soulbonds,1
Porn With Plot,1
 Will's hallucinations,1
Plot Driven,1
 Self Confidence Issues,1
 vampire!Abigail shows up in chapter 7,1
Alternate Universe - Soulmates,1
 Smut in future parts,1
Prison!Verse,1
 Hannigran AU,1
 Hangover,1
 nobody would want Hannibal's courting gifts because furbies are the devil,1
 dub-con bonding,1
 Alpha Francis,1
 Hannibal Is A Scary Soul Mate,1
 Everything goes to hell and it's all Jack's fault,1
 otp,1
slow burn story,1
Hannibal in Love,1
 will in a collar,1
 Past Drug Use,1
Classical Music,1
 dick sonnet,1
 Silver Fox Lestrade,1
 Overdose,1
 confused Hannibal,1
 Bond Suppressants,1
 Love Confessions,1
 Did I mention the sex?,1
Bodyguard AU,1
 Graphic descriptions of gore,1
 and a lot of fluff,1
 Vampire!Will,1
 Cause I'm fine with cannibalism,1
 SO MUCH MINDFUCKERY,1
 none of those tags necessarily in that order lol,1
 the internet is for porn,1
 Dark Plot,1
non-con tag for unethical medical practices,1
 Empath,1
 Halloween,1
 Heat Suppressants,1
 fluff?,1
 Minor Character Deaths,1
 No Encephalitis At Least,1
 why yes Will Graham is also an Addams,1
 Road Head,1
 Non-Penetrative Sex,1
 strong canon divergence,1
Alternate Universe-Soul Mates,1
 Attempted Murder,1
Alternate Universe - Serial Killers,1
 Power Bottom Will,1
 Medical Examination,1
 mafia au,1
 Hannibal smells nice must be all the people food,1
 Werewolf killings,1
 fake science for the win,1
 character death(not the mains),1
 damn son let the two get to know each other a little bit before they screw,1
 Bigotry & Prejudice,1
wrongful accusation,1
 Unlikely Friendships,1
 blood and roses,1
 woot woot!,1
 top!nigel,1
 eventual Dark Will,1
 pizza?!,1
 Not Actually As Dark As The Previous Tags Indicate,1
 Tumblr Ask Box Fic,1
 master!Hannibal,1
 Kitten,1
 Ties,1
 Hannibal Loves Will,1
 'Murder Besties',1
 This is My Design,1
 first work published on ao3,1
 First Anything,1
 Sorbet,1
 Hand-to-Mouth Feeding,1
 hannibal is a creeper,1
 save me from my Keyboard,1
 Will the Morally Grey,1
 Will is a protective mongoose,1
 Catboys,1
 asexuality but not really seriously not really,1
 Eventual Sex,1
 Shapeshifting,1
 perverted scenting from both parties,1
 Abel Gideon thinks Will is Adorable,1
 Trapped,1
 I need to stop making tags,1
 this one MAYBE more than most,1
 Sacrifice!Will,1
Heist AU,1
Alpha Hannibal,1
 Old Fashioned Monster Courting,1
 sort of,1
 Fingering,1
 Blood Eagle,1
 Bedelia is a medical doctor,1
 Hannibal is the best and worst therapist ever,1
 Inappropriate Humor,1
 Prank Wars,1
 slight domestic kink,1
Suicidal Thoughts,1
Season/Series 03,1
 Fauns & Satyrs,1
 but he deserves it he's an asshole,1
 Wounded Will Graham,1
 edited by a beta!,1
 Orgasm Denial,1
 Canon Divergence,1
 Graphic depictions of Food,1
 Clothing Kink,1
 Organized Crime AU,1
 Alternate ending to Mizumono where Will leaves with Hannibal,1
 bamf!will,1
 Jossed by Season 2,1
Pre-Slash,1
 Or is that like some nature shit going on,1
 Bodily Fluids,1
 murder fluff,1
 Drunk Sex,1
Alternate Universe - BDSM,1
 Shades of Fluff,1
 Abuse of Empathy,1
 Fantasy AU,1
 Based on The Doors,1
 Heterochromia,1
 Pregnant Sex,1
 well COULD be a werewolf I suppose,1
 Tags May Change,1
 Service Top,1
 Murder Family but in a Slightly Different Way,1
 Basically Hannibal being Hannibal,1
 but not Will,1
 alpha/beta/omegaverse,1
 Mystery,1
 dubious medical care,1
 this is less romantic and more possessive/obsessive,1
 badass Adam,1
 That Parts Really Not Important I Just Thought I Should Mention It,1
 Gender Roles,1
unwanted arousal,1
 Fetishism,1
 Cute,1
 grossly gratuitous,1
 Younger Will,1
Marriage Proposal,1
Alternate Universe - Fairy Tale,1
Kissing,1
 Anal,1
 Pre-Slash,1
 Did I mention the fluff,1
 mouth soaping,1
 Stair Sex,1
 opera - Freeform,1
 Obsessive Will,1
 Mrs. Komeda - Freeform,1
 Egg Laying,1
 Past abuse from previous alpha,1
 Possesive behaviour,1
 Bakery,1
 just get in here and read it you know you want to,1
 bottom!Nigel,1
 Virgin Will,1
 Dragon!Hannibal,1
 Quiche,1
 Nigel is a mess,1
 College Professor Alana Bloom,1
 make-up sex,1
 that lovely gutting scene with a twist,1
 Animal Ears,1
 idk - Freeform,1
 Alana ships Hannigram,1
 Penetration,1
 Stag Hannibal,1
 past self harm,1
Alternate Universe - Prison,1
 Fondling,1
 Hannibal is a Manipulative Bastard but we love him,1
 mentions of drug use,1
 Loneliness,1
 Virgin!Will,1
 Tenderness,1
 Oops,1
 Abigail is Basically the Sister in Law Hanni Has to Also Impress to Have Any Chance with Will,1
 Roux-Ga-Roux,1
 past Hannibal/Alana,1
 Swimming,1
Domesticity,1
 Pretty much assume all meat is human unless otherwise stated,1
 Sharing Clothes,1
 Fucked-up Love,1
 Tattoos,1
 Food Sex,1
 will's not a character he's just whump,1
 Forced Bonding,1
 Canon Dialogue,1
 Hannibal is a happy duckling,1
 He'll fuck you up man,1
 Underage Sex,1
 Spoiler Alert: The Major Character Death is Francis Dolarhyde,1
 he tries at least,1
 Criminal Cunning,1
 A lot of comfort,1
 Cum Play,1
 Running Away,1
 Rope Bondage,1
 Pervertibles,1
 let's all hold hands while we skip to hell,1
 Genghis Khan was the most badass omega of all time.,1
 Punishment,1
 adoring Hannibal,1
 Crossover,1
 Ambiguous Relationships,1
 Adultery,1
 there are still Society pages in newspapers,1
 so much porn,1
 Food Snob Hannibal,1
 UST,1
 Scenting,1
 Murder Kink,1
 Guns,1
 strange!will,1
 lemon yaoi boy x boy don't like don't read,1
 Hannibal's still a little shit,1
 A lot - Freeform,1
 love among the cannibals,1
 Ensemble Cast,1
Kidnapping,1
 this is mostly PWP lets be real,1
 Dark Comedy,1
 Hannibal Is A Lovesick Cannibal,1
 Table Sex,1
 culinary smut and actual smut,1
 Freddie is creepy,1
 Mouth-to-Mouth Feeding,1
 Drugs,1
 Temporary Muteness,1
 Not really a werewolf,1
 Fine Dining,1
 this is going to get weird,1
 killer!will,1
 multi-chaptered,1
 Drunkenness,1
 Sexual Abuse,1
 Cats,1
 Consensual Kink,1
 Attempted Rape/Non-Con,1
 Cameos,1
 human!hannibal,1
 Morally Ambiguous Will,1
 bed wetting,1
 in our omegaverse world,1
 Because Hannibal is a Manipulative Bastard,1
 Vulnerable Will,1
Fainting,1
 descriptions of violence,1
 sassy will is sassy,1
 sweet domesticity,1
 Implied or Off-stage Rape/Non-con,1
 pot,1
 will ooc,1
 Animalistic,1
mermaid au,1
 Adorable!Hannibal,1
 awkward moments,1
 hannibal as focal character,1
 science team - Freeform,1
 Will Graham is a potty mouth,1
 Serial Killer!Will,1
 lots and lots of cock,1
 But not how you think,1
 Eventual Relationships,1
 gone horribly wrong,1
 Meta,1
 Team Sassy Science,1
 References to Illness,1
 Oblivious Will,1
 Classism,1
 Hannibal helps ground Will with the power of le sexy times,1
 Injured Will,1
 mermaid - Freeform,1
 Now there's title art...and it's so pretty!,1
 Kinda...,1
 Confused Will,1
 imagined cannibalism,1
 Slow progression towards,1
 seriously about the dubcon at the beginning of chapter one,1
 If You Read This U Will Die,1
 Desk Sex,1
 Unhealthy Relationships,1
 Non-Linear Narrative,1
Coffee Shops,1
 Established Will Graham/Hannibal Lecter,1
 Gentleness,1
 But also agressor Will,1
 long distance murder husbands,1
 Hannibal's red sweater,1
 Chilton gets a chance to study Will,1
 HANNIBAL IS CAPABLE OF LOVE,1
 mpreg references,1
 this is not remotely healthy,1
 but none of the characters from it are there,1
 Happy ending (with cannibalism),1
 Hannibal is bad at feelings,1
 Erections,1
 Threesome,1
 Femslash,1
 Living Dead Girl Abigail Hobbs,1
 Elks,1
 seriously,1
 Mini!Hannibal,1
 Scrabble,1
 Your Heart Will Pretty Much Break in Two for Alana in this Fic,1
 Flashback,1
 Will Loves Hannibal,1
 Manipulative Will Graham,1
BDSM,1
 Phantom Mischa,1
 So much smut,1
 Fluff fluff fluff!,1
 Graphic Violence,1
 timelapse,1
 Knotting Dildos,1
 Made-Up Science,1
 Cooking Show,1
 finding out the truth,1
 Mantisfuck Consentworld,1
 restaurant porn,1
 Blood Brothers,1
 references to Mischa Lecter,1
 Feels,1
 silence of the lambs,1
 you know you wanted the knotting,1
 Memory Palace,1
 Hannibal's Trial,1
 Succubi & Incubi,1
 Giving Birth,1
Dom/sub,1
 Sexual Coercion,1
 Hannibal Really Really Doesn't Like Tobais,1
 Complete,1
 Prison Sex,1
 Abduction,1
 Somnophilia,1
Monster sex,1
 repair work,1
 very dominant Hannibal,1
 kinda cause it's Hannibal,1
 Hanni being a BAMF,1
Fucking Machines,1
 Uniform Kink,1
 Hurt Hannibal,1
 Bad Things Happen To Humans In This Fic,1
 serial killer au,1
 Ejaculate,1
will 'everything happens so much' graham,1
 there's no way this could end poorly,1
 Vampire Turning,1
 Temporary Blindness,1
 institutionalization,1
 Chiyoh - Freeform,1
 filthy as fuck sex,1
 Warlord!AU,1
 Mental Institutions,1
 pure empathy,1
 Pacifiers,1
 Science is a kink okay,1
 Very Creepy,1
 a darker shade of Will,1
 Beverly finds out,1
 Will POV,1
 do you think i'm playing bc im not,1
 Weirdo Hannibal,1
 Branding,1
 hacker!Adam,1
 blood drinking during sex,1
 Sassy fucker Will,1
 Lots of Death Basically,1
Halloween,1
 Pretentious fucker Hannibal,1
 Hormones,1
 discussion of abuse,1
 Franklin - Freeform,1
 Yo This Certainly Ain't Disney if You Know What I Mean,1
 Alternate Universe - Ancient Greece & Rome,1
 Therapy With Dr. Lecter!,1
 Protective Will,1
 Old Age,1
 canon typical stuff,1
 scarred!will,1
 Canon Off-screen Suicide Attempt,1
rentboy,1
 time lapse,1
 Buffet Froid,1
 Mutilation,1
 Comeplay,1
 Hypothermia,1
 Ejaculation,1
 unhealthy relationship,1
 Oddly named raccoon,1
 Plot,1
 Polygamy,1
 Hannibal is in love,1
Skinny Dipping,1
 Possessive Nigel,1
 Trapped In Elevator,1
 Drunk Hannibal Lecter,1
 Surrogacy,1
 Needles,1
 blind will,1
 Mechanic Will,1
 PWP,1
 Don't touch Hannibal's mongoose,1
 everyone else is human,1
 I think that's it??,1
 Will Graham Has Encephalitis,1
 Zeller,1
 hannibal mowing the lawn,1
 Some of the best damn porn we've ever written,1
 Memory Loss,1
DInner and a show,1
 rare book dealer Will,1
 Beginnings,1
Tailor AU!,1
 Alternate Universe - High School,1
 Teen!Hannibal,1
 and the ethical implications therein,1
 mentions of cannibalism,1
 crack crack crack CRACK,1
 HOLY SHIT HANNIBAL'S CLOTHES ON THE FLOOR,1
 Assault,1
Manipulation,1
 slow burn story,1
 wrongful incarceration,1
 POV Multiple,1
 Non-Graphic Rape/Non-Con,1
College Student Will Graham,1
 Unpleasant revelations,1
 monologues,1
Post-Season/Series,1
 Head Injury,1
 Ardelia Mapp is Awesome,1
 Computers,1
 Soul Bond,1
Don't Be Fooled by the Cutesy Fluffy Sounding Title,1
 quotes and references,1
 Post Finale,1
 rectal thermometers,1
 this might be long???,1
 Eventual Fluff,1
 Come Marking,1
Kink Meme,1
 dubious medical knowledge,1
 Threesomes,1
 Love Bites,1
 Murder Mystery,1
 Alternate Universe - Fantasy,1
 Reunions,1
 Genre-Transgressive,1
 Will's rebirth,1
 safe gestures,1
 But the Symptoms Are Still There For Other Reasons,1
 Angst!Hannibal,1
 One Shot,1
 social experimentation,1
 Sadness,1
 utter depravity.,1
Asexuality,1
 Power Outage,1
 partners in crime,1
 Memories,1
 not as bad as you think? maybe?,1
 Season/Series 03 Spoilers,1
 Christmas,1
