 Smut,22
 Mating Cycles/In Heat,21
 Fluff,21
Alpha/Beta/Omega Dynamics,19
 Romance,18
 Alpha/Beta/Omega Dynamics,15
 Alternate Universe - Human,14
 Anal Sex,14
 Humor,13
 Alternate Universe,12
 Mpreg,12
 Alpha/Omega,10
 Fluff and Angst,10
 Sexual Content,10
 Omega Verse,9
 Oral Sex,9
 Angst,9
 Slow Build,9
 Dubious Consent,8
 Masturbation,8
 Hurt/Comfort,7
 Lemon,7
 Kink Meme,7
Romance,7
 Magic,7
 Yaoi,7
 Omegaverse,7
 Violence,7
 Plot What Plot/Porn Without Plot,7
 Humiliation,7
 Spanking,6
Fluff,6
 Drama,6
 Depression,6
 Rape/Non-con Elements,6
 Friendship,6
Cardverse,6
 First Time,6
 Blow Jobs,6
Omega Verse,6
 PWP,6
 Fluff and Smut,6
 USUK - Freeform,5
Alternate Universe,5
 Rimming,5
Smut,5
 Dirty Talk,5
Alternate Universe - Human,5
 Explicit Sexual Content,5
 Incest,5
 Love Confessions,5
 Alternate Universe - Modern Setting,5
Lemon,5
 reader - Freeform,5
 Alternate Universe - Fantasy,5
,4
 Bondage,4
 Knotting,4
 Drinking,4
 Prostitution,4
 Hetalia Kink Meme,4
 Eventual Romance,4
 Rape,4
 Age Difference,4
 Reader-Interactive,4
 Feels,4
 spamano - Freeform,4
 UKUS,4
 Double Penetration,4
 Hand Jobs,4
 BDSM,4
 Past Child Abuse,4
 Language Barrier,4
 Sex,4
FACE Family,4
 Daddy Kink,4
 Character Death,4
 Complete,4
 One Shot,4
 Blood,4
 Arranged Marriage,3
 Fanfiction,3
 Blindfolds,3
 Happy Ending,3
 Mildly Dubious Consent,3
 Unplanned Pregnancy,3
Mpreg,3
Humor,3
 Light BDSM,3
 Past Relationship(s),3
 Growing Up,3
 Sibling Incest,3
 Vampires,3
 Sex Toys,3
 Bottom Arthur,3
 Self-Harm,3
 Falling In Love,3
 Dark,3
Yaoi,3
 Insert,3
Omegaverse,3
 Light Angst,3
 Human Trafficking,3
Reader-Insert,3
Crossover,3
 Soulmate-Identifying Timers,3
 Gangbang,3
 Anal Fingering,3
 This Is Why We Can't Have Nice Things,3
 World War II,3
 Fantasy,3
 Minor Violence,3
 Hospitals,3
 Cardverse,3
 Awkwardness,3
 AU,3
 Facials,3
 FACE Family,3
 Suicide Attempt,3
 Unrequited Love,3
Alternate Universe - Modern Setting,3
 Post-Traumatic Stress Disorder - PTSD,3
 Swearing,3
Alpha/Omega,3
 Self-Hatred,3
 Pregnancy,3
 College AU,3
 Babies,3
 Dom/sub,3
 Polyamory,2
 Phone Sex,2
 I Will Go Down With This Ship,2
 Interspecies Romance,2
 Light Dom/sub,2
 2P,2
 Fisting,2
Alternate Universe - Fantasy,2
 Family,2
 Accidental Voyeurism,2
 Shameless Smut,2
 OC Parents - Freeform,2
 I Don't Even Know,2
 Established Relationship,2
 Making Love,2
 Domestic,2
 Child Abuse,2
 Bukkake,2
 Sexual Tension,2
 Kidnapping,2
 dubcon,2
 Multiple Orgasms,2
 Family Feels,2
 Reader Insert,2
 Come Eating,2
 Emotional Hurt/Comfort,2
Soulmate-Identifying Marks,2
 Friendship/Love,2
 Abuse,2
 Forced Prostitution,2
 Royalty,2
 Hybrids,2
 Major Character Injury,2
 Male Lactation,2
Pottertalia,2
 Cold War,2
 Forced Crossdressing,2
 Potions,2
 Alternate Universe - College/University,2
 Foursome - M/M/M/M,2
 Adoption,2
 Misunderstandings,2
 Recreational Drug Use,2
 Alpha!Alfred,2
 Male Slash,2
 Implied/Referenced Child Abuse,2
World War II,2
 Lies,2
 Nyotalia,2
 Prompt Fic,2
 Dysfunctional Family,2
 Collars,2
 Brotherly Love,2
 FrUK,2
 Drug Use,2
 mentor!Darcy,2
 Science Fiction,2
 Eventual Smut,2
 Tea,2
 dub-con,2
 Historical Hetalia,2
 Brainwashing,2
 Loss of Virginity,2
 Monsters,2
 Ice Skating,2
Love,2
 Extremely Dubious Consent,2
 Food Kink,2
Hetalia,2
 Public Humiliation,2
 Implied/Referenced Underage Prostitution,2
Porn,2
Alternate Universe - College/University,2
 Light Bondage,2
NSFW,2
Hurt/Comfort,2
 Vaginal Sex,2
 Mild Scat,2
 Threesome - F/M/M,2
 Mentions of Rape,2
 Alcohol Abuse/Alcoholism,2
 RusAme,2
Kink Meme,2
 Insanity,2
 ukxus,2
 Master/Slave,2
 BAMF Women,2
 Sexual Fantasy,2
 Wet Dream,2
 Drama & Romance,2
Jealousy,2
 Past Sexual Abuse,2
 Sexual Slavery,2
 Hetalia,2
 Immortality,2
USUK - Freeform,2
 Baba Yaga is crazy,2
 Threesome - M/M/M,2
 Fae & Fairies,2
 Politics,2
 Cheating,2
 Alternate Universe - High School,2
Alternate Universe - Soulmates,2
 War,2
 Master/Pet,2
 BAMF Darcy Lewis,2
 Porn With Plot,2
 Historical References,2
 Crossdressing,2
AU,2
 Drunk Sex,2
 Power Play,2
 Past Character Death,2
 Friends to Lovers,2
 Swimming,2
 England tops,2
 Punishment,2
 Hair-pulling,2
 Crossover,2
 Dark Character,2
 Comfort,2
 Rough Sex,2
 Reader-Insert,2
 Scent Marking,2
 Action/Adventure,2
 human AU,2
 Consensual Sex,2
 Cheating at Poker,2
 Stuffing,2
 Music,2
 Size Kink,2
 Injury Recovery,2
 Funny,2
Witch!Darcy,2
 Vibrators,2
 Demons,2
 Human Names Used,2
 Schmoop,2
 Other Additional Tags to Be Added,2
 best enemies,2
 Drugs,2
 gerita - Freeform,2
 Manipulation,2
 Past Abuse,2
 Psychological Trauma,2
 Parent-Child Relationship,2
 Stranded,1
 France (Country),1
 Minor UK/Spain,1
 Alpha!Prussia,1
 Germany is a saint,1
 Alternate Universe - Werewolf,1
 Intercrural Sex,1
 Alternate Universe - Slavery,1
 Phobias,1
 google translate russian,1
 Self-Portrait,1
 Brotherhood,1
 Drinking to Cope,1
Hockey,1
 but just kinda set up,1
 And he's not dead this time!,1
Half-Human,1
 Google translate doesn't have Cantonese I'm so sorry,1
 mentions of dragons,1
 Male Friendship,1
Sexual Slavery,1
 Deception,1
 Soulmate AU,1
Suspense,1
 Olympics,1
 Unresolved Sexual Tension,1
 Alpha/Alpha,1
 Centaur,1
 Begging,1
 Princes & Princesses,1
 Alfred Thinks He's Straight,1
 the president is a poor loser,1
 Internalized Homophobia,1
Email formatting,1
 seme prussia,1
 Werewolves,1
 Astronauts,1
 kept awake by noisy sex,1
 Infantilism,1
 On Hiatus,1
 Cock Rings,1
Single Dad AU,1
 Alternate Universe - Dark,1
 warfare,1
 i regreat nothing,1
 Underage Drinking,1
 Bloodplay,1
 Dating Omega With Children,1
 uke north italy,1
 SuFin,1
 but also den pounding nor's brains out as well ya feel,1
 This is based in a time when selling humans was legal,1
 9 months pain,1
 fight,1
 Bathroom Sex,1
 Frottage,1
Public Hand Jobs,1
Arranged Marriage,1
 shitty pick up line,1
 Fairy Tale Curses,1
 cuteness,1
 Consensual Possession,1
 Forced Pregnancy,1
 Post-Avengers: Age of Ultron (Movie),1
 hongice can be taken as platonic or romantic I don't care,1
 mostly from Darcy,1
 Human!Gilbert,1
 Soulmates,1
 I'm not sorry,1
 Mission Fic,1
 uke romano,1
Domestic Violence,1
 Past Violence,1
Light Bondage,1
 seme russia,1
 Talking,1
 AmeCan,1
 Roughness,1
 Alpha!America,1
Infidelity,1
Anal Sex,1
 Star Wars AU,1
 Pining Arthur,1
 A&E,1
 Love Triangles,1
 dark!italy - Freeform,1
 Mind Control,1
 Shota,1
 Alpha - Freeform,1
 Mild Blood,1
 Witches,1
 Non-Graphic Violence,1
 Social Injustice,1
 Anal Play,1
 jealous alfred,1
 Molly Weasley Bashing,1
 Divorce,1
 first attempt at writing Portugal,1
Medical Examination,1
 Dirty Stuff,1
 commoners,1
 (Tags will be adjusted regularly),1
 prussia is not okay,1
 how do they get anything done?,1
 omega alfred,1
 Catboys & Catgirls,1
 heat - Freeform,1
 no threesome--sorry~ :b,1
 Demon Sex,1
 Sleeping Beauty Elements,1
 circus AU,1
 Wolf/Bunny,1
 Sometimes from Clint,1
 Werewolf!Omegaverse,1
 i updated the relationship tag,1
 Acceptance,1
 Bad Flirting,1
 Not between Alfred and Arthur,1
 Denmark and Sweden make the best buddies,1
 Sharing,1
 Hetalia - Axis Powers - Freeform,1
 Papa France,1
 brief fight,1
 Pirate!Arthur,1
 Protectiveness,1
 Stalking,1
 Nobility,1
 Curses,1
 More Fluff,1
Gay Bar,1
 Non-Chronological,1
 Non Consensual,1
 Airplane Sex,1
 Body Modification,1
 Omega!Finland,1
 welcome to the insanity,1
 Auction,1
 But Not Discontinued!,1
Abuse,1
 I'll admit that,1
 Witch Curses,1
 Riding Crops,1
Gangbang,1
 Highschool AU,1
Pirate Spain,1
 Recovery,1
 Body Appreciation,1
 Life and Death situation,1
 Beating,1
 small town AU,1
 idk what to tag,1
Alternate Universe - High School,1
 Morning After,1
 One-Shot,1
 Sexual Persuasion,1
 Piss Marking,1
 Storytelling,1
 Swordplay,1
 Impregnation,1
 Big brother England,1
Implied Sexual Content,1
 Non-Traditional Alpha/Beta/Omega Dynamics,1
 Teen Pregnancy,1
 tino is sly,1
 AI!Arthur,1
 Condoms,1
 DDR,1
 Seme America,1
 Sweetness,1
 Prucan get a dog,1
 Consent,1
 Alternate Universe - Little Red Riding Hood,1
 Glitter,1
 youtube au,1
 Come as food,1
 One-Sided Attraction,1
 comfort blowjob,1
 Light Masochism,1
 Nekotalia,1
 Hunting,1
 Injury,1
 Nightmares,1
 Omorashi,1
 Healing,1
 I will give warnings on appropriate chapters,1
 Dildos,1
 manifest destiny,1
 tied up,1
 Religious Conflict,1
 much wow,1
Fluff and Humor,1
 butterfingas,1
Space Opera,1
 Many AU's,1
 soul mates,1
 Don't know if I'm to that point yet though...,1
Blindfolds,1
Fandomstuck,1
 Introspection,1
Languages and Linguistics,1
 even when he's not married,1
 Anal Fisting,1
 Power Dynamics,1
 Infertility,1
 Making Out,1
 Not Season/Series 03 Compliant,1
Military Fetish,1
 Death Gods,1
 the motif of holding hands,1
 sex and sex and sex,1
Disney World & Disneyland,1
 Spitroasting,1
 Baba Yaga is Helpful,1
 Confessions,1
 Bearerverse,1
 disgustingly adorable domestic relationship,1
 Angst and Tragedy,1
the meet at the library,1
 Childhood Friends,1
 Chaptered,1
 Omega!North Italy,1
 Germany/reader/Prussia,1
 British Politics,1
 Mentions of Violence,1
 Punk,1
 Hermione Granger Bashing,1
 Soulmate-Identifying Marks,1
 Orgy,1
 Doggy Style,1
 Antonio is the worlds best wingman but doesnt know it,1
CanadaxReader - Freeform,1
 Rescue Missions,1
Of Social Importance,1
 Japan (Hetalia) - Freeform,1
 Wal-Mart,1
 Alpha!Sweden,1
 Hermaphrodites,1
 rocky horror picture show au,1
 possessive alfred,1
 Itacest,1
 Author Is Sleep Deprived,1
 Nesting,1
 Eating Disorders,1
 Cigarettes,1
 i guess,1
 but hey its nice of him to leave a note,1
 oh my god i can't believe that last tag is an actual tag,1
Alternate Universe - Dark,1
 Implied/Referenced Sex,1
 Evil Dumbledore,1
 Uke England,1
 Knife Play,1
 Romanos mouth,1
 Power of Words,1
 Mind Break,1
 Smutlet,1
 Non-penetrative Incest,1
 rome owns a gym,1
 mating cycle,1
 slight crack,1
 Grooming,1
 power,1
 No one is dead yet,1
 Boss/Employee Relationship,1
 care,1
 blind!gil,1
 enema,1
 Bittersweet,1
 I'm so proud of myself!,1
 shittemore,1
 Kemonomimi,1
 Pedophilia,1
 Scratching,1
 Fear,1
 what logic,1
 Magic potion (Sort of),1
Artificial Intelligence,1
 actual sex,1
 smoking weed,1
 Force Feeding,1
 have a nice heaping of spamano,1
 Lost - Freeform,1
 bottom!russia,1
 alpha fighting,1
 Fluff and Crack,1
 Bath Sex,1
 Time Travel,1
 francis is a good friend not a flirty bastard who tries to intervene,1
 Assassination,1
 Nick Fury is put in his place,1
 i dont want to write my paper so i wrote porn instead,1
 poor boss,1
Gods,1
 Unreliable Narrator,1
 Don't mention the war,1
 they didn't know what they were getting into,1
 Never Have I Ever,1
Magical Realism,1
 Airplanes,1
Alternate Universe - Police,1
 Crushes,1
 matties an elf,1
 Mild Master/Pet,1
Male Friendship,1
 Omega!Canada - Freeform,1
 Childhood Sexual Abuse,1
 Genderbending,1
 Best Friends,1
 Turning Ranks,1
 Crossovers are fun,1
 Couch Snuggles,1
 Marriage Proposal,1
 Period-Typical Homophobia,1
 Arguing,1
 Alternate Universe - Student/Teacher,1
 Theater AU,1
additional tags,1
 Comforting Kisses,1
 Orgasm Delay,1
 Dirty Dancing,1
 Massive feels,1
 ameripan - Freeform,1
World Cup,1
 but only mentions,1
 famous author england,1
 Bad Parenting,1
 this is why i can't have nice things,1
 Communication,1
Master/Pet,1
 Scheming,1
 rusliet abuse,1
 Familial Strife,1
 Fetish,1
 Arthur Weasley Bashing,1
 Domestic Fluff,1
 Discussion of Adoption,1
Love Confessions,1
 Secret Admirer,1
 gilbert's empire,1
 break ups,1
 Tattoos,1
 Inflation,1
 Forced Relationship,1
 uke japan,1
 this is actually really stupid I'm so sorry,1
 DenNor,1
 Matthew's rebel,1
 I hope your taking these tags seriously,1
 Anxiety,1
Not Suitable/Safe For Work,1
 Alternate Universe - Pirate,1
 prucan,1
 Svenska | Swedish,1
 Drug Withdrawal,1
 Also FIILE Stich'n'Bitch Wolfie,1
 Omega South Italy,1
 Sounding,1
 Non-Consensual Drug Use,1
 if there are logic holes or you have problems with cracky logic,1
 Police,1
 mate,1
 captured spy,1
 Big Sisters,1
One Shot,1
 America/England - Freeform,1
Dom/sub,1
 Iceland is the hero,1
 HISTORICAL EVENTS COUNT AS CROSSOVERS OKAY,1
 Stockholm Syndrome,1
 Fluffy Ending,1
 Asexual Characters,1
 Oral Knotting,1
 mafia,1
World War I,1
 Bickering,1
 Piercings,1
 Stomach Bulge,1
 Non-Consensual Voyeurism,1
 Alternate Universe- Soulmate-Identifying Marks,1
 collection of one-shots/drabbles,1
 ivan is awkward,1
 Watersports,1
 Pain,1
 i mean LOOK AT THE RELATIONSHIP TAG,1
 but this is lovey-dovey feels time,1
 Light Erotic Asphyxiation,1
 Sex Slave,1
 Alpha!Germany,1
 Snapped Canada,1
 Paralysis,1
 Blood Drinking,1
 Platonic Relationships,1
 Bartender AU,1
 Love,1
Bondage,1
 Friday Night Poker,1
 Sorcerers,1
 Human!Ivan,1
Hair Salon AU,1
 passing refrence to current events,1
 Espionage,1
 America+Japan friendship,1
Egg Laying,1
 country,1
Dad America,1
 soulmate tattoo,1
Alternate Universe - Kindergarten & Pre-school,1
 Physical Abuse,1
 Religious Guilt,1
 True Love,1
 Excessive Drinking,1
 Mating Bond,1
 Alfred is a dork,1
 Alternate Universe - Soulmates,1
 sorry about that,1
 Fractured Fairy Tale,1
 teacher!Canada,1
 Developing Relationship,1
 Surprise Party,1
 alternate universe - diner,1
 Marathon Sex,1
 Issues,1
 omega!ivan,1
 Anosmia,1
Sexual Content,1
 Dubious Morality,1
 Passion,1
 Soulmate Clock AU,1
 stalking your ex's new boyfriend and falling for him instead,1
 References to Norse Religion & Lore,1
 Self-Discovery,1
 punk/pastel punk au,1
 Bottm!Ivan,1
 everything is awkward and unfortunate,1
 Alpha Portugal,1
 too many things to tag,1
 Hijinks & Shenanigans,1
 There will be mentions of non-con and underage,1
 Camping,1
 Implied/Referenced Rape/Non-con,1
 Video & Computer Games,1
 Knitting,1
 Countries Using Human Names,1
 Norwegian Mythology & Folklore,1
 Bromance,1
Drunkenness,1
 Masochism,1
 top!draco,1
 mentions of child abuse,1
 Miscommunication,1
Violence,1
 Magic-Users,1
 Mattie is a prince,1
 Alternative Universe - Magical Creatures,1
 Mild Language,1
 booklet,1
 Mild Injury,1
 Bad Touch Trio,1
 Difficult Pregnancy,1
 Implied/Referenced Self-Harm,1
 Wal-Mart bathroom,1
 Bottom!America,1
 Kriphians,1
 Twincest,1
 very weird sex,1
 Male Pregnancy,1
 There's a bunch of feels bombs in here,1
 i spent 20 years thinking of a title for this,1
 Minor Character Death,1
 english problems ivan,1
 sign theft,1
 domestic dennor is so important,1
 Weddings,1
 omega!Arthur,1
 Open Adoptions,1
 Tribe - Freeform,1
Orgy,1
 Naga,1
 Alternate Universe - Dystopia,1
Human Names,1
 America bottoms,1
 Father-Son Relationship,1
 Large Cocks,1
 america/ukraine,1
 Tony's Worldview is Smashed,1
 Birthday Sex,1
 Twisted and Fluffy Feelings,1
 Hopefully people don't mind the craziness in here,1
 Anal Plug,1
 also yao has a thing for cookbooks,1
 Strangers at first,1
 Urethral Play,1
 one-shot booklet,1
 Denial of Feelings,1
 Hair Kink,1
 Face-Fucking,1
 Interspecies,1
 'Murican Boy,1
 Video Game Mechanics,1
 Slime,1
Roman AU,1
 police chases,1
 single parent!France,1
 single parent!England,1
 Whipping,1
amnesia!au,1
 Fatherly relationships,1
Spain,1
 Unhealthy Dynamics,1
 fort,1
 mentions of mpreg,1
 Boys In Love,1
 Insomnia,1
 seme lithuania,1
 Steampunkish,1
 Bad Pickup Lines,1
 magic trio - Freeform,1
 basically everyone is not human in some way or another,1
media fic,1
 false labor,1
 New Rank: Gamma,1
 Baba Yaga is Unhelpful,1
 No Spoilers,1
 non nations,1
 Merman!Alfred,1
 Pottertalia,1
 Finally some justice,1
 maple syrup,1
 lifeguard AU,1
 Mutual Masturbation,1
 sorta not sorry,1
 NASA,1
 Pheromones,1
 Car Chase,1
 the cake is kind of a lie,1
 Prompt Fill,1
 water inflation,1
 with portugal on the side,1
 Gay Sex,1
 Kinks,1
 we're not even halfway through yet though so....,1
 Reality,1
 Sorry Not Sorry,1
 Advice,1
 Voluntary muteness,1
 Taunting,1
 Even Sealand,1
 Homophobia,1
 Failed Dreams,1
 tummy adoration,1
 Relationship(s),1
 Rape Aftermath,1
 Some sex scenes but smut is not the focus,1
 Alternate Universe - Prehistoric,1
 Aphrodisiacs,1
 Teacher-Student,1
 bad language,1
 Mentions of past abuse,1
 vampire!America,1
 Dreams and Nightmares,1
 Based on an Estelle Song,1
 Disapproving Family,1
 Alpha Spain,1
 Big Brother America,1
 Post-Apocalypse,1
 horrible euphemisms in chapter 13,1
 in which lovino is secretly kinky as fuck,1
 painful memories,1
 Morphine,1
 Rejection,1
 Handcuffs,1
 Tragic Romance,1
 Robbery,1
Twincest,1
 Wingfic,1
 Stripper AU,1
 Omega!Matthew,1
 Canon-Typical Violence,1
 Anorexia,1
 anime con au,1
 Magical Artifacts,1
 Crimes & Criminals,1
 lesbian smut,1
 im so sorry idek what the heck this even is,1
 Plot What Plot,1
Dark,1
 Magical Realism,1
 Minor Original Character(s),1
 Breastfeeding,1
 Teen Romance,1
 not a happy bunny,1
 hairdresser!Lovino,1
 sorry - Freeform,1
 seme austria,1
 mild violence,1
 Jailbait Arthur,1
 duh - Freeform,1
 Memes,1
 Nipple Clamps,1
 heat cycle,1
 Thor Is Not Stupid,1
 Graphic Description,1
 England is a dom,1
 fort snuggles,1
Voyeurism,1
 Alternate Universe - Angels & Demons,1
 Poor Life Choices,1
Harry potter hetalia crossover,1
 Stripping,1
 Action,1
Police Officer Alfred,1
 Braxton Hicks Contractions,1
 madeline's lowkey a stoner,1
 Black Markets,1
 Graphic Birth/Surgery,1
 Interspecies Relationship(s),1
 Poker,1
 Pining Alfred,1
 Shopping,1
 Originally Posted on FanFiction.Net,1
 Forbidden Love,1
 fetish exploration,1
 Jotunn | Frost Giant,1
 Alternate Universe - Modern Fantasy,1
 Toxic Relationship,1
 Kink,1
 Noodle Incidents,1
 WinterShieldShock - Freeform,1
 Marriage,1
 Office AU,1
 Wine country,1
 uke canada,1
 on tumblr,1
 Alcohol,1
 omega - Freeform,1
 beta,1
 Everyone Is Poly Because Avengers,1
 Threats of torture,1
 Epic,1
 I'm dying,1
 Torture,1
 Toddlers,1
 Yuri,1
 Omega!Russia,1
 I'm kinda a sadistic writer,1
 Leather Kink,1
 Some Crack,1
 beach day au,1
 Italy is adorable,1
 Alternate Universe- No Supernatural,1
 Asexual America hell yea,1
 Draco as Paris,1
 fight me,1
 High School AU,1
 teacher,1
 Crying,1
 Diapers,1
 Brothers,1
Rough Body Play,1
 High School,1
 cum enema,1
First Time,1
 Cravings,1
 Shinigami,1
 Hiding in Plain Sight,1
 Cross-Posted on FanFiction.Net,1
 Mild Sexual Content,1
 Costume Kink,1
 soulmate!AU,1
 Canada,1
 Fivesome - M/M/M/M/M,1
 Arranged Relationship,1
Angel/Demon Relationship,1
 Hetawarts,1
 selling people,1
 OF,1
 Confusion,1
Tentacle Rape,1
 Maccas Merlin,1
 Historical,1
 Explicit Consent,1
2P,1
 Gods,1
 Reincarnation,1
 Teenagers,1
 Bestiality,1
 Programmer!Alfred,1
 Rainy day AU,1
 Dumbledore Bashing,1
 One-Sided Relationship,1
 Blushing dorks,1
 Pregnancy complications,1
 Childhood Memories,1
 I Blame Tumblr,1
 Come Inflation,1
Tags to be added,1
 artistic disclaimer right here,1
 Seme,1
 aphrodesiac,1
 general confusion,1
Drama,1
 Soldier!Austria,1
 Bigotry,1
 leg adoration,1
 Dark Fantasy,1
 Divorced!Omega,1
 Domination,1
 MALE READER INSERT,1
 Dark America,1
 Strangers to Lovers,1
 BDSM kink,1
 In Denial,1
 Airplane Crashes,1
Light BDSM,1
 Orgasm Delay/Denial,1
Emotional Hurt/Comfort,1
 bad habits,1
 Immortal!Harry,1
 SO MUCH FLUFF,1
 Alfred is a pain,1
Alcohol,1
 mild swearing,1
 Cock Slut,1
 daddy england,1
 Problems,1
 seme denmark,1
 Emotional Manipulation,1
OT5,1
 Mentions of miscarriage,1
 Too many popculture references,1
Alternate Universe - Creatures & Monsters,1
 Tentacles,1
 Arthur despairing at the fact that his soulmate is a meme-loving fuck,1
Alternate Universe - Aliens,1
 Music Creation,1
 im sorry,1
 mentions of - Freeform,1
 it's a bit tempting I'll admit,1
 Slightly - Freeform,1
 Men with breasts,1
 I didn't realize they were siblings until it was to late,1
 Paintball AU,1
 Bruce knows a lot about the history of cigarettes,1
 Implied/Referenced Alcohol Abuse/Alcoholism,1
 College student Canada,1
Self-Harm,1
 Post-Divorce,1
 Pregnant Sex,1
 Implied Relationships,1
 Europe,1
 waiter!Antonio,1
 Past Rape/Non-con,1
 Rivalry,1
 also austria and hungary own a coffee shop,1
 arthur is an editor,1
Car Accidents,1
 no idea why I decided France had to be female in this,1
 Omega!South Italy,1
 Drug-Induced Sex,1
 Nudity,1
 Humans,1
 Immortal Draco,1
 religion used as humor,1
 Deadpool Thought Boxes,1
 Loli,1
 Suicide,1
 Gil is a knight,1
 Family Fluff,1
 Fever,1
 Male Omega,1
 Gilbert's good at PE,1
 the works,1
 My Love,1
 Implied Mpreg,1
 Vomiting,1
 Tragedy,1
 Sex Toys Under Clothing,1
 The Franada is light,1
 Fear of Heights,1
 Temporary Sex Change,1
 Wings,1
 List Fic,1
Alternate Universe - Harry Potter Setting,1
 Statutory Rape,1
 Prison Sex,1
 sparkel partys,1
 low-blow insults,1
 Lots of drama,1
 Rochu,1
 sweetayako15,1
 Fucking Austria,1
Mertalia,1
 Stupidity,1
 Muteness,1
 Pining,1
 Comedy,1
 working on his dissertation,1
 I'm Bad At Tagging,1
 Mating Season,1
 BDSM Responsibly,1
 Murder,1
 Stranger Sex,1
 Sibling Love,1
Alfred is a sassy little shit,1
 Please Don't Take This Seriously,1
 Russian Mafia,1
 ghost au,1
2p werewolf canada - Freeform,1
 deep-throating,1
 Self Confidence Issues,1
 mostly - Freeform,1
 romano may or may not own a night club,1
 Heartache,1
 Forgotten Memories,1
 Mentions of Arthur Pendragon,1
 auswiss,1
 Twoshot,1
 McDonalds is a place for angst,1
 Creator/Creation - Freeform,1
 Prejudice,1
 Mages,1
 Omega!Norway,1
 Werewolves Age Oddly,1
 Organized Crime,1
 Inappropriate Erections,1
 romance (such as it is),1
 Slash,1
 You Have Been Warned,1
 skater au,1
 Japan (Hetalia)/Reader - Freeform,1
 Birth,1
Homophobia,1
 Heat Cycles,1
 Alice in Wonderland References,1
 Alfred is a graduate student,1
 only sad like 1/2 of the time,1
 Big Brothers,1
 seme france,1
 Alien Invasion,1
 uke switzerland,1
 split personality,1
 mermaid au,1
 More Feels,1
Hetalia Kink Meme,1
 bad timing,1
 all sorts of good stuff,1
 Mother-Son Relationship,1
 Slice of Lifeish,1
 Im always a slut for explicitly protected sex,1
 Ballet,1
 Big brother France,1
 Mild Gore,1
Songfic,1
Dubious Consent,1
 True Love's Kiss,1
 Anger,1
Domestic Fluff,1
 Didn't Know They Were Dating,1
 snark-sniper sucks at titles,1
big brother Prussia,1
 Alpha Arthur,1
 Gilbert's bad at poems,1
Long ass story,1
 um,1
 lots of crossovers here,1
 Blindness,1
 Child Neglect,1
 Wing Kink,1
Country!Harry,1
 Harry as London,1
 Childhood Sweethearts,1
 Family Relationships - Freeform,1
Teenage Parents,1
 Breaking and Entering,1
 prison justice shouldn't be to far off for one of our criminals,1
 Self Lubrication,1
 uke china,1
 Sex Games,1
 Evolving relationships,1
 Fluff and Humor,1
 Dating,1
 Dominance,1
 there is a little plot,1
 Sunburns,1
 Dehumanization,1
 did i mention that ivan is awkward,1
artist!Alfred,1
 principal,1
 Snippets,1
 Past Mpreg,1
 Questionable Motives,1
 uke norway,1
 Tags May Change,1
 maybe a little little bit of angst,1
 Nick Fury Lies,1
 Underage Drug Use,1
 THAT'S HOW THINGS ARE,1
 Aftercare,1
 Alternating Ranks,1
 uke poland,1
 Mistakes,1
 The Author Regrets Nothing,1
 seme sweden,1
 because Berwald is the best husband,1
 Soul Mate Watches,1
 seme germany,1
 mention of marijuana,1
UKUS,1
 They all meet and bring their 'pets' so idk,1
Supernatural - Freeform,1
 Ginny Weasley Bashing,1
Airports,1
 Not Safe Sane and Consensual,1
 Demonic Possession,1
 Fist Fights,1
 Hotels,1
 it's Hetalia though,1
 Parent/Child Incest,1
 snark-sniper is crap at writing romance,1
 that's good right?,1
 Bigotry & Prejudice,1
 nonconsenual drug use,1
Alternate Universe - Prison,1
 Come Enema,1
 Bad Pick-Up Lines,1
 Alien!Matthew,1
 American Football,1
 vlogging - Freeform,1
 C-Section,1
 Alpha!Spain,1
 oh my god what am I doing,1
 Erogenous Zone,1
 Light Sadism,1
 Underage Sex,1
 Double Penetration in Two Holes,1
 Pet Play,1
 Single Dad AU,1
 a gay one,1
 Poker Nights,1
Christmas,1
 POV Third Person,1
 Now complete,1
 Running Away,1
Alternate Universe - Vampire,1
 Monster - Freeform,1
 clueless,1
 Fight Sex,1
 New Beginnings,1
Non-Graphic Violence,1
 walkie talkie sex,1
 Epilogue,1
Kidnapping,1
 Bookstore Owner Arthur,1
Support Group,1
 Blood and Gore,1
 so really anything flies when you think about it,1
 bottom heavy matthew,1
 Addiction,1
 Enemas,1
 another high school au but Nyo this time,1
 although not kinda,1
 Concussions,1
Enemas,1
 And he swallows lemons,1
 Sexual Abuse,1
 Heartbreak,1
 Attempted Rape/Non-Con,1
BAMF Merlin,1
 First Kiss,1
 Gore,1
 Day At The Beach,1
 Past FrUk,1
 Awkward Computer Sex,1
 Animalistic,1
 Dragopus,1
 Beta!France,1
 Siblings,1
 Hairdressers,1
 Alien!Alfred,1
 Uke,1
 Alternate Universe - Yakuza,1
 Bottom England,1
 Implied/Referenced Suicide,1
 Slut Arthur,1
 literally no plot whatsoever,1
Roleplay,1
 crack chapter,1
Contracts,1
Fluff and Smut,1
carousel,1
 shameless porn,1
 uke finland,1
 Noncon Drug Use,1
 Abusive Relationship,1
 Ravenclaw!Alfred,1
Werewolf,1
 hotel room,1
 Alternate Universe - Future,1
 it's an involved world,1
 canada is not ok,1
 Underage Kissing,1
 Shaving,1
 Angst with a Happy Ending,1
 Angels,1
 Other languages but they're easy,1
 Masturbation in Bathroom,1
 oh god I can't believe I added a relationship tag,1
 Jock - Freeform,1
 Manipulative Nick Fury,1
 happy endings are subjective,1
 Ron Weasley Bashing,1
 I'm Sorry,1
 Loving Sex,1
 scholarly media,1
 I hope he can appear more!,1
 inspired by little/teeny hulkeye drabbles by adenil,1
Rape Recovery,1
Come Inflation,1
 Arthur is a Little Minx,1
 wolf pack au,1
 Weapons,1
 Odin's A+ Parenting,1
Oral Sex,1
 Alpha!Denmark,1
 Secrets,1
Mile High Club,1
 unintentional innuendos,1
 Mating,1
 Damsel in Distress,1
 Prisoner of War,1
 too many countrys,1
 slight oral fixation,1
 Discussion of Abortion,1
 wayyyyyyyy too many characters here,1
Humiliation,1
 Succubi & Incubi,1
 black magic trio,1
 I hope no one dies in this...,1
 Giving Birth,1
 Australia,1
 teacher!America,1
 Childhood Trauma,1
 idealogically sensitive material,1
 drunk canada,1
 Non-Consensual Bondage,1
 gilbert as a sex ed teacher,1
 Alternate Universe - Jungle,1
 and other good stuff,1
 lietpol,1
 Matthew's a math nerd,1
 Uniform Kink,1
 Alpha America,1
 Superheroes,1
 Underage Prostitution,1
 Magical Accidents,1
 Impossibly large cocks,1
 i dont think i've put enough tags lol,1
 gil is santa,1
 On the Run,1
 series of drabbles,1
 Photography,1
 Darcy Lewis's Taser,1
Music,1
 Strippers & Strip Clubs,1
 Pregnancy Risk,1
 THIS IS CRACKY SO PLEASE DON'T USE TOO MUCH LOGIC INTO IT,1
 Repressed Memories,1
 Exploitation,1
 Supernatural - Freeform,1
 Beta!Canada,1
 especially in an AU,1
 Domestic Violence,1
 matthew babysits peter sometimes i guess idk,1
 zombiepurplefox,1
 Bird!Gil,1
 i looked up what maccas means and apparently it's Australian slang for McDonalds strange,1
 Unconscious Sex,1
 Alternate Universe - Vampire,1
 unapologetic feels bombs ahead,1
 Debt,1
 alpha/beta/omega,1
 Kissing,1
 Comeplay,1
 News Media,1
 Painting,1
 Illnesses,1
 seme spain,1
 Harm to Animals,1
 Mountaineering,1
 Britaincest,1
 now for the rest....,1
 Dom/sub Undertones,1
 Alpha/Beta/Omega/Gamma,1
 Hair Pulling,1
 British Character,1
 and everyone's a badass,1
Vore,1
 lil gay wizards,1
 Darcy is Also a Little Shit,1
 Asgardians - Freeform,1
 LGBTQ Character,1
Fake Marriage,1
 Needles,1
 Implied Childhood Sexual Abuse,1
 gil gets a pedicure,1
 based on a prompt,1
 Supernatural Elements,1
 Alternate Universe - Canon Divergence,1
 Alternate Universe - Modern with Magic,1
Red String of Fate,1
 But Also Fun,1
 Alternate Universe - Cyberpunk,1
 Rochu are obnoxious neighbors,1
merman au,1
 I included him!,1
 seven minutes in heaven au,1
 Denmark's heart is bigger than his brain,1
 Omega England,1
 Consensual,1
 Social Media,1
 Mentions of past child abuse,1
 Gay Male Character,1
 Suicidal Thoughts,1
 oh my goodness,1
 who is derrichs?,1
 Possible Relationships - Freeform,1
 cavedweller/spelunker au,1
 England is so awesome guys,1
 seme/uke,1
 Gabriel is a Little Shit,1
 Davie!,1
 POV Multiple,1
Prostitution,1
Past Abuse,1
 Wolf/Rabbit,1
 just fluff,1
 Roleplay,1
Rape,1
 Alternate Universe - Video Game World,1
 non-con elements,1
 adding more tags as I go,1
 Caname - Freeform,1
 Frankenstein - Freeform,1
 Kidnapped,1
 nations revealed,1
 Hotel Sex,1
 the care and keeping of your country,1
 Arthur being cute,1
 Dramedy of Errors,1
 Hufflepuff!Arthur,1
 Late Night Conversations,1
 Come Marking,1
 Bottom!Harry,1
 vampire/goth au,1
 but expect a lot of... kinks,1
 top!England,1
 bath cuddles,1
 Sappy Ending,1
 Finding Happiness in Life,1
 Attraction,1
 (??),1
Alternate Universe- Daemons,1
 which is quickly resolved,1
 cause it's kinda hard to balance between crack and seriousness,1
 Florist!Mattie,1
 Alternate Universe - Post-Apocalypse,1
 on going,1
 Inspired by a prompt,1
 The Yule Ball,1
 Country!Draco,1
 Series,1
 Beta!England,1
 Missing Soulmate,1
Werewolves,1
 ABDL,1
 Hogwarts AU,1
 some violence,1
 working on getting his masters,1
 probably unrealistic,1
 Coffee date au,1
