Alternate Universe - Modern Setting,44
 Alternate Universe - Modern Setting,32
 Alternate Universe - College/University,24
 Hurt/Comfort,24
 Fluff,21
 Modern AU,17
 Angst,16
 Texting,15
 Slow Burn,14
Alternate Universe - College/University,13
 Pining,12
 Fluff and Angst,11
 Polyamory,10
 Anxiety,10
 Mutual Pining,9
Texting,8
Fluff,8
 Oral Sex,8
 Panic Attacks,8
 Humor,8
 Anal Sex,8
,7
 Friends to Lovers,6
 Alcohol,6
 Internalized Homophobia,6
 Rimming,6
 implied nonbinary!lafayette,6
 Threesome - F/M/M,6
 Alternate Universe - High School,6
 Other Additional Tags to Be Added,6
 Dirty Talk,5
 First Time,5
 Asexual Character,5
 Blow Jobs,5
 Politics,5
 Depression,5
 Daddy Issues,5
 Swearing,5
 Older Man/Younger Man,5
 Coming Out,5
 Daddy Kink,5
 Alternate Universe - Canon Divergence,5
 Nonbinary Character,5
 Explicit Sexual Content,5
 Fake/Pretend Relationship,5
 Hand & Finger Kink,4
 Praise Kink,4
 Lams - Freeform,4
 Established Relationship,4
 Mental Health Issues,4
Alternate Universe,4
Modern AU,4
 Twitter,4
Angst,4
 Masturbation,4
 Canon Era,4
 Alternate Universe - Everyone Lives/Nobody Dies,4
 Angst with a Happy Ending,4
 Sharing a Bed,4
 Dom/sub Undertones,4
 Size Kink,4
 Polyamory Negotiations,4
 Alternate Universe - Reincarnation,4
 Flashbacks,4
 Plot What Plot/Porn Without Plot,4
 Homophobia,4
 Polyamorous Character,3
 Dialogue Heavy,3
 Body Worship,3
 Slow Build,3
 Period-Typical Homophobia,3
 Bisexual Alexander Hamilton,3
 Bondage,3
 Explicit Language,3
 Family,3
 Racism,3
Reincarnation,3
 College AU,3
Fake/Pretend Relationship,3
 Asexuality,3
Lams - Freeform,3
 Threesome - M/M/M,3
 Desk Sex,3
 Hand Jobs,3
 Orgasm Delay/Denial,3
 Dom/sub,3
 Bisexuality,3
 Fake Marriage,3
 Threesome,3
 Gender-Neutral Pronouns,3
 Jealousy,3
 Canon Compliant,3
 Miscommunication,3
 Implied/Referenced Self-Harm,3
 Breathplay,3
 Enemies to Friends to Lovers,3
 Social Media,3
 Trans Male Character,3
 Father-Son Relationship,3
 Voyeurism,3
 Enemies to Lovers,3
 Feminization,3
Alternate Universe - Soulmates,3
 Kissing,3
 Nonbinary Lafayette,3
 Power Dynamics,3
Slow Burn,3
 Sickfic,3
 Spanking,3
 Everyone Is Gay,3
 Class Issues,3
 Alexander Hamilton is George Washington's Biological Son,3
Alternate Universe - Reincarnation,3
 Alternate Universe - Politics,3
 Historical Inaccuracy,3
 Barebacking,3
 Light BDSM,2
 D/s themes,2
 Getting Back Together,2
 Background Alexander Hamilton/John Laurens,2
 Intercrural Sex,2
 Alternate Universe - Office,2
 Pansexual Character,2
 Anal Fingering,2
 Marriage of Convenience,2
 Miscarriage,2
 Epistolary,2
 Begging,2
 Exhibitionism,2
 American Politics,2
Character(s) of Color,2
 Crying,2
 Domestic Fluff,2
QPQVerse,2
 Yuletide Treat,2
 Unresolved Sexual Tension,2
 oblivious idiots,2
 Exactly What It Says on the Tin,2
 Hair-pulling,2
 Riding,2
 Implied/Referenced Suicide,2
 Wet & Messy,2
 Rape Recovery,2
 Everyone Is An Asshole,2
 Reincarnation,2
 Human Disaster Aaron Burr,2
Sickfic,2
 First Kiss,2
 Complicated Relationships,2
 Past Relationship(s),2
 Blowjobs,2
 Crack,2
 Domestic,2
 Feelings,2
 Mildly Dubious Consent,2
 Child Abuse,2
 Mentions of Slavery,2
College AU,2
 Original Character-centric,2
 Facials,2
 Work In Progress,2
 Coffee Shops,2
 Romance,2
 Come Eating,2
 Nonbinary Peggy,2
 Power Imbalance,2
 Emotional Hurt/Comfort,2
 Washingdad,2
 Multiple Orgasms,2
 Death,2
 Emotional/Psychological Abuse,2
 Misgendering,2
 Secret Identity,2
 Masochism,2
 Prisoner of War,2
 Size Difference,2
 Bisexual Character,2
 Vomiting,2
 Wise Lafayette,2
 Threats of Rape/Non-Con,2
 Anxiety Attacks,2
 Weddings,2
 Agender Character,2
 5+1 Things,2
 Drunkenness,2
 Face-Fucking,2
 Non-Sexual Intimacy,2
 Phone Sex,2
 Bad BDSM Etiquette,2
 Double Penetration,2
 Coming In Pants,2
 BDSM,2
 Hate Sex,2
 Trans Character,2
 Light Angst,2
 non-binary Lafayette,2
 Underage Drinking,2
Hurt/Comfort,2
 Lingerie,2
 Friendship,2
 Spitroasting,2
 Cock Warming,2
First Kiss,2
 Background Gilbert du Motier Marquis de Lafayette/George Washington,2
 Why Did I Write This?,2
 Possessive Behavior,2
 Alternate Universe,2
 Gun Violence,2
 Canon-Typical Violence,2
 Sub!Hamilton,2
 Resurrection,2
 Hamilton - Freeform,2
 Implied/Referenced Child Abuse,2
 Post Duel,2
 Long Distance Relationship,1
 Eventual Smut,1
 Period-Typical Sexism,1
 god bless,1
 anyway,1
Some characters won't appear until later,1
 but thats irrelevant to the fic,1
 Competence Porn,1
 Angie dresses like Jessica Jones and keeps Peggy from killing someone or getting herself killed,1
 idk where this even came from,1
ill add shit as i go ok,1
 because that's life right?,1
 Casual Intimacy,1
" This one's working title was ""the Hogwarts pain AU""",1
 oblivious jefferson,1
 Short,1
 french bread themed sex toys,1
 Some Swearing,1
 Gender Roles,1
 Historical Cameos,1
 Musical References,1
 Unrequited Love,1
 like seriously,1
 Misogyny,1
 who doesn't love this trope,1
 Featuring way too many references to this damn musical that has ruined my life,1
 Non-binary character,1
Canon Era,1
 Terrible BDSM Practices in Myriad Ways,1
 literally that,1
 Alex never sleeps,1
 bottom hamilton,1
 Blindfolds,1
 Rough Oral Sex,1
 I apologize for this mess of the tags,1
 Overstimulation,1
 kind of a college au,1
 Alex is a mess,1
Rape/Non-con Elements,1
 Mutual Admiration Societies,1
Yuletide 2015,1
fluff fluff fluff,1
 Musicals,1
 yes they go to chuck-e-cheese,1
 Angry Sex,1
Alternate Universe - Fairy Tale,1
Hercules is never here as much as I'd like him to be,1
 HAMILTON LIVES AU,1
i mean theres lams if u squint,1
 1990s,1
 Rape,1
 Abuse,1
 OT4,1
 Alternate Universe - Regency,1
 Jefferson is Classy,1
 a ridiculous amount of bromance,1
 Pre-Slash,1
 Christmas Dinner,1
 and not knowing how to shut the FUCK UP,1
 John needed teammates okay,1
 Sometimes in the Same Scene,1
 well not the democratic-republicans; they work at a different high school,1
 trying their best,1
Hate Sex,1
 basically follows the musical's plot but with more coffee less death and a cat named georges,1
 Heavy BDSM,1
 What am I doing,1
 Basically No One is Entirely Good or Entirely Bad,1
 Date Rape Drug/Roofies,1
 Past Character Death,1
modern day AU,1
Spanking,1
Romance,1
more characters will be added,1
 bickering lawyers,1
 Epistolary Elements,1
 People in this fic do some really really horrible shit to other people and also themselves,1
 Dubious Plans to Seduce a General,1
 i.e. alexander hamilton meets lmm,1
 Victim Blaming,1
 that will probably become less and less about the coffee shop as we go,1
 Bottom George,1
 Bonding,1
art heist au,1
 Semi-graphic violence,1
Canon Non-Binary Character,1
Pining Without Plot,1
 but sensible mpreg,1
 Presidential Election,1
 Bisexual Male Character,1
 sex by proxy,1
 the revolutionary gang are youtubers/bloggers in this,1
 history white washed alexander hamilton is this universe,1
 Irredeemable Filth,1
 John doesn't know how to deal with Alex,1
 mentions of indentured servitude,1
 Buckle up,1
 lots of language,1
 Drama,1
 oOPS there's a plot now,1
 Matchmaking,1
 HIV/AIDS,1
 Chapters Have Their Own Tags,1
Oral Sex,1
 Foster Care,1
 it's the fake dating trope again,1
 Jefferson is a colossal dick,1
 may add further warnings later,1
 Campaign to de-cinnamon roll The Marquis de Lafayette,1
 Excessive texting,1
 This is mostly just A-dot-Ham and TJ,1
 Huddling For Warmth,1
 but eventually get less angsty because I'm a sucker for at least partially happy endings,1
 Laf Trash Club,1
 we'll never know,1
 these dorks are ruining my life,1
 if you want angst and comfort this is the work for you,1
 Agender Peggy,1
 White House,1
 basically now there are two of the fuckers,1
Drabbles and Ficlets,1
 lets be real tho we all needed the coffee shop au,1
 bisexual Hamilton,1
Ghosts,1
 Fix-It of Sorts,1
 but with (eventual) plot!!!! incredible,1
 almost wrote 'modern ai' lmao,1
 Madison is Nervous,1
 oblivious hamilton,1
 everything is grey,1
 Self-Destruction,1
Alternate Universe - Flower Shop,1
 Case Fic,1
 Torture,1
additional tags,1
Snowed In,1
 hoping I accounted for all the body parts,1
Alternate Universe - Superheroes/Superpowers,1
 probably a shitload of musical references because I have no shame,1
 Trans Laurens,1
 thats new and exciting,1
 Aaron is part of the Squad now,1
 Aromantic Angelica,1
Fluff and Angst,1
 Regency Flavor,1
 alex gets stepped on at one point,1
 cabinet meeting,1
 Clothes Shopping,1
 Yuleporn,1
Banter,1
Fix it AU,1
 Idiots in Love,1
 hey you know what alexander hamilton did,1
Gags,1
 Whatever this is Hamilton started it!,1
 i Love to Sin,1
 But he owns it,1
Resurrection,1
 a.ham being a.ham,1
youtube au,1
 Jemmy is a badass,1
 Hacking,1
 because i am weak,1
 Alternate Universe- Soulmates,1
laf is a huge flirt,1
 Bittersweet,1
 Meet-Cute,1
some Eliza/Hamilton and Angelica/Hamilton mentions,1
 Suicide mention,1
 Code Screaming Eagle,1
 Widowed,1
 Violence to major characters,1
 Social Justice,1
 Maria Reynolds is a Cool Girl (R)(TM),1
 hey you know what's a bad idea,1
 blame them,1
 because i suck at french,1
 Sexism,1
 Alternate Universe - Arranged Marriage,1
 Reunion,1
not-quite-Reincarnation AU,1
 but seriously there's very little angst here,1
 fashionable hamilton,1
 Hamiltons mouth,1
 I wrote this because honestly I'm pissed at the government,1
 am i going to hell yet,1
 Established Elams,1
 Stucky Big Bang 2016,1
 fight me,1
 Angst and Humor,1
 Immigrants: They Get The Job Done,1
 High School AU,1
Single Dad AU,1
 Libraries,1
 Explicit French :D,1
 Minor Death Reference,1
 Thomas is an asshole,1
 In which sometimes even an explicit and overt 'yes' doesn't mean 'yes',1
 Facebook,1
 so many musical references,1
 Bipolar Disorder,1
Amnesia,1
 Aromantic Asexual John,1
 Porn with Feelings,1
 Puppy Piles,1
 (that's only really mentioned tho),1
 Just slightly,1
 Lots of historical facts,1
Community: trope_bingo,1
 Cock Worship,1
 Crack Treated Seriously,1
 Alternate Universe - After College/University,1
 Kink Negotiation,1
 dramatic jefferson,1
 Slapping,1
 Historical Gossip,1
 Violence,1
Panic Attacks,1
 Hook-Up,1
 but the fluff is coming I promise,1
 wise!Hamilton,1
 shameless flirting,1
Drabble,1
 someone let alex sleep please,1
 get ready for unexpected feels,1
 Starbucks!AU,1
 it would be fun they said,1
 Past Sexual Abuse,1
 ambiguous time period,1
 ok maybe not EVERYONE,1
 Trust Issues,1
 what are tags,1
 on hiatus while I finish up a few other things,1
" the ""graphic violence"" warning is gratuitous its really just a bit of gore",1
 Height Differences,1
 Misandry,1
 Xenophobia,1
Repeated themes: Sexual trauma,1
 Camp Forge,1
 characters meeting real life people,1
Canonical Character Death,1
 Political Intrigue,1
 nothing ever gets mature or explicit,1
 so much pining,1
 ...sometimes.,1
Time Travel,1
 theatre summer camp au,1
 Implied/Referenced Assault,1
Bookstore AU,1
 codependency/caping,1
 it's a mess tbh,1
 Maybe - Freeform,1
 Alex doesn't know how to deal with his crush,1
 Other tags to be added later,1
 Undressing,1
 hardcore making out,1
Alternate Universe - Arranged Marriage,1
 Ethically dubious foreign policy,1
 James Madison Is Oblivious,1
 I changed the spelling of her name because I'm inconsistent,1
 definitely gonna be adding some tags,1
 dOES THE SEXUAL TENSION GET RESOLVED????,1
 Parenthood,1
 Ensemble Cast,1
 Trans Eliza,1
 Cunnilingus,1
Threesome - M/M/M,1
AU of my own AU,1
 Non-Graphic Violence,1
 Falling In Love,1
 (super slight though),1
 AND EVERYONE LOVES MEMES,1
 Genderfluid Character,1
 this will become the story of the revolutionary quartet raising a child,1
Crack Treated Seriously,1
 homophobic/unsupportive families,1
 Excessive letter writing,1
 Washette - Freeform,1
 Families of Choice,1
 Intrigue,1
 Seriously Dubious Consent,1
 people speaking in french but also not,1
 i wrote something from alexs pov for once,1
 ALEX AND JOHN ARE BOTH INFURIATINGLY OBLIVIOUS,1
 ??? - Freeform,1
 Learning to be Loved,1
Drunk Dancing,1
 Minor Injuries,1
 Alternate Universe - Medieval,1
 lots of fond and affectionate lafayette and hamilton,1
 Sneak Attack Hugs,1
 Alternate universe - Marvel,1
 Male Character of Color,1
Birthday Fluff,1
 Therapy (both traditional and non traditional),1
 Oblivious,1
 Undercover as a Couple,1
 But the majority,1
 This started off as an inside joke,1
 no smut though guys,1
 this is a romcom but with gays and superheroes,1
 I wrote something that isn't sad,1
 Dark,1
 dear lord so much pining,1
 Age Difference,1
 Negative Body Image,1
Mention/Brief Scene of Laurens/Washington,1
 ahahaha plot twist,1
 Lots of it,1
 Attempted Rape/Non-Con,1
Making Out,1
 Grief/Mourning,1
 Party,1
 post-college,1
 Trans Alex,1
 patriotic porn,1
 Then I wrote 30k in a month and decided I should probably do something with it,1
 Journalism,1
Afterlife,1
 not actually a pray the gay away camp despite Henry Laurens's belief,1
 Robots,1
 well there's kinda plot but idrk what im doing SO...,1
 Road Trips,1
 Theodosia/Burr,1
 google translate french,1
 Shibari,1
 Awkward Conversations,1
 Identity Reveal,1
 Not much angst tho,1
 Body Image,1
 Comfort/Angst,1
 It's About Ethics In Sleazebag Journalism,1
 Women Being Awesome,1
 why did i write christmas fic in april,1
 Rollercoaster of angst,1
 a whole lot of sin,1
 Lafayette is a Good Bro,1
 Institutional Racism,1
 Unhappy Ending,1
 i cannot be li e ve,1
 poor babies have some problems,1
 Platonic Relationships,1
look - Freeform,1
 White House AU,1
 Asexuality Spectrum,1
 Teasing,1
 Thomas Jefferson is not gay,1
 that is the premise of this fic,1
 more angst than fluff at the moment,1
 technically a high school au but thats not really the focus,1
 this is literally just alex john and herc thirsting over laf in a series of chapters,1
 Fix-It,1
 blindfolds and asexual kinkster,1
 Sick! Au,1
 Rejection,1
Threesome,1
Animal Death,1
 Lawyers Who Should Know Better Engaging in Illegal Activities,1
 Sexual Roleplay,1
 that would be Lafayette,1
 @lin im sorry,1
 so buckle up,1
 In that they literally all work at the same high school,1
 lots of pining,1
 Afterlife,1
 Police Brutality,1
Sharing a Bed,1
OSHA needs to class resurrected American heroes as harmful to PR assistant's health,1
 Discipline,1
 men being stubborn and honorable,1
 I know nothing about American politics,1
Fatherhood,1
 Alexander being a total dick,1
 Animal Death,1
 the Hamiltons of Grange,1
 therell be a few memes here and there,1
 Frottage,1
 This Fic is Kind of a,1
 Kidnapping,1
 and everyone's a lil bit gay,1
 will probably be very long,1
 and characters,1
 Correspondence,1
Christmas Fluff,1
 Explicit Consent,1
 there's brief ham/laurens but like its so minuscule i don't want to put it in the relationship tag,1
 i think maybe,1
 alex has some problems,1
 I guess I should say there's some asshole named Robert in there for like 0.5 seconds,1
 Wordcount: Over 300.000,1
 HAPPY BIRTHDAY ALEX passes out,1
Implied/Referenced Rape/Non-con,1
 Maguffins in the form of severed pigs heads,1
 Previous/off-screen: John Laurens/Alexander Hamilton,1
 everyone's a college student,1
 everybody panic,1
 Alternate Universe - Roommates/Housemates,1
 Alternate Universe - Soulmates,1
 kinda teacher/student but not really,1
 lams fanfic,1
 Unhealthy Relationships,1
Alexander needs to be protected,1
 Abusive Relationship,1
Mutual Pining,1
 james and aaron are the ultimate besties,1
 everyone is pining,1
 Alternate Universe - Teenagers,1
West Wing AU,1
 but thats also very irrelevant,1
 Blatantly ripping off House of Cards,1
Alternate Universe - Ghosts,1
Protectiveness,1
Light BDSM,1
 everyone is queer,1
the gay nerds return,1
 Nanny AU,1
 if people like it,1
 No Plot/Plotless,1
 Secret Santa,1
 Misuse of alcohol,1
 Goodbye,1
" that you can look back and go ""that was all worth it"" at the end",1
 Hercules is a tailor,1
 Reincarnation AU,1
 Caring,1
 Lafayette: Too Good for this World,1
 dont ask me for context tho,1
" source of ""charles lee is a mouse furry""",1
 they want a revolution,1
 hinted Poly relationship to come,1
 Reverse Harem basically,1
 Shaving,1
 Anthropology,1
 Men Crying,1
Frottage,1
 the turtle is necessary,1
 Enemies to Friends,1
 Alternate Universe - Lawyers,1
 Fluff and Hurt/Comfort,1
 There is too much going on in this story please be careful,1
Epistolary,1
 Character Study,1
 George is a Senator,1
 alexander hamilton being alexander hamilton,1
 Roommates,1
 Benedict Arnold Betrays His Country Due To Kinkshaming,1
 Scotland,1
 pray the gay away,1
 I repeat Thomas Jefferson is not in love with James Madison,1
 God Bless My Beta,1
 having the ability to see the future really fucks with you it turns out,1
 Tumblr Prompt,1
Love Letters,1
 I'll add more tags as things come up,1
 Angst and Fluff and Smut,1
 and their bullshit,1
 never thought i'll ship this pair,1
 dom!Laurens,1
 picture LMM cast not crusty white dudes,1
 First Love,1
 Premarital Sex,1
 alex doesn't want to talk about things like an adult,1
 Action/Adventure,1
 injuries,1
 Gratuitous French,1
 Bad Decisions,1
 might as well enjoy the ride,1
Soulmate-Identifying Marks,1
 Extremely Dubious Consent,1
 Nonnies Made Me Do It,1
 I'm Sorry,1
 alex is down with everything he just doesn't explicitly say it,1
 Deeply Defensive People,1
 Metafiction,1
 Come Marking,1
 Poor Aaron Burr,1
 Waltzing,1
 high school/college au,1
 Ye Olde Language Structure,1
 Corruption,1
 who let these idiots run a country?,1
 Implied/Referenced Abuse,1
 which he may or may not know about,1
 Genderfluid Lafayette,1
 for the most recent chapter bc henry laurens and abigail adams are both Trash,1
Getting Together,1
 I'm a professional tagger,1
 canon character death,1
 I wrote this instead of revising,1
 that would be martha and eliza,1
 std fairs,1
ham needs to learn how to sleep,1
 Office Blow Jobs,1
 America's founding Bisexual Human Disaster roasts Dan Savage on Twitter,1
 Burr is crushing harder than a twelve-year old girl,1
 George WashingDad,1
 Drag the Ancestors,1
Some Swearing,1
 sex as self harm,1
Plot What Plot/Porn Without Plot,1
 Group chat,1
 Self-Hatred,1
 Ham loves to hate Jefferson,1
 ambiguous high school setting,1
 minor character death offscreen,1
 QPQVerse,1
 it's not really reincarnation,1
 Asshole Jefferson,1
 References to Alcohol,1
 Power Play,1
tender wound bandaging (tm),1
 as well as some Theodosia/Burr mentions,1
Alternate Universe - Sugar Daddy,1
 it's canon that Foggy loves musicals okay,1
 (this will actually matter later truly),1
fluff of Foster Dad Lin taking care of Alex,1
 discussion of slavery,1
Trans Alex,1
Hercules is finally here as much I want him to be kind of,1
 anyway the government is corrupt,1
 Alex gets taken captive,1
 alexander hamilton: dysfunctional human being,1
 grown ass men in a ballpit,1
 Alexander's POV,1
 Drinking & Talking,1
 only because of the baby girl thing that kills me every time,1
 if that sweetens the pot for anyone,1
 Not Actually Unrequited Love,1
 also i love aaron burr,1
 Rated For Violence,1
 Self-Esteem Issues,1
 Laurens is asexual,1
 look just pretend they're in college or something okay,1
 it will evolve,1
 (that's laf),1
 backroom deals,1
 Semicolon abuse,1
 Birthday Presents,1
 side pairing with a violence kink,1
 Alternate Universe - Quid Pro Quo,1
 Repeated Themes of: Self harm,1
 Journalist and soon to be published author Alex,1
 Everyone makes bad decisions,1
 177(6) verse,1
 Eliza is Frances' teacher,1
 Self-Denial,1
Awkward Conversations,1
 Pen pal Thomas Jefferson,1
 discussion of past injury,1
 That's Lafayette,1
 George Washington Rules with an Iron Fist (of love and concern),1
 PI's Angie and Peggy,1
 Complete,1
 Disassociation,1
Lesbian!Peggy,1
 jefferson hate,1
 my smol son john laurens is insecure af,1
 Mention of past Alex/Eliza,1
 Smoking,1
D/s,1
 and it's painful,1
 ALL OF THE COMPLEXITIES OF CONSENT,1
 pretty much normal!Hamilton,1
All characters make an appearance at some point,1
 Age Difference (About 10-12 years),1
 The Author Regrets Everything,1
 prompt,1
 Melodrama,1
 and peggy!,1
 AU Laurens lives,1
 supportive friends,1
 So many daddy issues,1
Alternate Universe - High School,1
 deadnaming,1
 Morning After,1
 Everyone Is Frank Underwood And I Regret Nothing,1
 Minor Character Death,1
 Open Relationship,1
Child Abuse,1
 this is going to be a long ride,1
" ""no homo"" - jefferson and madison",1
 sex scandals,1
 Local Politics,1
 Valentine's Day,1
 i want them to be happy too,1
High School AU,1
 neither does thomas if im honest,1
 except not so cute tbh,1
 Alternate Universe - Fantasy,1
 (I think this may be the first work with that particular tag),1
 Superheroes,1
 i didn't think so,1
Friendship,1
 PWP without Porn,1
Alternate Universe - Canon Divergence,1
 Queerplatonic Relationships,1
 Character(s) of Color,1
 Illegal Activities,1
 Freelance Journalist Alex,1
 Breaking rules to make things better,1
 Poor Alex - Freeform,1
 but could get longer,1
 Don't Give Alexander Hamilton a Keyboard,1
 nonbinary!lafayette,1
 literal founding fathers fanfiction,1
 Seers,1
 Sick Character,1
 Trans Burr,1
 Sexual Trauma and Addiction,1
 The Plot Thickens,1
 What Have I Done,1
 Summer Camp AU,1
 adult relationships are hard,1
 Topping from the Bottom,1
 angry gnomes,1
 Female Ejaculation,1
Song Lyrics,1
 Communication Failure,1
 probably,1
 hercules is weirdly not here as much as he should be??,1
 Neck fetish,1
 a.ham vs the 21st century,1
 Political AU,1
 awkward friendship,1
 canonical character deaths,1
 alex needs to be protected,1
Alternate Universe - Coffee Shops & Cafs,1
 platonic intimacy,1
 Rape/Non-con Elements,1
 will tag as I go,1
 Top Jefferson,1
 Academia,1
 hamdevil au,1
 as in Alex is a trans man and that is why,1
 Delirium,1
 John's freckles are everything,1
 New York City,1
 and all of his friends have huge crushes on him,1
 even more of alexander hamilton: national disaster,1
 Fake Dating,1
 i still don't know what i'm doing,1
 and historical gay love letters,1
 Fluff and Smut,1
 Locker Room,1
 Aromantic spectrum,1
 Trans Peggy,1
 Prostitution,1
 Coming on Face,1
Academia,1
 Scandal,1
 basically hamilton is very smol and burr finds this very attractive,1
 Rain,1
 Lets all drag Henry Kissinger,1
 burr is trans,1
 listen to Hamilton they said,1
 Snarky Banter,1
 Everything Hurts,1
 vague undefined office AU,1
 Whipping,1
 Is there anything more exciting than a mayoral election?,1
 Foursome,1
 because that's all you can ask for,1
Implied/Referenced Suicide,1
 John probably has anxiety,1
Language Barrier,1
 Gift Giving,1
 Resentful Cuddling,1
 War,1
 a very vague white house au,1
 cursing,1
 Logistics of Historical Transplants,1
Reincarnation AU,1
Alternate Universe - Regency,1
 pure fluff,1
 PWP,1
 One Big Happy Family,1
 so if you don't like that this is a series,1
 But also,1
 not really mentioned but he is,1
 a little bit of angst,1
 Philip is a cat im not sorry,1
 multiple person power dynamics,1
 Pegging,1
 Angelica has to deal with too much bullshit,1
 Male-Female Friendship,1
 goofy dad lin,1
 that would be peggy,1
 Redemption,1
 i think the title is a p apt description,1
Slice of Life,1
 Sometimes this degenerates into porn,1
 Trans Mulligan,1
 Ham sort of pines for Washington,1
Asexuality,1
 Enthusiastic Consent,1
 Accidental Relationship,1
 Comeplay,1
 Post-Captain America: The Winter Soldier,1
 News Media,1
 Lafayette is a Dramatic Slut,1
 Mention of Past Medical Abuse,1
 please enjoy The Mistake That Is This Fanfiction,1
 Mpreg,1
 Discussion of Racism,1
 in any case it's a thomas jefferson roast-fest,1
 Alexander Hamilton is on Twitter,1
 Birthday Party,1
 ill change the rating and archive warnings as i update,1
 Loss of Virginity,1
 adoption au,1
 Genderfluid Characters,1
 Self-Indulgent,1
 Slow Dancing,1
 Outdoor Sex,1
 Canon Divergence - Post-Captain America: The Winter Soldier,1
 References to the Great Gatsby,1
 This is so cliched,1
 without involving sin,1
 Valley Forge,1
 (sort of),1
 Inappropriate Erections,1
 this is it for now,1
PWP,1
 Harry's seventh year,1
 Pride Parade,1
Crack,1
 Grinding,1
 everyone is a woobie,1
 Martha Washington is the Smartest in the Room,1
" ""what are we?""",1
 Unrepentant Fluff,1
 Queer Character of Color,1
 No-one is straight,1
 thomas jefferson can go die,1
 Alternate Universe - Summer Camp,1
 Sexual Abuse,1
 handjobs,1
 alex is bi actually but you know what i meme,1
 for real though i cant figure out whether to use contemporary or authentic dialogue,1
 adorable characters,1
 John being a cinnamon bun,1
 Healing Cuddles,1
when will these stop being so fun to write,1
 as in Peggy hits people while wearing Floral dresses,1
Prompt Fic,1
 gay founding fathers,1
 idk what to tag man im a poor lil canadian memer,1
 Sandwiches,1
 Headaches & Migraines,1
 Autistic Character,1
 Food Issues,1
 Love at First Sight,1
 Canadian Shack,1
 basically a college au with a reincarnation subplot,1
 yeah that's right I went there,1
 Platonic Cuddling,1
 well here I am ya little shits,1
 i'm a sinner,1
Alternate History,1
 Prompt Fill,1
 oops? :),1
 its another foster care au,1
 Tenuous knowledge of american political system,1
Height Differences,1
 Kinks,1
 Saviorism,1
 only a little I swear,1
 And Thomas Jefferson Is Not Nearly As Subtle As He Thinks He Is,1
 Is there a word for being choked by a cock?,1
 Hand Feeding,1
 Sadism,1
 Clubbing,1
 i love to sin ,1
 except this time they're gay theatre nerds,1
 Alexander and Peggy bonding,1
 Maria isn't a jerk in this one,1
 Dancing,1
 Sorry Not Sorry,1
Teenagers,1
 john is trans and asexual thank you for your time,1
 Religion,1
supernatural bullshit,1
 That is It,1
 Some Fluff,1
 Internalized Misogyny,1
 Misunderstandings,1
 Repeating Timelines,1
 apparently this is a series now,1
Alternate Universe - Office,1
coffee shop AU,1
 Ordering People Around in Bed,1
 implied sex,1
 gentrification,1
 Drunken Kissing,1
 Lafayette's a stripper because he's awesome,1
 lots of sex/dick jokes,1
 Blackmail,1
 Alexander Hamilton Is Embarrassing In Public,1
 Clothing Kink,1
 Drunk Texting,1
 Multi-Era,1
Pining,1
 Acephobia,1
 Modern Medicine,1
 Foggy Nelson Is a Good Bro,1
 john is the doting boyfriend of course,1
 self harm and healing,1
 JCH is a bit of a jerk,1
 Undercover Missions,1
 modern day AU,1
 coffee shop AU,1
 that's it that's the fic,1
 Suicidal Thoughts,1
 Orgy,1
 Dubious Consent,1
 A case of the feels,1
 Verbal Humiliation,1
 so does john incidentally,1
 just a couple tho,1
 but I promise there will be enough good times to make up for all the bad ones,1
 It Depends on the Perspective You're Looking From,1
 this is literally so short and bad but its lams so,1
Musicals,1
 Asexual John Laurens,1
 learning to heal,1
 All characters make an appearance at some point,1
 Under-negotiated Kink,1
 Men at Baffling Odds With Their Feelings,1
 Self-Harm,1
 Realpolitik,1
 Modern Setting,1
 major character death TECHNICALLY but not really ya feel,1
don't have sex with your boss folks,1
 fucking ding dong get the door its me a steaming heap of trash,1
 Unresolved Romantic Tension,1
 Autism,1
 Gold Star for first use of Ron Chernow as an RPF character woo,1
 Mild D/s,1
 blood is mentioned like once,1
 this changes everything,1
 POV Multiple,1
 What happens in walgreens stays in walgreens,1
The Author Regrets Nothing,1
 All consent involving Jefferson is dubious,1
 lafayette (only mentioned),1
 Gawker Media Roast Fest,1
 First Meetings,1
 fluff at the end tho,1
 Foster Family,1
 And hates to love him just a little,1
 Noncinsensual voyeurism,1
 Restraints,1
 nobody dies!,1
 pirate!Laurens,1
 probably too much handholding,1
 Alex's mental health is Not Great,1
Fox News Gets Dragged,1
 Flirting,1
 Read Quid Pro Quo Already,1
 basically John and Alex pine over each other before they even meet,1
 Charles Lee sucks,1
 Secondary Couple: Lafayette/John Laurens,1
 Sex worker stigma,1
 Basically,1
 alexander is chubby and i love him,1
 So much hair-pulling,1
 Suit Porn,1
 Eventual (Mostly) Happy Ending,1
 Burr is just here for the paycheck,1
 ive just accepted im going to hell at this point,1
 because one WIP with this premise wasn't enough apparently,1
 I Care Even Less About the Timeline than the Musical Does,1
Dancing,1
 Modern Era,1
 Injury Recovery,1
 Mindfuck,1
 Friends With Benefits,1
 Historical Accuracy,1
 its a texting fic,1
 alexander has a crush on burr,1
 only an inferior copycat,1
 Homophobic Language,1
 i'd like to thank michael mcintyre,1
Accidental Marriage,1
 New Dad John Laurens,1
 Canonical Character Death,1
 Recreational Drug Use,1
 Henry Laurens' A+ Parenting,1
 sort of,1
 ghost au,1
High School Teacher AU!,1
 sorry - Freeform,1
 Sometimes in the Same Line,1
" ""Baby Girl""",1
 Consent Issues,1
 Art Class AU,1
 just assume everyone in this is gay,1
 this is hard to explain just read it and it will make sense,1
 hamilton wants a fucking break thanks for NOTHING murdock,1
 there's a plot now help,1
 Ted Cruz is not the Zodiac Killer,1
 Graduate School,1
 angst in later chapters,1
Group Chat Fic,1
 TV News,1
sex worker roleplay,1
 Laurens pines for Ham,1
 Blatantly ripping off the plot of Spotlight because I'm the Worst,1
 A bunch of extra historical dudes,1
 they're government-fighting pirates,1
 Rape Aftermath,1
Dirty Talk,1
 thanks tenth grade english class,1
 genderqueer lafayette,1
 being outed,1
 so apparently im writing gay fanfic about the founding fathers,1
Hogwarts AU,1
 Reunions,1
 Courtroom Drama,1
 idk ill tag as anything else comes up,1
Tumblr Fic,1
 Studying to be Trauma Nurse John,1
 Alex needs a hug,1
 basically alex doesn't have a great life,1
 Hamilton is an entire slut,1
Mildly Dubious Consent,1
 i am trash,1
 most chapters are T-rated,1
 this is such a happy story,1
 There should be a word for that,1
 revenge porn,1
 fake dating au,1
 as before,1
 Dom!Lafayette,1
Post-Traumatic Stress Disorder - PTSD,1
 I dont even care anymore,1
 dont expect much,1
 But also not,1
 Alternate Universe - Ghosts,1
 oh my GOD this is so out of character but i don't care it's cute,1
 Drawing,1
 everyone has diff names except john and alex,1
 Pirate AU,1
 technically,1
 Alternate Universe - Afterlife,1
 Homophobic Slurs,1
 texting fic,1
 LGBTQ Themes,1
oh god where to start,1
 Hair Washing,1
 Alternate History,1
 Accents,1
Book Recommendations,1
 im always a slut for shitposting chats,1
 Flogging,1
 tried to write hate sex and failed,1
 warning: it gets super dark,1
Nonbinary Lafayette,1
 George and Martha Washington: The Parents America Deserves,1
 Derogatory Language,1
 and we keep tagging anyway,1
 Breaking rules and then making things worse,1
 genderfluid theodosia,1
 more tags when we get there,1
 if you came here for the angst you're gonna be sorely disappointed,1
 Kid Fic,1
 Everything is Complicated,1
 Drunk Sex,1
 going for 53 hours without sleep,1
 tjeff the official moment ruiner 2k15,1
 alex has a whole lot of relationships its getting out of hand,1
 and also I ship the founding fathers,1
 Sex worker abuse,1
 Everyone else is fairly background,1
 Parent-Child Relationship,1
 Mild alcohol and drug use,1
 EMT Laurens,1
 Complicated People,1
 Semi-Public Sex,1
 Oh dear god I'm trash,1
 Asexual Laurens,1
 vaguely,1
 Christmas,1
