 Alternate Universe - Everyone Lives/Nobody Dies,34
 Angst,33
 Alternate Universe - Canon Divergence,32
 Romance,28
 Hurt/Comfort,25
 Fluff,24
 Slow Burn,21
Alternate Universe - Canon Divergence,19
 Humor,19
 Rule 63,18
 bagginshield,17
 Cultural Differences,17
 Alternate Universe,15
 Fix-It,15
 Anal Sex,15
Alternate Universe,14
 Oral Sex,12
 Female Bilbo,12
 Slow Build,12
 Everybody Lives,11
 Hobbit Culture,11
 Family,10
 Battle of Five Armies Fix-It,10
 Thilbo,10
Female Bilbo,10
 Fluff and Angst,10
 Alternate Universe - Modern Setting,10
 Female Bilbo Baggins/Thorin Oakenshield,10
 Alternate Universe - Gender Changes,9
 Misunderstandings,9
 Dwarf Culture & Customs,9
 Drama,9
 AU,9
 Eventual Happy Ending,9
 Friendship,9
 Smut,8
 BAMF Bilbo,8
 Courtship,8
 Pining,8
 Emotional Hurt/Comfort,8
 First Time,8
 Genderswap,8
 Happy Ending,7
fem!Bilbo,7
 Protectiveness,7
 Mutual Pining,7
 Hobbit Courting,7
 Kink Meme,7
 Time Travel,7
Fluff,7
 Size Difference,6
Romance,6
Angst,6
 Explicit Sexual Content,6
 Dwarf Culture,6
 Dwarf Courting,6
Alternate Universe - Modern Setting,6
 Other Additional Tags to Be Added,6
 Frottage,5
 Soulmates,5
 Timeline What Timeline,5
 Kidnapping,5
 Dragons,5
 Families of Choice,5
 Genderbending,5
 Alternate Universe - Soulmates,5
 PTSD,5
 Awkwardness,5
 BAMF!Bilbo,5
 Fingerfucking,5
 Prompt Fic,5
 sort of,5
 fem!Bilbo,5
 Emotionally Constipated Thorin,5
 Arranged Marriage,4
 Book Spoilers,4
 Hair Braiding,4
 Hurt Bilbo,4
Alternate Universe - Everyone Lives/Nobody Dies,4
 Established Relationship,4
 Character Death,4
 Politics,4
 Sibling Incest,4
 Rimming,4
 Protective Thorin,4
 Adoption,4
 Alternate Universe - Erebor Never Fell,4
 Thorin Is an Idiot,4
 Feels,4
 Miscommunication,4
 Magic,4
 Adventure,4
 Dragon Sickness,4
 Grief/Mourning,4
First Time,4
 Hand Jobs,4
 Depression,4
 Dwarves,4
 Fluff and Smut,4
 Slash,4
 Alternate Universe - Always a Different Sex,4
 Cuddling & Snuggling,4
 Time Travel Fix-It,4
 Violence,4
 Rough Sex,4
 First Kiss,4
 Class Differences,4
 Action/Adventure,4
 Mpreg,4
Female Bilbo Baggins/Thorin Oakenshield,3
 Explicit Language,3
 Bofur is a Sweetheart,3
bagginshield,3
Mpreg,3
 Knotting,3
 Overprotective Dwarves,3
 Post-Battle of Five Armies,3
 Major Character Injury,3
 Possessive Behavior,3
Alternate Universe - Time Travel,3
 Kid Fic,3
 Bonding,3
Community: hobbit_kink,3
 Female!Bilbo,3
 Possessive!Thorin,3
 True Love,3
 Bromance,3
 Interspecies,3
 Prompt Fill,3
 Dubious Consent,3
 Gold Sickness,3
 Canon-Typical Violence,3
 Khuzdul,3
 Dwarven Politics,3
 Nipple Piercings,3
 Possessive Dwarves,3
 Masturbation,3
Crack,3
 Alternate Universe - Human,3
 BOFA Fix-It,3
 Language Barrier,3
 Erebor,3
Time Travel,3
AU,3
 Tags May Change,3
 Durincest,3
 Friends to Lovers,3
 Community: hobbit_kink,3
 Crossover,3
 Asexual Character,3
 Overprotective Thorin,3
 Post-Traumatic Stress Disorder - PTSD,3
 Plot What Plot/Porn Without Plot,3
 Secrets,3
 Complete,3
 Dwobbits,3
 Protective Bilbo,3
 Kissing,3
 Soul Bond,3
,2
 culture clash,2
 Gardens & Gardening,2
 Polyamory,2
 Intercrural Sex,2
 Mating Cycles/In Heat,2
 Sexism,2
 Chef AU,2
 FIx It,2
 Aftermath of Torture,2
 Loss of Virginity,2
 Abuse of Khuzdul,2
 Domestic,2
 Fantasy,2
 Mythical Beings & Creatures,2
 Family Feels,2
 Facial Hair,2
 Uncle/Nephew Incest,2
 Friendship/Love,2
Cultural Differences,2
 Culture Shock,2
 always a girl bilbo,2
 Rebuilding Erebor,2
 Uncle Thorin,2
 Gossip,2
 Panic Attacks,2
 Nightmares,2
 Mental Instability,2
 Prison,2
 Kinda,2
 Universe Alteration,2
 Protective Fli,2
 Porn,2
 Fluff and Crack,2
 Bullying,2
 Verbal Humiliation,2
 so many piercings,2
 Fell Winter,2
 Bottom Thorin,2
 Dysfunctional Family,2
 Rating May Change,2
 Drug Use,2
 Post Battle of Five Armies,2
 Oblivious Bilbo,2
 no one dies,2
 Bilbo-centric,2
 Piercings,2
 Eventual Smut,2
 Post BotFA,2
 Love,2
 Mental Illness,2
Fluff and Angst,2
 scaly,2
 Madness,2
 Developing Relationship,2
 Recovery,2
 Light Angst,2
 Self-Discovery,2
 Death,2
 What Was I Thinking?,2
 Thorin is a Softie,2
 Alternate Universe - No Smaug,2
Hurt/Comfort,2
 Vaginal Sex,2
 Thorin-centric,2
 Gender Issues,2
 Art,2
 Food Porn,2
Humor,2
 Rutting,2
 Everyone lives,2
 Interspecies Relationship(s),2
 Crack,2
 Curses,2
 Trust Issues,2
 Sacrifice,2
 Slow Romance,2
Food,2
 Giant Spiders,2
 Jealousy,2
 Always-a-lady!Bilbo,2
 Wargs,2
 Seduction,2
 Trauma,2
 Gardening Verse,2
 Implied Mpreg,2
 Heartbreaking,2
 Pre-Quest,2
 Body Hair,2
 Rape/Non-con Elements,2
 Phone Sex,2
 Poor Bilbo,2
 Suicide Attempt,2
Slow Build,2
 Sexual Content,2
 BAMF Bilbo Baggins,2
 Dwori - Freeform,2
 hobbit au,2
 Alternate Universe - No One Ring,2
 Thorin is grumpy,2
 Gender Roles,2
 Pre-Slash,2
 Mirkwood,2
 Angst and Humor,2
 fem Ori,2
 Family Drama,2
 Loneliness,2
Implied Mpreg,2
 Rope Bondage,2
 UST,2
 Transformation,2
 Fem!Ori - Freeform,2
Oral Sex,2
 Hobbits,2
 earrings are fucking tame,2
 Double Penetration,2
 Plot,2
 Homesickness,2
 Class Issues,2
Alternate Universe - Battle Of Five Armies,2
 Drunkenness,2
 Canonical Character Death,2
 Grumpy Thorin,2
 Gore,2
 Cock Piercing,2
 virgin!Kili,2
 Fanart,2
 BAMF!Dwarves,2
 Fili and Kili are trouble makers of course,1
 A civilized Thorin?,1
 i don't even know where this came from,1
 virgin!Thorin,1
 Kinkmeme,1
 many many one shots,1
Possessive Behavior,1
 fili looks like frerin,1
 Mostly Movie Based But Uses Book Canon When It Suits Me,1
 Public Nudity,1
 imagine how you would feel if you found out the love of your life was once married to your uncle,1
 sad dads,1
 POV Female Character,1
 Ahhhh finally some new characters,1
 Bilbo does not approve much of Gandalf,1
 Character Death Fix,1
 Implied/Referenced Homophobia,1
 Thorin does a dumb,1
 Interspecies Romance,1
 Mildly Dubious Consent,1
 as will the rating,1
 everybody loves Bilbo and gives him shit,1
 Relationship Negotiation,1
Platonic Cuddling,1
 jealous!Thorin,1
 the concept of the modern monarchy is so unfashionable isn't it Thorin,1
 Psychological Drama,1
Post-Battle of Five Armies,1
 Bilbo almost dies,1
 Tweenage angst,1
 (but only minor au),1
 Adopted Children,1
Post BoFA,1
 Thranduil in Panties,1
 Dark Thoughts,1
 Humour,1
 Male Friendship,1
 big fucking dragon,1
 Lots of Angst,1
 Hobbits are their own race,1
Imprisonment,1
 Angry Thorin,1
 protective dads,1
 Polyfidelity,1
 seriously don't mess with his dwarflings bro,1
 Aromantic Character,1
 dwarves have no concept of anal sex,1
 Alternate Universe - Timeline Alterations,1
 all that junk where smaug took erebor never happened,1
 Bard knocks Thranduil out with a stray football,1
 like is that even possible,1
 hobbit magic,1
 Sassy Fabulous Thranduil,1
 So Serious It's Crack,1
 Beorn is a troll,1
 Tilda braids thranduil's hair into a beard,1
 A Day In the Life Of Thranduil,1
 Tongues,1
 Intracrural sex,1
Hurt Bilbo,1
 Smashing of Timelines,1
 Potential Book Spoilers,1
 Fisting,1
 Dungeons are no fun,1
 especially to poor Ori,1
 Forgiveness,1
 Beauty and the Beast Elements,1
 This is going to make your heart hurt,1
Alternate Universe - Always a Different Sex,1
 epic misunderstandings,1
 Betrayal of Trust,1
 Serious Injuries,1
 Headmaster!Thrandy Parent!Bard,1
 Conversations,1
 Getting Together,1
 Dain is judging you all,1
 Power Bottom,1
 Beorn is adorkable,1
 Dwarves Being Awesome,1
Miscarriages,1
 Banishment,1
 Until It Did,1
 Proper Hobbits,1
 Getting to Know Each Other,1
Alternate Universe - Hogwarts,1
 Bilbo Is Awesome,1
 Punk Bard and Pastel Goth Thran,1
Arranged Marriage,1
 Strong Female Characters,1
 Gambling,1
 Shameless Smut,1
 appropriate warnings in chapter summaries,1
 Elven wine is strong,1
 Shire Politics,1
Amnesia,1
 Graphic Injury,1
 Gandalf's hobbit hobby saves the day,1
 I'm Sorry Tolkien,1
 everyone has secrets but the real secret is that everyone knows everyone's secrets,1
 Did I Mention Crack?,1
 Awkward Sexual Situations,1
 Scars,1
 Bearded Dwarf Women,1
 Thranduil is hungover and bitchy,1
 Prepare the Tissues,1
 Virginity,1
 BAMF Hobbits,1
 Post-Movie(s),1
 Half-Sibling Incest,1
 Stranded in a broken-down elevator au,1
 Canon What Canon?,1
 and eventually a happy ending,1
 Pre-Relationship,1
 treasure!sex,1
 Company Bonding,1
 Fighting with sticks,1
 Not Canon Compliant,1
 My First Fanfic,1
 Love Triangles,1
 Dwalin eats cookies,1
 Thranduil worries about the bardlings,1
 Bard thinks Thranduil is just an asshole until he sees him with his kids,1
 attempted suicide,1
 brief fears of suicide,1
 but fabulous,1
 Master/Servant,1
 Non-Graphic Violence,1
 and mature content,1
 Awkward First Time,1
 Bard and Thranduil bake a cake (while drunk),1
 Bard thinks he is too inferior for Thranduil but Thranduil disagrees,1
 but happy ending eventually,1
 Child Abuse,1
 Divorce,1
 because i cant stand sad endings,1
 The tale of the Dragonslayer and the Elvenking,1
 esl!thorin,1
Soulmates AU,1
 Sexual Tension,1
 Explicit Consent,1
 courting braid trope,1
 I love them all,1
 Bilbo is very emotional,1
Angst and Humor,1
 Alternate Timelines,1
 not that scary but I will try to make it entertaining,1
Alternate Ending,1
 Switch Bilbo,1
 angsty feels,1
 socially awkward Thorin,1
 lots and lots of angst,1
 For flavor variety,1
 Dub-con participation in public sex acts,1
 Potential mild body horror,1
 Elven politics,1
 implied prostitution,1
 Thorin is a jealous overprotective twit,1
 Everything is the Same,1
 Modern karaoke night au,1
 Loud Sex,1
 craft,1
 Top Thorin,1
 Bad Flirting,1
 Elf!Bard and Human!Thran,1
 Bilbo wants the D,1
 All hail Thrain Douche Under the Mountain,1
Battle of Five Armies,1
 Smitten Thorin,1
 Out of Character,1
 Goblin King's revenge,1
 which were completely unintentional on the author's part,1
 Party Dwarves,1
 Alternate Universe - Age Changes,1
 naked babies,1
 sneaky elves,1
 just because it makes me cry doesn't mean it's bad,1
 injuries,1
 The Company is so done with this shit,1
 the one where Thorin turns into a dragon,1
 slight PTSD,1
 First Crush,1
 Nanny!Thran works for Bard (you know where this is going),1
 Claim all the silverware!,1
 Mechanic Bard,1
 Thranduil and Tilda bond and Bard's heart turns to mush,1
 Bilbo is indignant,1
 Reincarnation!AU,1
 mentioned past relationships,1
 Hurt Kli,1
 Time Travelling Thorin,1
 Dog walking shenanigans,1
That Chef AU where Bilbo is a chef,1
 Durin Family Angst,1
 Dwarves are Dualists,1
 Timeline Shenanigans,1
 Fix it December,1
 Paraplegia,1
Angst with a Happy Ending,1
 Royalty,1
 baby dwobbit,1
 Minor Angst,1
 Bard is a building super and welder,1
 Scalie,1
 Alternate Universe - Middle Earth Setting,1
 Hobbity Hobbitness,1
 Tongue Piercings,1
 Exploration,1
 Blue mountains,1
 GFY,1
 not helpless!Bilbo,1
 also,1
 Political Intrigue,1
 BoFA-Fix It,1
 Canonical minor character(s) death,1
 Age Regression/De-Aging,1
 courtship rituals,1
 the boat that rocked au,1
 But no rape,1
 Female Dori,1
 not reated,1
 Honorable Dwarves,1
 especially Dwalin & Kli & Thorin,1
 Dwalin makes deals for scones,1
 Sequel,1
 Dwarven Culture and Customs,1
 fix-it attempts,1
 Sex Pollen,1
 Relcutant!Bard and an understanding Thrandy,1
Prompt Fill,1
 Thorin apologizes too much,1
 Everybody gets drunk!,1
 This one is going to be long i can tell,1
 Fli love,1
 I think I got it all,1
Fix-It,1
 Species-ism,1
 and family relationships,1
 Tilda and her ada,1
 Cultural Misunderstandings,1
 Smut and Fluff,1
 More tags later,1
all the dwarves are flustered by master baggins,1
 'cause it's classier when you say it in Elvish,1
 hinted Fili/Sigrid,1
 AU - No burglar,1
 But not really a fix-it,1
 Romance Fail,1
 class politics,1
 Being in jail is no fun,1
 Bilbo bossing people around,1
 Making out in the cinema,1
 Non-Traditional Alpha/Beta/Omega Dynamics,1
 adopt,1
 POV Outsider,1
 dwarf sexism is weird,1
 Warning - massacre,1
 Thranduil offers his hair for Tilda to practice braiding,1
 Dwalin is a mama bear,1
 always with the touching,1
 POV Thorin,1
 Hogwarts professors au,1
 Thorin is a great leader for once,1
 One-Sided Attraction,1
 that's the fic,1
 Thorin doing yoga is definitely a thing that happens in Chapter 2,1
 cross-species romance,1
 Some Graphic Violence,1
 Mild Sexual Tension,1
 past meeting future,1
 Handicap,1
 Holidays,1
 Missing Scenes,1
 Billa is appalled by dwarvish manners,1
 Medical Realism,1
 Team Bonding,1
Love/Hate,1
 BAMF!Hobbits,1
 How much Royalty is Bilbo going to meet?,1
 and majestic,1
 Alternate Universe - College/University,1
 little fili and Kili,1
Alternate Universe - Gender Changes,1
 Elves can die from a broken heart but will Thranduil?,1
 Movie Spoilers,1
 soul mates,1
 THIS IS A FIX-IT,1
 Fainting,1
 nerd!Kili,1
 Dragon!Bilbo,1
 Unresolved Sexual Tension,1
 adorable baby!frodo,1
Babysitter!Bilbo,1
 Angst and Porn,1
 Service Dogs,1
 There's a reason the hobbits dont leave the Shire,1
 Power Dynamics,1
 Infertility,1
 Lingerie,1
 and some humor?,1
 Regret,1
 Dwarrowdam,1
 Florist!Bard and Tattooist!Thran,1
AU-everyone survives,1
 neckin' in the woods,1
Political Marriage,1
Mating Cycles/In Heat,1
 wheelchairs can be sexy,1
 Mutism,1
 not fun,1
 Uptown Girl High School! AU,1
 Hobbit weddings,1
 Painstakingly so,1
 Omega Verse,1
 Dwarfish cultural explorations,1
 Soulmate-Identifying Marks,1
Embarrassment,1
 ambiguous ending,1
 Sea Monsters,1
 but not about the insanity that stuff is still there,1
Enough fluff to make your teeth rot,1
 yet another post-BotFA au,1
 Metamorphosis,1
 Snowballs and Smiles,1
 Firefighter!Bard Au,1
Suicide Attempt,1
 ill attempts at humour are my forte,1
 Might get mature later,1
 and accidentally makes an off the cuff comment in an unrelated interview,1
 Hobbit folk songs,1
Pregnancy,1
 Unashamed Fix-it,1
 Bard and Thranduil become a 'something',1
 things are on fire,1
 Thrin suffers from gold sickness,1
 Bilbo is a space cadet,1
 everything is the same except for they have elemental abilities,1
 Dark,1
 Everyone Is Alive,1
 Enchanted Sleep,1
 a fix-it of sorts,1
 Friends With Benefits,1
 Thorin's got issues,1
 Name-Calling,1
 Bard tells Thranduil about taking the dwarves across the lake,1
 Gandalf the Toad,1
 Singing,1
 but at least there will be cake,1
semi-BAMF!Bilbo,1
 the dwarves have always lived in the Blue Mountains,1
 Intervention,1
 Alternate Universe - Werewolf,1
 More Riddles,1
 Can't trust a wizard,1
Piercings,1
 BAMF Skin-Changer Bilbo,1
 everybody wants Bilbo,1
 body shaming,1
 Adopted Bilbo,1
 Intolerance,1
 Dain the matchmaker,1
 Quest,1
 Adorable Kli,1
 THORIN NO,1
 Petty-dwarves,1
 emotional thuggery,1
soulmate!AU,1
 Male Slash,1
 Silly,1
 Thorin Lives,1
 Biblo ends up with one of the dwarves,1
 Mild Blood,1
 PTSD Bilbo,1
 BoFA AU--Everybody lives,1
 Pipe Weed Use,1
 ...I kinda wan to whack him,1
 Time Loop,1
 sex death and violence,1
 Long Lived Hobbits,1
 Unknown Identity,1
 Thranduil spys on Bard and realises he isn't the only one with scars,1
 Supportive dwarves,1
 I use the canon when I feel like it,1
 Happy,1
 Dain is not actually evil,1
 thorin being a douchebag,1
 Blended family,1
 and i will love you forever,1
 Eventual Romance,1
 Child Bilbo,1
 Crochet,1
 Dirty Talk,1
 Stillbirths,1
Modern Hobbit AU,1
 Then again which of my stuff DOESN'T do that?,1
 Ring Influence,1
 NSFW,1
Multiple Narrators,1
 intracrural,1
 Children,1
 Action & Romance,1
 It goes on,1
 but Thorin gets better I promise,1
 but hobbits are BAMFs,1
 No one messes with Bilbo's goblins,1
 Apparently Kili's cock is pretty damn magic as well,1
 Sexual Identity,1
 Inexplicable babies,1
 Eventual courting,1
 Accidental Marriage,1
 Bilbo is sad,1
 have some wild sex,1
 Moral Lessons,1
 Comedy of Errors,1
 Completely Fucking With the storyline,1
Queen Bilbo,1
 attempted bamf-ness in characters,1
 sad!feels,1
 Warning - Violence,1
 Marriage Proposal,1
 giant wolves,1
 Canon Disabled Character,1
 Bard is injured in battle,1
additional tags,1
 AO3 1 Million,1
 Slow Burn Thilbo,1
 death is sad ok,1
 Please Proceed With Caution,1
 Tilda has a nightmare,1
 violence is likely,1
 Bilbo is So Done,1
 random lembas eating,1
 Bathing/Washing,1
 Thorin takes care of Bilbo,1
Post BOFTA,1
 Fluffy,1
 Thorin's handsy,1
Homelessness,1
 Protective Bardlings,1
 For some reason we have to share a bed,1
 minor pairing: Dwalin/Nori,1
Family,1
 Everyone Lives (mostly),1
 Everyone loves hobbits,1
 Tauriel is pregnant but this is not really a pregnancy fic,1
 Basically Thorin being a jerk,1
 unnoticed devotion,1
 Creepy!Thorin,1
 Tattoos,1
 Screwing up all the time lines,1
 Some violence and mentions of blood,1
major character deaths,1
 Suppression of abilities,1
 Crack Treated Seriously,1
 Clan Rivalry,1
 Thranduil makes a difficult decision,1
 Anxiety,1
 Did I Miss Anything?,1
 sweet and fluffy,1
 Age Difference,1
Families of Choice,1
 Billa is super bad at noticing,1
 I'm glad we don't have time travel,1
 Mostly humor,1
 Bilbo is taking none of your bullshit Gandalf,1
 Sounding,1
 Non-Consensual Drug Use,1
 both of them are lovesick and refuse to do anything,1
 Racism,1
 Gandalf the Grey is a gem in any universe,1
 Deaf Bilbo,1
 Riots,1
 Only hobbits care about propriety,1
 big!brother!fili,1
 Temporary Character Death,1
 Possession,1
 Dramatic Elves,1
 Mild Smut,1
 emotional whiplash,1
 Stockholm Syndrome,1
 Sleepy Cuddles,1
 modern au in which thranduil is a reclusive millionaire and legolas is homeschooled,1
 Shy!Thranduil,1
 Bard accidentally kisses Thranduil,1
 Grumpy horny Thorin,1
Matchmaking,1
 Slice of Life,1
 Engagement,1
 Orcs are Jerks,1
 Dain needs slapped,1
 really - Freeform,1
 Thorin and Bilbo get terribly embarrassed talking about sex,1
 Party,1
 Ableist Language,1
 concerned husband,1
 bodyswap au,1
 Cat smuggling,1
 Wee!Frodo to come,1
 Pranks and Practical Jokes,1
 and Bilbo's got cute little hobbit feet,1
 Starvation,1
 But mostly implied mpreg,1
 Premature Ejaculation,1
 Non-Consensual Groping,1
 fem! Bilbo,1
 Protective Siblings,1
 Fantastic Racism,1
 Unapologetic fluff warning,1
 Political Auditory Voyeurism,1
 Animal Death,1
 Cabbage Patch Hobbits,1
 Animal Death in Chapter Four,1
 A Soulmate au with a twist,1
 Lies of Omission,1
 Ered Luin,1
 Hobbits are Secret Kung Fu Masters!,1
 Legolas come for a visit,1
 ring,1
 Thorin and Billa really need a hobbit-dwarrow dictionary,1
 Thorin Has Issues,1
 Halloween Walk,1
 Young Bilbo,1
 Ice Skating,1
 Dwarves don't explain things,1
 Happy Ending is demanded by the Prompt,1
 Not Actually Unrequited Love,1
 Jewelry,1
Sexual Content,1
 dwarrowdams,1
 Panic Attack,1
 Policeman!Thran and Firefighter!Bard,1
Epistolary,1
 Mischief,1
 Groping,1
 Bard proposes,1
 badass!Fili,1
 Eggpreg,1
 Thranduil is not evil but he's not particularly nice,1
 Bilbo is so cute,1
 Hobbits with power,1
 Deaf Character,1
 little frodo,1
 Tit Torture,1
 Drunk Hobbit,1
 apply ship goggles for Bilbo/Bofur,1
 Angst and Pain Mostly,1
 innocent Bilbo,1
 brief mentions of violence,1
 Shunning,1
 Assassination Plot(s),1
 Alternative Universe - The Shire Falls Instead,1
 minor Ds/OFC,1
 coffee shop au!,1
All aboard the failboat!,1
 Knitting,1
 Thorin Feels,1
 Somewhat Non-Chronological,1
 time-travel,1
 betting dwarves are the best dwarves,1
 I'm making my own,1
 Gender Identity,1
 Stubborness,1
 player!bilbo,1
 Misgendering,1
 Secret Identity,1
 Awkward!Thorin,1
 Abuse Of Feels,1
 Like so much hurt/comfort,1
 Slow Build Bilbo Baggins/Thorin Oakenshield,1
 dams,1
 second pairing slow burn,1
Durincest,1
 Slow Build Probably,1
 shire - Freeform,1
 Company!POVs,1
 Rating bumped due to future Graphic Violence and animal injury,1
 Thorin and Bilbo are both affectionate drunks,1
 Thranduil's advances make Bard shy,1
 and apparently Thorin has a tattoo,1
 not so oblivious bilbo,1
 but people think it does,1
 Baby Dwarves,1
 and Bilbo isn't sure whether they're trying to save the world,1
 Vampire!Bard au,1
 Epic Friendship,1
 drunk!kili,1
 Secretive Dwarves are TOO Secretive,1
 thorin donest know how to deal with emotions,1
 What About Elevensies?,1
 Bigender Character,1
 Bard and Thranduil adopt an elfling,1
 Surprise Sex,1
 thorin is gentle,1
 Middle-Earth AU,1
 Sharing a Bed,1
Orgy,1
 Escape,1
 goblins are people too,1
 canonical character deaths (Drogo and Primula),1
 sweet!kili,1
 Making up things about Dwarves too,1
 Massive angst,1
 Ambushes and Sneak Attacks,1
Sex with Sentient Animals,1
 Eggs,1
 Woke Up Married,1
 Florist!Thran and Tattooist!Bard,1
 Female Ori,1
 Bard gets a new favourite outfit,1
 overly involved friends,1
very slow burn,1
 Protective Dwalin & Kli,1
 Heartwarming,1
 i'm playing around with ages a bit in this,1
 but not for long,1
 Hair Kink,1
 Healer Bilbo,1
 Thorin's awkward flirting,1
 Spider cruelty,1
 Alternate Universe - Cinderella,1
 Fili & Kili are NOT related,1
 Thorin is not an idiot this time,1
 Thorin doesn't understand a hint,1
 also angsty,1
 Fili and Kili are amazing friends,1
 mild PTSD,1
 many many plots,1
 Fight Scenes,1
 Fauns & Satyrs,1
 A drunken bowman and the elfy king,1
 Hidden treasure,1
 Insomnia,1
 that will change,1
 Thorin is a little bundle of angst,1
 idk with these tags,1
 Male-Female Friendship,1
 Post Unexpected Journey/Pre Desolation Of Smaug Universe Alteration,1
 Alternate Universe - Pre-Canon,1
 Avari freeform,1
 Gandalf tries to be omniscient,1
 Trans Character,1
 major character deaths,1
 AU - Everyone lives,1
BAMF Bilbo,1
 Beard problems,1
 eventual angst,1
 Reincarnation,1
 Comatose Bilbo,1
 Lesson,1
 Lost without the Wizard,1
 a few of them,1
Mythical Beings & Creatures,1
 Thorin and Bilbo live in the Shire,1
" pervert ""dwarves""",1
 are dwarves a kink yet,1
 Thranduil can't keep his hands to himself even at important meetings,1
 testy Thorin,1
 Thorin and Bilbo are adorable,1
 Fili & Kili Coming Into Their Own,1
 Mutual Masturbation,1
 Hallucinations,1
 Technically there is Attempted Suicide through Nonaction,1
 Billa Baggins- Character,1
 Single dad feats,1
 Archery,1
 Fictional Religion & Theology,1
 Spanking,1
 Painplay,1
 Foot Fetish,1
 New Shire,1
 trust me - Freeform,1
Original Character(s),1
 Fix it -AU,1
 Touching,1
 protective!Fili,1
 Each chapter has individual tags,1
 Oblivious Dwarves,1
 Tauriel is not buying your bullshit Bilbo,1
 multiple temporary major character deaths,1
 Company-focused fic with some Thilbo thrown in,1
 Flustered Hobbits,1
 Slight consent issues,1
 Seriously so much smut,1
 Scalies,1
 Guilt,1
Thilbo,1
 Pre-Hobbit,1
 Aphrodisiacs,1
Alternate Reality,1
 No Tauriel,1
 a hint of self harm via suppression of abilities,1
 Wanderlust,1
 Gandalf is a big ol' romantic,1
 Anal Plug,1
Kink Meme,1
 More like ignoring it,1
 Until it isn't,1
 Teetering on the fringes of Durincest,1
 Kli lives,1
 Sex Toys,1
 Young Legolas,1
 Pining Thorin,1
 Mild prisoner abuse,1
 Homophobic Language,1
 Bilbo thought they were dead,1
 or as happy an ending as you can get when you're going cannonical with the BOFA,1
 Original Dwarf Characters - Freeform,1
 Stripper AU,1
Madness,1
 No character bashing,1
 Bilbo Is Not At All Impressed With Dwarves Right Now,1
Shameless Smut,1
 fem!Fili - Freeform,1
 this totally isn't contrived I don't know what you're talking about,1
 Implied/Referenced Incest,1
 fertile!hobbits,1
 Oddly Maudlin,1
 Clothed Sex,1
 saucy songs,1
 Durin!Thorin,1
Mildly Dubious Consent,1
Post Mpreg,1
 Orcs,1
 Dwarves are idiots,1
 Barebacking,1
 Body Horror,1
 Also lot of feels,1
 !BAMF!kili,1
 vampire!AU,1
 Alpha Thorin,1
 Fili is getting pretty tired of Thorin's shit,1
 Earrings,1
 Implied Relationships,1
 The bardlings talk to Thranduil,1
 Graphic Description,1
 Creampie,1
 honestly when is Thorin not grumpy?,1
 Laughter during Sex,1
 Implied/Referenced Character Death,1
 Dwarves are here!,1
 Action,1
 HRBB14,1
 A different kind of pyjamas,1
 sass master!Bilbo,1
 Missionary Position,1
 Gift Fic,1
 A Barduil Birthday,1
Size Difference,1
 War descriptions,1
 Non-existant Debts,1
 Bilbo is as stubborn as they come,1
 making everything up as I go,1
 Bard has a minor freak out,1
 POV Bilbo Baggins,1
 Behind-the-scenes fic,1
 Bard notices Thranduil has aged even though elves are meant to be immortal and ageless,1
 life debts,1
 Thranduil and kittens,1
 Merman!Bard AU,1
 Slavery,1
 Anal Fingering,1
 Threats of Violence,1
 Thranduil isn't as evil as he seems,1
Needles and Roses!AU,1
 Consummation Witnessed,1
 Marriage,1
 Slapping,1
 Kili Is Not A Spare,1
 If You Die I Will Kill You,1
 Body Worship,1
 absence makes the heart grow fonder,1
 two great tastes that taste great together,1
 Letters,1
 discussion of abuse,1
 Canon died in a ditch somewhere,1
 Alternate Reality,1
 if only he had a beard,1
Hobbit Culture,1
 Bard has a nightmare,1
 also this is really cheesy I warned you guys,1
 m/m is only touched on,1
Character Study,1
 greaser!Bard and prep!Thranduil,1
 Torture,1
 sex savant Kili,1
 Gandalf does not approve of this,1
 Alternate Universe - Assassin's Creed Fusion,1
 No azog,1
 Azog - Freeform,1
 Multiple Pairings,1
 Possible Future Movie Spoilers,1
 pierced!kili,1
 An oasis in the forest,1
 dwarflings,1
 Bottoming from the Top,1
 canonical minor character deaths,1
 and Thorin is the irascible food critic,1
 Steamy Sex,1
 we will figure this out together,1
 blatant misuse of the One Ring,1
 reimagining of events,1
 burglar!Bilbo,1
 Lack of modesty,1
 Brothers,1
 hobbit kink meme fill,1
 gratuitous floriography and a pretentious title,1
 Wow,1
 Mentioned BAMF Bilbo,1
 Long-Lived Hobbits,1
 Alternate Universe - Groundhog Day,1
 Cultural Exploration,1
 Nobody is perfect,1
 Bilbo is hurt and stubborn so he won't say a thing,1
 University!Au Thranduil needs models for a photography project,1
 PDA makes other people feel incredibly awkward about themselves,1
 Sass Master Bilbo,1
 suggested mpreg,1
 (little bit) of self-harm,1
 Cliffhangers,1
 Alternate Universe - Fashion & Models,1
 slow building romance,1
 Alternate Universe - Firefighters,1
 Again,1
 And a severe lack of logic,1
 Goblin Town,1
 Magical Tattoos,1
 Knitted Axes - Freeform,1
 class examination,1
 Why Thranduil went into Dale during the battle,1
 pretend that the timeline for this makes even the slightest lick of sense,1
 with each other that is,1
 Gandalf Meddles,1
 Cis Female Bilbo,1
 Dramatic Rescue,1
Explicit Sexual Content,1
Grief/Mourning,1
 mordor sucks,1
 Cuddling,1
 Innuendo,1
fem!Bilbo/Thorin - Freeform,1
 Audio-Voyeurism,1
Touching,1
 POV Male Character,1
 Historical,1
 servitude,1
 Slave Bilbo,1
 and kissing,1
 that's an actual tag,1
 Voyeurism not fully explained to the someone who is already panicking,1
 Billa has self-esteem issues,1
 Chapter-specific warnings in notes (nothing really major),1
 unfulfilled Boffins,1
Plot What Plot/Porn Without Plot,1
 BotFA Fix-It,1
 Awkward Thorin Oakenshield,1
 Blood Magic,1
 The Fell Winter happens,1
Dwarf Culture & Customs,1
Overprotective Dwarves,1
 BOFA AU,1
 Dwelf Twins,1
 Grief,1
 Young Thorin,1
 Post-BoFA relationships,1
 Thorin has no idea what is going on,1
 Thorin really loves him,1
 Lots of Feels - Because I Am Somewhat Incapable Of Writing Angst,1
 food hoarding,1
 hobbits do not have fire-callings,1
 Gardening,1
 lol,1
 model and photographer au,1
Book Spoilers,1
 The AU where Frerin did some traveling,1
 Freeform,1
 Mild Beauty and the Beast fairytale references,1
 Sexual Roleplay,1
 All the Durins basically are in love with Bilbo,1
 Tears,1
 Outdoor Sex,1
 Shire shenanigans,1
 Amnesia fic,1
 Angsty Thorin,1
 Alternate Universe - Bilbo Remains In Erebor,1
 slight angst,1
 Tails,1
 Threesome - M/M/M,1
 Crying During Sex,1
 Caretaker!Bilbo,1
Alpha/Beta/Omega Dynamics,1
 Bard stumbles across Thranduil bathing in a pond,1
 dontkillmeplease,1
Bearded!Hobbit,1
 for who could ever learn to love a beast,1
 After battle reassurances,1
 Thranduil makes preparations for Bard's death,1
 Soldier AU,1
 Orgasm Delay/Denial,1
just kind of random happiness,1
 Slow Love,1
Emotional Hurt/Comfort,1
 Discovering a kink,1
 Overprotective Family,1
Alternate Universe - Military,1
 eventual heroics,1
 This fic shall be an angst cake with angsty layers and some fluff intermixed,1
 Future Bilbo torture,1
 bilbo is only a little hobbit,1
 Rain,1
 Barrenness,1
 Prostate Milking,1
 Switch Thorin,1
 Frerin is still dead,1
 Thranduil curling up around Bard like a cat,1
Father-Son Relationship,1
 conflicting desires,1
 Radagast and his hilarious scrubs,1
 but definitely not of the adventuring sort,1
hobbit lore,1
Dubious Consent,1
 The Company holds daily interventions for them,1
 leave a comment,1
 Sons of Durin 'verse,1
 Erebor never fell,1
 Fili kinda has big thing for Bilbo,1
 Imagine Thranduil with a slight Russian accent,1
 Thranduil comes to reclaim something of his (and it's not the diamonds),1
 Post-BOFA,1
 Beard!kink,1
 mischievous Hobbitlings,1
 Endless fluff,1
 Noble Sacrifice,1
 Epistolary,1
 hobbit reverse big bang 2014,1
 Psychological Torture,1
 thank you and good morning,1
 Dwalin doesn't know what he's started...,1
 I'm the author so I can fall in love for my characters,1
 tango-ing barduil,1
Magic,1
 Bard badly injures himself saving Thranduil,1
 Partnership,1
 Ballet as a subplot,1
 Incest,1
 magic baby,1
 manipulative!Thorin,1
 Wealth,1
 Thranduil why does Elrond think we're married?,1
 Cupcake shop au,1
Platonic Female/Male Relationships,1
 Pipeweed,1
 more tags to be added later,1
 Fear of Heights,1
 Sabrina!Au,1
Soul Bond,1
 Frightening mix of book and movie canon,1
 Frerin got there first,1
 Past Love,1
 Riddles,1
 Self-Lubrication,1
Future Fic,1
 But like actually how did Dwalin grow up with Balin and never learn how to use his words,1
 all dwarves get a line,1
 Hobbits can be greedy too,1
 Fluff galore,1
 Caring respectful relationship,1
 NOTE: MOST OF THIS FIC IS T-RATED,1
 more pining pre-slash actually,1
 tattoo artist!Bilbo,1
 Character(s) of Color,1
 Social Isolation,1
 BagginShield fluff,1
 Love at First Sight,1
 Near Death Experience,1
 Possible Implied/Referenced Incest,1
 Thranduil and the One Ring,1
 Bad Spelling & Grammar,1
 Follow up story to An Expected Journey,1
 When Thorin met Fili,1
 Voyeurism,1
 but not the evil sort of jewelry,1
 Wall Sex,1
 Now new and improved with feels,1
 worried Bard,1
 Enemies to Lovers,1
 Sibling Love,1
 Fili & Kili Growing Into Being Heirs,1
 more pairings to be added,1
 Gender politics,1
 in which thorin is an awkward as fuck bitch,1
That Chef AU where Thorin is now an investor in Bilbo's new restaurant,1
 Beauty and the Beast,1
Rough Sex,1
 light dub con if you squint,1
 I'm shocked this isn't crackier to be honest,1
Alternate Universe - Soulmates,1
 lots of cooking,1
 Battle of Azanulbizar,1
 Sex Education,1
 Thorin Broods,1
 Heartache,1
 maybe a little bit of angst,1
 Kili/Tauriel - Freeform,1
Humour,1
Incest,1
 Hobbits Can't Swim,1
 yet not really fix it - it's complicated,1
 Dumb Dwarves,1
Slash,1
 BDSM,1
 Polyandry,1
 Boys Kissing,1
 lots of madness,1
 Fili likes facials,1
 Lord Of The Rings AU,1
 okay I may have lied about the cake,1
 do you see the problem here,1
Adventure,1
 Shy Ori,1
 Time Travelling Bilbo Baggins,1
 Injured Hobbit,1
 Halloween,1
 Skin-Changer Bilbo,1
 Gags,1
 Dwarven beauty standards,1
 Durin Family,1
 dragon Thorin,1
 gossiping hobbits,1
 Thranduil gets badly injured in the battle,1
 or just the isolationist European country,1
 a bit of violence,1
 invisible blowjob,1
 Female Bilbo Baggins - Freeform,1
 Valentine's Day,1
 Snarky Bilbo,1
 Bilbo as the moody pessimist,1
 Sex and Marriage,1
 Grieving,1
 Rituals,1
 drugged elvish wine,1
 Elves and Dwarves,1
 Young!Thorin,1
 sad things,1
 Gandalf is kind of a wizardy Godfather,1
 bilbo is still a respectable little hobbit,1
 damn Gandalf and his meddling,1
 Drama without fluff is nothing,1
 Braids,1
 dwarves fucking hobbits in a fantasy world--may require some suspension of practical reality,1
 Elvenking,1
 copious angst and fluff in equal measure,1
 but no actual abuse as Thorin has the wrong end of the stick,1
 Dwelf Kli,1
 Planned Series Even After Two Main Parts Are Done (I have MANY more story ideas for them!),1
Mute Bilbo,1
 Bilbo is a terrible match-maker,1
 life - Freeform,1
 BigBrother!Bilbo,1
 Sort of a Slow Build,1
 Eloping,1
 Mild Gore,1
 Creepy Elves,1
 no romantic interest yet,1
 Appointed Heirs and Angry Realitives,1
 Near Death Experiences,1
 Dwarfling Adorableness,1
 Loving Thorin,1
 Bilbo Baggins is a badass,1
 Shapeshifting,1
 Past Abuse,1
 Dragon Hoard,1
 My First Work in This Fandom,1
 Coma,1
 It doesn't actually happen,1
 The incident with the unsubtly inappropriate game of pool,1
 Ori is just too cute,1
 Porn With Plot,1
 Fluff breaks are important,1
 Creepy,1
 Fli Lives,1
 Sick Bilbo,1
Discussion of underage relationship,1
 Dwarf Bilbo,1
 Modesty,1
 Don't give up on Dis,1
 you can trust me really,1
 BAMF Belladonna Baggins,1
 (not so very) unrequited love,1
 then later not so platonic cuddling,1
Romantic Comedy,1
 Hobbits are Slaves,1
 Desolation of Smaug,1
 Discussion of non-con,1
 Gandalf is a Troll,1
 A Barduil Bagginshield dinner reservation,1
 Hobbit Urges,1
 Forehead Kisses,1
 Thranduil gets jealous as the women of Dale attempt to attract their king,1
 Protective Azog,1
Always-a-lady!Bilbo,1
 one-sided Tauriel/Elladan,1
 Bard spend the day teasing Thranduil but makes it up to him later,1
 itll get fluffy at some point,1
 dwarves are actually really shy about FEELINGS,1
 Gandalf a jerk in later chapters,1
 he's pissed until he hears about the fish,1
 thranduil is feeling a little insecure,1
Thorin is a satyr,1
 Hobbits are the shock troopers of polite society,1
 Jealous Thorin,1
 No sex before marriage,1
 Polish Translation Available,1
 I'm in love with Frerin,1
 Snippets,1
 correcting homophobic language,1
 Hobbits have secrets,1
 Foodcritic!Thrandy and chef!Bard,1
 but bilbo does,1
 i love it,1
 Suspected abuse,1
 suggested ori/kili,1
 everyone no,1
 Thranduil never leaves Middle Earth and eventually Bard is reincarnated,1
 Survivor Guilt,1
 Whump,1
 I make up stuff about Hobbits,1
 Bilbo is a dragon who'd like nothing more than to stay at home and read or smoke Old Toby,1
 Past Lives,1
 Overstimulation,1
 A wedding night under the stars,1
 boom - Freeform,1
 Bottom Thranduil,1
 thorin is a blacksmith,1
 Keep that in mind while reading this please,1
 Bond phases,1
 Surprises,1
 dwarrows,1
 omg lady!Bilbo is now oficcially an addiction,1
 and Thorin is a king of some remote isolationist European country,1
 Bard Makes a Phone Call,1
 Kili really likes cumplay,1
 kiliel - Freeform,1
 Fellatio,1
 Past Character Death,1
 Messing With The Time Line,1
 Fix-it: BOFA,1
 Bard pretends to know French,1
 Egg Laying,1
 Minor Character Death(s),1
 Medieval Medicine,1
 Barduil does snapchat,1
 Cameos by most major Hobbit/LotR characters,1
 Kitty - Freeform,1
 Ancestral Weapons,1
 Female Oin,1
 Fail!MaleAnatomy,1
HRBB14,1
 Found Family,1
 POV Alternating,1
 Erebor was lost centuries ago,1
 For the most part,1
 Obliviousness,1
Female!Bilbo,1
 Smut as well,1
Courtship,1
 Company-centric,1
 Fili is a fantastic wing-woman,1
 Possessive Azog,1
 Drunk Dwarves,1
 Hair,1
 Traveling,1
 Mean Thorin,1
 something just went boom,1
 Awkward Flirting,1
 Thranduil uses his glamour to make it look like they are growing old together,1
 General feels,1
 Really!,1
 Barrels - Freeform,1
 Adopted Sibling Relationship,1
 kilbo - Freeform,1
 demisexual!thorin,1
 BILBO NO,1
 lots of fluff,1
 Betrayal,1
 Thorin is super bad at being subtle,1
 meddling wizards,1
 Tweenagers,1
 Oblivious Thorin,1
 Bottom Bilbo,1
 drugged!Thorin,1
 Dwalin's the smartest,1
 Running Away,1
 well almost everyone at least,1
 Bard & Bilbo are total bros,1
 Snowballing,1
 things are coming closer together,1
 Thranduil neglects to mention that he might in fact be the Elvenking,1
 Consensual Kink,1
 Hair-pulling,1
 Mixed-species children,1
 Conspiracy,1
 so much porn,1
 Thorin on painkillers,1
 Thranduil glamours himself to make his frequent visits more discreet,1
 that escalated quickly,1
 a bit dark,1
 hopelessness,1
 at least in the first couple chapters,1
 the last two are related,1
Stuff happens,1
 But not all the time,1
 Waking up in Vegas AU,1
 in the protective way,1
 Bard learns Elvish and discovers exactly what Thranduil has been murmuring while he works,1
 I'm so sorry Ori,1
 WIP she wrote,1
 emotional smut,1
 Omega Bilbo,1
 sleepingbear!Kili,1
 music festival AU,1
 Aftermath of Slavery,1
 Mwahahaaa,1
 radagast's mushrooms taste fair enough when sauteed with butter,1
 only a little angst,1
Alternate Universe - Smaug fell when he attacked,1
 Shirtless dwarves,1
 vengeance,1
 Speciesism,1
 Rotating POV,1
 Attempted Rape/Non-Con,1
 Sass,1
 ha,1
 Ones,1
 won't take Thorin's or anyone's crap for long,1
 Canon Divergence,1
 because why not,1
 FilOri,1
Forced Marriage,1
 Will Give You Cavities,1
 it gets explained,1
 sick reader,1
 Girl Bilbo,1
 playing with the timeline,1
 Love/Hate,1
 everyone survived BoFA,1
 Blow Jobs,1
 and Gandalf is ex-MI6,1
 innuendos,1
 beads,1
 killiel - Freeform,1
 Tags to be added as needed,1
 Kli Is a Little Shit,1
 Sigrid and her ada,1
 Mentions of Slavery,1
 Wargs and Orcs,1
 I know everyone really reads this for the home renovation sections not the sex,1
 Ridiculous fic inc,1
Fluff and Smut,1
 The Ring has come in to play,1
 Bilbo Baggins wields Mjolnir,1
 Thranduil is injured on the road,1
 and fluff,1
 well i suppose there is sort of some romance,1
 Physically Crippled Bilbo,1
 Perceived Child Sexual Abuse,1
 Thorin don't you dare die,1
Bilbo Baggins/Thorin Oakenshield is both past and future,1
 consensual sexual objectification,1
 PTSD Thorin,1
 Bard get's injured in a battle,1
 There are much better ways to be chained,1
Rule 63,1
 Genderfluid,1
 Roughhousing,1
 highly symbolic dreams about royalty,1
 just go with it,1
 and Thorin isn't making it better,1
 Dori gives everyone tea,1
 Shaving,1
 Angst with a Happy Ending,1
 really just playing dress-up,1
basically I mention everyone a bit,1
 But He Is A Romantic Dufus,1
 with a crush the size of mount kilimanjaro,1
Bathing/Washing,1
 Dysfunctional Relationships,1
 plotting!fili,1
 Forced Orgasm,1
 trigger warning for attempted rape in Chapter 19,1
 girl!Bilbo,1
 Thorin is a chatty bastard with a new outlook on life,1
 Threats of Rape/Non-Con,1
 Mention of abuse,1
 Post-Hobbit,1
 bilbo bottom,1
 The Graphic Description of Violence is for later chapters,1
 Consequences!,1
 fem Dori,1
 That AU where Bilbo is a wizard,1
 Thorin's A+ Parenting,1
 warnings in relevant chapters,1
 and he has no use for anything that might make him late for tea,1
 hobbit politics,1
 over protective parents,1
 Beorn's House,1
 Graphic Violence,1
 Weapons,1
 The Great Goat Conspiracy,1
 meetings arent for young ones,1
 Hobbits Have Hidden Abilities,1
 Bard is moping so Thranduil fixes it,1
 Self-Hatred,1
 Bard has a pavlovian response to the name Dragonslayer,1
 Hobbit Culture & Customs,1
 especially regarding love,1
 Bard is a put upon retail assistant and Thranduil is an asshole customer,1
 Thorin has less cognitive skill than a concussed duck,1
 Child Abandonment,1
 Bard proposes and Thranduil is confused,1
 Humiliation,1
 Morning After,1
 Sexytimes,1
 Mostly rated T except for Ch35,1
 Everyone Needs A Hug,1
 though I'm going to put you through hell to get there,1
 Consensual Sex,1
 Deepthroating,1
 Floor Sex,1
 No Journey,1
 Nature,1
 But with a happy ending,1
 Alternate Universe - Not Related,1
 about their relationship that goes viral,1
 Thorin Is Not Emotionally Consitpated,1
 Thorin being his usual angsty self,1
 Tolkien cannon used,1
 That's it,1
 Biting,1
 Sexual politcs,1
 Ikea furniture is a problem child,1
 Angst now?,1
slight timeline/surroundings AU,1
 tiny Hobbits having fun,1
 Pregnancy,1
 We're gonna ignore the Ring maybe,1
 Respectable Hobbits,1
 googly love,1
 mention of MPREG,1
 Multiple Orgasms,1
 Loss of Identity,1
 promise!,1
 Bilbo Bromances Everyone,1
 more silliness,1
 Size Kink,1
 Las Vegas Wedding,1
 There will be pining,1
 Mild Case of Gold Sickness,1
 the troll trio,1
 Lack of Communication,1
 Bard/Thranduil/Ned,1
 Someone tries to poison Bard,1
 Jewellery store and hunting store pining across the mall au,1
 humor?,1
 the one ring is a jerk,1
 more of the books and good food type,1
 Bard suffers from some drunken memory loss,1
 Inter-Species Relationship,1
 Post Hobbit,1
That AU where Bilbo is a security analyst (NOT a spy thank you Kili),1
 Men who are mean,1
 Group Sex,1
 Angst pasta with angst sauce,1
 Amnesia,1
 Radagast ships it,1
 And Kili and fili being cute and close to Bilbo,1
Action/Adventure,1
 Jealous Fli,1
 the whole company is a bunch of merchants,1
 Hate Sex,1
 blonde frerin,1
 Balin needs to chill,1
 minor pairing: Lindir/Elrohir,1
 Xenophobia,1
 Or the Dwarves,1
 Heavy Angst,1
 Mutilation,1
 After the phone call,1
 AU/Altered Events,1
 but only teetering,1
 Slow Dancing,1
 Additional Warnings Apply,1
Here lies insanity,1
 Thorin has a magic cock,1
 Polygamy,1
 Grinding,1
 Infant Death,1
 Arkenstone - Freeform,1
 Assassination Attempt(s),1
 Like really slow,1
 Kid!Fic,1
 elves what elves?,1
 Starving Dwarves,1
 Alternate Universe - No ring(s) of power,1
 pierced!bilbo,1
 wip betaed,1
 Bard subconsciously starts playing love songs to a beautiful stranger,1
 Dream Sex,1
 In fact the entire nursing staff is shipper trash,1
 Speech and Language,1
 Magical Realism,1
 Ambiguous/Open Ending,1
 PWP,1
 so my childhood Tolkien fan never finds out about this fic,1
 Thranduil is a ballet dancer,1
 the Durins in general seem to have a thing for semen,1
 Theoden is tired of everybody's emotional crap.,1
Pirates,1
 Despite these tags it's not all doom and gloom!,1
 Elven and Dwarven relations,1
 established relationship (kinda),1
 Geologically Improbable Hot Springs,1
Reincarnation,1
 Laketown,1
 Elves,1
No Smaug,1
 Middle Earth is a Dark and Dangerous world,1
 Thorin POV,1
 Thorin hates tall people,1
 Debating on that just a tad,1
Alternate Universe - Pokemon Fusion,1
 Suicidal Thoughts,1
 Schmoop,1
 Fili/Bilbo is probably the main pairing,1
 but he isn't entirely sure whether this is really his cup of tea,1
 Female Nori,1
 Mentors,1
 Alternate Universe - Canon,1
 kidnapping wizards,1
 Dwarven Culture Porn,1
spoilers for end of book,1
 Drunk Dancing,1
 Dwarf/Hobbit Sex,1
 POV Multiple,1
 First Meetings,1
 of a sort,1
 Elvish,1
 It's not pushing him away that you'll show him you cares Thorin!,1
 Top Bilbo,1
 Flirting,1
 Not entirely canon-compliant,1
 the au where bilbo was married to frerin,1
 florist!Thorin,1
 Werewolf Bard au,1
 Bard decides to give dating one last try,1
 that had 'kili' in it,1
 Spit-roasting,1
Alternate Universe - Reincarnation,1
 Warning: silliness,1
 Lasting Effects of the Ring,1
 In which Dwalin is a shitty communicator,1
 Eventual Fluff,1
 Thorin is romantic while drugged,1
 Bear with Bilbo's daughter's name,1
 not-fertile!dwarves,1
 Tags Will Also Be in Chapter Titles and/or Summaries,1
 accidental nudity,1
 Drinking Songs,1
My Fair Lady!AU,1
 Sappy Ending,1
 Thranduil is manipulative,1
 Thievery,1
 Idealization of Suicide,1
 Memories,1
 Stubborn Dwarves,1
 Murder Mystery,1
 but preferable to hobbit sexism which is just awful,1
 Major Character Injury again,1
Dirty Talk,1
 Bree is Vegas,1
 Mildly Graphic Labor,1
 Family Issues,1
 Taboo,1
Fake Relationship,1
 Bofur and Bilbo BFF's,1
 Severe Injury,1
 set in middle earth,1
 Asexual Relationship,1
 crackish,1
 One Shot,1
 Dwarven 'Ones',1
 Sleepy!Thorin,1
 Bilbo is determined to save everyone,1
 Very angst,1
Asexuality,1
 this turned out to be a whole lot more angsty than i thought,1
 Ancestors,1
 Cooking,1
 then some hate/love,1
 slightly dysfunctional relationship,1
 Lima Syndrome,1
 Parent-Child Relationship,1
 some violence,1
