,24
 Fluff,22
 Hurt/Comfort,20
 Pale Romance | Moirallegiance,17
 Xeno,17
 Illustrated,14
 Humanstuck,13
 Angst,12
 Alternate Universe,12
 First Time,11
 Anal Sex,11
 Oral Sex,10
 AU,9
 Developing Relationship,9
 Masturbation,9
Humanstuck,9
 Flushed Romance | Matesprits,9
 Body Horror,9
 Dirty Talk,8
Alternate Universe,8
 Alternate Universe - No Sburb Session,8
 Pesterlog,8
 Sexual Content,8
Pale Romance | Moirallegiance,8
 Underage Drinking,7
 Frottage,7
 Post-Sburb/Sgrub,7
 Black Romance,7
 Sadstuck,7
 Alternate Universe - High School,7
 Light Bondage,7
 Violence,6
 Caliginous Romance | Kismesis,6
 Fluff and Angst,6
 Culture Shock,6
 Ashen Romance | Auspistice,6
 PWP,6
 Humor,6
 Dubious Consent,6
 Bullying,5
 Quadrant Confusion,5
 Age Difference,5
 Gore,5
 Mind Control,5
 Hand Jobs,5
 Depression,5
 Incest,5
 Sibling Incest,5
 Romance,5
 Alternate Universe - College/University,5
 Language Barrier,5
 Dom/sub,5
 Friends to Lovers,4
 Torture,4
 Internalized Homophobia,4
 Exhibitionism,4
 Humiliation,4
 Blood,4
 Red Romance,4
 Blow Jobs,4
 Child Abuse,4
 Past Child Abuse,4
 Stalking,4
Pale Romance,4
 Minor Character Death,4
 Post-Sburb,4
 Voyeurism,4
 Light Dom/sub,4
 Embedded Images,4
 Trans Male Character,4
 Emotional Hurt/Comfort,4
 Sex Toys,4
 Action,3
 Intercrural Sex,3
 Mildly Dubious Consent,3
 Growing Up,3
 Slow Build,3
Threesome - M/M/M,3
 Comfort,3
 Rough Sex,3
Body Horror,3
 Species Swap,3
 Brainwashing,3
 Physical Abuse,3
 Roommates,3
 Threesome,3
Angst,3
Alternate Universe - Human,3
 Alternate Universe - No Sburb/Sgrub Sessions,3
 Alien Culture,3
Petstuck,3
 Alternate Universe - Fantasy,3
Trollstuck,3
 Sexual Violence,3
 Eventual Happy Ending,3
 Trans Character,3
 Teen Angst,3
 Future Fic,3
 Cult of the Signless Sufferer,3
 Slow Burn,3
 Mutual Masturbation,3
Hurt/Comfort,3
 Alternate Universe - Canon Divergence,3
 Sickfic,3
 Established Relationship,3
 Suicidal Thoughts,3
Established Relationship,3
 Self-Harm,3
 Come Inflation,3
 Abandoned Work - Unfinished and Discontinued,3
 Petstuck,3
 Consent Issues,3
 slight AU,2
 Polyamory,2
 Withdrawal,2
 Quadrant Vacillation,2
 Rape,2
 Emotional/Psychological Abuse,2
 Happy Ending,2
 Smut,2
 Rape/Non-con References,2
 Pale Romance,2
 Caretaking,2
 Slavery,2
 Gender Dysphoria,2
 Cuddling & Snuggling,2
 Alternate Universe - No Sgrub Session,2
 Nook Eating,2
 Mating Cycles/In Heat,2
Age Difference,2
 Crossdressing,2
Masturbation,2
 Aftercare,2
 Parenthood,2
 High School,2
 Bondage,2
 Kink Negotiation,2
 Homestuck Kink Meme,2
 Anxiety,2
 Sexting,2
 Virginity Kink,2
 Minor Violence,2
 Drug Use,2
 Retcon Timeline,2
 Ensemble Cast,2
 Eventual Smut,2
Mpreg,2
 Alien Cultural Differences,2
 Transgender,2
 First Kiss,2
 Blood Drinking,2
 Mental Health Issues,2
Post-Sburb,2
 Strider Manpain,2
 Shower Sex,2
 Sexual Tension,2
 Kidnapping,2
Daddy Kink,2
 Threesome - M/M/M,2
 Xenobiology,2
 Character Death,2
 Family Feels,2
 Time Shenanigans,2
 Community: bucketlist,2
 Murder,2
 Infection,2
 Explicit Sexual Content,2
Xeno,2
 Anal Fingering,2
 Rimming,2
 Injury,2
 Death,2
BDSM,2
Emotional Hurt/Comfort,2
 Meaningless Consent,2
 Horn Stimulation,2
 Abuse,2
 all of them - Freeform,2
 Self-Hatred,2
 Public Sex,2
 Cheating,2
 Suicide,2
Sadstuck,2
 Complete,2
Post SBURB,2
 Vomiting,2
Alternate Universe - High School,2
 Biting,2
 Trans Female Character,2
 Muteness,2
 Hermaphroditic Trolls,2
 Size Kink,2
 trigger warning,2
 Forced Orgasm,2
Polyamory,2
 Sloppy Makeouts,2
 Friendship,2
Incest,2
 Rope Bondage,2
 Xenophilia,2
 BDSM,2
 Suicide Attempt,2
 Power Imbalance,2
 Space Pirates,2
 Nerdiness,2
 Mpreg,2
 Hemostuck AU,2
 Terminal Illnesses,2
 Flushed Romance,2
Alternate Universe - College/University,2
Voyeurism,2
 Alternate Universe - Science Fiction,2
 Psychological Torture,2
Prompt Fic,2
 Hallucinations,2
 Meteorstuck,2
 Trollstuck,2
 Spanking,2
 Denial,2
 Adoption,2
 Cybersex,2
Species Swap,2
 Sexual Harassment,2
 Alternate Universe - Canon,2
 Stridercest - Freeform,2
Sibling Incest,2
touch starved teens,2
Kink Meme,2
 Horror,2
 Drunkenness,2
 Possessive Behavior,2
 Collegestuck,2
 Breathplay,2
 ufutverse,2
 Subjugglators,2
 Coming of Age,2
 Mental Breakdown,2
 Post-Scratch,2
Pesterlog,2
 Alien Gender/Sexuality,2
Post-Sburb/Sgrub,2
Movie Night,2
 College,2
 Helmsman,2
 Purring Trolls,2
 Psychological Trauma,2
 Vauge Circus Bullshit,1
 dramatic window glances,1
 Minor Karkat Vantas/Terezi Pyrope (unrequited/past),1
 Friendship/Love,1
 Shotgunning,1
 Pranks and Practical Jokes,1
 Arranged Marriage,1
 crankcalls,1
 awkward bro moments,1
 Alternate Universe - Alternian Invasion,1
 Kink Meme,1
Supernatural Elements,1
 Separation,1
 Almost!Brobot!Auto-Responder,1
 Interrogation,1
 Wheelchairs,1
 jizz,1
 Psionic Bondage,1
 yogurtstuck,1
 also i promise happy endings jeez,1
dead daves,1
 biotech,1
 Unrequited Love,1
 Butthurt Boyfriends,1
 Past Alcohol Abuse/Alcoholism,1
 Cliche,1
 Intersex Character,1
 Praise Kink,1
FTM Dave,1
 Pre and Post Retcon Timelines,1
 Asphyxiation,1
Fluff,1
 elf fantasies,1
 Explicit Language,1
 Lots of tags up there but the main ship is Dirk/Jake and Dirk is the main character!,1
 First Love,1
 Bath Sex,1
 Mind Rape,1
 sexy car washing,1
 not Beyond compliant,1
 Also it burns,1
 Hemospectrum,1
 Not all ships are endgame and some are only mentioned in passing,1
 Also I am NEVER going to abandon this fanfic,1
 Minor Drug Use,1
 Dubious Morality,1
 How the fuck do you pronounce LOWASALARAHACAFAF?,1
 The Full Sex,1
 Character Death Fix,1
 egbert salad sandwich,1
 Suits,1
 blood/injuries,1
 sollux is a dick,1
 Secret Relationship,1
Forbidden Love,1
 Alternate Universe - Superheroes/Superpowers,1
 Alice in Wonderland,1
 Psychic Bond,1
 Polyamory Negotiations,1
 generic college AU,1
 kink meme fill,1
 Video,1
 Roxy's bad grammar,1
 also high school,1
 Rebellion,1
 dave is not very subtle,1
 Dirk and Bro are separate people,1
 there will be sex i swear,1
 its middle school what do you expect,1
 Nature Magic,1
 Drug Abuse,1
 Victim Blaming,1
 Blood and Torture,1
 also some not so fluffy things,1
Crossover,1
 Bonding,1
 Or maybe right,1
 Vriska Serket/Karkat Vantas (implied black tension),1
 Angst and Humor,1
 Act Six,1
night valestuck,1
 Promstuck,1
 Vriska Serket/Terezi Pyrope (pale) - Freeform,1
 Rose Wants YOU!,1
Oviposition,1
 Drama,1
 mute!dave,1
 channeling the ghost of ansel adams,1
 Game powers,1
 Alternate Universe - Human/Troll Society,1
 cherry lube in bear country what were you thinking,1
 I don't remember writing so much sex,1
 Alternate Universe - Derse/Prospit Royalty,1
Alternate Universe - No Sgrub Session,1
 Rare Pairing,1
 Body Worship,1
 Podfic Available,1
 Sex,1
 dave is secretly soppy,1
 paternal,1
 Pain Kink,1
 SBURB/SGRUB,1
 Main fic is main,1
single father!John,1
 some angst i guess,1
Xeno (sort of),1
 Parent/Child Incest,1
 its not all sad and death,1
 Hair Pulling,1
 KIND of canon,1
 Kitty!Dave,1
Hemospectrum Shift,1
Supernatural AU - Freeform,1
 The Dog is the Mastermind,1
Family Issues,1
 Repression/Denial,1
 mentoring,1
 Piano,1
 Unresolved Sexual Tension,1
 Surreal,1
 tsundere! john,1
 Sex Slavery,1
inspired by petstuck,1
 Brainbent,1
 Pre-Relationship,1
 weird time turner shit,1
additional tags,1
 Alternate Universe - Magical Girls,1
 Double Penetration,1
Testicle play,1
Alternate Universe - Superheroes/Superpowers,1
 Sexual Fantasy,1
Outer Space,1
 it mild though,1
 piles,1
 AU Empire,1
 thanks to the amazing moonpaw17,1
 ill-advised fic,1
Mental Illness,1
 speech aphasias,1
Cybersex,1
 time to change the tags,1
 Loneliness,1
 Magical Girls,1
 Desecrating Corpses for Art Supplies,1
 and karkat is a fan,1
 Spreader Bars,1
 Fantasy,1
 Prompt Fic,1
 uguu cute Casey,1
 Grooming,1
 Pet Play,1
 Suit Kink,1
 NSFW,1
Intergalactic Pen Pals,1
 Kankri Is An Asshole For Theoretically Good Reasons,1
 bandstuck,1
 Drug Addiction,1
 Psychological Horror,1
Innuendo,1
 Suicide mention,1
 Aliens,1
one-sided,1
 this is mostly self-indulgent crap because that picture is so sad,1
 Field Trips Gone Wrong,1
Alternate Universe - Fae,1
Self-Insert,1
 Emotional Abuse,1
 pesterfic,1
interpersonal relationships,1
 Huge Dick,1
 Desperation,1
 Apocalypse,1
Evil Prospit Dreamers,1
Family,1
 Nightmares,1
 Detective Pony,1
 Rape Fantasy,1
 monster au,1
 Genderqueer Character,1
 awkward dave moments,1
 Gill Sucking,1
 but these boys are really dense,1
 Crying,1
Moirallegiance,1
 Domestic Fluff,1
 Other Additional Tags to Be Added,1
 Political Alliances,1
 Underage Sex,1
 Is it still incest if they're trolls?,1
 abuse recovery,1
Alternate Universe - No Sburb/Sgrub Sessions,1
Fantasy AU,1
 Sensory Deprivation,1
 Altered Book,1
 Inflation,1
 Creepy Fluff,1
 jizz everywhere,1
 for a fic about someone named Vantas there is shockingly little swearing,1
 davekat - Freeform,1
 crying in the candy aisle,1
Alternate Universe - Fantasy,1
 Schizophrenia,1
 Dirk is a big old Nervous Nelly,1
 Boot Worship,1
 such romance very Karkat wow,1
 dave is too but shh he won't admit it,1
 Mutual Species Fetishizing,1
 Natural Disasters,1
First Time,1
 eventual normal stuff happens,1
Unresolved Sexual Tension,1
how to train your karkat,1
 Past Roxy/Jane,1
 Kissing Games,1
 Bunbert,1
 Face Punching,1
 you know what just all the fetishes,1
 johnkat - Freeform,1
 Dubious Ethics,1
Slice of Life AU,1
High School,1
 (actual xeno this time god bless),1
 Incest?,1
 Crossover,1
Pale Porn,1
 ship all the trolls,1
 Drug Withdrawal,1
blind!Dirk,1
 hair combing,1
 Ass to Mouth,1
 Davrezi,1
 2 much fluff,1
 base64,1
 i think so,1
 Karkat Needs a Hug,1
 pornstar AU,1
 Educational,1
 Political Intrigue,1
 Harm to Animals,1
 Community: homesmut,1
 teenaged boys being insensitive,1
 Kittens in Space,1
 Sexual Slavery,1
 but i did it anyway,1
 john is lonely,1
 POV Second Person,1
 Basically the Striders are Daft Punk,1
 He's In Danger Of Being Eaten By Crocodiles,1
 Hemospectrum Shift,1
 Creepy Condesce,1
 but no actual incest,1
 MSPA-like format,1
 Enemies to Friends to Lovers,1
Breeding Trolls,1
 Hot Dads on parade,1
 Baking,1
 Awkward Sexual Situations,1
 doodlefic,1
 Sleepy Cuddles,1
 trigger warning for various intense topics,1
 Soulmates,1
 Ass-Kicking,1
 suck it marshall,1
 Sneaky kisses,1
 blood player only,1
 Military,1
 Demon hunter Jade,1
 just really a whole lot of ships wow,1
 Flirting,1
Adventure,1
 Cheese,1
 Pale Porn,1
 Revolution,1
 oatmeal raisin cookies,1
 friends who smooch,1
 Sleepovers,1
 inspired by my anatomy class,1
 scribbly wizards,1
 Frotting,1
 stranded alien au,1
 Insanity,1
 weird mating rituals,1
 Bro and John are fucking,1
 now with many more images!!!,1
 Karkat's first 'fuck',1
 Oblivious John,1
 kitty!John,1
 Hope spot,1
 passive-aggressive sniping,1
 Realistic Depictions of Mental Illness,1
 Cultural Differences,1
 Now with sexual content ladies and gentlemen,1
 Implied Torture,1
 dave is a huge overprotective sweetheart,1
 but until then there will be other little things to keep you vultures at bay,1
 Lusii,1
 babies with disabilities falling in love,1
 Attempted Rape/Non-Con,1
Minor Character Death,1
 A Series of Scenes.,1
 Alcohol Abuse/Alcoholism,1
 Later sexual content,1
 Sexual Assault,1
 College AU,1
Humor,1
 Romantic Comedy,1
 human again!Davesprite,1
 lowkey suicidal ideation,1
 Asexual Character,1
Daft Punk AU,1
 Hivebent,1
 Not Like That,1
 Road Trips,1
 karkat is a precious child,1
Alternate Universe- troll society merged with humans,1
 Foreign Language,1
 Canon Divergence,1
 Diplomacy,1
 jake is kind of a wild animal,1
 and just them being total dorks in general,1
 Alien Sex,1
 probably gonna be a long fic ha,1
 broca's aphasia,1
 Shota,1
 Implied Noncon,1
 Alternate Universe - Mecha,1
 Foot Fetish,1
 Depressing,1
 MomDad,1
 Nonhuman,1
 Implied/Referenced Character Death,1
 TEMPORARILY DISCONTINUED,1
 video games - Freeform,1
 Time Passage,1
 the nook: it's not what you think,1
 Alternate Universe - Romance Novel,1
 Phobias,1
 Emotional,1
 and elementary school,1
 Phone Sex,1
 So that's a thing,1
 Mind Reading,1
 Original Character Death(s),1
 Inappropriate Humor,1
 Domestic,1
 Non-Sexual Submission,1
 feeeeeeels,1
 Anxiety Disorder,1
 Groping while Unconscious,1
 Smuppets,1
 Attempt at Humor,1
manicures,1
 pesterchum,1
 Karkat's heart is brave,1
 Bromance to Romance,1
 Trope Subversion/Inversion,1
 tickle attacks,1
 Plotty,1
 tabletop sex,1
 Mind Honey,1
 Strider snark,1
 Claustrophobia,1
AU,1
 Loss of Virginity,1
 Guro,1
 D/s,1
 Egg Laying,1
 Post-Traumatic Stress Disorder - PTSD,1
 alternatively titled: dave ship up,1
Self-Discovery,1
 Car Sex,1
 The Author Regrets Everything,1
 Anonymous Sex,1
 Vibrator,1
 Daddy Kink,1
If You Are Playing Sburb,1
porn industry,1
 Dreams,1
Transstuck,1
 TW: Self Harm,1
 Invasionstuck,1
 Past Character Death,1
 meteorfic,1
 Sign Language,1
 dave named his dick bartholomew,1
 shota!Dave,1
Bullying,1
 Alternate Universe - Mermaid,1
 who must be protected at all cost,1
 sorry about that,1
 Even if I get useless with updates it isn't going to be abandoned,1
 Dark,1
 Women In Power,1
 Car Accidents,1
 Ancestors,1
 better safe than sorry,1
 Mentions of miscarriage,1
 pesterlogs,1
 Orgasm Delay/Denial,1
 The Alpha Kids Are Not Players,1
 Plot Twists,1
 I'm told you might need tissues,1
 Love Bites,1
Romance,1
 Earth restored,1
 Will be adding more tags as necessary,1
 Hornrubs,1
Pet Play,1
 Ashen Romance,1
Sex,1
 Little Kisses,1
 Wetting,1
 Why is there so much sex in this fanfiction,1
 packbonding,1
 Technicolor Bodily Fluids,1
and by underage i mean sixteen,1
 Space Shenanigans,1
 Dave Strider & Terezi Pyrope - Freeform,1
 Embedded Video,1
xenosexuality,1
 Sensation Play,1
 indeterminate age,1
 I do what I want,1
 Swearing,1
 Telepathy,1
 Self Harm,1
 Unconventional Families,1
 Bro Strider (Mentioned) - Freeform,1
 Grinding,1
 Emotional Manipulation,1
 Top Drop,1
Hand Jobs,1
 Comming of Age,1
 Drowning,1
 Copious Computer Speak,1
 Disturbing Themes,1
 now with illustrations!,1
How-to Manual,1
Blood,1
 Bisexuality,1
 Hermaphroditic Xenobiology,1
 Terribly Gooshy Palemance,1
Purring,1
 dave and bro take in a small unwanted troll,1
 Action/Adventure,1
 incubus,1
 Somnophilia,1
 horn touching,1
 Slash,1
 did i cover it all,1
 Sober Gamzee Makara,1
 Truth or Dare,1
Tattoos,1
Dubious Consent,1
 Rebel Leader!Karkat,1
 Penis Euphemisms,1
 First Crush,1
 Minor Dave Strider/Terezi Pyrope (unrequited/past),1
 Alternate Universe - Historical,1
Marchingstuck,1
 How not to play Pokemon,1
 Hammertime - Freeform,1
 I'm Sorry,1
 BroJake,1
 Metafiction,1
Homestuck - Freeform,1
 Obsession,1
 Hijinks & Shenanigans,1
 Karkat Vantas has no fucking table manners,1
 Dissociation,1
 pretty sure a lot of dumb shit is going to happen,1
 Cult of the Mirthful Messiahs,1
 Slurs,1
 Camping,1
 Spirits AU,1
 Homestuck AU,1
Dream Bubbles,1
Illustrated,1
 Physical Disability,1
 awkward eridan moments,1
 Avoidance,1
 Illustrations,1
 Look what I've been driven to,1
 Canon Compliant,1
 Trinitystuck,1
 Fae & Fairies,1
 parental relationship,1
 karkat is stranded on earth,1
Demons,1
 Earn Your Happy Ending,1
woohoo porn,1
Oral Sex,1
 Consensual Somnophilia,1
 so many relationships,1
 Accidental Drug Use,1
 Epistolary,1
 Episode Related,1
 Original Character(s),1
 KARKAT IS A MASTER OF INTERSPECIES DIPLOMACY!,1
 PTSD,1
 Alternian covert training is terrifying,1
 AKA this is an entire fic about the boys being idiots,1
Douchestuck,1
 macho speed hiking egbert let's go,1
human trolls,1
 (literally),1
human-troll hybrids,1
Caliginous Romance | Kismesis,1
 trolls as pets,1
 Eucatastrophic to the max,1
 Long-Distance Friendship,1
 Read This If You Want To Live,1
 Nudity,1
 Piano Sex,1
 survivorstuck,1
 Submission,1
Locked In,1
Alternate Universe - Arranged Marriage,1
 Controlling Dirk,1
 trolls can be terrible parents,1
 Vore,1
 Reconciliation,1
 Seizures,1
 Arts,1
 Ships do not appear until act 2,1
 Armor Kink,1
Reverse Petstuck,1
 Mild S&M,1
 Demon Dave,1
 Imaginary Exhibitionism,1
Romantic Comedy,1
 ish,1
 old people,1
 Pre-Scratch troll society,1
Enthusiastic Consent,1
 messy eater,1
 shit this is so fucking long i am sorry,1
ftm!karkat,1
 AR/Jake,1
 Backstory,1
 All OC's are assholes,1
 occasional sexual stuff but mostly hilarity and fluff,1
Awkward First Times,1
 Jossed,1
 Unhappy Ending,1
 Abduction,1
Prompt Fill,1
 school fic,1
 Faestuck,1
 au - no sburb session,1
character exploration,1
 Dacryphilia,1
 Helmsman Sollux Captor,1
 whoa now there's sex,1
 Pony Shenanigans,1
 Equius is not actually a reproductive drone,1
 like at all,1
 second chapter includes:,1
 Medical Experimentation,1
 Pen Pals,1
 Weddings,1
 For a bit anyway,1
Future Fic,1
Child Abuse,1
 Apartments,1
 Cuddling,1
 FLARPing gone wrong,1
Post-Sgrub,1
Meteorstuck,1
 Demonstuck,1
 very slow build,1
 Ficlet,1
 Auspistice,1
 only karkat remembers,1
 Internalized Transphobia,1
 Alternia,1
 Verbal Abuse,1
 Battleship Condescension,1
 Dating,1
Alternate Universe - Canon Divergence,1
Religious Content,1
 Break Up,1
 Petplay,1
 Major Character Injury,1
 guilt and shame,1
Crossdressing,1
 rarepairs,1
 there will also be fluff,1
Literary Theory,1
 Conditioning,1
 Self-Indulgent,1
 lots and lots of kissing and almost kissing brace yourself,1
 Character Development,1
 Slight Voyeurism,1
 Face-Sitting,1
 internalized prejudice,1
 Public Display of Affection,1
 my moirail told me not to write this,1
 Character Study,1
 dave/cronus moirallegiance,1
Sorry for the pun,1
 kind of?,1
 Double Penetration?,1
 Transtimeline Memos,1
 Daft Punk!Stuck,1
 what are quadrants and how do they work,1
 Food Metaphors,1
 Rape/Non-con Elements,1
 Shipping,1
 Alternate Universe - Hogwarts,1
 Shitty bars and one night stands that turn into not so much one night anythings,1
 Gross Medical Shit,1
 Video Format: Streaming,1
 First Time Topping,1
 Face-Fucking,1
 slow build up,1
 helmsmen - Freeform,1
 Locker Room,1
 Sweet,1
 Feelings Jam,1
Robot Sex,1
 Light Angst,1
 because i'm a pirate,1
 First Time Kink,1
 elements of coolkid john au,1
 Because He Is So Deep In,1
 Asexuality,1
Shower Sex,1
 Eye Gouging,1
 Reunion Sex,1
 Aggravated Romance,1
 Adolescent Sexuality,1
 Panic Attacks,1
 implied incestuous thoughts,1
 survival sex,1
 ALL THE SMUT IS SKIPPABLE,1
 now with a second chapter that might be hot and sexy,1
 pale pornography,1
 Wedding Night,1
 Reminiscing,1
 Karkat Hates Himself,1
 Little Mermaid references,1
 Mind/Mood Altering Substances,1
 Implied Non-Con,1
 Physical Demon Bonding,1
 War,1
 References to Drugs,1
 Mental Disintegration,1
 Inverted Hemospectrum,1
 Fauns & Satyrs,1
 teenage boys in love,1
 Flashbacks,1
 Storytime With Gamzee,1
 Magical Worlds,1
 wound care,1
 Vriska Serket/Rose Lalonde (implied black tension),1
 Mute!John,1
 Big robots ftw!,1
 Identity Issues,1
 Dirk is trying to undo Bro's Damage,1
 Not Humanstuck,1
 Clones,1
 Healing,1
Alternate Universe - Human/Troll Society,1
 and also this one picture on tumblr,1
 False Accusations,1
 failsex,1
 Itching Kink,1
 Buddhist Jane,1
Complete,1
 Gill Kink,1
 Eventual revolutionstuck,1
 Alternian Navy,1
 Both the Beta and Alpha sessions have merged,1
 Mental Instability,1
 lots of pesterlogs,1
 Human Davesprite,1
non-explicit allusions to self-harm,1
 Kissing,1
 risky business dancing,1
 Pining,1
 guilt cakes,1
 sap,1
 Painting,1
 CSIstuck,1
 Reincarnation,1
 Finger Sucking,1
 bad things happening to good people,1
 Heart Attacks,1
Mute!John,1
 Suspicions,1
 salad tossing,1
 Additional Warnings Apply,1
 Jaded Asshole/Eager Douchebag,1
 Minor Karkat Vantas & Terezi Pyrope,1
 Strangulation,1
johnkat - Freeform,1
handjobs,1
 Mild Language,1
 Warning: violence,1
 Minor Gamzee Makara/Terezi Pyrope (mentioned),1
Alternate Universe - No Sburb Session,1
 (Not so) Reluctant Cat Person Dave,1
Sickfic,1
 Conscription,1
 Recuperacoon Sex,1
 Altered Mental States,1
 drunk!Bro,1
 handjobs,1
 Protectiveness,1
 Alternate Universe - In the Veil,1
 He's not great at it,1
 No Sex,1
 Non-Penetrative Sex,1
 Dudes Being Bros,1
 a CRAPLOAD of crying,1
 bro is not abusive,1
 Tentacles,1
 troll!kids,1
 Community: kink_bingo,1
 fluffy sex,1
 Shitty 80s Music,1
 Pheromones,1
 Dominant/Submissive,1
 Misogyny,1
 Spaceships,1
 Homestuck Shipping Olympics,1
 Gangbang,1
 Mental Illness,1
 Too Much Sex of Various Kinds,1
 Dysphoria,1
Gamzee Makara (mentioned) - Freeform,1
 seriously dont read this tho if youre sensitive to any of this,1
 but we love them anyways,1
 I will embrace the coldness of the grave before I abandon this,1
 Mute Dave Strider,1
 Homosexuality,1
 Introverts,1
 Highbloods and their harems,1
 non-canon Bro,1
 Overall wtfuckery,1
 Chucklevoodoos,1
 Painplay,1
 Discussion of rape and pedophilia,1
 Mecha,1
 also featuring,1
 Sadism,1
 Deconstruction,1
 Moirallegiance,1
 this isn't hot and sexy,1
 Orgasm Control,1
 Nepeta Leijon (mentioned) - Freeform,1
 Best Friends,1
Mating Cycles/In Heat,1
coolkid john au,1
 Harm caused to self,1
sequential art,1
Demon Hunter John,1
 Demons,1
Demonstuck,1
 sex and stuff later on shhhh,1
Bondage,1
 Humiliation kink,1
 sort of racism,1
 Closeted Character,1
 Cannibalism,1
 Dismemberment,1
 Football,1
 Overprotective!Jake,1
 Alternian Empire,1
 Violent Reunion,1
Heinous stuck,1
 Scary Clowns,1
 Post-Star Trek Into Darkness,1
 Covert invasion,1
 Pedophilia,1
 Dream Bubbles,1
 Teen Romance,1
 Ghost Hunter Derse Dreamers,1
 Implied dubcon,1
 Alternate Universe - Trans,1
 Retcon Powers,1
 Sex Club,1
 2girls1cup,1
 Major character death - Freeform,1
 haha okay i guess that's another tag,1
 what am I even doing posting this here,1
Stridercest - Freeform,1
 Fingerfucking,1
 Angry Sex,1
 Anal,1
 God Tier,1
 Dom!Karkat,1
 Aphrodisiacs,1
 Image Heavy,1
Songfic,1
 Near Death Experiences,1
Alternate Reality,1
 Shame,1
 Oh those Crockers!,1
 Plot Twist,1
 Jadekat - Freeform,1
 Religious Fanaticism,1
 Resolved Sexual Tension,1
 fetishes,1
Endgame AU,1
 Tags May Change,1
 Male Homosexuality,1
 Temporary Character Death,1
 Beforus,1
Underage Sex,1
 Implied/Referenced Child Abuse,1
 POV Multiple,1
Alternate Universe - Medieval,1
 Doctor Jane,1
 Mario Kart,1
 Cock Worship,1
 Psychic Violence,1
 Worldbuilding will happen as we go,1
 Eventual Sex,1
 Skateboarding,1
 Goats and their Dark Desires,1
 Cyberpunk,1
 Basically Strifing,1
Homestuck AU,1
 Plotless Fluff,1
 Falling In Love,1
 Life and death and terrible god pajamas,1
 The Church of the Mirthful Messiahs,1
 Alien Mythology/Religion,1
 Past Dirk/Jake,1
 Space pir8s,1
 Past Abuse,1
 some gore,1
 Oviposition,1
 Body modification (questionable consent),1
 Blindness,1
 Gay Rights,1
 much gay,1
 anomia,1
 The Grand High Goatfucker and his Whirlybird Magic Machine,1
non-sburb AU,1
 Social Anxiety,1
 dreambubble,1
 mermaid!John,1
 Hacking,1
 Look When It Gets Angsty It's REALLY ANGSTY okay?,1
 nightvalestuck,1
 fairy tale meta,1
 Earth centric,1
 Secret Crushing,1
 Zombies,1
 single parent,1
 Braces,1
" Karkat  the English word ""fuck""",1
 will add tags as it rolls out,1
 Homophobic Language,1
 because love triangles are for squares,1
 Broken Bones,1
 Meeting the Parents,1
 emotional stress,1
 Canonical Character Death,1
 Recreational Drug Use,1
 let me know if I need to add something,1
 incestuous thoughts,1
Slavery,1
 lots o' fluff,1
 in which dave is the singer in a band,1
First Meetings,1
 You Decide,1
 Necrophilia,1
 Fingering,1
 Canon-Typical Violence,1
 Karkat Vantas is trollsexual,1
 Parents Arguing,1
 Teens Fucking Up,1
psychostriders,1
 Stabdads,1
 nerds,1
 image-heavy,1
 Blind!Dave,1
 Shit let's be humans,1
 enslavement,1
 some of the characters take a while to appear,1
 Music,1
 Trickster Mode,1
 Dominance,1
 Clothed Sex,1
 Post traumatic stress fall out,1
 Ephebophilia,1
 casual weed smokin',1
 Species Dysphoria,1
 Fist Fights,1
 New York City,1
 Memo,1
 Alternate Universe - Politics,1
 Babysitting,1
Mildly Dubious Consent,1
 Size Difference,1
 Pre-Cascade,1
 INDEFINITE HIATUS,1
 Dirk's Issues,1
 Orgasm Denial,1
Mermaidstuck,1
Vidfic,1
 rosemary,1
 Pegging,1
 Incubus Dave,1
 homesmut,1
 Racist Slurs,1
 Rap Battles,1
 passive-aggressive milkshakes,1
 Rebels,1
 Guerrilla Warfare,1
 Witchcraft,1
 You may be a lesser god with a cult following but Karkat ain't takin' any of your shit,1
 Sad,1
 Blind!John,1
Anal Sex,1
 Cookies,1
 because alien,1
 This Fic has been Declared Dead,1
 Karkat Vantas wouldn't have made a half-bad Dolorosa,1
 Wordcount: 1.000-3.000,1
 Scratching,1
 shameless pornography for the sake of pornography,1
 striders,1
 Drunk Sex,1
 Long-Distance Friends,1
 Triggers,1
 Comfort Sex,1
 Non-Sexual Intimacy,1
 Daddy Issues,1
S&M,1
 space,1
 Awkward Sex,1
 Dreambubbles,1
 Mind Meld,1
No Sgrub AU,1
 Women Being Awesome,1
 Yaoi,1
