 Humor,29
 Romance,26
 First Time,22
,21
 HP: EWE,20
 Anal Sex,20
 Fluff,19
 Angst,15
 Hogwarts Eighth Year,14
 Oral Sex,13
Alternate Universe,13
 Mpreg,13
 Rimming,12
Hogwarts Eighth Year,11
 Slow Build,9
Alternate Universe - Canon Divergence,9
Romance,8
 Drama,8
Mpreg,8
 Male Slash,8
 Alternate Universe - Canon Divergence,8
Crossover,7
Humor,7
 Knotting,7
 Parseltongue,7
 Quidditch,7
 Slash,7
 Alternate Universe,7
Time Travel,7
 Explicit Language,6
 Anal Fingering,6
 Alpha/Beta/Omega Dynamics,6
 Slytherin Harry,6
 Dumbledore Bashing,6
 Time Travel,6
 Manipulative Dumbledore,6
 Blow Jobs,6
 Loss of Virginity,6
 Magic,6
 Soul Bond,6
 Kissing,6
 Explicit Sexual Content,6
 Slow Burn,6
 Dubious Consent,6
 Sexual Content,6
 Crossover,6
 First Kiss,6
 Dom/sub,6
 Smut,5
 Unresolved Sexual Tension,5
 Torture,5
 Mating Cycles/In Heat,5
 Soulmates,5
HP: EWE,5
 Hurt/Comfort,5
 Threesome - M/M/M,5
 Hand Jobs,5
 Coming Out,5
 Minor Character Death,5
 Friendship,5
 Auror Harry,5
 Mystery,5
 Soulmate-Identifying Marks,5
 Child Abuse,5
 Falling In Love,5
 Werewolves,5
 Possessive Behavior,5
Post Hogwarts,5
 Kid Fic,5
 Powerful Harry,5
 Mentor Snape,4
 Eventual Romance,4
 Dirty Talk,4
 Bottom Harry,4
 Courtship,4
 Bonding,4
 Creature Fic,4
 Alternate Universe - Magic,4
 Forced Bonding,4
 Underage Sex,4
 Getting Together,4
 Good Slytherins,4
 Post-War,4
 Alternate Universe - Hogwarts,4
 Attempted Rape/Non-Con,4
 Fix-It,4
 Shower Sex,4
 Alternate Universe - Soulmates,4
 Alternate Universe - Fusion,4
 Politics,4
 Hogwarts,4
 Masturbation,4
 Pining,4
Female Harry Potter,4
 Potions,4
 Alternate Universe - Modern Setting,4
 Emotional Hurt/Comfort,4
 Hogwarts Era,4
 Bottom Draco,4
 Implied/Referenced Child Abuse,4
 Secret Relationship,3
Fluff,3
 flangst,3
 Crossover Pairings,3
 Mildly Dubious Consent,3
 Angst and Humor,3
 Exhibitionism,3
 Slytherin,3
 Horcruxes,3
 Violence,3
 Frottage,3
 Age Difference,3
 Creature Inheritance,3
 Love,3
 Rough Sex,3
 Banter,3
 Spoilers,3
 Abusive Dursley Family,3
 Secrets,3
Hogwarts,3
 Mating,3
 Complete,3
 MWPP Era,3
 Dark!Harry,3
 Post - Deathly Hallows,3
 Vampires,3
 Sharing a Bed,3
 Veela Draco,3
 Get Together,3
 Alternate Universe - Non-Magical,3
 Alternate Universe - Time Travel,3
 Voyeurism,3
 Friends to Lovers,3
Slash,3
 Snakes,3
 Smart Harry,3
Creature Fic,3
 Rape/Non-con Elements,3
 Friends With Benefits,3
 Potterlock,3
AU,3
 Texting,3
 Owls,2
 Magical Bond,2
Mystery,2
 Animal Abuse,2
 Rape,2
 Dubious Morality,2
 Happy Ending,2
 Crack,2
 Grimmauld Place,2
Grey Harry,2
 Hogwarts Seventh Year,2
 Grief/Mourning,2
 Malfoy Manor,2
 Halloween,2
 Dark Harry,2
 Internalized Homophobia,2
 Community: hd_holidays,2
 Object Insertion,2
 Narcissa is a total BAMF,2
 Omega Draco,2
 Crossdressing,2
 Alternate Universe - Voldemort Wins,2
 more things than are dreamt of,2
 Bondage,2
 EWE,2
First Time,2
Not Canon Compliant,2
 Sexual Abuse,2
 Family,2
 Comfort,2
 Accidental Voyeurism,2
Marauders,2
 Work In Progress,2
 Dildos,2
 Top Harry,2
Post-War,2
 Original Character(s),2
 Not Canon Compliant,2
 Blood,2
 dark themes,2
 Mind Control,2
 Psychological Trauma,2
 Het,2
 Slytherin!Harry,2
 Female Friendship,2
Fluff and Angst,2
 Harry Potter is a Horcrux,2
 Fake/Pretend Relationship,2
 beware the non-linear narrative,2
 AU,2
 Sexual Tension,2
 Kidnapping,2
Alpha/Beta/Omega Dynamics,2
 Character Death,2
 Swearing,2
 Mythical Beings & Creatures,2
 Wandless Magic,2
 Attempted Sexual Assault,2
 Murder,2
 Magical Tattoos,2
 John is a wizard,2
 Light Angst,2
 Omega Harry Potter,2
 Out of Character,2
 Wizarding World,2
 Heterosexual Sex,2
Soulmate-Identifying Marks,2
 Alternate Universe - Historical,2
 Creature Harry,2
 Jealousy,2
 Rating May Change,2
 Alternate Canon,2
 Bad Dumbledore,2
 Reconciliation,2
 Mild Language,2
 Suicide,2
 Occlumency,2
 Office Sex,2
 Implied Mpreg,2
 Snark,2
Alternate Universe - Harry Potter Setting,2
 Morning After,2
 Bestiality,2
 Size Kink,2
 Mistaken Identity,2
 Adventure,2
 Sub Harry Potter,2
 Enemies to Lovers,2
 Large Cock,2
 Spin the Bottle,2
Veela,2
 Alpha Draco,2
 Dom Draco,2
 BDSM,2
 Redemption,2
Slow Build,2
 jealous!Draco,2
 Chan,2
 Bars and Pubs,2
 Light Bondage,2
 Bets & Wagers,2
 Foursome - M/M/M/M,2
Hurt/Comfort,2
 Eventual Smut,2
 Legilimency,2
 Vaginal Sex,2
Soul Bond,2
 PWP,2
 Homosexuality,2
 Comeplay,2
 Dancing,2
 Sub Draco,2
Pining,2
 Guilt,2
 Fingerfucking,2
 Alpha/Omega,2
 Sub Harry,2
 MWPP,2
 Non-Graphic Rape/Non-Con,2
 Trapped,2
 Flirting,2
 Insanity,2
 Drunkenness,2
 Dom Harry,2
 Sex Toys,2
 Sherlock/HP crossover,2
 Sherlock is a muggle,2
 Evil Dumbledore,2
 Ron Bashing,2
 sort of,2
 Crossovers & Fandom Fusions,2
 POV Harry Potter,2
 Top Draco,2
 Marking,2
 Aurors,2
 One Shot,2
 No Horcruxes,2
 Homophobic Slurs,2
 Pureblood Culture,2
 Time Loop,2
 Veela,2
 Semi-Public Sex,2
 Sexual Experimentation,1
 just how drunk was Hagrid when he decided the Blast-Ended Skrewts were a good idea?,1
 i hope you like property damage,1
Omega Verse,1
 Hurt,1
 Slytherin Original Character(s),1
vampire!Draco,1
 Derek and Stiles are Mates,1
 pov switching,1
 Very OOC!FemHarry,1
 Bad dates,1
 because Harry did not agree to this,1
 Post-Iron Man 3,1
 Miscarriage,1
 Masochism,1
 someone should probably do something about those peacocks,1
 One Night Stands,1
 Non Consensual,1
Post-Deathly Hallows,1
 Language,1
 Multi-year fic,1
 Sex Magic,1
 Felching,1
 Alternate Universe - 1940s,1
 Animagus,1
 threat of whipping,1
 Harry is force fed chocolate all year long,1
 Also Blaise Zabini punches Lucius Malfoy in the face,1
 Public Nudity,1
 Polyamory,1
I Don't Even Know,1
 Blindfolds,1
 Sentinel Senses,1
 Porn,1
 not really non-con,1
 Well sort of Victorian attitudes,1
 The Slytherins spend much of the year plotting,1
 Future Questionable Relationships,1
 Dysfunctional Family,1
 Formalwear,1
 Porn With Powers,1
 Muggle London,1
 Cat Ears,1
 Harry Is Unimpressed,1
 Kidfic,1
 muggle teacher Harry,1
 M for vaguely sexual situations,1
Bets & Wagers,1
 I'm really sorry to any actual toads who may be reading this,1
rage against the internalized misogyny machine,1
 Tags May Change,1
 Forced Feminization,1
 Elder Wand,1
Non-Sexual Age Play,1
 Lolicon,1
 Dramedy with emphasis on the comedy,1
 Implied/Referenced Homophobia,1
 New Doctor (Doctor Who),1
 POV Female Character,1
 Teacher-Student Relationship,1
 Anal Play,1
 or well spin the wand,1
 Mental Health Issues,1
 Latin,1
 Practice Kissing,1
 Competitive Card Games,1
 Bickering and Banter,1
 Shopping,1
Tags May Change,1
 Motorcycle Sex,1
 Gryffindor Harry,1
Magical Realism,1
 Female Slash,1
 Foursome,1
 Mycroft is a twat,1
 Defiance,1
 Extremely Underage,1
 Marauders era,1
 Linctavia - Freeform,1
 Unspeakables,1
 Houses of Parliament,1
 Alternate Universe - Always a Different Sex,1
Top Draco,1
 This Is STUPID,1
 Slytherin Harry Potter,1
 Dumbledore wises up,1
 Biting,1
 lots of baking,1
 Tony and Loki being awesome parents,1
 Community: rs_games,1
 Metamorphmagus Sex,1
 Hogwarts houses as a convenient vehicle for character study,1
 Plot Twist Galore!,1
 Public Hand Jobs,1
 Traditions,1
 Peerage,1
 Humour,1
 Sexual Assault,1
 vampire!Harry,1
 Magical Hybrids,1
 Kitty - Freeform,1
 Oh god they're all in the middle of puberty send help,1
 Living in a tent,1
 Genderbending,1
 Creature Sherlock,1
 Promiscuity,1
Squib Harry Potter,1
 Alternate Universe - Post-War,1
 Injury,1
 Quidditch World Cup,1
girl!Harry,1
 Sex In The Slytherin Dormitory,1
 nothing will happen while Harry is underage,1
 Alternate Reality,1
 Professor Tom,1
 Pet Names,1
 Light Dom/sub,1
 Snow and Ice,1
 Sexual Fantasy,1
 Marriage Proposal,1
 Disability,1
 Long,1
 Master of Death Harry Potter,1
 Found Family,1
 Fingering,1
 Transgender,1
 kiss,1
 Life-Debts,1
 Harry-gets-a-secret-second-godfather... sort-of,1
 POV Alternating,1
 World War II,1
Auror Partners,1
 Book 4: Harry Potter and the Goblet of Fire,1
 Epic Battles,1
 Coulson Lives,1
 Alternate Universe - Professors,1
additional tags,1
 Triwizard Tournament,1
Secret Identity,1
 Apprenticeship,1
 Potions Master Draco Malfoy,1
 Unplanned Pregnancy,1
 Harry Needs a Hug,1
 Verbal Humiliation,1
 Dumbledore feeling guilty - Freeform,1
 Lily/Marlene,1
 Femdom,1
 Horny Harry,1
 Ministry,1
 Pre-Series,1
 Community: hd_owlpost,1
 Cribs,1
 Alternate Universe - Fantasy,1
 Kittens,1
 Public Blow Jobs,1
 Bathing/Washing,1
First Kiss,1
 neko,1
 coven - Freeform,1
 Domestic Avengers,1
 IN SPACE!,1
 Magically Powerful Harry,1
 Curry,1
 Voldemort is vengeful,1
 Boy-Who-Swallowed,1
 snarry,1
 Bechdel Test Pass,1
 Slut Tracey Davies,1
 Mpreg Harry,1
 Vampire Sex,1
 Inspired by Poetry,1
 Mpreg Draco,1
 Nipple Piercings,1
 Dark Magic,1
 Do you see the other champions being so obvious? No you don't,1
 Infantilism,1
 Draco needs to stop butting into other people's love lives,1
 Spiders,1
 Sassy Tony Stark,1
 Trauma,1
 HP Nostalgia,1
 Ron Weasley Bashing,1
 the non-con isnt super graphic but it does get quite uncomfortable,1
 Dark!Tom - Freeform,1
 Nightmares,1
 Rebellion,1
 mostly bottom Severus,1
Implied Mpreg,1
Harry Potter/Sherlock Crossover,1
 Child Sexual Abuse,1
 Alpha Sherlock,1
 Good Draco Malfoy,1
 Family Drama,1
Threesome - M/M/M,1
 Snarry Games 2008,1
 Anniversary,1
 Cute,1
 Inspired By Tumblr,1
Porn,1
 Teenlock,1
 Sex Addiction,1
 warfare,1
 bottom!Severus,1
 BAMF Lily Evans Potter,1
 Porn with Feelings,1
 Dark Trio,1
 Goblins,1
 Harry's questionable taste in music,1
major character deaths,1
 Swingers!Harmony,1
 Underage Drinking,1
Sumptuary laws,1
 Cock Worship,1
 Running,1
 A bit of angst to keep things interesting,1
 Always-A-Girl Harry,1
 Mention Of Homophobia,1
 No Romance,1
 Lots of kissing,1
 Blaise becomes a giant slut this year,1
 multiple slash pairings,1
MWPP Era,1
 Drunken Shenanigans,1
 magic and mayhem,1
 Heterosexuality,1
 Gryffindor Liam,1
 Cake,1
 Snowballing,1
 Re-Sorting,1
 Consensual Kink,1
 Lapdance,1
 Ravenclaw Harry,1
 magical!BAMF!John,1
 D/s elements,1
 Hoodies,1
 Hogwarts!Clarke,1
 Bathroom Sex,1
 Enemies,1
 Alternate Universe - Fashion & Models,1
 Implied Sexual Content,1
 yiff,1
 Height Differences,1
 Character Turned Into Vampire,1
 ichigo is not whimsical at all,1
light!harry,1
 Post-Avengers (2012),1
 Dishonesty,1
 Daily Prophet,1
 Animal Death,1
 Virgin Draco,1
 Original Female Character(s) - Freeform,1
 Party Games,1
 Hospital,1
 Enemy Lovers,1
 No Voldemort,1
 Fuck Buddies to Lovers,1
Harry Potter Next Generation,1
 Bucky Barnes Has Issues,1
 Sassy Harry,1
 Ravenclaw Sherlock,1
Politics,1
 Slut Daphne Greengrass,1
Horcrux Hunting,1
 FUCK YOU JASON,1
 hogwarts is very whimsical,1
Smut,1
 aftermath of war,1
 Creative use of Time Turners,1
 I'm sure you're all much nicer than Umbridge,1
 Harry Potter Next Generation,1
Invisibility Cloak,1
 finally finished this holy hell,1
 negative attitude towards sex work,1
 Summoning,1
 Rescue,1
 Dimensional Travel,1
Journalist!Draco,1
 Post-Thor: The Dark World,1
 Suicidal Ideation,1
Kidnapping,1
 not infidelity in an explicitly committed relationship,1
 Hogwarts Castle,1
 Auror Partners,1
 I Can't Believe I Wrote This,1
 but the rimming is,1
 Shut in!Harry,1
 so does Harry,1
 POV Draco Malfoy,1
 Hate to Love,1
 Moving In Together,1
 No Epilogue,1
 Multiple Pairings,1
 Harry Potter was Raised by Other(s),1
 They will eventually see it,1
 Johnlock Roulette,1
 Sirius Black's Flying Motorbike,1
 Crossdressing Kink,1
 everyone wants a piece of Harry,1
 Tea,1
 Harry is Confused,1
 No Deathly Hallows,1
 harry is a cutie,1
 slytherin friendships,1
 Parallel Universes,1
Animagus,1
 Alternate Universe - Regency,1
 Insanely long fic,1
 So even if you're not into BDSM that should be worth the price of admission,1
 Sane Voldemort,1
 Post-Movie(s),1
 Post Hogwarts,1
Dimension Travel,1
 Established Relationship,1
 mostly top Harry,1
 Closet Sex,1
 Muggle-born Pride,1
 Alternate Universe - Zombie Apocalypse,1
 Awkward First Times,1
 Cats,1
 sippy cups,1
 Graphic Sex,1
 Pre-Relationship,1
 Alternate Universe - Canon,1
 Snape's Heathcliff Moment,1
 Wake-Up Sex,1
 Penis Size,1
 Character Death Fix,1
 Dark Arts,1
Infidelity,1
Infidelity against an OC,1
 Hoppy the Bunny,1
Anal Sex,1
 Oaths & Vows,1
 Philosophy,1
 did I mention size kink,1
 FINISHED FINALLY!,1
 Gore,1
 hp/ss - Freeform,1
 Enthusiastic Snogging,1
 A+ for effort?,1
 Dorian Gray AU,1
 Slut Pansy Parkinson,1
 Genius Draco,1
Alternate Universe - Modern Setting,1
Fake/Pretend Relationship,1
 nice Tom,1
 Parenthetical asides like whoa,1
 Pranks and Practical Jokes,1
 Roses,1
 Naptime,1
 Birthday Fluff,1
Dubious Consent,1
 Memory Magic,1
Mates,1
 Self Harm,1
 Animalistic,1
 Witches,1
 Dreams,1
Dark Harry Potter,1
 Harry will not call anyone daddy,1
 Creative use of exploding snap cards,1
 Male Cinderella,1
 Infinity (Marvel),1
 media,1
 Hats,1
 Yule Ball,1
Drama,1
Marauders' Era,1
Snarry-A-Thon Challenge,1
 Love/Hate,1
 Eventual Relationships,1
 Bubble Bath,1
 Gift Exchange,1
 Potion Master Draco Malfoy,1
eventual clint barton/phil coulson - Freeform,1
 Lightning Heir,1
 Playlist,1
 Half-Vampires,1
 Brainwashing,1
 Love Confessions,1
 Morally Ambiguous Character,1
 4 corners relationship,1
 Rape Aftermath,1
 sissification,1
 Clubbing,1
 Bickering,1
 Severitus,1
Fluff and Smut,1
 Gay Mutant Road Trip,1
Veela Draco,1
 Werewolf Sex,1
Canon What Canon,1
 Wicca,1
 Investigations,1
 Polyjuice Potion,1
 Virginity Roleplay,1
Evil Dumbledore,1
 Hermione Bashing,1
 Big Brother Draco,1
 Feral Behavior,1
 Public Masturbation,1
 Gryffindor,1
 Consensual Underage Sex,1
 Tonks/Fleur - Freeform,1
 past James/Lily - Freeform,1
 Possibly Dark Harry,1
 Harry is Lord Potter,1
 timeshare,1
 1940s,1
 generally morbid and dark,1
 BDSM but its not formalized,1
 creature sex,1
 Vibrators,1
 The Cohen-Goldsteins are all my friend M's fault,1
 Draco is an androgynous fashionista,1
 Hufflepuff Niall,1
 cute furry animals,1
 Lust,1
 Loki's Kids,1
 Self-Indulgent Sap,1
 Oral,1
 Healing,1
 Summer,1
 past death of another minor character,1
 Toddler Draco,1
 Sex Club,1
 Ice Skating,1
 Facials,1
 Orgasm Delay/Denial,1
 Harry gets injured a lot and quite badly once,1
 No Plot/Plotless,1
 It makes sense in context I swear,1
 Surprise Party,1
 timelines what timelines,1
 Creative use of Amortentia,1
 Family Feels,1
 Slytherin Louis,1
 Gray Harry,1
 And no Robot Sex,1
Introspection,1
 Birthday Cake,1
 Recovery,1
 Harry is Loki's son,1
Knotting,1
Size Kink,1
 SO MUCH FLUFF,1
 Just a fuck load of family drama in general,1
 Gags,1
 Underage - Freeform,1
 4 way relationship,1
 Vassalage,1
 except technically it's 9 things,1
 Mention of abuse,1
 Hufflepuff,1
 Triwizard!AU,1
 Elemental Magic,1
 Non-con only involves a few OC sidecharacters,1
 Cock Slut,1
 Groping,1
 lots of pet names,1
 The Marauders - Freeform,1
 Wolf Pack,1
 Avenger Harry Potter,1
 seriously so much fluff,1
 Blind attraction,1
 Tumblr Prompt,1
 Past Child Abuse,1
 Hogwarts Houses,1
 mindscape,1
 Slytherins Being Slytherins,1
 Draco Is Very Impressed With Himself,1
 Ancient Egyptian Literature & Mythology,1
 Baby Harry,1
 Science,1
 Cutting,1
 Protectiveness,1
 Fucked Up,1
 Manipulative Nick Fury,1
 Light side bashing,1
 kinky sexy times,1
 dub-con,1
 pureblood,1
 Author misses warnings,1
HP: Epilogue Compliant,1
 Money,1
 Parody,1
 kissing in the spirit of inter-house unity,1
 infidelity but it depends on your definition,1
 Alternate Universe - Harry Potter Setting,1
 Truth or Dare,1
 werewolves and vampires,1
 BAMF Harry Potter,1
 another wizarding war is going to happen,1
 POV Third Person Omniscient,1
 Hogwarts Sixth Year,1
 Ice Bucket Challenge,1
Harry raised by Hogwarts,1
 And a bit of sap,1
 Mounting,1
 Animagus Bestiality,1
 Death,1
 consent kink,1
 Daddy Severus,1
 Cruciatus Curse,1
 Bunny Farm Escapee,1
 Did I mention there is Lemon?,1
 Everyone lives,1
 Draco is still a prick,1
 the felching isnt graphic,1
 vagina tattoo,1
 Occlumency is a giant headache to write as well as to learn,1
 Non-Canon Relationship,1
 Sexual Slavery,1
 Wizards,1
 the weasley twins belong in the twelfth division,1
 Female Protagonist,1
Kid Harry,1
 Friendship/Love,1
 Top Sherlock,1
 Insane Harry Potter,1
 m-preg,1
text,1
 Duelling,1
 time-travel,1
 Abuse,1
 mentions of abuse,1
Alchemy,1
Plot What Plot/Porn Without Plot,1
 many many oneshots,1
 End Goblet of Fire,1
 Snape smokes,1
 Muggle/Wizard Relations,1
 Forced Prostitution,1
 Sane!Voldemort,1
 past George/Harry,1
 Community: hp_springsmut,1
 Post-Captain America: The Winter Soldier,1
 Uncle-Nephew Relationship,1
 I don't know much about them but I tried,1
 Sex In The Kitchen,1
 Loki Angst,1
 Disability Management,1
 Harry is too strong for his own good,1
 family stuff,1
 Public Sex,1
 Humiliation,1
 Riding Crops,1
Magic,1
Sentinel/Guide Bonding,1
 Nudity,1
 Eventual Happy Ending,1
Aural Kink,1
 Boarding School,1
 past suicide of a minor character,1
 Kid!Fic,1
 Character Bleed,1
 Incest,1
 Catgirls,1
 AU world,1
Prefects' Bathroom,1
 courtship rituals,1
 Stiletto Heels,1
 SHIELD,1
 Lemon,1
 Professors,1
 wizarding war,1
 Cover Art,1
 Creative use of Howlers,1
 Facial Hair,1
Forced Marriage,1
 Merman Sherlock,1
 Thunderstorms,1
 Harry you're not supposed to let people know you're cheating,1
 Unspeakable Draco,1
 Very OOC Petunia,1
 Mornings,1
 Cousin Incest,1
 Fury can be stupid,1
Harry/Draco - Freeform,1
 non-con,1
Harry's Birthday Prompts,1
 Teacher!Harry,1
kikrs au,1
 Magical Deals,1
 Smoking,1
 romance pending,1
 but possibly triggering for some readers,1
 Runes,1
 Harems,1
 School,1
 Relationship(s),1
 Dumbledore has a new form of low,1
 Sex Compulsion,1
 getting drunk,1
 Male Pregnancy,1
 Fighting,1
 Please Don't Hate Me,1
 Kinda,1
 Roleplay,1
 Sex at 13 years old,1
 Ravenclaw Draco,1
 Heir of Hogwarts,1
 Idiots in Love,1
 unusual careers,1
 Letters,1
 People lose their collective shit over Firebolts,1
 End Game pairings are End Game,1
 Threesome - F/M/M,1
 Freckles,1
 Illness,1
 Music,1
 Mention of family abuse,1
 Time-Turners,1
 domestic!fic,1
 Alternate Universe - Daycare,1
 Parent/Child Incest,1
 Obliviousness,1
 Spaceships,1
 Teen John,1
 Butt Plugs,1
 Meeting the Parents,1
 Magical Accidents,1
 eventually,1
 Winter,1
 Snippets,1
 Alcoholism,1
 Squib Scorpius,1
 Random Updates,1
 Bisexuality,1
 And Harry really just can't handle it,1
 Auror Draco Malfoy,1
 it's a magical war so some characters have to die,1
 Animal Behaviour,1
 Male Lactation,1
 Writers,1
 hate!sex,1
 Non-Traditional Alpha/Beta/Omega Dynamics,1
 Pack Family,1
 Roman Britain,1
 Sexual Violence,1
 Animagus mates?,1
 Scent Kink,1
Furry,1
 Good Lucius Malfoy,1
 5 Things,1
 POV Outsider,1
 Touching,1
 Selkies,1
 Infertility,1
 Dungeons and Dragons,1
dubcon,1
 Teen Sherlock,1
 Pacifiers,1
HP - Freeform,1
 Anal Vibrator,1
 Not Captain America: Civil War (Movie) Compliant,1
 nosey git!Sherlock,1
 Wizarding Tradition/Rituals,1
 Companionable Snark,1
 Blood and Gore,1
 Nick Fury is Not Amused,1
Forced Proximity,1
 Snape gets bitchslapped,1
 Familiars,1
 slightly cracky,1
 Like Victorian attitudes except A/B/O,1
 Molly Weasley Bashing,1
 Extensive Body Modification,1
 Gryffindor Draco,1
 many many plots,1
Lust Potion/Spell,1
Post - Deathly Hallows,1
 Younger!Snape,1
 Consent,1
 Fluff and Smut,1
 bottles,1
 Extremely Precocious!FemHarry,1
 Prostitution,1
 Trans,1
 Teasing,1
Dumbledore Bashing,1
Clexa,1
 Slut Harry,1
 Sadism,1
 Extremely slow build,1
 The 100 - Freeform,1
 Tea Drinking,1
 Loki Needs a Hug,1
 but isn't he always,1
 Whipping,1
 Split Personalities,1
 Birthday,1
 mentions of mpreg - nothing explicit,1
 Some Graphic Violence,1
 Harry doesn't understand it,1
 Implied Non-Con,1
 vagina piercing,1
 War,1
 BAMF Harry,1
 Long Hair,1
 Alternate Timeline,1
 Look it's the running theme ok,1
 Erosmancy,1
 past meeting future,1
 Exchangelock AU Exchange 2014,1
 mental health,1
 Second War with Voldemort,1
 Unhealthy Relationships,1
 Holidays,1
 Everyone is Badass,1
 Wandlore,1
 Auror Harry Potter,1
 Lactation Kink,1
 Dumbledore's Army,1
Mildly Dubious Consent,1
 Suicide Attempt,1
 Male-Female Friendship,1
 Animal Instincts,1
 Wrong Boy Who Lived,1
 Presents,1
 Power Imbalance,1
 Alternate Universe - Sorting (Harry Potter),1
 future switching,1
 Glasses,1
 Emotionally Stunted Boys In Love,1
 Alternate Universe - Medieval,1
 Cock Cages,1
 Spies & Secret Agents,1
 Not Avengers: Age of Ultron (Movie) Compliant,1
 Masks,1
 Depression,1
17-year-old boys,1
 Near Death Experience,1
 Kid Harry,1
 Ginny Bashing,1
 Social Construction,1
 Peppermint Coffee,1
 mention of abortion,1
 Book 1: Harry Potter and the Philosopher's Stone,1
 Severus does NOT want a school reunion thank you very much,1
 Class Differences,1
 Archaic Legal Terms,1
 Additional Warnings Apply,1
 Science Fiction,1
 Magic Revealed,1
 minty,1
 Empath,1
 Nude Photos,1
 Harrymort - Freeform,1
 Master of Death,1
 Cat/Human Hybrids,1
 Plot,1
Magical Creatures,1
 Some Bad Order members,1
 Tinsel,1
Mythical Beings & Creatures,1
 Possible Mpreg?,1
 Muggle living,1
 Bucky Barnes Recovering,1
 don't hate on the abused kid who always wanted a family that loved him,1
 semi-super!Harry,1
 Snape Adopts Harry,1
 Cursebreaker Draco,1
 Switching,1
 Good Dark Side,1
 End Goblet of Fire - graveyard scene onwards,1
 Consorts - Freeform,1
 watch out - Hermione has a clipboard!,1
 Community: snarryathon,1
 Psychological Torture,1
 Ten Years Later,1
 will be a long fic,1
 Mutual Masturbation,1
 mention of depression,1
 Size Difference,1
 Werewolf Draco,1
a squib in hogwarts,1
 Post-War Trauma,1
 Maurders AU,1
 Novel,1
 Muggle-born Culture,1
 Valentine's Day,1
 Post-Traumatic Stress Disorder - PTSD,1
 Hogwarts Fifth Year,1
 Room of Requirement Shenanigans,1
 Sarcastic Conversations,1
 evil!Harry,1
 some anti-religious remarks,1
 Canon Rewrite,1
 Regency Romance,1
 Telepathy,1
 Plot What Plot/Porn Without Plot,1
 Oneshot,1
 Past Harry Potter/Ginny Weasley,1
 non-explicit sexual scenes,1
 Steve get's a post eagle,1
 Pirates,1
 Spanking,1
 Gay Sex,1
 Painplay,1
 Oral Fixation,1
 Author regrets nothing,1
 Betaed,1
 Foot Fetish,1
 Breakfast,1
 Spitroasting,1
 Forced,1
 Past Mind Control,1
 D/s elements but the dynamic shifts back and forth,1
 light bashing,1
 Snape gets over himself,1
 Feels,1
 Demons,1
 Grey Harry,1
 but she should probably give Dobby some clothing advice,1
 lots of different creatures,1
 Adoption,1
 Self-Harm,1
Alternate Universe- Time Travel,1
 Damphyr,1
 Homophobia,1
 I had far too much fun with the house-elves,1
 honestly,1
 Wordcount: 50.000-100.000,1
 Dumbledore's In Trouble,1
Drabble Collection,1
 Closeted Character,1
 strollers,1
 cat!Hermione,1
 Durmstrang!Lexa,1
 Double Vaginal Penetration,1
 Satire,1
 Harry and Tom bonding,1
Alternate Universe - Time Travel,1
 Cricket,1
 Alternate History,1
 Violence and Gore,1
 Fake Prophecy,1
 Harry Potter Has a Saving People Thing,1
 Alpha Harry,1
 Drinking,1
 Marcus Belby?,1
 Sub!Severus,1
 Marauders-era,1
 Avengers Feels,1
 light though and barely described,1
Omegaverse,1
 Hermione Granger Bashing,1
 pull ups,1
 Schmoop,1
 Boggarts,1
 sick reader,1
 Angry Sex,1
 Non-Consensual,1
 Anal,1
 Victorian Attitudes,1
 other tags to be added as I go,1
 Draco-centric,1
 PTSD,1
 No light bashing,1
 Sorted into a Different House,1
 Creature Harry Potter,1
 Futanari,1
 Britpicked,1
 Eldritch Abomination,1
EWE,1
 Run-On Sentences,1
 Resolved Sexual Tension,1
 Genital Piercing,1
 Unresolved Romantic Tension,1
 Mentions of past abuse,1
 Anxiety Disorder,1
 Infinity Gems,1
 More Lemon,1
 Alternate Universe - Steampunk,1
 hermione is going to stab someone,1
 Autumn,1
 Dreams and Nightmares,1
 Other Additional Tags to Be Added,1
 non-consensual beastiality,1
 Confessions,1
Character Bashing,1
 First Meetings,1
 Anti-Dumbledore,1
 Multiple Partners,1
 character growth,1
 Alternate Universe - Western,1
 Mentions of Wiccan practices,1
 Hermaphrodites,1
 future!fic,1
 Snowball Fight,1
 Horror,1
transformations,1
 Dark,1
 Heir of all four Founders,1
 Nesting,1
 Female Harry,1
 What more do you need?,1
 Muggle-born Original Character(s),1
Master of Death,1
 Parents,1
 mentions of child abuse,1
 Handcuffs,1
 Casual Sex,1
Board Games,1
 Papa Lucius,1
 no seriously so fucking badass,1
 Inter-House Unity,1
 Alive Hale Family,1
 Chemistry,1
 Sex Among The Flowers,1
 torture (not in main pairing),1
 draco secretly reads soulmate romance novels,1
 References to Norse Religion & Lore,1
 Hung!Harry,1
 Humorous Angst ... Hangst?,1
 Consensual Sex,1
 Socks,1
 Independent Harry,1
 author regrets everything,1
 First Dates,1
 Singing,1
 Pureblood Society,1
 First Time Bottoming,1
 I think that's all but I'll add more if I remember something I've forgotten,1
De-aging,1
 Post-Deathly Hallows,1
 Heartfelt Conversations,1
 Maturity Upgrades,1
 Darcy Lewis and Tony Stark speak in references,1
 Modern AU,1
 Fairy Tale Elements,1
 power,1
 Vampire Draco,1
 Interracial By Fantasy Standards,1
 Deathly Hallows AU,1
potion accident,1
 Bottom John,1
 Time Travel Fix-It,1
 Marauders' Era,1
Alternate Universe - Hogwarts,1
 i see you hired ichigo for a thing,1
 Fluff and Humor,1
 War Time Mentality,1
 Tournaments,1
 Tony is very amused,1
 blind dates,1
 Clothed Sex,1
Dirty Talk,1
 Loyalty,1
 Books 1-7,1
 beastiality,1
 Dimension Travel,1
 Reunions,1
 Submissive Harry,1
 long walks,1
 Slow To Update,1
 hopeless existence,1
 What-If,1
Part of the Dracken Universe,1
 Manipulation,1
 Tony Stark Needs a Hug,1
 Alternate Universe - Victorian,1
 There IS major character death BUT there will be a very happy ending I promise,1
 Diapers,1
Futa on Male,1
 Possessive!Harry,1
 Underage Masturbation,1
 Minor Hermione Granger/Ron Weasley,1
Consent Issues,1
 Implied/Referenced Torture,1
Dark,1
 Some Homophobia in the Wizarding World,1
 Pegging,1
 Single Dad Draco,1
 texting fic,1
 Everybody has daddy issues,1
 Actors,1
 Community: crossover_hp,1
 Past canon relationships mentions,1
 Weasley Bashing,1
 Teen Romance,1
 Cum Inflation,1
 Sex Videos posted on the Internet,1
 pirates!,1
 ranya,1
 FWB!,1
 Omega John,1
 Snape Bashing,1
 text fic,1
 Astronauts,1
 Seriously there's just so much chocolate,1
 Drunk Sex,1
 Cooking,1
 Death Eaters,1
 Gryffindor John,1
 Harry is an avenger,1
vampire!Harry,1
 British Politics,1
 Regulus Black Lives,1
 Transfigurations,1
 Hogwarts AU,1
 Harry raises himself,1
 Moral Ambiguity,1
 Potions Accident,1
 slightly effeminate!Draco,1
 almost all of this is dubcon depending on your definition,1
 Ravenclaw,1
 Mathematics,1
Alternate Universe - Soulmates,1
