 Fluff,32
 Smut,21
 Romance,20
 Angst,19
 Humor,18
,17
 Alternate Universe,16
 Anal Sex,14
 Slow Build,13
Alternate Universe,10
 Established Relationship,9
 Future Fic,9
 Polyamory,8
 Drama,8
 Hurt/Comfort,8
 Blow Jobs,8
 Rimming,8
Fluff,7
Romance,7
 First Time,7
Plot What Plot/Porn Without Plot,7
Humor,7
 Love,7
Alpha/Beta/Omega Dynamics,7
 Masturbation,7
 Pining,7
 Crack,6
 Anal Fingering,6
 Mating Cycles/In Heat,6
 Slice of Life,6
 Friendship,6
 Dubious Consent,6
 Omega Verse,6
 Friends to Lovers,5
 Domestic Fluff,5
 Violence,5
 First Kiss,5
 Oral Sex,5
 Fluff and Angst,5
 Drabble Collection,5
Crack,5
 Genderswap,5
Smut,5
Alternate Universe - College/University,5
 Slow Burn,5
 Jealousy,5
 Alpha/Omega,5
 Yaoi,5
Alternate Universe - Fantasy,4
 UST,4
 Threesome - M/M/M,4
 Hand Jobs,4
 Emotional Hurt/Comfort,4
Alternate Universe - Canon Divergence,4
 Reader-Insert,4
 Mpreg,4
 Sexual Content,4
 Sex Toys,4
 Texting,4
 Explicit Language,3
 Fluff and Crack,3
Crossover,3
 Crossdressing,3
 Underage Drinking,3
First Time,3
 AU,3
 Family,3
 Implied Sexual Content,3
 Frottage,3
 Comfort,3
 Rough Sex,3
 Shameless Smut,3
 Falling In Love,3
 Soulmates,3
 Eventual Smut,3
Fake/Pretend Relationship,3
 Psychological Trauma,3
 Alternate Universe - Future,3
 Background Relationships,3
 Plot What Plot/Porn Without Plot,3
aokaga - Freeform,3
 Attempt at Humor,3
 Comedy,3
 Rape/Non-con Elements,3
 Fluff and Smut,3
 Love Confessions,3
 Alternate Universe - College/University,3
Genderswap,3
 Light Bondage,3
 Crime,3
 Tooth-Rotting Fluff,3
 Homophobia,3
 Possessive Behavior,3
Hogwarts AU,3
Time Travel,3
 Arranged Marriage,2
 Eventual Romance,2
 Awkward Flirting,2
 Dirty Talk,2
Bodyswap,2
 Intercrural Sex,2
 Happy Ending,2
 Alpha!Momoi,2
 Basketball,2
 Alcohol,2
 Marriage Proposal,2
Solo,2
 NSFW,2
 Food Sex,2
Love Confessions,2
 Underage Sex,2
 Reader-Interactive,2
Human Experimentation,2
 Sexuality Crisis,2
Porn Battle,2
 Kyoto,2
 Alternate Universe - Fantasy,2
 Asexual Character,2
Non-Traditional Alpha/Beta/Omega Dynamics,2
 University,2
 Light BDSM,2
 Past Relationship(s),2
 Alpha/Beta/Omega Dynamics,2
 Domestic,2
Fluff and Angst,2
 Awkwardness,2
 Sexual Tension,2
 Blowjobs,2
 Multiple Orgasms,2
 Alternate Universe - Fusion,2
 alpha!akashi,2
 omega!kuroko,2
 Light Angst,2
 Swearing,2
 Action/Adventure,2
 Threesome,2
 omega kagami,2
Established Relationship,2
 Mates,2
Getting Together,2
 Sexual Slavery,2
 Friendship/Love,2
Alpha/Omega,2
 Alpha Aomine,2
 Bisexual Character,2
 Yakuza,2
Future Fic,2
 Minor Character Death,2
 Trans Female Character,2
 Meeting the Parents,2
 Major Character Injury,2
 Supernatural Elements,2
Polyamory,2
 Phone Sex,2
 Getting Together,2
 Boys Kissing,2
 Bottom Kagami,2
 Trope Bingo Round 3,2
 Mutual Masturbation,2
 Surrogacy,2
 Mutual Pining,2
 Bondage and Discipline,2
Mpreg,2
Drabble Collection,2
 Sex Pistols Universe,2
Angst,2
 Morning Sex,2
 Other Additional Tags to Be Added,2
 Handcuffs,2
 Homophobic Language,2
 Twitter,2
 Boss/Employee Relationship,2
 Blood,2
 Tokyo (City),2
 Beware of Feels,2
 Kid Fic,2
Assassin AU,1
 slow burn so slow it's glacial,1
 set after the jabberwock game,1
 Dysfunctional Family,1
Texting,1
 this turned out to be a big Akafuri-Midotaka one,1
 Mild Gore,1
Heartbreak,1
 origin story kinda,1
 School Life,1
 Oblivious Kise,1
 Getting Back Together,1
 enchantments and curses,1
Gym AU,1
 NavyOfficer!Haizaki,1
 Adult Verse,1
 Unrequited Love,1
Violence,1
 Praise Kink,1
 interupting ur regularly scheduled gay memes to give u some serious shit!,1
 Action,1
 Secret Relationship,1
 Not a lot of that in comparison to story length but I'm tagging everything,1
 roommate shenanigans,1
post-winter cup stuff,1
 Blindfolds,1
 Bottom Aomine Daiki,1
 First Love,1
Psychic Abilities,1
 reader - Freeform,1
 Children,1
 Other things u don't know would be a part of the surprise...,1
everyone is kurokosexual the end,1
 Cop Aomine,1
 everyonejustbecamerich,1
AlternateAu,1
 Alternate Universe - Slavery,1
 uke!kagami,1
 takaizu yooooo,1
 Bisexual Furihata,1
 Knotting,1
 but he'll be happy soon,1
 Anal Beads,1
 Asexual Hanamiya Makoto,1
 twisted Wonderland,1
Elfprince!Akashi,1
 past trauma,1
 Rock Stars,1
 Growing Up,1
 Creampie,1
 Summer and Winter Shenanigans,1
 Dress Up,1
 Past Character Death,1
 Kagami is dreadfully confused,1
 Alternate Universe - Domestic,1
 sighs at life sighs at choices,1
 I don't hate any of the characters,1
 Male Lactation,1
 Post-Break Up,1
 IM KIDDING no ferrets were hurt either,1
 Parents & Children,1
 Angst and Humor,1
 Threats of Violence,1
Alternate Universe - Student/Teacher,1
Bondage,1
 NavySoldier!Takao,1
 Dominant Aomine,1
florist and tattoo au,1
 Thief!Kuroko,1
 Demon!Shiki,1
 ok I'm done,1
 Hybrid!AU,1
 there's hidden hints in each chapter,1
 Alternate Universe - Fairy Tale,1
 Cuddling & Snuggling,1
 Desperate Attempts at Humor,1
 Abusive Relatioship,1
 Fist Fights,1
 Suspense,1
 Kagami is a fantastic baker,1
 probably,1
Alternate Universe - Coffee Shops & Cafs,1
 lots of lgbtqia exploration here folks,1
 Summer,1
 There's a lot of bad things in here,1
 Light Dom/sub,1
 make-up sex,1
High School,1
 yall better buckle tf up,1
 Family Drama,1
Tumblr Prompt,1
Rimming,1
 Mating Rituals,1
 Aromantic Character,1
 Kise's still getting beaten up,1
 Packs,1
 Fireman! Kagami,1
 Torture,1
 Internalized Homophobia,1
 Exhibitionism,1
 It gets better with each chapter,1
 Drunken Confessions,1
 Facebook,1
Alternate Universe - Prison,1
 Kuroko seriously likes vanilla-flavoured foods,1
Age Difference,1
 Mild Painplay,1
 Domesticity,1
 pianist!Kuroko,1
crying baby,1
 kagami is human,1
 Aomine suffering,1
 Mating Bond,1
KagaKuro - Freeform,1
 Werewolves,1
 Emperor!Nijimura,1
 Initial Antagonism,1
 Pirate!Aomine,1
 Prompt Fic,1
Short One Shot,1
 mostly KiKasa,1
 Pirates!KirisakiDaiichi,1
 Drama & Romance,1
 Akashi is NOT the abuser,1
Domesticity,1
 Bittersweet,1
Power Play,1
 alpha!kise,1
additional tags,1
 Happi Endo,1
 and Kagami loved him,1
 it starts out dark but trust me its fluffy,1
domestic idiots,1
Homecoming,1
 Forced Bonding,1
Alternate Universe - Pirate,1
 Alpha!Kuroko,1
 Masochism,1
 This is literally the shit,1
 Obedience,1
 Mating,1
 Sexual Identity,1
 badass kuroko,1
 lots of burns,1
 So Much Subtext,1
 Fireman Kagami,1
 Festival,1
Threesome - M/M/M,1
 Asexual!Akashi,1
Alternate Universe - Medieval,1
 Parent-Child Relationship,1
 Cute,1
 Takao Wears Booty Shorts,1
 69 (Sex Position),1
 Rating May Change,1
 Kittens,1
akashi is a spoiled brat,1
 Haizaki is a bastard,1
 BDSM,1
 Forced Marriage,1
 Tattoos,1
 Parenthood,1
 Akashi is a complete idiot in this one,1
 High School,1
 poor baby Kise,1
 Alternate Universe - After College/University,1
 Dark Past,1
 Alpha Kagami,1
 Carrier Gene,1
 the writing style changes a lot throughout,1
 Future AU,1
 abuse of the lenny face (   ),1
 Dormitory Life,1
 mental issues,1
Alternate Universe - Vampire,1
 Rope Bondage,1
 Prank Wars,1
Unresolved Sexual Tension,1
 Alternate Universe?,1
 Aftermath of Torture,1
 Shounen ai,1
 it's too much,1
 cant say the same about the ferret tho lmao,1
 Omega Reader,1
 Childhood Friends to Lovers,1
 Borrowing Clothes,1
 just a warning,1
 It will be tamed soon enough though ;),1
 midotaka - Freeform,1
 merman!kuroko,1
 friend crushes,1
 beware the flashbacks,1
 kagami is an awkward dork,1
 Accidental Voyeurism,1
 text message fic,1
 Wedding Planning,1
 Guns,1
 Implied/Referenced Rape/Non-con,1
 Asexual Kuroko Tetsuya,1
 sometimes,1
 but sometimes you need asshats,1
 Pack Family,1
 Discussion of Abortion,1
 Heartless Author,1
 Alternate Universe - Hipsters,1
 Dumbasses Who Don't Know They're in Love,1
 Mild Smut,1
 take this away from me,1
Gender Neutral,1
 The Kuroko Tetsuya Fan Club,1
 Cuddling,1
 child!Taiga,1
I cannot believe I wrote this,1
 Both Kuroko and Kagami's friends are instigators,1
 Beta!Murasakibara,1
 Learning to Dance,1
 lots of crack,1
 Mentions of homophobia,1
 Mild torture,1
 Hate to Love,1
 Lactation,1
 did you see what I just did there,1
 Kissing,1
 Sleepovers,1
 Piercings,1
Matchmaker!Kise,1
Light Bondage,1
 Kagami is fucking adorable and noone can tell me otherwise,1
 Occasional angst,1
 Feels,1
 NavyOfficer!Kise,1
 Awkward First Times,1
 Cats,1
 aaaaaaaaaand back to memes!,1
 Pre-Relationship,1
 Grief/Mourning,1
 they're all just dorky teenagers,1
 Stupid decisions,1
Alternate Universe - Historical,1
Alternate Universe - Yakuza,1
 Takao being the idiot for once,1
 is my fav thing ever,1
 Community: fandomaid,1
 nothing is what it seems,1
I don't really know how this is going to be...,1
 Shibari,1
 My First Fanfic,1
 non descriptive violence,1
 Minor Original Character(s),1
 dub-con,1
 ficlets,1
 trans! Mibuchi Reo,1
 NOT RLLY i mean....,1
 texting the wrong number fic no one asked for,1
 tags get updated every chapter so y'all are in for one heck of a ride!!!,1
 Tropes,1
Yaoi,1
 Platonic Relationships,1
 Asexuality,1
 I have created a monster,1
 Horny Teenagers,1
 Bodyguard AU,1
 Mermaid!Momoi,1
 Teasing,1
 Gay Marriage,1
 I smushed them up together I'm sorry,1
 Manpain,1
Drama,1
Lingerie,1
 But lots of fanboying,1
 Eventual Relationships,1
 Coming Out,1
 Wet Dream,1
 Mirror Sex,1
 like I'm not kidding,1
Demon!Akashi,1
 Empress Kuroko Tetsuya,1
 Akashi and Kuroko as bros,1
 literally just fluff,1
 weekend,1
 minor OCs - Freeform,1
 Did I mention angst,1
Fluff and Smut,1
 This is crack,1
 Loss of Virginity,1
 Shower Sex,1
 Alternate Universe - Housemates,1
royal au,1
 Kidnapping,1
 Third Person POV,1
 when Aomine still loved basketball,1
 Vibrator,1
 Conditioning,1
 Kise is an idiot,1
 500 Days of Summer - Freeform,1
 angsty,1
 Alex can't handle the domestic,1
 Molestation,1
Third Year AU,1
 More fluffy universe,1
 Control Issues,1
 Abandonment Issues,1
 Genderswitching,1
 side MuraHimu (if you squint a bit),1
 And suddenly I've forgotten how to plot,1
 Character Death,1
 Alternate Universe - Soulmates,1
 Demon!Izaya,1
 Demon Sex,1
 Loud Sex,1
 Animal Hybrid!AU,1
 inspired by Alice: Madness Returns,1
 Picnic,1
 and all that shizzle,1
 POV Akashi Seijuurou,1
 Orgasm Delay/Denial,1
 Developing Relationship,1
 special guest stars - Freeform,1
 Surprise Party,1
 Unhealthy Relationships,1
 TV Tropes,1
 Family Feels,1
 Trust Issues,1
 no idea where this came from don't look at me,1
 First Time Blow Jobs,1
 Emperor Akashi,1
 Aomine is a rich bastard here,1
 Work In Progress,1
 this one is so sweet I think I've physically injured myself writing this,1
 Bullying,1
 Family Fluff,1
 Teikou Era,1
Sexual Identity,1
 Difficult Relationships,1
 Men Crying,1
 Panties,1
 Bad Flirting,1
 Implied Mpreg,1
 eventually there will be sex,1
 Pirate!Murasakibara,1
 Major sexual tension,1
 Scent Kink,1
Temporary Amnesia,1
 a day in the life,1
 vampire and humans live together,1
 Hufflepuff!Kuroko,1
 side KuroKaga,1
Bestiality,1
 omega!akashi,1
Akakuro - Freeform,1
 Awkward Romance,1
Alternate Universe - Road Trip,1
 Emotional Manipulation,1
 Captivity,1
 Family Dinners,1
 Asian American Verse,1
 Near Future,1
 pleasedontkillme,1
 boob talk boob talk boob talk,1
 whoops,1
 i would like to commemorate oreshi's return,1
 Roommates,1
 Akashi gets a dog,1
 Parody,1
 murahimu,1
 Alternate Universe - Harem,1
Assassins,1
 Drug Use,1
Classroom Smut,1
 More Fluff,1
 Kinda Fluffy,1
 Memory Loss,1
 it goes from funny to angsty real quick,1
 Alternate Universe - Royalty,1
 Eventual Fluff,1
Alternate Universe - Modern Setting,1
 I'm Sorry,1
Hint Of Other Pairings,1
 Akashi is the Mama!,1
Alternate Universe - Werewolf,1
 Inappropriate Use of Strawberries,1
 Death,1
 Top Aomine,1
 Breakup,1
 all fifty percent off references are one hundred percent on purpose,1
Hybrids,1
 no talking,1
 Kuroko has been miraculously shrunk and no one knows why,1
 Corsair!Kagami,1
 Animal Transformation,1
 un-betaed,1
 Aslan is Kuroko's God,1
 Kuroko taking charge like a boss,1
 kuroko no basuke - Freeform,1
 Implied Relationships,1
 Bets & Wagers,1
Seduction,1
 Valentine's Day,1
 Chatting & Messaging,1
 Abuse,1
Angst with a Happy Ending,1
 Modeling,1
 SeaWizard!Ogiwara,1
 Childbirth,1
 Saliva as Lube,1
 Alexandra Garcia is the official Queen of Hell,1
 Historical Fantasy,1
 midorima is a hot awkward nerd,1
 Cuddles,1
 Original Character(s),1
 Host AU,1
Alternate Universe - Music,1
 First Date,1
 Pack Dynamics,1
 developing relationships,1
 poor babies,1
 Making Dreams Come True,1
 there's some creepy shit,1
 Humiliation,1
 Personality Disorder,1
 Miscommunication,1
 Multichapter,1
 This is gratuitous and I'm not sorry,1
 Spoilers for those who've only seen the anime,1
 broken!ukes,1
 Post Winter Cup,1
 this is not yaoi,1
 Christmas Fluff,1
 Shojou blither,1
 BSDM,1
 put on your shipping goggles,1
 Kagami's an angel,1
 kuroko is human,1
 basically sappy sweet Kuroko and Kagami who are total dorks,1
 frICK OFF NO ONES OOC,1
 Suicide,1
 Consensual Sex,1
 Licking,1
 Omega Aomine,1
 Siblings,1
 America,1
30 Day OTP Challenge,1
kid!kuroko - Freeform,1
 Alpha!Mayuzumi,1
 kiyomorihyuuizu is real,1
 Akashi is possessive,1
 Imaginary Friends,1
 Sex Toys Under Clothing,1
 Kise!whump,1
 Smoking,1
 Hallucinations,1
 Kuroko is a sweetheart and is comforted fo sho,1
 Valentine's Day Fluff,1
 Spain,1
Meme,1
 Unrequited Lust,1
 mental break,1
 gets weirdly serious at times 4 real lol,1
 KagaKuro is the only side-pairing with significance,1
NavyOfficer!Akashi,1
 Embarrassing Dialogue,1
 Cussing,1
 everyone have tragic pasts,1
 Chibi akashi cuteness,1
 guess who's rooming with purebred lion akashi wwwww,1
 More Than You Wanted to Know About Trains,1
source de journalistic integrity,1
 Social Media,1
 Vampires,1
 LOTR inspired universe,1
drabbles,1
 Irredeemable Filth,1
Aomine and Kise are very annoying to be friends with,1
 hanamiyas rad mom,1
 Obliviousness,1
 Lots of drama,1
 Naiad!Kuroko,1
 Punishment,1
Friendship,1
 Queerplatonic Relationships,1
 takao's apartment is crawlin with spookies,1
 Break Up,1
hella dumb shmoop wow,1
 Sexual Humor,1
 mention of MPREG,1
 notanenglishnativespeaker,1
Crossdressing,1
 but I had to write it anyway,1
 Japanese Mythology & Folklore,1
 Dom/sub Undertones,1
 Dogs,1
 doctor!midorima - Freeform,1
 Kuroko in a skirt,1
Omega Verse,1
 Genderfluid Character,1
 Eventual Happy Ending,1
 Midorima is sad,1
 Teen Pregnancy,1
 oh man the d & p references are real,1
 Lists,1
 hairline jokes,1
 Mentions of Cancer,1
 Ear Piercing,1
 Best Friends,1
 I swear,1
 Others - Freeform,1
 Birthday Sex,1
 Declarations Of Love,1
 Yuki-chan and Furi-chan are partners in crime,1
 Pregnancy,1
 they have group chats omg,1
 Anal Plug,1
 Kise's bitchy attitude,1
 Top Kagami Taiga,1
 Teeth-Rotting Cavity-Inducing Fluff,1
Kid Fic,1
 Blood and Gore,1
 Sakura (Cherry Blossoms),1
 Alpha!Aomine,1
Time Loop,1
 humor?,1
 A lot happened in the second year,1
 Supernatural - Freeform,1
 Fake Dating,1
 Fake Character Death,1
 Alternate Universe - Rock Band,1
 Sweet,1
 Prostitution,1
 a bit of crack,1
 True Mates,1
 Police Officer Aomine Daiki,1
 awkward dorks,1
 Petplay,1
 Pokemon GO - Freeform,1
 Hipsters,1
 so they're all second years and kasa and the other senpais are in college,1
 i think im funny,1
 Whipping,1
 the ugly tags are not about MidoTaka,1
 Foursome,1
 Random AF,1
 Boys Love - Freeform,1
 but they'll figure it out,1
 Injury,1
this is a fic where akashi fucks with everyone okay???,1
 In the Beginning,1
 Centaur!Aomine,1
 Double Penetration,1
 Don't read,1
 Think of snowy days and nostalgic people wandering the streets,1
Fanart,1
 Kise and Midorima being gay besties,1
 side MidoTaka (at the end),1
Vacation,1
 Flashbacks,1
 ??? - Freeform,1
 Healing,1
 Attempted Kidnapping,1
 It Gets Worse Before It Gets Better,1
 5+1 Things,1
 Male Carrier,1
 Corsair!Himuro,1
 Shit hits the fan more than once,1
 Pirate!Hanamiya,1
 kindacuteactually,1
Slice of Life,1
things yet to come,1
 Dildos,1
Slow Build,1
Nijimura is the Papa!,1
 Trans Character,1
 Nerdiness,1
 Crossdressing Kuroko Tetsuya,1
Alternate Universe - Assassins & Hitmen,1
 sap,1
Alternate Universe - Coffee Shop,1
 eventual angst,1
 Depression,1
 I was joking,1
 Osaka,1
 we honestly need more trans fanfics in this fandom,1
 AkaKuro/KuroAka,1
 refinding love,1
 Kurokosexual,1
 Consensual relationships,1
 Emperor!Akashi,1
 Fairy Tale Logic,1
 kuroko is not a cat,1
 Bad Decisions,1
Alternate Universe - Parents,1
 Abusive Relationships,1
 Merman!Mibuchi,1
 Angst and Hurt/Comfort,1
PWP,1
Porn,1
 Choking,1
 Concubine Kuroko,1
 takao is in an abusive relationship,1
 KagaAo,1
 Ice,1
 blindfold,1
 all da hcs,1
 Kuroko is losing his mind,1
 Alternate Universe - Modern Setting,1
 Psychological Torture,1
 Alternate Universe - Writing & Publishing,1
 also minor character death,1
 Foursome - M/M/M/M,1
 Begging,1
 lots of cutesy shit!!! i swear!!!,1
 it gets a lil violent later on kiddos,1
 Kagami falls on his butt a lot,1
Blind!Kuroko,1
 Kids,1
Slow Burn,1
 that oha asa just scheming away i tell you,1
 Gangbang,1
 Love at First Sight,1
 Indonesia,1
 alcohol use and unsupervised parties,1
 just porn,1
 The mentions of other pairings are vague,1
 Lingerie,1
 Barebacking,1
 Buckle up for a long ride,1
 aokise - Freeform,1
 i seriously dunno what to tag,1
 Alternate Universe - Canon Divergence,1
 Elevator Sex,1
 PWP,1
 Pirates!AU,1
smitten Aomine,1
Red String of Fate,1
Dragon!Akashi,1
 Mentions of Suicide Attempts,1
 and Aomine loved him back,1
 Fights,1
 Minor Violence,1
 Spanking,1
 Kinks,1
 Submissive Kagami,1
 shrine,1
 Sadism,1
 There are going to be loads of triggers,1
 cool powers,1
 Teacher!Kagami,1
 Stockholm Syndrome,1
 Dirty Fetishes,1
 Fudanshi Kouki,1
 Dancing,1
 Kraken!Ogiwara,1
 Sorry Not Sorry,1
 NO SPOODERS WERE HARMED IN THE MAKING OF THIS FIC,1
 Yep It's A Thing,1
 Vibrators,1
 Adoption,1
 Misunderstandings,1
 Host Clubs,1
 Basketball Jersey,1
 Family Dynamics,1
 cutie pie Kasamatsu,1
 Tumblr Ask Box Fic,1
 Demon!Koujaku,1
 Relationship(s),1
there are no pairings but it highlights on akashi and kuroko's relationship as boss and employee,1
 Alternate Universe (super powers),1
 Hand & Finger Kink,1
 noteverythingistorture,1
 Requited Love,1
 Undercover Missions,1
 Heartbreak,1
 Guilt,1
 Fingerfucking,1
Neko Kagami,1
 Aphrodisiacs,1
 Akashi is attempting seduction,1
 past Aomine/Kise,1
 this fic is pretty much pure fluff................,1
 Wings AU,1
 Red String of Fate,1
 Broken people,1
 and lots of fluff,1
 Kuroko Tetsuya is the innocent victim of them both,1
 Love/Hate,1
Emotional Constipation,1
 silly Aomine being an idiot...,1
 child!Daiki,1
 Unresolved Romantic Tension,1
 be careful,1
 general gr8ness,1
 Male Homosexuality,1
Domestic Fluff,1
 Kuroko no Basket - Freeform,1
 Social Issues,1
 and mentions of death/murder/killing etc etc,1
 kuroko in panties,1
 rated M for foul language,1
 Marking,1
Alternate Universe - Neighbors,1
Road Trips,1
 Slight Yuri,1
 no real people though,1
Skype,1
 Coffeeshop AU,1
 Muse Kagami,1
 OhYeahMpreg!!!!!!,1
 This gets kinda dark at the end,1
 Kagami being a goof,1
 dumb boys talking about dumb feelings,1
 akafuri - Freeform,1
 badass!Kuroko,1
 Fake/Pretend Relationship,1
 Flirting,1
 Insanity,1
 Past Abuse,1
 Drunkenness,1
 predominantly akakuro,1
Alternate Universe - Boarding School,1
Historical Fantasy,1
 Therapy,1
 how do you define this,1
 Merman!Mayuzumi,1
Rape/Non-con - Freeform,1
 Someone Help These Dorks,1
 male reader - Freeform,1
 kuroko's a badass,1
 Flower Language,1
 MY BABIES,1
 Friends With Benefits,1
 Akakuro - Freeform,1
 Bants,1
 cheeseballs,1
 Curtain Fic,1
 Porn Battle,1
 Wingfic,1
Rejection,1
 awkward teenage boys,1
Alternate Universe - Spies & Secret Agents,1
20 Things,1
 if u dont like izuki u should probably leave this fic is hella izuki centered,1
 Cop! Aomine,1
 Dorks in Love,1
 Safe sex practises,1
 Blackmail,1
 Rewriting The Whole Story,1
Doctor Midorima,1
 Demon!Light,1
 Akashi actually talks to people,1
 Japanese Culture,1
 spoopy halloween fun,1
 Hypersensitive hybrid,1
 Emotionally Dense Fools,1
 Japanese Rope Bondage,1
Twitter,1
 Pets,1
 Love Bites,1
 mainly Akakuro,1
 Gore,1
 volunteer fireman!Kagami,1
 Aomine is worrywart,1
 Gun Violence,1
 Subtext,1
 graphic description of violence,1
Reader-Insert,1
Kagami Taiga is a certified idiot,1
First Date,1
 Manipulation,1
cross dressing,1
 Mild Angst,1
 Colourful language,1
 Historical References,1
 Orgasm Denial,1
 Alternate Universe - Cats,1
 Seriously so much unresolved tension it's painful,1
 but really mild,1
 some good roasts,1
 Come Inflation,1
 secret agents,1
 pay attention to details,1
 Clothing Kink,1
 inspired by OITNB and stories from prison,1
 POV Furihata Kouki,1
 tragic past,1
 sex at school,1
poor communication skills,1
 Tumblr Prompts,1
 Emperor Akashi Seijuurou,1
 Dragons,1
 Akashi being Akashi,1
 Laziness,1
 Paranormal,1
 please,1
Pre-Slash,1
 Student!Aomine,1
 Reversible Couple,1
 Meta,1
AU,1
 sei what did you ask from me oh god,1
Alternate Universe - Crack,1
 mentions of eating disorders,1
 Bodily Fluids,1
 Slowish build,1
 Teenage Stupidity,1
 Body Modification,1
 Cooking,1
 and no idea they are in love,1
 Jersey Porn,1
 Alternate Universe - Sentinels & Guides,1
 Himuro Being a Seductive Little Shit,1
 moriyama is one part fairy godmother and one part chef from south park,1
 Day At The Beach,1
 Crush,1
 Teiko era,1
 Semi-Public Sex,1
 Kise can top oatmeal (surprise),1
 Kagami is the kid of AkaFuri,1
 Dom/sub,1
 Mild Sexual Content,1
