,32
 Fluff,27
Alternate Universe - Modern Setting,25
 Alternate Universe - Modern Setting,23
 Angst,21
 Romance,16
 Alternate Universe - College/University,15
 Canon Compliant,14
 Smut,12
 Femslash,12
Alternate Universe - College/University,12
Korrasami - Freeform,12
 Alpha/Beta/Omega Dynamics,10
 Knotting,10
 Korrasami - Freeform,10
 Slow Burn,10
 Alternate Universe - Canon Divergence,10
 Friends to Lovers,9
 AU,9
Fluff,8
 Slow Build,8
 Hurt/Comfort,8
 Alternate Universe - No Bending,8
 Drama,7
 Mating Cycles/In Heat,7
 Violence,7
 Cross-Posted on FanFiction.Net,7
Post-Finale,7
Alternate Universe,7
 Humor,7
 Alternate Universe,7
 Omega Verse,7
 Modern AU,7
 Alternate Universe - High School,6
 G!P,6
Romance,5
 Canon Lesbian Relationship,5
 Slice of Life,5
 Established Relationship,5
 First Kiss,5
 legend of korra - Freeform,5
 No Bending,5
 Emotional Hurt/Comfort,5
 Action/Adventure,5
 Pining,5
 Friendship,5
 Magic Cock,5
 Original Character(s),5
Omegaverse,5
 Eventual Romance,4
 Omegaverse,4
 Blood,4
 Oral Sex,4
Canon Compliant,4
 Developing Relationship,4
 Fluff and Angst,4
 Masturbation,4
Femslash,4
 Whump,3
 Angst and Humor,3
 Erotica,3
 asami whump,3
Gap Filler,3
 Strap-Ons,3
 Fake/Pretend Relationship,3
 Alpha!Korra,3
 Come Shot,3
 First Time,3
 Alpha/Omega,3
 Gore,3
 Triggers,3
 D/s,3
Alpha/Beta/Omega Dynamics,3
Friends to Lovers,3
 Angst with a Happy Ending,3
Angst,3
 Post-Canon,3
 Depression,3
 Canon LGBTQ Female Character,3
Friendship,3
 Adventure,3
 Canon Queer Character of Color,3
 Fluff and Smut,3
 alternative universe,3
Smut,3
 Bisexual Female Character,3
 Explicit Sexual Content,3
Slow Burn,3
 Spirit World,3
 Omega!Asami,3
 korra whump,3
 Chemistry,3
Shameless Smut,3
 Series,3
 Arranged Marriage,2
 tell me if you like it!,2
 Unrequited Love,2
 Asami is Noodles,2
 Female Character of Color,2
 POV Alternating,2
 Bisexual Female Character of Color,2
Equalist!Asami,2
 Clit-cock,2
 Crossover,2
 Emotions,2
 Drug Use,2
 Vaginal Fingering,2
 Soulmates,2
Post-Series,2
 Eventual Smut,2
Eventual Romance,2
 College AU,2
 Slow Romance,2
 Canon Divergence,2
 Lady-cock,2
 Red Lotus Korra,2
 Love,2
 Blow Jobs,2
Post-Canon,2
 Canon Character of Color,2
 Mating Bites,2
 Alternate Universe - Soulmates,2
 Character Death,2
 LOK - Freeform,2
Post Book 3: Change,2
 Not Actually Unrequited Love,2
 Recovery,2
 Family Fluff,2
 Roommates,2
 Fluff without Plot,2
Soulmate-Identifying Marks,2
 Canon Queer Relationship,2
 Equalist Asami Sato,2
 Martial Arts,2
 Bodyguard,2
 History,2
 Mating,2
 also,2
 Coming Out,2
Drama & Romance,2
 Tragedy,2
 CEO!Asami,2
 Plot First; Romance Third,2
 tlok - Freeform,2
Alternate Universe - Bodyguard,2
 Minor Character Death,2
 Pregnancy,2
 Comedy,2
 trigger warning,2
 Installment II,2
vague modern au,2
 Trans Character,2
 Like really slow,2
 Vaginal Sex,2
 I AM SORRY,2
 Flashbacks,2
Cross-Posted on FanFiction.Net,2
 Inexplicable Ejaculating Clit Cock,2
 Sexual Content,2
 Lesbian Sex,2
 multiseries,2
 Eventual Fluff,2
 Boss/Employee Relationship,2
 Language Barrier,2
 Post-Finale,2
 Canon Queer Character,2
 Post-Series,2
 Soulmate Pain AU,2
 Shiro is Keith's brother,1
 Elements,1
 University,1
 everything is ethical,1
 Hurt,1
 a funny story,1
 So so sorry,1
 Prequel,1
 they're girlfriends by the end come on,1
 Like seriously slow,1
 Jogger!Korra,1
 Alternate Universe - Space,1
 Enemies to Friends to Lovers,1
Developing Friendships,1
 vlog au,1
 Cunnilingus,1
 asami sato - Freeform,1
 different Rating,1
 some angsty chapters,1
 FlightAttendant!Bolin,1
 Happy Ending,1
 my girlfriend is amazing,1
 Bolin & Korra friendship especially,1
 And Friendship,1
 Emotional Hurt,1
 still not over it being cannon tbh,1
 Alternate Universe - Prison,1
 Equalist,1
 it's got a little bit of everything,1
 Past Character Death,1
 not your typical regal vampire,1
 Ghost Drifting,1
 Infrastructure Porn,1
 Bullying,1
 Present Tense,1
 Pilot!Korra,1
 also mosquitoes,1
 Set in the summer of 2016,1
Ex Lovers,1
 so much more,1
 Alternate Universe - Gang World,1
Yoga Instructor!Asami,1
 Darkest Timeline,1
 Marriage,1
College,1
 so many original characters,1
 Sex,1
 Cuddling & Snuggling,1
 Alternate Universe - Beach,1
 probably,1
 basically she makes a dildo because bending is great,1
 a lot of junk food,1
 Not putting too much more until we get more into the story,1
 Amon is three years older than Asami,1
 Extremely slow build,1
 Pizza,1
 POV Bisexual Character,1
 there's some Bopal,1
 Disability,1
 Bolin is older than Mako in this fic,1
 Soulmate AU,1
 as domestic as it gets really,1
 Part I,1
legend of korra AU,1
Queer Character,1
Fluffy,1
 Mating Rituals,1
 college au turned into something else,1
 Korra and Asami are both big blushing nerdy dorks,1
 Torture,1
 Pre-Relationship,1
 out the wazoo,1
 Mission to Mars,1
additional tags,1
 Smug!Korra,1
 Korra being badass but mushy for Asami is my aesthetic,1
 i'll have warnings before hand when things get harsh and they will get harsh,1
 take that as you will,1
 Father-Daughter Relationship,1
 they hate each other so much,1
 Korra & Bolin are Too Pure and Good for this world. They totally signed up for this.,1
 Massage,1
 Action,1
Strippers & Strip Clubs,1
 blind iwaizumi,1
 Drama & Romance,1
 endgame korrasami,1
 Fluffy,1
 I wrote this in 2014 when Korrasami College AUs were actually rare?,1
 Astronauts,1
Between Seasons/Series,1
 Trauma,1
 basically emotionally invest your ass if you're going to read this,1
 So much angst,1
 AU where Korra lived in the North,1
Alternate Universe - Space,1
 Nightmares,1
 Bending (Avatar),1
 Film Producer,1
 Modern World AU,1
 AU - mentions of pop culture because why not,1
post book 1,1
 Unplanned Pregnancy,1
 Forgiveness,1
 Domestic Fluff,1
 Other Additional Tags to Be Added,1
 Secret Admirer,1
prompt,1
 Rating May Change,1
 Humiliation,1
 Jaegers (Pacific Rim),1
 Survival,1
 brief injury/blood mentions,1
 Tattoos,1
 but keeping the nations,1
 Plot What Plot,1
 High School,1
 Earthbender Iwaizumi,1
 implied PTSD,1
 Part 1,1
 Lance is a wing man,1
 Bondage,1
 Tarrlok is the older brother,1
 Anxiety,1
 they go to a water park?,1
Alternate Universe - Vampire,1
 dragon - Freeform,1
 Fugitives,1
 asami you precious cinnamon roll,1
 Canon Relationships,1
For Want of a Nail,1
 end of the world sex,1
 Danger,1
 Family,1
 Conspiracy,1
 and feelings,1
 Implied/Referenced Slavery (Very mild),1
 New Beginnings,1
seven minutes in heaven au,1
 Pregnancy Kink,1
 Alternate Universe - Firefighters,1
I'm Sorry,1
 Canada,1
 Pro-Bending,1
 sorta - Freeform,1
 Racism,1
 Soul-Searching,1
Alternate Universe - Marching Band,1
 Murder-Suicide,1
 Mako & Asami are angsty broody dorks w/ parental issues,1
 Sexual Slavery,1
 Shameless Smut,1
 Protective Lexa,1
 Business,1
 and mako being an awkward uncle while bolin is the kid's favourites,1
 Prophecy,1
 Omega!Korra,1
 Drift Compatibility,1
 prompts,1
 Post-Traumatic Stress Disorder - PTSD,1
Drunk Texting,1
 useless bisexual vampire,1
 korra x asami - Freeform,1
 Omega Asami Sato,1
 Awkward Sexual Situations,1
 Korra's sixteen and Asami's seventeen,1
 scene skips,1
Roller Derby,1
This hurt me to write tbh,1
 massage therapist au,1
 Rape,1
 Intrigue,1
 Secret Crush,1
I made myself sad,1
 Alternate Universe - Rugby,1
 Strong Language,1
 Character Study,1
 first fan fic,1
 Scent Marking,1
 Sooooo much sexual tension,1
Asami gets flustered easily,1
 Threats,1
 but it will not happen because Lexa don't let anything happen to Clarke,1
 korrasami headcanon,1
 And Naga's an adorable drooly puppy that weighs a few tons,1
 Attempted Rape/Non-Con,1
 the avatar goes apartment hunting,1
Sex is mentioned,1
 ok i lied i have no idea what tags i should add,1
 Sort of an AU,1
 netflix,1
Not A Fix-It,1
 Step-siblings,1
 Road Trips,1
 Platonic Masami,1
 Come Inflation,1
 Red Lotus,1
 New Year's Eve,1
 Alternate Universe - Bodyguard,1
 Clarke born to lead,1
Alternate Universe - Basketball,1
 Alpha - Freeform,1
 Bedrolls,1
 Everyone's gay,1
 warning,1
 Strangers to Friends,1
 Teasing,1
 Obsessive Behavior,1
 Samurai AU,1
 So Awkward it Hurts,1
 Domestic,1
Drama,1
 Freeform,1
 Love/Hate,1
 squirrelotters,1
 Porn With Plot,1
 One-Shots,1
 and comedy hopefully,1
 because both of them grew up with no siblings,1
 Alternate Universe - Homeless,1
 Book 5,1
 i'm still sorry,1
 Dark Avatar,1
 more tags to come,1
 Breeding,1
 Sexual Tension,1
Modern AU,1
 Blowjobs,1
 Leaving Home,1
 some angst in later chapters,1
 accidentally,1
 Fish out of Water,1
 avatar korra - Freeform,1
 should i continue?,1
 non Canon,1
 Accidental Orgasm,1
 Mating Bond,1
 Implied Sexual Content,1
 heat - Freeform,1
 Shifting Anatomy,1
 Bopal references,1
 Not Canon Compliant - The Legend of Korra,1
 Queer fictional history,1
 It's kinda meandering all over the place now...,1
 Summer,1
 avatar AU,1
Interns & Internships,1
 Alternate Universe - Camp Counselors,1
 no regrets,1
Art Museum AU,1
 Politics,1
 Middle Ages,1
Car Sex,1
 desert islands,1
 Jogger!Asami,1
 G!p Lexa,1
 anthropology au,1
 Part II,1
 For reasons,1
Ballet,1
 Egyptology,1
 dubious fluff,1
 Some mature chapters,1
 I don't think you quite understand,1
 Vanilla,1
 Sex Magic,1
Interview,1
 Alternate Universe - Children,1
 Tumblr Prompt,1
 Past Child Abuse,1
 send help,1
 Near Future,1
 Alternate Universe - Pacific Rim Fusion,1
 adorable NERDS being NERDS,1
 also i can't wait for auntie lin and kya moments,1
 Recreational Drug Use,1
 Jogging,1
Assassins,1
 equalist and traitorous Asami,1
 Asami is a master seductress,1
 Gap Filler,1
 but it's most likely all fluff,1
 and there is fluff,1
 Come Marking,1
 Vacation,1
 lgbt,1
 but only sort of,1
 Hockey,1
 Friendship/Love,1
Country & Western,1
 Turtleduck Date Night,1
 Mercy - Freeform,1
 Doctor/Patient,1
 Post Season 3 Finale,1
 Canon Pairing,1
 Gender Identity,1
Season 3 Finale,1
 LGBTQ Female Character of Color,1
 Secret Identity,1
 Spirit Vines,1
 Long-Distance Relationship,1
 Heartbreak,1
 G!P Ice Queen,1
 + TRAILER,1
 Scissoring,1
 Prisoner of War,1
Panic Attacks,1
 AU- no Avatar,1
 nerdy adorkables,1
 Cheating,1
 Coffee Shops,1
 jock! Korra,1
 this author is trash for fluff,1
 Book 4,1
 Alternate Universe - Coffee Shops & Cafs,1
 In The Year 2035,1
 Kaiju (Pacific Rim),1
 LGBTQ Character of Color,1
 Bisexual Character,1
 rope,1
 relationships,1
old people being awesome,1
Nonbinary Character,1
 like slow burn AF,1
 equalist Asami,1
Tattoos,1
 Non-bending AU,1
 prompt,1
 purely experimental fic,1
 Love Bites,1
 Alpha Korra,1
Engineering,1
 missing scenes maybe?,1
 Pen Pals,1
 Chef's Table,1
 Rating: M,1
 Aged up characters,1
 Post-Spirit World,1
 Alpha!Asami,1
 Worldbuilding,1
High School AU,1
 Sharing a Bed,1
 Public Display of Affection,1
Alternate Universe - Canon Divergence,1
 environmental danger,1
 Women in the Military,1
 Alternate Universe - Flower Shop,1
 Sexual Humor,1
 AU- Homophobia De-Gay Camp,1
 Summer Love,1
 Non-Traditional Alpha/Beta/Omega Dynamics,1
Omega Verse,1
 On the Run,1
 Food,1
Canon Queer Relationship,1
Total Book One AU,1
 awkward dorks,1
 this is not going to be an easy fic,1
 Beach House,1
 nerdy,1
 Strippers & Strip Clubs,1
 Drinking,1
War,1
 Enemies to Lovers,1
 Turtleduck(s),1
 less tags than before,1
 Injury Recovery,1
 Equalist!Asami,1
 Unalaq died before the fic started,1
 Omega!Opal,1
 Clexa Endgame,1
 Late Night Conversations,1
 As fluffy as a kitten,1
Alternate Universe - Soulmates,1
 Heartache,1
 Physical Therapy,1
 CCTV,1
 sort of cute?,1
Alternate Universe - Summer Camp,1
 War,1
 Minor Slurs,1
 omega - Freeform,1
 4x13,1
Cooking,1
canon,1
 Insomnia,1
 bad college habits,1
 Alternate Universe - Creatures & Monsters,1
 No Angst,1
 Serious Injuries,1
 Hate Sex,1
 Love Confessions,1
 Hijinks,1
 nerd! Asami,1
Bondage,1
 korasami,1
 Avatar,1
 Accidental Knotting,1
 Pre-College AU,1
 News Media,1
Korra and Mako brotp,1
Fluff and Humor,1
Tumblr Prompts,1
 irrational sports rage,1
 more pain,1
 AU- no bending,1
 I hate Tarrlok,1
 a lot of shrek guys,1
 Growth,1
 as usual,1
Avatar,1
 Series Finale,1
 Pre-Canon,1
 Short Stories,1
 Plot,1
 Angst and Hurt/Comfort,1
 Modern Setting,1
 Weapons of Mass Destruction,1
Alternate Universe- No Supernatural,1
 how many tags do I actually need?,1
Book 1 ending AU,1
 Transported to the real world,1
TW: Panic Attacks,1
 Alternate Universe - Science Fiction,1
 The Drift (Pacific Rim),1
Alternate Universe - Cruise Ship,1
korrasami wedding day,1
 f/f - Freeform,1
 dumb booty calls,1
Fake Marriage,1
Light Bondage,1
 Asami is a master of lies and secrets,1
 Knights - Freeform,1
 Tonraq's a papa wolf,1
Homophobia,1
 I'm so sorry,1
Crime Fighting,1
 precanon,1
 Accidental Pregnancy,1
 smutty smut smut,1
 Adventures,1
 Breeding Kink,1
Alternate Universe - Bar/Pub,1
 will tag other things as they become relevant,1
 spirit journeys,1
 Pacific Rim AU,1
Alternate Universe - Noir,1
Alternate Universe - Modern: Still Have Powers,1
 PTSD Korra,1
 korrasami oneshots,1
 Alternate Universe - Cyberpunk,1
 Dancing,1
 Threesome - F/M/M,1
 Asami's got the mooooves,1
 Softball AU,1
masseuse!korra,1
 Dubious Consent,1
Slow Romance,1
 Memory Loss,1
Naga,1
 goody goody Asami,1
 Homophobia,1
 it's also sad,1
 Others - Freeform,1
 Canon Bisexual Character,1
Dancing,1
 Producer!Asami,1
 Relationship(s),1
 I imagine they have lots of kids,1
 at least I think it's funny,1
 mention of rape,1
 Teacher-Student Relationship,1
 Mystery,1
Alternate Universe - Tattoo Parlor,1
 Physical Disability,1
 Fingerfucking,1
 roommates au,1
 polyamory - sort of,1
 sort of slow burn,1
 it's frikkin cold there,1
 little wounds are shared between soulmate,1
 Threesome - F/F/F,1
 Bending,1
 badass Korra,1
 Toys,1
Domestic Fluff,1
 ex lovers to friends,1
Alternate Universe - Future,1
 korrasami prompts,1
 please dont take this seriously,1
 it ends happy i swear but i was like frowning when i wrote it,1
Road Trips,1
 canon girlfriends,1
 First Meetings,1
AU,1
 Falling In Love,1
Vampire/Werewolf AU,1
 Feels,1
Alternate Universe - Western,1
 Sex Toys,1
 Lots of Storyline,1
 Rutting,1
 Anal Sex,1
 primal,1
 Soul Bond,1
 Modern Era,1
 Co-Pilot!Mako,1
Alternate Universe - No Bending,1
 everything you love is gay,1
 but it's not explicitly described,1
 Major Character Undeath,1
 Badass Clarke,1
 Fighting,1
 Post Finale,1
 Faking It - Freeform,1
 no really,1
 will update ratings and warnings and the like as the story goes,1
 Glider Pilot Oikawa,1
 Alternate Universe - Strip Club,1
Summer Love,1
 Stripper AU,1
 Blackmail,1
 Fingering,1
 Canon-Typical Violence,1
 also zuko and mako have a moment,1
 You asked for it,1
 consent is fully obtained,1
 consensual voyeurism,1
 sappy nerds,1
Domestic,1
 Inappropriate Humor,1
 honestly just two dorks going at each other's throats,1
 Terrorism,1
 Strangers to Lovers,1
 Gun Violence,1
 Female Ejaculation,1
 clexa fluff,1
 Or at least it started off as Fluff and Humor...,1
 Asami/OFC is side and in the past,1
 During Canon,1
 Counselor Badgermole tho,1
 Chef!Korra,1
 Soccer player!korra,1
 POV First Person,1
Post-Traumatic Stress Disorder - PTSD,1
 Avatar State,1
 One Shot,1
 Autistic!Korra,1
 More warnings inside,1
 Silly,1
 Supernatural Creatures,1
 the romance novelist and the engineer,1
 Trans Characters,1
 Mild Kink,1
 Skateboarding,1
 Engineering,1
 post 4x08 or thereabouts,1
 Texting,1
 Chapter 8 has been rewritten to be better,1
 Asami POV,1
 Married Korrasami,1
 Recurring Characters,1
 Fluff and Humor,1
 though the soulmate thing doesn't dominate the story,1
roommate au,1
 Geographical Isolation,1
