 Fluff,29
 Angst,23
 Alternate Universe - College/University,21
 Rimming,19
Alternate Universe - College/University,19
,16
 Anal Sex,15
 Blow Jobs,14
 Smut,13
 Slow Burn,13
 Dirty Talk,12
 Oral Sex,12
Fluff,11
 Mating Cycles/In Heat,11
 Hurt/Comfort,11
 Explicit Sexual Content,11
 Praise Kink,10
 Anal Fingering,10
 Violence,10
 Homophobia,10
 Pining,9
 Sex Toys,9
 Overstimulation,8
 Rough Sex,8
 Knotting,8
 Plot What Plot/Porn Without Plot,8
 Romance,8
 Swearing,8
 Self-Lubrication,8
 Spanking,8
 Alpha/Beta/Omega Dynamics,7
 Slow Build,7
 Friends to Lovers,7
 Eventual Smut,7
Alternate Universe,7
 Multiple Orgasms,7
 Voyeurism,7
 Fake/Pretend Relationship,7
 Daddy Kink,7
 taekook,6
 Explicit Language,6
 Body Worship,6
Alternate Universe - Coffee Shops & Cafs,6
 Domestic Fluff,6
 Slice of Life,6
 Sexual Tension,6
 Hand Jobs,6
 Marking,6
Alternate Universe - High School,6
 Dom/sub Undertones,6
 Alternate Universe - High School,6
 Humor,6
 Alternate Universe,6
 Butt Plugs,6
 Friends With Benefits,6
 Coming of Age,6
 Dom/sub,6
 Dry Orgasm,5
 Fingerfucking,5
 Exhibitionism,5
 Implied Sexual Content,5
 Threesome - M/M/M,5
Alpha/Beta/Omega Dynamics,5
 Alternate Universe - Soulmates,5
 Mild Language,5
 Biting,5
 Fluff and Smut,5
 Emotional Constipation,5
 Homophobic Language,5
 Recreational Drug Use,5
 Established Relationship,5
 Orgasm Denial,5
 Barebacking,5
yoonmin,4
 Polyamory,4
 Bruises,4
 Internalized Homophobia,4
 Crossdressing,4
 Bondage,4
 Frottage,4
 Drug Use,4
 Hate to Love,4
 First Time,4
 Crack,4
 Teasing,4
 Alternate Universe - Coffee Shops & Cafs,4
 Facials,4
 Fluff and Angst,4
Alternate Universe - Werewolf,4
 Shameless Smut,4
 Coming Out,4
 Breathplay,4
 Come Eating,4
 Rape/Non-con Elements,4
 Face-Fucking,4
 Double Penetration,4
 Suicide Attempt,4
Smut,4
 Grinding,4
 Light Bondage,4
 Mutual Pining,4
 Fluff and Humor,4
 Bottom Jungkook,3
 Fluff and Crack,3
 Intercrural Sex,3
 Light Dom/sub,3
 Drama & Romance,3
 Alternate Universe - Neighbors,3
 69 (Sex Position),3
 Enemies to Friends to Lovers,3
 Alpha/Omega,3
 Anxiety,3
Fake/Pretend Relationship,3
College AU,3
 Domestic,3
 Bottom Jimin,3
 Sex,3
 Orgasm Delay/Denial,3
 Gags,3
 Light Angst,3
 Threesome,3
Angst,3
 Top Jungkook,3
 Canon Compliant,3
 Alternate Universe - Modern Setting,3
 Public Sex,3
 Masturbation,3
 lapslock,3
 Semi-Public Sex,3
 BDSM,3
 PWP,3
 Self-Harm,3
 Pre-Relationship,3
 Bottom Taehyung,3
 First Kiss,3
Alternate Universe - Domestic,3
 yoonmin,3
 Implied/Referenced Child Abuse,3
 Food Kink,3
 Alpha!Jungkook,2
 Secret Relationship,2
 Light BDSM,2
 Action,2
 Aftercare,2
 Choking,2
 Blindfolds,2
 Watersports,2
 Hybrid AU,2
 Slut Shaming,2
 Implied/Referenced Homophobia,2
 Growing Up,2
 Humiliation,2
Alternate Universe - Stripper/Exotic Dancer,2
 Bullying,2
 Angst and Humor,2
 Baby Boy Kink,2
 Photographer Jungkook,2
Threesome - M/M/M,2
 Soulmate-Identifying Marks,2
 Implied/Referenced Abuse,2
 Alcohol,2
 Soulmates,2
 Strangers to Lovers,2
 Unresolved Sexual Tension,2
 Cat/Human Hybrids,2
 Begging,2
 Degradation,2
Canon Compliant,2
 Drug Addiction,2
 Nipple Play,2
 Awkward Flirting,2
 Cock Rings,2
 Crying,2
 Age Difference,2
 Underage Drinking,2
Alternate Universe - Vampire,2
 Side Yoonseok,2
 Snowballing,2
 Consensual Kink,2
 platonic vmin,2
 Sexuality Crisis,2
 Gambling,2
 Implied/Referenced Rape/Non-con,2
 OT7,2
 Blowjobs,2
 Falling In Love,2
 Hospitals,2
Plot What Plot/Porn Without Plot,2
 Platonic JiKook,2
 College AU,2
 Romantic Comedy,2
 Blood,2
Alternate Universe - Gangsters,2
 Gang Violence,2
 Love,2
 Pet Names,2
 Child Abuse,2
 slytherpuff relationships are the best,2
 Consensual Underage Sex,2
 Model Taehyung,2
 Alpha Hoseok,2
 Alternate Universe - Wolves,2
 Depression,2
 First Time Blow Jobs,2
fake dating au,2
mention of other members,2
 Disturbing Themes,2
 Self-Discovery,2
 Bisexuality,2
 How Do I Tag,2
 Fluff without Plot,2
 Internal Conflict,2
Hybrids,2
 Implied/Referenced Alcohol Abuse/Alcoholism,2
 alpha!namjoon,2
 Top Taehyung,2
 Self-Hatred,2
 Mutual Masturbation,2
 Implied/Referenced Suicide,2
 Not Actually Unrequited Love,2
 omega!taehyung,2
 Yoonseok - Freeform,2
 Hybrids,2
 Angst with a Happy Ending,2
 Face Slapping,2
 Verbal Abuse,2
Alternate Universe - Canon Divergence,2
 Comedy,2
 Vampire!Jungkook,2
 Face-Sitting,2
 Alternate Universe - Sugar Daddy,2
 Porn with Feelings,2
 Jungkook-centric,2
 Enemies to Lovers,2
Alternate Universe - Soulmates,2
 Sexual Fantasy,2
 Bad Boy Yoongi,2
 Abuse,2
 Alternate Universe - Gang World,2
 Dildos,2
Adventure,2
 Kissing,2
 Comeplay,2
 namjin - Freeform,2
 Single Parent AU,2
Porn,2
 Webcam/Video Chat Sex,2
 Yoongi Is Bad at Feelings,2
 Scent Marking,2
 Vibrators,2
 Demons,2
 Dubious Consent,2
 Sexual Content,2
 Gender Issues,2
Established Relationship,2
 Age Play,2
 Omega Jimin,2
 First Time Bottoming,2
 Past Abuse,2
 Possessive Behavior,2
 Cross-Posted on AFF,2
 sort of,2
Friends With Benefits,2
 Insecurity,2
 Jealousy,2
 Teacher-Student Relationship,2
 Developing Relationship,2
 Parent-Child Relationship,2
 Male Squirting,1
 sorry about all of that,1
 forget love triangle this is going to be a love hexagon,1
 But I'll Meet You There,1
 sex under the influence of alcohol,1
 rivals to friends to lovers,1
 he wouldn't want it any other way,1
 Sex under the influence of drugs/alcohol,1
 utter fucking smut,1
 A Bit of Fluff,1
 but no one can stop me,1
Law Firm AU,1
 Underage Drug Use,1
 Masturbation in Shower,1
escaping abusive relationships,1
 this is in the fake bfs universe,1
 you can't trust anyone these days,1
 Cameo by Moon Jongup,1
 homophobic environment,1
 there's the smallest amount of yoonmin if you squint and wish really hard,1
 mentions of depression & anxiety,1
 Flower Crowns,1
 Art Student Jimin,1
 the platonic taekookmin is real,1
 youtuber!jungkook,1
 hairdresser au,1
 Kook cant handle his feelings thats why,1
 basically a lot of drama.. a lot of relationships..,1
 Felching,1
 Past Alcohol Abuse/Alcoholism,1
 Cliche,1
 Masseur!AU,1
 hyung kink if you squint,1
 sorry for everything!,1
 jin deserves an award,1
 Asphyxiation,1
 Alternate Universe - Werewolf,1
 Cute,1
 an exaggeration of my life,1
 Very Very Slow Burn,1
 but he loves him alot more later,1
 I Will Go Down With This Ship,1
 why did this become so long this is just porn fml,1
 Come Swallowing,1
 Give him love,1
 Insane Amounts of Cum,1
 soulmates!au,1
Alternate Universe - Fairy Tale,1
 Deepthroating,1
 Camboy Yoongi,1
 TaeTae has intuitions and shipping intensifies,1
 Children,1
 Sorry no Jungkook in this,1
 He is a Delicate Flower please be gentle with him,1
 Incest,1
 I was thinking about BTS as parents and this is what happened bye,1
 kingdom au,1
 but also fluff,1
 hyung!jungkook,1
 much angst,1
 and when I say slow,1
 Trumpeteer! Jimin,1
 cat!jimin,1
 Kindergarten,1
 Mildly Dubious Consent,1
 Alternate Universe - Superheroes/Superpowers,1
 omega!seokjin,1
 domestic AU,1
 frat AU,1
 Suspension,1
 JEONGGUK IS SO TSUNDERE,1
 Anal Play,1
 Krystal Jung is mentioned,1
 but it's just the surface,1
 and college is where ur free to be gay af,1
flowershop au,1
 Ass Play,1
 Elevator Sex,1
 suho is evil in this sorry,1
 Idk what happened,1
 Alternate Universe - Domestic,1
others mentioned in passing.,1
 Money kink,1
 school au,1
 Tattoo Artist Yoongi,1
 Heavy Angst,1
 Blood and Torture,1
 Shameless,1
 Drug-Induced Sex,1
 Life After Heat,1
 Kink Discovery,1
 beautiful cinnamon roll!Jimin,1
 multiple orgasms (cock ring),1
 bottom!jimin,1
 underaged sex (like once and its as awkward and hilarious as a first time gets),1
 elementary school teacher!jimin,1
 Consensual Somnophilia,1
 Sub Drop,1
Masturbation,1
Abuse,1
 Existential Crisis,1
 Heat Sex,1
 Restraints,1
 Non Idol AU,1
 Vandalism,1
Melodrama AU,1
Alternate Universe - Family,1
 Harassment,1
 babysitting au,1
 Fisting,1
 Werewolf Mates,1
 Humour,1
 mentions of insecurity,1
 Mention of BamBam,1
a few of the other members show up here and there,1
 Drug Abuse,1
 cat!Taehyung,1
 homophobia and family drama,1
 sassy best friends,1
 heir!hoseok,1
 Parent!Jin,1
 Suspense,1
Polyamory,1
 probably,1
Platonic!Vkook - Freeform,1
Metafiction,1
 Basketball,1
Mama!Jin,1
 married for financial aid au,1
 park jimin is really cute and nobody can resist him,1
Age Swap,1
 hyung line are teachers and school principal and counselor,1
 domestic abuse,1
 Platonic!Tae-Hope,1
 high school is a cesspit of homophobia and straights,1
 Cuddling & Snuggling,1
 Control Kink,1
 dog!jimin,1
 rated m for abuse,1
 Torture,1
 Angry Kissing,1
Multimedia,1
 Orgasm Control,1
 Alternate Universe - Professors,1
additional tags,1
 Triwizard Tournament,1
 platonic!sunshine line,1
 Flowers,1
Alternate Universe - Superheroes/Superpowers,1
 some background taekook later on,1
 Payback,1
 Dorm Life - Freeform,1
 Blood Drinking,1
 idolverse,1
 Warlocks,1
Age Difference,1
 POV Jungkook,1
 Social Networking Service AU,1
 Sugaharem,1
 Mild Painplay,1
 Anger,1
 Beta Yoongi,1
 protectjiminsquad!taekook,1
 this is fluff and crack,1
 the myopic suffering is real,1
 there are not enough cringe emojis to explain my emotions,1
Stepsiblings,1
 Werewolves,1
 a mix of the last two tags,1
 Public Blow Jobs,1
 Long-Distance Relationship,1
 Fantasy,1
 also taehyung has an unhealthy fascination with jeongguk's moles,1
 outsider pov,1
 Rough Kissing,1
 Jikook Childhood Friends,1
 Platonic! Sugakook,1
 vampire,1
 jimin is an adorable douchey bestfriend,1
 SO MUCH FLUFF YOU WILL DIE,1
boxing!au,1
 snapchat apocalypse,1
 Daddy!Jin,1
 Androids,1
 basically crack,1
 famous!hoseok,1
 Edgeplay,1
 Nipple Piercings,1
 this took way too long to write,1
 runway model seokjin,1
 painter!yoongi,1
 More tags to be added,1
 i would let seokjin sue my ass for everything it's worth ngl,1
 music teacher!yoongi,1
 Photographer Taehyung,1
 new kid jimin,1
 namjoon is too horny for his own good,1
 like microscopic light i think,1
 Masochism,1
 Bar fights,1
 Dog/Human Hybrids,1
 but no character death,1
 i just like the days idea,1
 complete and utter filth,1
 Maze Runner AU,1
 it's a pet name war au,1
 Other Additional Tags to Be Added,1
Parallel Universes,1
Hazing,1
 Underage Sex,1
 background taehyung/jungkook,1
 TaeJinJoon,1
 ALL THE FLUFF,1
Escort Service,1
 for yoonmin bingo,1
 probably an overuse of the nickname kitten,1
here goes:,1
 Surprise Kissing,1
 taekook r really gay 4 each other,1
 Parenthood,1
 Baby!Jimin - Freeform,1
 awkward crushes,1
 Top Jimin,1
 Idiot BFFs! Taekook,1
Alternate Universe - Fantasy,1
 Tooth Rotting Fluff,1
 Cock Worship,1
 Minor Seokjin/Minju,1
 Doubt,1
 Crossdressing Kink,1
 Kink Negotiation,1
 Cum Play,1
 death mention,1
 Run MV,1
 i cant fuckign believe i gave yoongi a dominance/hyung kink,1
 v little though,1
 side namjin,1
 Medication,1
 background yoonmin,1
 Romantic Soulmates,1
 in which Jimin is height checked,1
 Denial of Feelings,1
 Cake,1
 Woo Jiho shows up briefly,1
 Punishment,1
 Sexual Abuse,1
 Kim Taehyung is mentioned,1
 Canon Related,1
 Claustrophobia,1
wolf pack!bangtan,1
 Family,1
 Hair-pulling,1
 he's just hella shy,1
 Alternate Universe - Canon,1
 Werewolf Healing,1
 singer!Jungkook,1
 Non-Sexual Kink,1
idol!au,1
 95line is ultimate brotp,1
 boxing competitions,1
 cock shaming,1
 NO ANGST HERE I PROMISE,1
SugarDaddyAU,1
 mentions of first times,1
 no graphic description of non-con though,1
Alternate Universe - Military,1
 Loss of Virginity,1
 Inspired by a Movie,1
 supernatural themes,1
superpower au,1
 also strangely a Coffee Shop AU,1
 OH LORD,1
 platonic/fwb yoonseok,1
 I'm Going to Hell,1
 sort of power bottom jungkook,1
 Alternate Universe - Police,1
 Minor Violence,1
 you are all blessings,1
 cross-posted on asianfanfics,1
 clichs everywhere,1
 Daddy!Yoongi,1
 past homophobia,1
 he's the only human,1
 Business AU,1
 the namjin is only a teeny tiny minor pairing,1
 Possessiveness,1
 Running Away,1
 mentions of past bullying,1
 Massage,1
 Sex Jokes,1
 Mild Smut,1
 Rescue,1
 Double Oral Penetration,1
 College!AU,1
 brief appearance by Sehun and Kai,1
 Cuddling,1
 Alternate Universe - Wedding Planner,1
 me: continues to be hybrid trash,1
 Prostitute!Jimin,1
 tw: purging,1
 Side Minjoon,1
 vhope if you want it to be,1
 'nerdy'!Jimin,1
 Blood and Gore,1
 Voice Kink,1
 Platonic OT7 - Relationships,1
 he thinks he is a 'tough Kookie',1
 Implied/Referenced Drug Addiction,1
 Temporarily Unrequited Love,1
 children and their oddities,1
 LGBTQ+ characters,1
 bartender!yoongi,1
 hired killer,1
 Top Namjoon,1
 elementary school teacher taehyung,1
 Later: - Freeform,1
 Insecure Jimin,1
 Alternate Universe - Medieval,1
 Reincarnation,1
 Art Major Taehyung,1
 Written for a prompt on Tumblr,1
Implied/Referenced Character Death,1
 or like...inner turmoil??,1
Pre-Relationship,1
 Oppa Kink,1
 Fear of Discovery,1
 also disclaimer: i know nothing about korean culture,1
 Oblivious,1
 holy fuck did someone say sexy cocky Taehyung and tsundere bby Jungkook??,1
Crack,1
 Domestic Bliss,1
 AKA PROPOSAL AU!!!,1
 they're six,1
 Rich Taehyung,1
 DO YOU ALL HATE ME YET,1
 Future smut is a possibility,1
 Read Can I Get Your Dewey Decimal Number first,1
Hitmen AU,1
 I always write when I'm half asleep,1
 I am sure I am forgetting things,1
 Gay Chicken,1
 Vampire!Yoongi,1
 I'll put more warnings in chapters that require them,1
 Attempted Rape/Non-Con,1
Minor Character Death,1
 sex tears,1
 Fantasizing,1
Alternate Universe - Magic,1
 excessive use of commas,1
Infidelity,1
 Complicated Relationships,1
 so many kink tags lmao,1
 Mindfuck,1
 mentions of alcohol and sex,1
 Philosophy,1
 jungkook is a massive nerd,1
 teeny weeny bit of angst,1
 Road Trips,1
 platonic jihope - ish,1
 Grief,1
 superhero au,1
 Awkward Conversations,1
 Past physical and emotional Abuse,1
 Come play,1
Alternate Universe - Hybrids,1
 Mild S&M,1
 human!Hoseok,1
Non-Traditional Alpha/Beta/Omega Dynamics,1
implied namjin,1
 urethral Penetration,1
 Prostate Massage,1
 Mind Control,1
 Omega Yoongi,1
 Bleeding,1
 it's not that bad i swear it's really fluffy but things have to happen for plot reasons,1
 but for like ten minutes,1
Drabble dump,1
 Jimin-centric,1
 BTS is still BTS,1
 shy!Jimin,1
 Sounding,1
tags will be added as I go,1
 Platonic Relationships,1
 Mild Blood,1
 Jimin Is a Good Friend,1
 Starvation,1
 Master/Servant,1
 has been rewritten/edited,1
 photographer boyfriends,1
Consensual Underage Sex,1
Phone Sex,1
 and J-Hope is the coolest person you'll ever meet,1
 Bottom Yoongi,1
 basically tae takes pics of jeon the idol n posts them,1
 Mild Angst,1
 actually,1
 Alternate universe - Mafia,1
 Mental Health Issues,1
 i love life,1
 badboy Namjoon,1
 awkward handjobs,1
 Alternate Universe - Stripper/Exotic Dancer,1
 minor Bloodplay,1
 Firsts,1
 florist!jungkook,1
 lots of commas,1
 Wet Dream,1
 namjin are the sweet couple,1
Mutant,1
 brief appearance by Namjoon and Hoseok,1
 Background VHope,1
 mild breathplay (mentioned),1
 hugging and crying,1
 fan account!au,1
 Trope Subversion/Inversion,1
 ddlb,1
 dancer!jimin,1
 Clubbing,1
 vkook,1
 etc etc etc,1
 Misunderstandings and feelings,1
 Alternate Universe - Fashion & Models,1
 eating disorder and body issues,1
 Breeding,1
 Shower Sex,1
 Narcissism,1
 Alternate Universe - Childhood Friends,1
 no smut tho,1
 bad boys get drunk and mess shit up!,1
 actually its more just humour not crack,1
 all I can say is I feel you tae,1
 everyone gets drunk,1
 Car Sex,1
 THERE IS A TAG FOR FLOWER AU YES,1
 mentions of past dubious consent and prostitution,1
 future smut,1
 Alternate Universe - Medical,1
 Yes the title is another pickup line,1
 Milking Machine,1
 Half-Sibling Incest,1
Physical Disability,1
 Physical Abuse,1
 dj jeongguk,1
 holy shit that's an actual tag,1
 Jeongguk's not really a bad boy,1
 lots of swearing lol,1
 listen this started out as a romcom idk what happened,1
 it's all very fluffy and gay,1
 popular!Jungkook,1
 lightly - Freeform,1
 Side VHope and NamJin,1
 Piercings,1
 Yoongi is a writer and writes gay books like all of us,1
 also i don't think there's any reason to say this but i will vmin is very platonic,1
 taehyung writes erotic novels,1
Cock Rings,1
 not much else to say haha,1
 humiliating trash novel,1
 the Sujeong in this fic bears no resemblance to any other Sujeongs living or dead,1
 namjin are the old married couple,1
 beta!hoseok,1
 Food Sex,1
 idk man go with it,1
Friends to Lovers,1
 Fucking Machines,1
 too many haircolors,1
social media au,1
Light Angst,1
Light BDSM,1
 disregard of all standards,1
Alternate Universe - Prostitution,1
 au - school,1
 sorry that namjin and hobi don't have big roles in this,1
 Actor!Jimin,1
 very little hints of yoonmin,1
 it's very short and sweet,1
 general college stupidity,1
 i may or may not project a lot of myself into mingyu oops,1
tattoo artist au,1
 tags to be updated as I go,1
Romance,1
 i think,1
Joseon Era AU,1
 Getting Together,1
 Coffee Shops,1
lowkey bbc sherlock au,1
 Choi Minho has a cameo,1
 Small Towns,1
 Historical AU,1
 Forbidden Love,1
 Tickling,1
 Loud Sex,1
Cyborgs,1
 that's about it,1
 Sex Toys Under Clothing,1
 Dog Namjoon,1
 Like really explicit,1
 platonic marriage,1
 Erotic Massage,1
 just a little,1
 Minor Praise Kink,1
 NSFW,1
 Mentions of Pedophilia,1
 Implied homophobia,1
 theres just a bunch of social media in this shit i swear i dont know what happened,1
 Super Minor Character Death,1
 From now on these tags are only relevant to the 7th and 8th chapter:,1
Hanahaki Disease,1
 hobi is mentioned!!! and seokjin isn't even in the stupid fic i'm a terrible person,1
 Attempt at Humor,1
 Prostate Milking,1
Daddy Kink,1
 theyre all youtubers lmao,1
 Intern Jeongguk,1
 JinYoonSeok are room-mates,1
OT7,1
 Firefighter AU,1
 Non-con in #8,1
 Jungkook is older than Jimin,1
basically jimin is a beggar and rest of bangtan are the gang that protects him,1
 regular guy hoseok,1
 jk's dad is a dick be warned,1
 Emotional Hurt/Comfort,1
 dub-con,1
 i am now trash,1
 Secret Relationships,1
 the usual,1
 my children my sons,1
 no okay well here it is anyway too bad.,1
 possible triggers in the first chapter,1
 Byun Baekhyun-cameo,1
 The infamous yoonmin club au pt 2,1
 Competition,1
 I dont really know,1
 Nonsense,1
 straight jungkook,1
Alternate Universe - Grocery Store,1
 highly questionable smut,1
 in case that wasn't obvious,1
 mama jin is best mama,1
 v's powers cause multiple problems,1
 Semi AU,1
 Drama Major Taehyung,1
 Aged-Up Character(s),1
 Wedding Planning,1
 Baby-Sitting AU,1
 Slight focus on yoonmin at the end,1
 theyre art students w crushes on each other,1
 added outtakes!,1
 Jimin is the landlord's son,1
 platonic taegi,1
 Camping,1
Alternate Universe - Harry Potter Setting,1
 Ass to Mouth,1
 Bunny Jungkook,1
 OT7 Dynamics,1
 Hockey,1
 Kitten!Jimin,1
 re-rated for the sex ha ha,1
Emotional Hurt/Comfort,1
 awkward everything,1
 Subspace,1
 summary is slightly misleading jungkook fails at life,1
 all my jikook has car sex i just realized,1
 but in reality he's just a soft lil marshmallow :3,1
 Jungkook (26),1
 Jeongguk's a little too obsessed with Shakespeare,1
 Park Jimin is mentioned,1
 Alternate Universe - Romantic Comedy,1
 side polyamory,1
 Me: Continues to Be Trash,1
 Temperature Play,1
 Uh yeah I guess that one scene counts so I tag the food kink xD,1
 because I'm hopeless yoonmin trash lol,1
Babies,1
 Background Yoonminseok,1
 art major jungkook,1
 crack pwp with underlying plot basically,1
 Royalty,1
 famous!Yoongi,1
 Jungkook is a sensitive lil shit,1
 Romantic Fluff,1
 mentioned mpreg,1
 not really i mean there's coffee involved,1
 one of my first attempts at writing stuff like this,1
Alternate Universe - Mythology,1
 Secrets,1
 financial advisor jeongguk,1
 yeah - Freeform,1
 love isnt enough to fill an empty stomach but yoongi tries so fucking hard,1
 A+ best friend Kim Taehyung,1
 Campy,1
 Drama,1
 melodramatic but happy ending,1
 Attempted Sexual Assault,1
 or none at all cause i suck at angst,1
 mild slow burn,1
 Abstract,1
 this is for u aleigh,1
 Jin is a librarian,1
 smut-free,1
 Partying,1
Gangbang,1
 mentions of past emotionally abusive relationship,1
 more like gang-tickling,1
 not /bad/ angst but it there so read at discretion,1
 references to lots of books,1
 Sehun Gets Around,1
 sub top kook,1
 Fatherhood,1
 Alternate Universe - Magical Realism,1
 but angst with a happy ending im not good with sad endings,1
 soul mates,1
 Sneaking Around,1
 Implied/Referenced Drug Use,1
 Infidelity,1
 Safewords,1
 lots of feelings,1
 Amusement Parks,1
 Self-Denial,1
 a/b/o dynamics,1
 also the vkook is minor so,1
 Cat Yoongi,1
 ish,1
 shotgun marriage,1
 Angsty Stuff,1
 Alternate Universe - Hunger Games Setting,1
 Social Media,1
 mentions of dom/sub drop,1
 mature content but no real smut,1
 Kim Namjoon-cameo,1
Police AU,1
 terrible and cringe worthy cheesiness,1
 humiliation kink (minor),1
 taekook are the difficult couple,1
 Implied Mpreg,1
 best friend!vmin honestly gives me life,1
 but not yet dating fluff,1
 Underage - Freeform,1
 Amber Liu is mentioned,1
 Whipped Jungkook,1
 First Meetings,1
 bodyguard!taehyung,1
Other Additional Tags to Be Added,1
 I've taken a lot of... liberties with this AU lmao,1
 Look At Your Life Look At Your Choices,1
 Dystopia,1
Comedy,1
 Dog!Hoseok,1
 Celebrity!yoongi,1
 Language,1
 Drug Dealing,1
 Alternate Universe - Photographer,1
GTOP,1
 Bisexual Male Character,1
 thigh fetish,1
 main Yoonmin,1
Accidental Marriage,1
 poor yoongi didn't ask for any of this,1
oh boy im proud of this one,1
 Vampires,1
 everyone has emotions,1
 Squirting,1
Soulmates,1
 Minor Character Death,1
 Riding,1
 cat!Yoongi,1
High School AU,1
 Public Display of Affection,1
 i will have nothing to say,1
 Top Seokjin,1
 Sir Kink,1
 mentions of body parts if u couldn't tell from the summary,1
 Break Up,1
 Feminization,1
 Alternate Universe - Flower Shop,1
 Slave!Jimin,1
 barista!yoongi,1
 Harry Potter Spoiler,1
 Jimin is the real maknae,1
 Me: Still Trash,1
 Edging,1
 as does P.O.,1
Underground Rapper Yoongi,1
 jungkook has no self control,1
 camboy au,1
Drama,1
 Non-Traditional Alpha/Beta/Omega Dynamics,1
the rest of bangtan - Freeform,1
im a human trash,1
 this is total filth,1
 Alternate Universe - After College/University,1
 bad boy!Jeongguk,1
 but i'm pleased with it,1
 Writer!Yoongi,1
 Mistaken Identity,1
 Best Friends,1
 broken!taekook,1
 marry me now please?,1
 Multiple Penetration,1
 Wall Sex,1
 Birthday Sex,1
Alternate Universe - Fashion & Models,1
 One Shot Collection,1
 Aphrodisiacs,1
 there is mpreg in this,1
 Repressed Memories,1
Baby!V,1
 Brief Sex Stuff,1
 if you close your eyes and imagine the promise land there's chanbaek,1
 Lingerie,1
 Sexual Awakening(?),1
 Urethral Play,1
 Alternate Universe - Fraternity,1
 famous!jin,1
 Sunshine Line,1
 Aquaphobia,1
 more pairings to be added,1
 especially min yoongi,1
 Kookie the Stuffed Bunny,1
 Namjoon's Big Dick,1
Porn With Plot,1
 kind of,1
 education major jimin,1
 lot of sex jokes,1
 Jikook is the main pairing,1
Alternate Universe - Wedding Planner,1
 Discussions of Manic Depression,1
 so sorry for bad,1
 Non-Sexual Intimacy,1
 namjin's only background im sorry :(,1
 that is essentially the theme of this story,1
 Alternate Universe - Supernatural Elements,1
 Sugar Daddy,1
 One-Sided Attraction,1
 Alternate Universe - Harry Potter Setting,1
 Domestic Violence,1
 Consensual Non-Consent,1
 omega!jimin,1
 Assassin - Freeform,1
 mild child abuse,1
 Skinship,1
 Spin the Bottle,1
 Namjoon is such a dad,1
Alternate Universe - Library,1
 Foursome,1
 taehyung hates jungkook sometimes,1
 famous!rapmon,1
 elementary school teacher!taehyung,1
 unrealistic amounts of cum,1
 just handjobs,1
 BFFs Taekook,1
 Loss of Parent(s),1
because i love a cold sassy jungkook,1
 yoongi is possessive yASS,1
 Basically This is Just Filthy,1
 cursing,1
 florist park jimin,1
 Growing Old,1
 We tried,1
 that's the accurate tag,1
 Gay Crises,1
 not based on 500 days of summer at all,1
this is literally my first fic in two years i'm a bit rusty,1
 the VKook is a side pairing too,1
 Unresolved Romantic Tension,1
 Insomnia,1
 Sex on a Car,1
 except poor smol jimin,1
 Alternate Universe - Assassins & Hitmen,1
OT7 Dynamics,1
 tae!actor au??? idk,1
 feels and fluff towards the end,1
 Thighfucking,1
 Mommy Kink,1
 Hate Sex,1
 this will be funny and heart wrenching and heart warming at the same time,1
 alpha!yoongi,1
 No one dies though,1
 Pain,1
 Kitty!Namjoon,1
 Public Claiming,1
 Xenophobia,1
Bondage,1
 Whipped Cream,1
 Sexuality,1
 Yoongi having to matchmake and not being happy about it,1
 other things,1
Alternate Universe - Assassins & Hitmen,1
 like super platonic #friendship goals you have no idea,1
 Maid Yoongi,1
 Pack Hierarchy,1
 but only in one of the bonus chapters,1
 as in jungkook is a firefighter,1
 Best Friends Who Are Also Boyfriends,1
 Mpreg,1
 yoonminseok - Freeform,1
Sugar Daddy,1
 Broken Families,1
Fluff and Humor,1
 Half-Human,1
 Alternate Universe - Theatre,1
 Fuckbuddies,1
 graphic fighting scenes,1
 Taekook switch,1
 Hamster Jin,1
 Jimin & Guk are both under 18/19,1
 Tea,1
Drug Use,1
 Drabble,1
if you asked me to explain this fic,1
 (sort of),1
 ableist slurs,1
 jimin is an underwear model,1
 Sex Magic,1
 References to Knotting,1
 ice cream parlor,1
 Teen Angst,1
 Post-it Notes,1
 PowerBottom!Jimin,1
 Noble!Yoongi,1
 yoonmin are the cute couple,1
 Power Bottom Yoongi,1
 Blood and Injury,1
 Switching,1
 You Have Been Warned,1
 handjobs,1
 platonic yoonseok,1
 Gunplay,1
 Sorry?,1
 kid lover hoseok,1
 but he's so in love,1
 Recreational drug use/binge drinking,1
 perpetual damsel in distress Jimin,1
 Non-Penetrative Sex,1
 Implied Smut,1
 Mark Tuan is kind of a bad guy but not that bad,1
 Student-Teacher,1
 Tentacles,1
 Strong Language,1
 canon,1
 haha i love starbucks,1
 Gang AU,1
 Kim Namjoon is mentioned,1
 Home,1
 Valentine's Day,1
 Also there is side yoonseok,1
 Size Kink,1
 fair warning,1
 This probably won't make sense otherwise,1
 Arranged Marriages,1
 Snapchat,1
 Hurt Jimin,1
 but only briefly and not descriptive,1
 Bunny!Jungkook,1
 a little bit of internalized homophobia i guess,1
 Idol-life,1
 Fast Food,1
 'underage' because of Jungkook,1
 Cuddling to Fucking,1
 slight praise kink,1
 I mean SLOWEST EVER,1
 Alternate Universe - Canon Divergence,1
 Dancer Jimin,1
 Roughhousing,1
 also yoonjin friendship is life amirite?,1
 Teenagers Jimin & Taehyung,1
 Kinky,1
Red String of Fate,1
 From Sex to Love,1
 some dark themes-- but i will warn you ahead of time,1
 apologies if you have a problem with lapslock,1
 Wedding Rings,1
 otherwise its not implicitly said,1
 Halloween,1
 welcome to hell - Freeform,1
University AU,1
 Jin is mom,1
 lazy hero Yoongi,1
 Jungkook loves his family,1
 Sadism,1
 i can't believe i forgot the angst tag,1
 minor taekook,1
 Fame,1
 protective jeongguk,1
 Spitroasting,1
 namjoon just suffers,1
 Reality,1
 Baby!BTS,1
 baby jimin,1
 (sort of not really they dont drink),1
 Run-On Sentences,1
 Meet-Cute,1
 Assassin AU,1
Best Friends Who Wish They Were Boyfriends,1
 Minor Swearing,1
 angst everywhere,1
 let's just face it everything is rough with Jikook,1
 mild homophobic language anyway but just fyi it's there sometimes,1
 Guk has a potty mouth and Yoongi has anger management issues,1
 a lot of feelings,1
Alternate Universe - Office,1
 Revenge,1
 Additional Warnings In Author's Note,1
 Closeted Character,1
 the rapper line are their own idol group,1
 prince AU,1
 Orgasm Delay,1
 and jeongguk may or may not be planning someone's murder. who knows,1
 Boarding School AU,1
 Some deep poetic shit here and there,1
 vmin for like .2 seconds,1
 Twitter,1
Gay Chicken,1
 also yoongi has a gold heart and hoseok's hands are cold,1
 Alternate History,1
 Hand & Finger Kink,1
 Wow so gay,1
 Childhood Friends,1
 Chaptered,1
 kind of slow burn,1
 Adoption!AU,1
 all lowercase because it's aesthetically pleasing,1
 Non-Idol AU,1
 Awkward Boners,1
 Non AU,1
 Mild Gore,1
 Some angst,1
 Suicidal Thoughts,1
 Coffeeshop AU,1
 Baby Jungkookie,1
 exhibitionism/voyeurism (mentioned),1
 Painplay,1
 Homesickness,1
 straight turned gay,1
 Wrong Number AU,1
 Namjoon's only mentioned,1
 royal fantasy,1
 this is going to be a mess,1
Blind Date,1
 THIS GOT REALLY EXISTENTIAL I AM SORRY,1
 Non-Linear Narrative,1
 Near Death Experiences,1
 Misunderstandings,1
 Bisexual!Yoongi,1
shower au,1
 platonic sugakookie,1
 Drinking Games,1
 yoongi is a wolf and hoseok is a lamb,1
 God I don't even know I will update the tags as I go,1
 yoonseok garbage,1
 Jungkook Is Bad at Feelings,1
 Blow Jobs With Teeth,1
 Dubious Science,1
 Retelling,1
 Alcohol Abuse/Alcoholism,1
 just weed tho,1
 Esteemed Lawyer Seokjin,1
 Kid Jungkook,1
Domestic Fluff,1
 badboy!jungkook,1
 best friends that bone,1
 background vkook,1
 medieval times,1
 Dry Humping,1
Top Taehyung,1
Eating Disorders,1
Past Abuse,1
 past vhope,1
 Emotional Baggage,1
 CEO Jungkook,1
 side yoonmin,1
 Teaching,1
Bottom Yoongi,1
 Hair Pulling,1
 a lot of drama,1
 i am fuckin shameless,1
Anal Fingering,1
 Puppy!Taehyung,1
 Drugs,1
 Master/Pet,1
 unrequited taekook,1
 Alternate Universe - Non-Famous,1
 Asexual Jungkook,1
 non-au,1
 Yoongi is constantly done with Taekook,1
 its not slow burn more like an explosion,1
 Blindness,1
 only in the first chapter though,1
 smut and feelings,1
 Adolescent Sexuality,1
 Canon Universe,1
 you know the deal,1
i hate myself!!!,1
 Rutting,1
 barista!jungkook,1
 Barista Jimin,1
 Kidnapping,1
 Tail Kink,1
 coworker jimin,1
 Mention of Friends with Benefits,1
 Touch-Starved,1
 First Times,1
 high school sucks for everyone,1
 Kitty!Hoseok,1
mentions of abuse,1
 top!jeongguk,1
fuck buddies,1
 Embarrassing Namjoon,1
 Hijinks & Shenanigans,1
 Eventual Fluff,1
 Come Marking,1
 First Dates,1
 Texting,1
 Fingering,1
 Jungkook Is a Little Shit,1
 Crush at First Sight,1
 First Time Topping,1
 then cold and sassy he shall,1
Romantic Comedy,1
 Crimes & Criminals,1
Sex Toys,1
 lots of swearing,1
 Alpha Yoongi,1
mafia,1
 Tent Sex,1
 Jimin (21),1
 if you squint there some yoonmin,1
 idk like it's really light??? like...a feather light angst,1
 Smut in the last chapter,1
 Filming,1
jikook - Freeform,1
 French Hornist! Jeongguk,1
 Implied/Referenced Biphobia,1
 Mentions of panic attacks and anxiety,1
 Plot What Plot,1
 lowkey namjin,1
oops i accidentally banged my boss au,1
 how do i tag this??,1
 seoul is a happier gotham,1
 Major Illness,1
i'll add things as they happen,1
 jimin has a potty mouth js,1
 Family Issues,1
Soulmate AU,1
 Photographer Jeongguk,1
 i am trash,1
 Enthusiastic Consent,1
 tw: art boys,1
 Submission,1
 i wasn't expecting that to be a tag but here we are,1
 Techie!Jeongguk,1
 Alternate Universe - Hollywood,1
 Some blood drinking,1
 Come Inflation,1
 Top!Jungkook,1
 jimin and jin have deep conversations at 3am,1
 Halloween Costumes,1
 will add tags as I go along,1
 Social Networking,1
 Undercover,1
 Body Image,1
 apparently model aus can hurt,1
 EXO (sorta like special guests ahah),1
 Grim Reapers,1
 starts a thousand AUs,1
 Mild Cumplay,1
 Warm and Fuzzy Feelings,1
 flower shop au,1
 Alternate Universe - Greek Mythology,1
 daredevil stunts,1
 a dick pic or two,1
 Alternate Universe - Modern with Magic,1
AU,1
 SOMUCH ANGST,1
 Makeup Sex,1
Alternate Universe - Roommates/Housemates,1
 beggar au,1
 Body Swap,1
 Drunk Sex,1
 pizza boy!jungkook,1
 metaphors metaphors metaphors,1
 also this is like,1
 mentions of drug/alcohol abuse (like once),1
Birthday Sex,1
 Kim Seokjin-cameo,1
 platonic!vmin,1
 Insomniacs,1
 Min Yoongi is the best boyfriend ever,1
 Supermom Jin,1
 Smutty stuff,1
 please read them,1
 sassy jungkook,1
 hitman yoongi,1
