 Hurt/Comfort,23
 Angst,23
 Humor,19
 Fluff,17
,15
 Post-Captain America: The Winter Soldier,12
 Canon-Typical Violence,11
Alternate Universe - Modern Setting,10
Alternate Universe,10
 Post-Traumatic Stress Disorder - PTSD,9
 First Time,8
Humor,8
 Alternate Universe,8
 Crack,7
 Slow Build,7
Alpha/Beta/Omega Dynamics,7
 Alternate Universe - Soulmates,7
 Author has mental issues,7
 Getting Together,7
 Alternate Universe - Modern Setting,7
 Mutual Pining,7
 Soulmate-Identifying Marks,7
 Protective Steve Rogers,6
 Depression,6
 Fluff and Angst,6
 Romance,6
 Pining,6
 Alternate Universe - Canon Divergence,6
 Pre-Serum Steve Rogers,6
 Kid Fic,6
 Dirty Talk,5
 Happy Ending,5
 Friends to Lovers,5
 World War II,5
 First Kiss,5
 Fix-It,5
Post-Captain America: The Winter Soldier,5
 Emotional Hurt/Comfort,5
 Multiple Orgasms,5
Alternate Universe - Soulmates,5
 Panic Attacks,5
 Amnesia,5
 Team Bonding,5
 Slow Burn,5
 Post-Serum Steve Rogers,5
 Torture,5
 Anal Sex,5
 Tony Stark Needs a Hug,5
 Omega Verse,5
Fluff,4
 Families of Choice,4
 Pre-Slash,4
 Angst and Humor,4
 Period-Typical Homophobia,4
First Time,4
 Kidnapping,4
Fake/Pretend Relationship,4
 Domestic,4
 Blow Jobs,4
 PTSD,4
 Recovery,4
 Angst with a Happy Ending,4
Angst,4
 Self-Esteem Issues,4
 Bisexual Steve Rogers,4
 Team as Family,4
 Tony Stark Has A Heart,4
 Therapy,4
 Praise Kink,3
 Polyamory,3
 Kidfic,3
Romance,3
 Suicidal Thoughts,3
 Alpha/Omega,3
 Bucky Barnes Feels,3
 Podfic Available,3
 Cuddling & Snuggling,3
 Domestic Fluff,3
 Crossover,3
Mpreg,3
 Howard Stark's A+ Parenting,3
 Oral Sex,3
 Alpha/Beta/Omega Dynamics,3
 Child Abuse,3
 Shower Sex,3
 Tony Feels,3
 Knotting,3
 Soulmates,3
 Friendship,3
 Rimming,3
 Anal Fingering,3
 Spoilers,3
 Masturbation,3
 mentions of torture,3
Soulmates,3
 Identity Issues,3
 Comedy,3
Robots,3
 POV Outsider,3
Crack,3
 Face-Fucking,3
 Bottom Steve Rogers,3
Identity Porn,3
 Identity Porn,3
 Mpreg,3
 Explicit Sexual Content,3
 Darcy Lewis is Tony Stark's Daughter,3
 Alternate Universe - No Powers,3
 Alpha Steve Rogers,3
 Misunderstandings,3
 Resolved Sexual Tension,3
 Mind Control Aftermath & Recovery,3
Soulmate-Identifying Marks,3
 Superfamily,3
 SHIELD,2
 Sam Wilson is a Gift,2
 Kink Meme,2
 SCIENCE!,2
 Unrequited Love,2
 Handwaving,2
 Translation Available,2
 Abuse,2
 Collars,2
 Bonding,2
 Drama,2
 Matchmaking,2
 Alcohol,2
 Top Bucky Barnes,2
 Sexual Tension,2
 Alternate Universe - Still Have Powers,2
 Internalized Homophobia,2
 Exhibitionism,2
 Hurt Tony Stark,2
 Rough Sex,2
 Werewolves,2
 Pre-Serum,2
 Domestic Avengers,2
Family,2
POV Outsider,2
 Alternate Universe - Mob,2
 Protective Steve,2
 Healing,2
 Kink Negotiation,2
 Violence,2
 Aftermath of Torture,2
 Suicide Attempt,2
 Family,2
 Pre-War,2
 Getting to Know Each Other,2
Post-Canon,2
 Comfort,2
 Racism,2
 Captain America: The Winter Soldier Spoilers,2
 Anxiety,2
 Cuddling,2
 Alternate Universe - College/University,2
 War Veteran Bucky Barnes,2
 Science Fiction,2
 Eventual Smut,2
 Post-Movie(s),2
 Established Relationship,2
 Omega Tony Stark,2
 Age Difference,2
 Alternate Universe - Canon,2
 Avengers Tower,2
 Oblivious Steve Rogers,2
 Mind Control,2
 Bucky Barnes Needs a Hug,2
 Kid Tony Stark,2
 Slice of Life,2
 Roman Catholicism,2
 Mental Health Issues,2
 Parent Tony Stark,2
 Loss of Virginity,2
 Darcy is the fandom bicycle and I love it,2
 Romantic Comedy,2
 flustered Tony,2
 Character Death,2
 Alternate Universe - High School,2
 Sam Wilson Is a Good Bro,2
 Alpha!Steve,2
 Banter,2
 Telepathy,2
 Past Child Abuse,2
 Action/Adventure,2
 Murder,2
 Dissociation,2
 Animal Transformation,2
 SHIP DARCY WITH ALL THE THINGS,2
 Captain America: The Winter Soldier Compliant,2
 Trauma,2
 Siblings,2
 Coming Out,2
 Bisexual Character,2
 Magic,2
 Past Brainwashing,2
 Top Steve Rogers,2
 Social Media,2
 Threesome - F/M/M,2
 Minor Character Death,2
 Get Together,2
 Past Torture,2
 Mistaken Identity,2
Alternate Universe - Canon Divergence,2
 Hydra (Marvel),2
 Fluff and Smut,2
 Phone Sex,2
 cursing,2
Unresolved Sexual Tension,2
 5+1 Things,2
 Kissing,2
 Dom/sub Undertones,2
 Slash,2
 Secret Identity,2
Hurt/Comfort,2
 Mating Cycles/In Heat,2
 5 Things,2
 Platonic Cuddling,2
 Not Captain America: The Winter Soldier Compliant,2
 Vibrators,2
 Meet-Cute,2
 Team Dynamics,2
 Dubious Consent,2
 Memory Loss,2
 Tooth-Rotting Fluff,2
 Minor Pepper Potts/Tony Stark,2
 Homophobia,2
 compliments,2
Pining,2
 BAMF Darcy Lewis,2
Team Dynamics,2
 Howard Stark's Bad Parenting,2
 Service Dogs,2
 Food Porn,2
 Restraints,2
 Flirting,2
 Drunkenness,2
 Sex Toys,2
 Wingfic,2
 First Dates,2
 Sexual Content,2
 Post-Traumatic Stress Disorder,2
 Dating,2
 New York City,2
 Dehumanization,2
Time Travel,2
 Women Being Awesome,2
 Avengers Family,2
 Implied/Referenced Child Abuse,2
 Body Horror,2
 Time Loop,2
 Idiots in Love,2
 Deaf Clint Barton,1
 Dubcon Kissing,1
 Alpha!Wade,1
 Role Reversal,1
 Bibliophile Porn,1
 Chinese translation available in link,1
 Secret Relationship,1
Trains,1
 pbs,1
 Hickeys,1
Tumblr Fic,1
 Flashbacks,1
 Charles is a flustered Dork,1
 Tropes on top of tropes,1
 migrating museum exhibits,1
Crossover,1
 Undue Seriousness,1
 Robot Feels,1
 Fake Dating,1
 Bottom Tony,1
 Surprise!Sex,1
 Protective Rhodey,1
 Don't worry Peter doesn't take any dick picks,1
 Thor Is Not Stupid,1
Bromance,1
 OTP: Till the End of the Line,1
Rescue Missions,1
 Action,1
 Aftercare,1
 Where the hell was Clint Barton,1
 Alternate Universe Theories,1
Darcy Lewis's Taser,1
 Mutant Rights,1
 ALL THE FLUFF,1
 Bucky Barnes Has Issues,1
 Blindfolds,1
 Porn,1
 Explicit Language,1
 Fluff and Crack,1
 Steve Rogers and the 21st Century,1
 Dick Pics,1
 Sub Bucky Barnes,1
 Come Swallowing,1
 References to Torture,1
 Angry Sex,1
 Tattooed Bucky Barnes,1
 Children,1
 Bucky gives good advice,1
 Off-screen torture,1
 Holocaust denial,1
 man smut,1
 It's A Long Long Way To Tipperary,1
 Steve is a ridiculous human being,1
 end of the line,1
 shadow government,1
 Loki Gets a Hug,1
 seriously help me out here i've got nothing,1
 Pepper Goddamn Potts,1
 Because Then You Know What You're Missing,1
 just accept that grilled cheese is the perfect food,1
 Wordcount: 10.000-30.000,1
 domestic AU,1
 Road Trips,1
 Dramedy,1
 Anal Play,1
 Everyone wants to hug Captain America,1
 Punk Rock AU,1
 Phobias,1
 Canonical Character Death,1
 false identities,1
 Adorkable,1
 Eventual superfamily,1
 Steve Rogers' soulmate is the Winter Soldier,1
 Alternate Universe - Domestic,1
Psychological Trauma,1
 Stucky - Freeform,1
 Steve Rogers is Not a Virgin,1
Dubious Consent,1
 Polyamorous Soulmates,1
 Eugenics,1
 Forbidden Love,1
 Crime Fighting,1
 Topspace,1
 Baseball,1
 seriously Clint has a potty mouth,1
 Sassy,1
 Explicit Sexual Discussion of Bucky/Clint,1
 BAMF Tony,1
 Bucky Barnes' soulmate is Captain America,1
 Post Mpreg,1
 Post-Serum,1
 Dom Steve Rogers,1
 Suddenly parenthood,1
head canon,1
 Wake Up Call,1
 Courtroom Drama,1
 Sub!Tony,1
 Drunk Dialing,1
 Marriage,1
 Marriage of Convenience,1
 really dumb misunderstandings,1
Darcy is Tony's Daughter,1
 Body Worship,1
 comeuppance,1
Post-Movie(s),1
 Temporary Amnesia,1
 Sex,1
 Botfic,1
 To clarify the relationship tags:,1
 twenty-somethings in love,1
 it's going slowly,1
 Lies,1
 Accidental sexual innuendo,1
 And then purposeful sexual innuendo,1
 BAMF Loki,1
 Light Punishment Play,1
 Tony gets paternal,1
 Rape Aftermath,1
 War,1
 St. Michael's Muscled Arms,1
 Ableism,1
 Bucky mixes painkillers with a little bit of alcohol,1
 Laufey's Good Parenting,1
 Alternate Reality,1
 He's awesome too,1
 Whump,1
 CA:TWS gave me the feels and I had to FIX this,1
 omega!Darcy,1
 but it's essentially just porn,1
 Platonic Soulmates,1
Violence,1
 Grief/Mourning,1
 Bucky is saved by the power of love,1
 Rampant Badassery,1
long fic,1
 Unresolved Sexual Tension,1
Captain America: The First Avenger,1
 Steve's First Time With Another Guy,1
 Stress Baking,1
 mentions of molestation,1
 Hair Braiding,1
 Science Bros,1
 Platonic Kissing,1
 Coulson Lives,1
 Tony Needs a Hug,1
 hedgehogs used in questionable manners,1
additional tags,1
 Master/Pet,1
 Mentions of PTSD,1
Secret Identity,1
 Soldier Boys,1
 mostly movie verse,1
 Wedding Fluff,1
 Bucky thought Steve was dead for years,1
 Father-Daughter Relationship,1
 Liam is Iron Man,1
 Poker Face (Gotta Have One),1
 No one can not like Bucky,1
 Protective Bad Guys,1
 Constant misunderstandings,1
 Wade has standards,1
 Soulmate AU,1
 Canonical Character Death (Sarah Rogers - Through Reference),1
 No Really It Is,1
 Massage,1
 All the pop culture references,1
 Bathing/Washing,1
Howard Stark's A+ Parenting,1
 Geniuses,1
 Clint was in the circus and everyone always forgets,1
 Atheism,1
 Awkwardness,1
 Steve Rogers is canonically a practicing Catholic,1
 Harry is Captain America,1
 The Hawk's in his nest,1
 Mild D/s,1
 Bittersweet Ending,1
 BAMF Phil,1
 Bad Matchmaking,1
 Lets all ignore the Marvel Universe Timeline shall we?,1
 training missions,1
 Music,1
 References to Brainwashing,1
 Dysfunctional Family,1
 Attempted Murder,1
 Sam POV,1
 Office Desk Sex,1
 Awkward Flirting,1
 Eventual Happy Ending,1
 Mutant!Darcy,1
 some comic canon (pretty much whenever I wanted),1
Satire,1
 Brief contemplations of suicide,1
True Love's Kiss,1
 Puppy Piles,1
Fluff and Humor,1
 Public Nudity,1
 Cock Rings,1
 Sloooooowwwww,1
 Hearing Voices,1
 Mating,1
 Hurt Steve Rogers,1
Pre-War,1
 Nick Fury is a lying liar who lies,1
 Fisting,1
 guilty!Steve,1
 High School,1
 Bucky is 17,1
 mentions of Natasha Romanov/Sam Wilson,1
 Modern!Bucky/Cap!Steve,1
 Drunken Confessions,1
 Spideypool - Freeform,1
 Inspired By Tumblr,1
 Kittens,1
 Red Room,1
Friends!AU,1
 magical healing robot,1
 Parenthood,1
 Protection,1
 School Reunion,1
 Feel-good,1
Pre-Serum Steve Rogers,1
 and Pre-slash,1
 Anxiety Attacks,1
 this pairing needs a stupid name,1
 Minor Clint Barton/Phil Coulson,1
 BAMF Phil Coulson,1
 Steve Rogers is not socially awkward,1
 Peggy Lives,1
 brief homophobic language,1
 pizza place,1
 Strong feelings about coffee,1
 Bottom Bucky Barnes,1
 S&M Shop,1
 Everyone knows it,1
 Pseudoscience,1
 POV Steve Rogers,1
 background Phil Coulson/Clint Barton - Freeform,1
 migraines,1
 Tony Has Issues,1
PTSD,1
Families of Choice,1
 Sexting,1
 Kid Loki,1
 Robots Don't Get Pregnant,1
 Derek Hale Was Destined to Be Shirtless,1
 Past Sexual Abuse,1
 Hair-pulling,1
 WWII era,1
 Wade's a sweet boyfriend,1
 Wartime Romance,1
 What can we call Bucky besides his name? anything we want,1
 Frottage,1
 self hatred,1
 Punching,1
 Topping from the Bottom,1
Complete,1
 Steve Rogers OWNS EVERYTHING,1
Jtunn Loki,1
Bakery and Coffee Shop,1
 Political Intrigue,1
 Dubious Morality,1
 Women Being Badass and Awesome,1
 Old People Brigade,1
 child endangerment,1
 Tattooed Steve Rogers,1
 Phone Lust,1
 MFK universe,1
 Based on a Tumblr Post,1
 Bucky is sassy,1
 sad past,1
 hard conversations,1
 Vaginal Fingering,1
 Mentions of canon character death,1
 Minor Steve Rogers/Tony Stark,1
 Forced Pregnancy,1
Recovery,1
 Fandom Politics,1
 Bearded Steve Rogers,1
 Inexperienced!Steve,1
 tony stark is a special snowflake,1
 Dom!Steve,1
 Peter's farm becomes a rest stop for villains,1
Surveillance,1
 brooklyn boys being sweet,1
 captainman?,1
Amnesia,1
 nonconsensual hugging,1
 sam is sassy,1
 Steve Rogers Feels,1
 Ensemble Cast,1
 BAMF Steve Rogers,1
 Kid Steve Rogers,1
 Blowjobs,1
 BAMF Bucky,1
Kidnapping,1
 Baking,1
 Sleepy Cuddles,1
 lots of smut,1
 Space Pirates,1
 Emotional Discomfort,1
 Bucky doesn't know modern political correctness,1
 SHIELD Husbands,1
 Trans Character,1
 Clint Barton Is a Good Bro,1
 Steve needs to use his words,1
 Graphic Description of Corpses,1
 and I'm not even talking about Bucky,1
 Non-Consensual Body Modification,1
 Pepper's Drinking Problem is Tony,1
 winter soldier - Freeform,1
 dealing with your feelings,1
 Cultural References,1
Meet-Cute,1
 Steve is sassy,1
Capitalism,1
Socialism,1
 Historical Fantasy,1
 Columbia University,1
Light Bondage,1
 SHIELD makes poor choices,1
 so much crack,1
 Hospitals,1
 Meetings are important,1
 Feels,1
Lokitty,1
Kid Dummy - Freeform,1
Botlove,1
 Toasterverse,1
 Robotics,1
 Bucky loves the internet and the Food Network,1
 Sex Work,1
 Tony has daddy issues,1
 College AU,1
 Travel,1
Anal Sex,1
 rated for language,1
 Asexual Character,1
 Robots,1
 Press Conferences,1
 abuse of tags,1
 Intersex Loki,1
 Not Canon Compliant,1
 Dinosaurs,1
 Grief,1
 Community: norsekink,1
 Except for Phil and Clint they are full on slashing themselves at every chance,1
 Minor Illness,1
 unprotected sex,1
 steve's questionable parenting methodology,1
 Protective Bucky Barnes,1
Sexting,1
 WARNING FOR NSFW GIFS AT THE END OF EVERY CHAPTER,1
 Enemies to Friends to Lovers,1
 most characters only appear in later chapters,1
 Steve Rogers vs technology,1
 the focus is on the relationship between Tony and Steve,1
 Erik is a flirt,1
 Psychological Trauma,1
Avengers AU,1
 super family,1
 Slow Sex,1
 Diaspora,1
 NC-17,1
 Sexual Inexperience is Worse Than Virginity,1
 X-Men First Class Kink Meme,1
Consent Issues,1
 Really long sentences,1
 War Crimes,1
 Captain America - Freeform,1
 Unethical Experimentation,1
 The Power Of Love,1
 probably,1
 Pittsburgh,1
 slightly off-canon,1
 Kid Tony,1
 Darcy POV,1
 Alternate Universe - Modern: No Powers,1
 Steve is a terrible cook and sexually adventurous,1
Animal Death,1
 wow this is basically just filthy,1
 Meta,1
 Mildly Dubious Consent,1
 Possible Movie(s) Spoilers,1
 Divorce,1
 Also there is a mention of suicide but no actual attempts,1
 The Americans AU,1
 Prosthetic Limbs,1
 sorry but no characters from Thor,1
 Makeover,1
 technomancy,1
 Tony's bad reputation,1
 BAMF Peggy Carter,1
Tony Stark is a BAMF,1
Depression,1
 Butlers,1
 this is not a thing that either of them knew seventy years ago,1
 Tony tries not to like Bucky but fails,1
 science(!),1
 Human Experimentation,1
Phone Calls & Telephones,1
 Alternate Universe - Werewolf,1
 Guardian!Bucky,1
 mercenary,1
 Team Feels,1
 making out to arctic monkeys songs,1
 Threesome - M/M/M,1
 Mjolnir likes Tony,1
 Dummy feels,1
 Dreams,1
 Shrunkyclunks,1
 Past Character Death,1
 Jokes About Suicide,1
 abandoned buildings,1
 Mating Bond,1
 Clint Barton Feels,1
 Control Issues,1
 the author's blatant disregard for narrative structure,1
 But the ladies are important and their relationships genuine,1
 Going On Facebook: A Darcy Lewis Fic Exchange,1
 abuse of commas,1
 Smut,1
 But it's sad along the way,1
 Darcy and JARVIS are BAMF siblings,1
 Sibling Incest,1
Friends to Lovers,1
 Hand Jobs,1
 Gratuitous Comics References,1
 Super soldiers have super feelings,1
 Child Death,1
 Alternate Universe - Fusion,1
 Implied Mpreg,1
 Orgasm Delay/Denial,1
 Developing Relationship,1
 Plot What Plot/Porn Without Plot,1
 Seriously he's great,1
 aw yeah,1
 Odin's Parenting,1
 Politics,1
 Family Feels,1
 Steve Rogers is a little shit,1
 References to Knotting,1
 Brotherhood,1
Swearing,1
 Poly-what-the-fuckery,1
 Jealous!Steve,1
 One Night Stands,1
 BAMF Pepper Potts,1
 everything issues,1
 Plot sneaks in,1
 Virgin Steve Rogers,1
 Reference to Bucky/Clint,1
 Five Times,1
Bottom Steve Rogers,1
Frottage,1
 Disabled Character,1
 Open Relationships,1
Alternate Universe - present day,1
 Angels,1
 DARCY DOES MARVEL,1
Epistolary,1
 Frequent and Gratuitous Nudity,1
 All the Mutants,1
Rape Recovery,1
 Demisexual Matt Murdock,1
 Nuclear Winter,1
Secret Relationship,1
 eventual OT3,1
 Love Confessions,1
Alternate Universe - Teachers,1
 Minor canon divergence,1
 Romantic Soulmates,1
 Awkward Romance,1
 in their usual roundabout assbackwards way,1
 Angst and Fluff and Smut,1
 Beta!Bucky,1
 Badass,1
 But not as bad as Tony's,1
Tony is a BAMF,1
 Self-Discovery,1
 Protectiveness,1
 Child Experimentation,1
 Stalking,1
 Sam is long-suffering but brings it on himself,1
High School Crush,1
 Fake Marriage,1
 Threesome,1
 Steve accidentally calls Bucky for dating advice,1
 Workplace Relationship,1
 Accidental Voyeurism,1
 Bottom Tony Stark,1
 Historical Inaccuracy,1
 Sexual Harassment,1
 Minor Jane Foster/Thor,1
 steve tweets at obama,1
 and nothing but,1
 Matt Is Blinded...Again,1
 Bucky is a persuasive little shit,1
 sick!Peter,1
 mentions of canon-typical violence,1
 Forced Heat,1
 Casual Sex,1
 Cock-Blocking,1
 sugar daddy relationship,1
 Genocide,1
 MCU - Universe Alteration,1
 Steve Rogers owns it,1
 also just a little bit as a plot device,1
 Things are Happening Behind the Scenes,1
 custody battles,1
I'm really sorry but obsessed with five times fics,1
 Wrong Number AU,1
Getting Together,1
 Up all night to get Bucky,1
Emotional Hurt/Comfort,1
 Rom-com,1
 christmas vacation references,1
 Boys Being Idiots,1
Fix-It,1
 kilts are cool,1
 Pantsless Erik,1
 Chicago (City),1
 Alternate Universe - Actors,1
 Boatloads of angst,1
 Doctor!Steve,1
Social Media,1
 Odin's A+ Parenting,1
 bucky sends dick pics,1
 Do not fuck with the Avengers,1
 Emotional/Psychological Abuse,1
 Implied/Referenced Brainwashing,1
 So much identity porn,1
 I hope humor anyway,1
 cartoons,1
 Dom/sub Play,1
 Alpha!Bucky,1
 Double Anal Penetration,1
 Forced Prostitution,1
 Suprise Soulmates!,1
 And Also Pantsless,1
 handjob,1
 Howard's A+ Parenting,1
 Alternate Universe - Movie Fusion,1
 Medical,1
 Bruce understands,1
 Tiny Reference to Homophobic Violence in Ch. 5,1
 Steve Rogers: The Bisexual America Deserves,1
unions,1
 Omega!Steve,1
 History,1
 Recipes,1
 he just doesn't know it,1
 Jewish Bucky Barnes,1
 Secret Identities Are Not Conducive To Romance,1
 I love angst,1
 Jealous Steve,1
Established Relationship,1
 Tony Angst,1
History,1
 Just a little bit as a plot device,1
 Confusion,1
 Don't worry everyone will be fine,1
 Everything is Beautiful and Nothing Hurts,1
 First Time Blow Jobs,1
 Tony Stark Has Daddy Issues,1
 Gratuitous Alcohol Usage,1
Alternate Universe - High School,1
 Miscommunication,1
 Breaking the Fourth Wall,1
 Nudity,1
 Peter makes terrible life choices,1
 Wordcount: Over 10.000,1
 First Time Making Love,1
 Boarding School,1
 the Winter Soldier's giant mancrush on Thor,1
 Niall is Hawkeye,1
 Agents of S.H.I.E.L.D. References,1
 Christmas Fluff,1
 Swing Dancing,1
 POV Second Person,1
 Wedding Planner AU,1
 Calcifer is Not Allowed To Help,1
 Foursome - M/M/M/M,1
 Internal dialog like whoa,1
 thor's mighty hammer,1
 space fantasy,1
 breakfast burritos,1
" How happy am I that there's actually an ""angst and humor"" tag",1
 mild medical procedures,1
 Sex Pollen,1
 Hurt Bucky Barnes,1
 i think he'd be okay with it,1
 Mentions of non-canon character suicide,1
 Touch-Starved,1
 anti-Semitism,1
 Darcy - Freeform,1
 Tony and his Bots - Freeform,1
 Nick Fury - Freeform,1
 I'm serious about that folks,1
 Mentions of Suicide,1
 a hapless mugger who really did not know what he was getting into here,1
 Service Submission,1
 Charles Is a Darling,1
 what are we to each other,1
 September 11 Attacks,1
 Self-Lubrication,1
 Protective Avengers,1
 Interviews,1
 Complete,1
Fake Marriage,1
 References to Past Child Abuse,1
 Followed by Schmoop,1
 lots of f-bombs,1
 Oblivious Tony,1
 press shananigans,1
 Marvel Universe,1
Alternate Universe - Canon,1
 Logan's life is hard,1
 but in the best possible way,1
 Steve Rogers is not technologically challenged,1
 but our Steve would never take advantage of that,1
 Threats of Rape/Non-Con,1
 Gang-Related Violence,1
Alternate Universe - No Powers,1
 Internalized racism,1
 slightly AU,1
 Star Trek?,1
Movie AU,1
 Character Turned Into a Ghost,1
 science geekery,1
 Alternate Universe - Human,1
 Oh No They're Hot,1
 It's Like Grand Central Station In Here,1
 The West Wing - Freeform,1
Insanity,1
 None of This is Stiles's Fault,1
 and less awesome,1
Child Abuse,1
 Vampires,1
 Mention of past suicidal ideation,1
 Mad Science,1
 Everything's okay in the end,1
 JFC Just Kiss Already,1
 Lower Decks,1
accidentally secret relationship,1
 Alternate Universe - Circus,1
 Sharing a Bed,1
College AU,1
 Loki the badass cat,1
 Alternate Universe - Fantasy,1
 Superheroes,1
 Verbal Abuse,1
 gratuitous pop culture references,1
 one minor reference to domestic violence,1
 Magical Accidents,1
Bucky Barnes Feels,1
 Greenwich Village Is Full of Freaks,1
 wedding planner,1
 Petplay,1
 Sexual Humor,1
Background Relationships,1
 Tony Makes Poor Choices,1
 Bisexuality,1
 Road Trip of Vengeance,1
 Past Abuse,1
 Alternate Universe - Teachers,1
 Implied Drug Use,1
  | Translation in Chinese,1
 Groundhog Day,1
 Steve still crashed the plane and no one could find him,1
 Experienced!Bucky,1
 Rentboys,1
 London,1
 Gun Violence,1
 References to Underage Prostitution,1
 Identity Reveal,1
 Size Kink,1
 Implied homophobia,1
 Food,1
 background OCs - Freeform,1
things history didn't record properly,1
 post-serum Steve,1
 But That Doesn't Mean They Can't Make a Baby,1
 bucky's rampant pinterest addiction,1
 the team really does need tony,1
Music,1
 Others - Freeform,1
Domestic Avengers,1
 Because of course he is,1
 Teacher!Steve,1
Dating,1
 Train Sex,1
War,1
 Many of these have never been written before AFAIK,1
 Posting from my tumblr page,1
 Bisexual Tony Stark,1
 Omega Bucky Barnes,1
 Darcy Feels,1
 Cold War,1
 Mostly canon compliant through Ultron 'cept nobody dies in this fic,1
 BAMF Steve,1
Plushies,1
 References to Illness,1
 racial tension (gang-related),1
 Genosha,1
Kid Fic,1
 Academia,1
Bucky vs. the Future,1
 omega!Peter,1
 Crafts,1
 Hair Kink,1
 Dorks in Love,1
 Tony Stark Feels,1
 Alternate Universe - Dystopia,1
 Snipers,1
 Protective Kitty Loki,1
Love Potion/Spell,1
 SHIELD Agent Bucky Barnes,1
Alternate Universe - Bakery,1
 Teambuilding,1
 Robot children,1
 Sweet,1
 Blasphemy,1
Avengers movie spoilers,1
 Bot Feels,1
 Prostitution,1
 Hostage Situation,1
 Peter Quill's Mixtapes,1
 King Loki,1
 but not really,1
 Dragons,1
 Dry Humping,1
 BAMF Natasha,1
 Alternate Universe - Post-Apocalypse,1
 A Truly Obnoxious Amount of Kissing,1
 Charles is a Cuddle Slut,1
 Foursome,1
De-Aged,1
 Library Sex,1
 damsel in distress tony,1
 Charles is perpetually clueless,1
 romcom,1
 this is going to be a very long fic so stay tuned,1
 Phone Calls,1
 People Are Sick of Conceptual Art,1
 Alternate Timeline,1
 Tony Stark Cuddles,1
 Powerlessness,1
 Chronic Illness,1
 Teddy Bears,1
 rarepair,1
 Bisexual Bucky Barnes,1
Antiques roadshow,1
 Nightmares,1
 Inappropriate Drunk Behavior,1
 grab a snack,1
 Erik is Hot and Bothered,1
 Steve Rogers' Whole Life,1
Marriage of Convenience,1
 just another excuse for more fluff,1
 Episode: s01e28 The City on the Edge of Forever,1
 Attempted Kidnapping,1
 Mentions of Non-Consensual Body Modification,1
 Male-Female Friendship,1
 Age Regression,1
 Redemption,1
 crawling through the vents like you do,1
 Stupidity,1
 Genderswap,1
 Modern Bucky x Cap Steve,1
 Dildos,1
 Hydra,1
 rated for explicit sexual content,1
 Detective AU,1
 Pre-Movie,1
 Clint inappropriately interferes in the lives of his teammates,1
 Nerdiness,1
 News Media,1
 Painting,1
 Needle in a haystack of plot,1
 Sort of Mirror!verse,1
 Illnesses,1
 very slow build,1
 Sarah Rogers Feels,1
 the Howling Commandos are all amazing,1
Genderswap,1
Alternate Universe - Gender Changes,1
 Bucky just has a HUGE thing for Authority!kink and being submissive,1
Steve Rogers: The Bisexual America Deserves,1
 Agency issues,1
media fic,1
 Darcy is a bamf,1
Memory Loss,1
 Harm to Animals,1
 Platypuses,1
 Additional Warnings Apply,1
 Some Not So Fun Canon Events Creep Back In,1
 Actually LOTS of rarepairs,1
 Canon Divergence - Post-Avengers (2012),1
 sam is a hero,1
 Authority!kink,1
 Eventual Sex,1
 peeve?,1
 Post-Thor (2011),1
 I'm still working on tags,1
 Bucky Barnes's Ridiculous Hair,1
 Light Angst,1
 Darcy Lewis takes on the Big Apple,1
 Robot Big Bang Challenge,1
Alternate Universe - College/University,1
 Grand Central to the Grand Canyon,1
Arranged Marriage,1
 Bucky Barnes Recovering,1
 reality is full of elbows,1
 85 years,1
 Protective!Avengers,1
Slow Build,1
 Light Bondage,1
 Bucky sends Steve a dick pic,1
 ROBOTPREG,1
 Underage Drinking,1
 Bets & Wagers,1
 Alternate Universe - Dark,1
Collars,1
 Psychological Torture,1
 Publicity,1
 Fantastical Iceland,1
 Arranged Marriage,1
 BAMF Peter Parker,1
 Natasha Romanov & Tony Stark Friendship,1
 Natasha & Darcy friendship 5ever,1
NSFW,1
 Steve Rogers is disappointed at your behavior,1
 Cheesy Hair Rock Soundtrack,1
 ok NOW it's complete,1
 Pre-Avengers Movie,1
 bucky pov,1
 Paint ball fights,1
 Original Senior Citizen Character - Freeform,1
 Because Steve and Tony are going to be screaming at each other a lot,1
 Misogyny,1
old men learning to use the internet,1
 Power-bottom!Bucky,1
 tony is not a consultant,1
 Biology Inaccuracies,1
 Technology,1
Spideypool - Freeform,1
 But the team is obligated to give him a hard time,1
 just to be perfectly clear,1
 Mutant Tony,1
 Simon Cowell is Nick Fury but without the eyepatch,1
 praise sex,1
Family Feels,1
 Bucky Angst,1
 Warning: Loki,1
 PWP,1
 Oneshot,1
 Male/Male,1
 I'm trying,1
 orgasam delay,1
 Spanking,1
 Scent Marking,1
 Dirty Dancing,1
 The Avengers vs. the Media,1
 apparently darcy doesnt speak real english,1
 mentions of eating disorders,1
 unexpected feels right outta nowhere,1
 Pepper is More Subtle About Her Drinking Problems,1
 Fantastic Racism,1
 Alternate Universe - Photographer,1
 see notes for details,1
Touch Aversion,1
 Mentions of Rape,1
 Tony's Unique Approach to Parenting,1
 past human experimentation,1
 They Discuss It Though,1
 Protective Loki,1
 Everyone has their sassy pants on,1
 Robopreg,1
 marvel-bang,1
Stucky Week,1
 Subspace,1
 The Avengers are gossipy old biddies,1
 Hulk Smash,1
Healing Sex,1
 trigger warning,1
 Nurse Darcy,1
 Neighbors,1
 Villain Family,1
Modern Bucky,1
 architect,1
 Mild D/s Overtones,1
 Bruce is Emotionally Stable,1
 Beard Burn,1
 (as adults of course),1
 Alternate Universe - With Powers,1
 Boundary Issues,1
 Teacher-Student Relationship,1
 and Zayn is Black Widow,1
 De-aged Steve,1
 cracky angst,1
 especially when they walk in on him in bed with Peter,1
Emotional/Psychological Abuse,1
 spimerica?,1
 Second-Hand Embarrassment,1
 Physical Disability,1
 student!bucky,1
 Time Travel,1
 Norse Mythology - Freeform,1
 sometimes you just need a vacation,1
 Power Couple,1
 Coitus Interruptus,1
 Tony Flirts to Show Affection,1
 Art,1
Alternate Reality,1
 Rescue Missions,1
 Mostly PWP with the barest trace of plot,1
Post-TWS,1
 Tony Sexually Harasses Everyone,1
 compliment kink,1
 Fic Prompt Request,1
darcy's just turning everyone into weird animals,1
 Steve Rogers Swears Goddamn It,1
 Blind Character,1
 Bucky was rescued from the alps,1
 minor torture references,1
 Reference To Past Injury,1
 fuck buddies,1
 Mates,1
 Tony should know better than to install AIs in things,1
Teambuilding,1
 Hostage Situations,1
 Rare Pairing,1
 Alternate Universe - Spies & Secret Agents,1
 BUCKY BARNES POV FEELS,1
 Sleeping Together,1
 Clint Barton & Tony Stark Friendship,1
 First Meetings,1
Kink Meme,1
AU,1
 Fanboy Phil Coulson,1
 Social Networking,1
 Resurrection,1
 also just plain homophobia,1
 blatant tropes,1
 hand wavy time travel,1
 First Time Bottoming,1
 Hacking,1
 Falling In Love,1
 Thug!Bucky,1
 WinterShieldShock,1
 Spitroasting,1
 Mention of torture,1
 My headcanon is a kinder universe than the MCU,1
 sent to live with cousins au,1
 Coma,1
 Nesting,1
 Apple Pie & Meatloaf Make Everything Better,1
 Canon Universe,1
 Top Steve,1
 College,1
 Parent Bucky Barnes,1
 Jasper Sitwell's ridiculous holiday sweaters,1
flyting,1
 Angsty crack,1
 ROBOPREG IS A REAL THING,1
thor gets hypothetically turned into a llama,1
 Post-Apocalypse,1
 Fanboying,1
 First Times,1
 Friends With Benefits,1
 Including my undying love and respect,1
 nobody asked for the avengers watching Rocky Horror but i wrote it anyway,1
 Likely will contain very little porn,1
 Bucky is not good at normal,1
Accidental Marriage,1
 Let's pretend AoU never happened,1
 Twitter,1
 Alternate Universe - Model,1
 Erik is a Troll,1
 Recreational Drug Use,1
 Co-workers,1
 sort of,1
First Meetings,1
 baby you're a firewooooork,1
 Fingering,1
 mentions of abuse,1
 bros!,1
De-aging,1
 Tony Stark Has Issues,1
 Alpha Steve,1
 Alternate Universe - Superheroes/Superpowers,1
 Pillow & Blanket Forts,1
Political Campaigns,1
 Modern AU,1
 Sarcasm,1
 Mutant Hate (because Howard's a dick),1
 Begging,1
Romantic Comedy,1
 Also Tony is a supervillain,1
 the course of love never did run smooth though,1
Domestic,1
 Cat Loki,1
 All my rules still apply,1
Obliviousness,1
 Alternate Universe - Military,1
 Charles Xavier is awesome,1
 Phone Calls & Telephones,1
 Artist Steve Rogers,1
 My god how did this fic become so filthy hahaha,1
 Steve Angst,1
 Objectification,1
 Bodyswap,1
Kind of Domestic,1
 make a dick,1
 Artificial Intelligence,1
 Frenemies,1
UST,1
 Seduction,1
 Babysitting,1
 OTP: Not Without You,1
 Handwaving Science,1
 But he's working on it,1
 Bots!,1
 Kings & Queens,1
 but Steve is,1
 Tropey Tropesalot,1
Post-Traumatic Stress Disorder - PTSD,1
 Submission,1
 Loki Needs a Hug,1
 Steve can be an idiot,1
 Community: avengerkink,1
 BFFs,1
 Political Alliances,1
 Food Issues,1
 all the feels,1
soulmate!AU,1
 Fictional Religion & Theology,1
 I wrote a romance about public transportation screw it,1
5+1 Things,1
 Find Bucky,1
 No-powers!Peter,1
 Selfies,1
 Undercover,1
 Non Consensual,1
 Hugging,1
 slow,1
 you might get hungry reading this,1
 Big Brother Thor,1
 Parenting a bot,1
 He knows what he wants,1
 Darcy adopts X-kids,1
 Blood and Gore,1
Pre-Slash,1
 Self Confidence Issues,1
 my poor soul,1
 texting a stranger,1
Alternate Universe - Crack,1
 Natasha Is a Good Bro,1
 Dom/sub Relationship But Without Those Exact Titles,1
 Bot-Feels,1
Alternate Universe - BDSM,1
 Texting,1
 Pop Culture,1
 Brooklyn Boys,1
 Non-powered AU,1
 the world's most useless and irritated secret agents,1
 Except not really?,1
 Arguments,1
 Running,1
 Consensual Underage Sex,1
 old people are Team Bucky,1
 Alien Technology,1
 there might be a few feels in here,1
 Implied Relationships,1
