Alternate Universe - Modern Setting,58
 Alternate Universe - Modern Setting,32
,28
 Fluff,28
 Romance,26
 First Time,25
 Angst,24
 Magic Revealed,22
 Hurt/Comfort,20
 Humor,19
 Action/Adventure,11
 Canon Era,11
 Magic,11
Fluff,9
 Pining,9
 Knotting,8
Angst,8
 Modern Era,8
 Friends to Lovers,7
 Age Difference,7
 Military,7
Alpha/Beta/Omega Dynamics,7
 Explicit Sexual Content,7
 Alternate Universe - Canon Divergence,7
 Soul Bond,7
 Magic Reveal,6
 Arthur Finds Out,6
 Established Relationship,6
 First Kiss,6
 Romantic Comedy,6
 Fluff and Angst,6
 Protective Arthur,6
 Alternate Universe - High School,6
 Alternate Universe - College/University,6
 Dubious Consent,6
 Alternate Universe - Canon,6
Romance,5
 AU,5
 Friendship,5
 Alternate Universe - Royalty,5
 Minor Character Death,5
 Mpreg,5
 Slash,5
 Alternate Universe,5
 Omega Verse,5
 Anal Sex,5
 Happy Ending,4
 Alternate Universe - Office,4
 Mating Cycles/In Heat,4
 Community: paperlegends,4
 BAMF Merlin,4
First Time,4
Reincarnation,4
 Alpha/Beta/Omega Dynamics,4
 Merlin Big Bang Challenge,4
Knotting,4
 Banter,4
 Emotional Hurt/Comfort,4
 Masturbation,4
Alternate Universe - Canon,4
 Oblivious Merlin,4
 Weddings,4
Alternate Universe - Canon Divergence,4
 Reincarnation,4
 Sexual Content,4
 Kid Fic,4
 Fanart,4
Canon Era,4
Originally Posted on LiveJournal,4
 Arranged Marriage,3
 Modern Royalty,3
 Drama,3
 Dirty Talk,3
Age Difference,3
 Blow Jobs,3
 Violence,3
 Hurt!Merlin,3
 Fuck Or Die,3
 Minor Violence,3
 Soulmates,3
 Season/Series 04,3
Mpreg,3
Humor,3
 Love,3
Alternate Universe,3
 Alternate Universe - Soulmates,3
 Future Fic,3
 Plot What Plot/Porn Without Plot,3
 Roommates,3
 Rimming,3
 Episode Related,3
 Christmas Fluff,3
 Sharing a Bed,3
 Winter,3
 Sex Magic,3
 Holidays,3
 Kissing,3
 Slow Burn,3
 PWP,3
 Omega!Merlin,3
 Arthur Knows About Merlin's Magic,3
 Fingerfucking,3
 Druids,3
 Drunkenness,3
Magic Revealed,3
 Possessive Behavior,3
 Kink Meme,2
 Dragons,2
 Blindfolds,2
 Porn,2
 Explicit Language,2
 Fluff and Crack,2
 Anonymity,2
 Oblivious Arthur,2
 Mildly Dubious Consent,2
 Smut,2
 Bonding,2
 Angst and Humor,2
 Alpha/Omega,2
 Marriage of Convenience,2
 Modern Day,2
 Podfic Available,2
 alpha!arthur,2
 Genderbending,2
Community: paperlegends,2
 Disability,2
 Unresolved Sexual Tension,2
 oblivious!Merlin,2
 Bottoming from the Top,2
 Forced Bonding,2
 Frottage,2
 Rough Sex,2
One Shot,2
 Enemies to Friends to Lovers,2
 Season/Series 01,2
 Virginity,2
 Oblivious,2
 Pining Arthur,2
Fake/Pretend Relationship,2
 Master/Servant,2
 Loss of Virginity,2
Modern AU,2
 Kidnapping,2
 Character Death,2
BAMF!Merlin,2
 Hand Jobs,2
 Orgasm Delay/Denial,2
 Depression,2
 Angst with a Happy Ending,2
 Scent Kink,2
 Character Study,2
 Angsty Schmoop,2
 Sex Pollen,2
 Magic Makes Them Do It,2
 Hijinks & Shenanigans,2
 Jealousy,2
 Love Potion/Spell,2
 Podfic Welcome,2
 Coming Out,2
 Complete,2
 Snark,2
 Chatting & Messaging,2
Alternate Universe - High School,2
 Boss/Employee Relationship,2
 Voyeurism,2
 Artists,2
Humour,2
Crossover,2
 Intoxication,2
Alternate Universe - College/University,2
 Light Bondage,2
 Bets & Wagers,2
 Hurt Merlin,2
Hurt/Comfort,2
 Mutual Pining,2
 Barebacking,2
 Alternate Universe - Modern with Magic,2
 Internalized Homophobia,2
 Protective!Arthur,2
 Additional Warnings In Author's Note,2
 Mystery,2
 Schmoop,2
 POV Arthur,2
 Community: kinkme_merlin,2
Suicide Attempt,2
 Virgin!Merlin,2
 Falling In Love,2
 Immortal Merlin,2
 Porn With Plot,2
 Canonical Character Death,2
 Jealous!Arthur,2
 Coming of Age,2
 Male Slash,2
Time Travel,2
 Drunk Sex,2
 Fake/Pretend Relationship,2
 Fix-It,2
 Christmas,2
Alternate Universe - Pre-Canon,1
 Happier Ending Than It Ought To Be,1
 Yenta Sue,1
 Nerdery,1
 because i seriously hope not,1
 Episode: s03e01 The Tears of Uther Pendragon (Part I),1
Elves,1
 Soulmate-Identifying Marks,1
 Hopeful Ending,1
 Season One Canon,1
  | Russian,1
 Felching,1
 Hacking,1
 Kissing Contest,1
 Sexual orientation confusion,1
 Nurses,1
 Dick Pics,1
 Woman on Top,1
 Semi-Public Sex,1
 lgbt diversity,1
 Kitchen Sex,1
 I JUST DON'T EVEN KNOW,1
 Children,1
 Rape,1
 Closeted gay characters,1
 References to Traumatic Injury and Terminal Illness,1
 Unsafe Sex,1
 futuristic warfare,1
 Christmas Dinner,1
 Crack,1
 Post-Season/Series 05 Finale,1
 Beta Gwaine,1
 Past Character Death,1
 Chocolate,1
 Bullying,1
 authoritative figures,1
 Crushes,1
 xbox as foreplay,1
 Post-Break Up,1
 Fluff (maybe?),1
 Audio Format: Streaming,1
Sharing a Bed,1
 Marriage,1
 Knifeplay,1
 Matchmaking,1
 blantant disregard for any arthurian legends,1
Break Up,1
 Stress Relief,1
 Body Worship,1
 Cuddling & Snuggling,1
 Crying,1
 University Merlin,1
 Foot-in-Mouth Syndrome,1
 Alternate Universe - Restaurant,1
 slight D/s,1
Fanart,1
 Merlin/Arthur Marriage,1
 Paris (City),1
 Good morgana,1
 Paperlegends 2013,1
 Frustration,1
High School,1
 Olympics,1
 Bottom Arthur,1
 artist!Merlin,1
 Torture,1
 Knights Plans for Merlin and Arthur,1
 Facebook,1
 Object Insertion,1
 Attraction,1
 video pornography,1
 Public Blow Jobs,1
Alternate Universe - Star Wars Setting,1
Magic Made Them Do It,1
 bottom!Arthur,1
 every fandom needs elevator fic,1
 Implied/Referenced Cheating,1
 obliviousness to the point of agony,1
additional tags,1
 merlin is alone and sad,1
 Fandom,1
 childhood crush,1
 enough characters to make a football team,1
Between Seasons/Series,1
Office AU,1
 Arthur Knows,1
 Originally Posted on LiveJournal,1
 Storms,1
 Sports,1
POV Outsider,1
 Crime & Law,1
 Libraries,1
 Childhood,1
 Kid Mordred,1
 Making Up,1
Anorexia,1
 Cute,1
 Underage Sex,1
 Alternate Universe - Spies & Secret Agents,1
 Screw Destiny,1
 Alternate Universe - Alien Invasion,1
 Misunderstanding,1
 Tattoos,1
 High School,1
Actor!Arthur,1
 Alternate Universe - After College/University,1
 Bondage,1
 Fairy Tales,1
 Trigger Warnings,1
 Body Paint,1
 Arthur Pendragon Returns,1
 Family,1
 Crossover,1
 Getting to Know Each Other,1
 Public Transportation,1
 Brief mentions of mpreg,1
Alternate Universe - Apocalypse,1
 Wooing,1
 Non-Consensual Drug Use,1
 Tennis,1
 Espionage,1
 UST,1
 Scenting,1
 Sexual Tension,1
 Transformation,1
 Implied/Referenced Rape/Non-con,1
 h/c,1
Imported,1
 Alternate Universe - Bookstore,1
 Breasts,1
 runaway horses,1
 Time Travel,1
 Alive Ygraine,1
 Copious geeky references,1
 Reveal,1
Kidnapping,1
 Dark Comedy,1
 Genderfluid Character,1
 Outing,1
Quest,1
 Season/Series 02,1
 Season/Series 03,1
 Families of Choice,1
Optional,1
 soulbonding,1
 Unicorns,1
 student prince,1
 Alpha!Lancelot,1
 Genderfuck,1
 Hospitals,1
 Serkets,1
 indulgent!Merlin,1
 Slice of Life,1
 instances of bodily pain,1
 Heartbreak,1
 Attempted Rape/Non-Con,1
 Grief/Mourning,1
 Party,1
Alternate Universe - Dystopia,1
 Arthur is a big ball of angst,1
 Chastity Device,1
 Episode: s02e01 The Curse of Cornelius Sigan,1
 Grief,1
 Blood,1
Truth Spells,1
 Past minor character death,1
 Hunger Games,1
 Sex in a Car,1
 University,1
 canon AU,1
 Implied/Referenced Homophobia,1
 Non-Graphic Violence,1
 Growing Up Together,1
Phone Sex,1
 Teasing,1
Scars,1
 Domestic,1
Drama,1
 Professors,1
Fluff and Angst,1
 Femdom,1
 Fantasy,1
 Awkwardness,1
 Realization,1
 size!kink,1
Post-Canon,1
 Shower Sex,1
 Werewolf Sex,1
 Vaginal Fingering,1
 Rescue,1
 Cunnilingus,1
 Car Sex,1
 Rape/Non-con Elements (not between Merthur),1
 I like my angst with a healthy dose of absurdity,1
 Vibrator,1
Physical Disability,1
Angst and Humor,1
 Alternate Universe - Future,1
 romance novels,1
 age disparity,1
 Bisexual Character,1
 Baby Dragon,1
 Omega!Gwen,1
 Merlin Holidays,1
Friends to Lovers,1
 morgana won't leave,1
 Multiple Orgasms,1
 Alternate Universe - Fusion,1
 Mythical Beings & Creatures,1
 Genderfluid,1
Loss of Virginity,1
 Age Difference (19/25),1
 Sleep Sex,1
 One Night Stands,1
 Twink-ish!Merlin,1
 Meet the Family,1
 Balinor/Hunith - Freeform,1
 Promiscuity,1
 Car Accidents,1
 Based on a Tumblr Post,1
 Rebound Sex,1
 Swearing,1
Cameos,1
 Captivity,1
 Angst and Fluff and Smut,1
 Magic and Science,1
 Post-it Notes,1
 Protectiveness,1
Alternate Universe - Fraternity,1
 Jealous!Merlin,1
 Post-Season/Series 05,1
 is this,1
 mentions of rimming,1
 so much pining you'll go blind,1
over the top supporting cast,1
Tattoos,1
 First Crush,1
 Mates,1
 Alternate Universe - Historical,1
 Blood and Injury,1
 Skipping School,1
 Casual Sex,1
 Football | Soccer,1
 this is the schmoopiest thing I've ever written I'm so sorry,1
 Interactive Fiction,1
 Sleepy Sex,1
 Non Consensual,1
 Comfort Sex,1
 Veterans,1
 Pregnant Sex,1
 Power Play,1
 Canon Compliant,1
Foursome,1
 Meta!fic,1
 Rivalry,1
 Sharing Body Heat,1
 Childbirth,1
 Playing Doctor,1
 Bad Jokes,1
 Alternate Universe - Movie Fusion,1
 Secrets,1
 Merlin kinda digs it,1
 Secret Identity,1
 Musicians,1
Fix-It,1
 Pack Dynamics,1
 POV Merlin,1
 I tried to funny,1
 Implied/Referenced Suicide,1
 Alpha Arthur,1
 Phone Booth - Freeform,1
 Gwaine's cloak is expressive,1
 Sneaking Around,1
 Sponsored Silence,1
 Chair Sex,1
 Porn Watching,1
 Merlin big bang,1
 Graduate School,1
 Alternate Universe - Modern: No Powers,1
 Destiny,1
 Alpha Males,1
 Canon divergent,1
 Office Sex,1
 Tragedy,1
 Swords & Fencing,1
 some violence (not sexual),1
 Epic Friendship,1
 Omega Merlin,1
 Dystopia,1
 Training,1
 Merlin has a Blog,1
 graphic scenes of military violence,1
 Pub AU,1
 top!arthur,1
 Bisexual Male Character,1
 Biting,1
 With Magic and Dragons,1
Future Fic,1
WIP,1
Morning Sex,1
 Impregnation,1
Master/Slave,1
 Just playing around,1
Military Jargon,1
 Alternate Universe - Dystopia,1
 Alternative Universe - Authors,1
 Powerful Merlin,1
 Knights being raunchy,1
Crossdressing,1
 Space Opera,1
 Episode: s03e02 The Tears of Uther Pendragon (Part II),1
 Stupidity,1
 tattoo artist - Freeform,1
 Muteness,1
 Self-Indulgent,1
 Comedy,1
 Father-Son Relationship,1
 Death in Childbirth,1
Harlequin,1
 Food,1
 Implied versatile Arthur and Merlin,1
 Twisted and Fluffy Feelings,1
Missing Scene,1
 Academia,1
 Denial of Feelings,1
 Virgin Castiel,1
 SDCC,1
 Reunions,1
 bottom!Merlin,1
 kind of,1
 Season 4 AU,1
 Fluff and Smut,1
 Bookshop,1
 Mention of past drug use/addiction,1
 Prostitution,1
Alternate Universe - Soulmates,1
 Gift Giving,1
 Amnesia,1
 No but seriously this is a ton of angst,1
 Bets,1
 Wanking Comment Fest,1
 Episode: s04e07 The Secret Sharer,1
 Marriage Proposal,1
dystopian au,1
 Omega!Gwaine,1
 Awesome Morgana,1
 Silver Fox Lestrade,1
 Getting Together,1
 Hate Sex,1
 Diabetes,1
 Suicide Attempt,1
 Genderswap,1
 Girl!Arthur,1
 Teen Angst,1
 Sexual Experimentation,1
Genderswap,1
 Outdoor Sex,1
 Alternate Universe - Reincarnation,1
 Social Issues,1
 Plot,1
Character Study,1
 arguments are the best foreplay,1
 traslation from Italian to English,1
 Hunters & Hunting,1
 Mutual Masturbation,1
 Longing,1
 pretending to be dating,1
 Field Trip,1
 Reunion fic (kinda),1
 Canon Rewrite,1
 Silence,1
 Rituals,1
 s1/s2,1
 smart!Arthur,1
 Gangbang,1
 Spanking,1
 Post Season 1,1
 Jossed,1
 Inappropriate use of an office,1
 Post-Mission,1
 Denial,1
 Arthur's an oddball,1
 Poetry,1
 Bi-Curiosity,1
 Misunderstandings,1
 dubious behaviour:stalking,1
 Forced Hand Holding,1
 Discovery,1
 Homophobia,1
 AU after episode 3x04,1
 Wordcount: 50.000-100.000,1
 squires in trees,1
 Alternate Universe - Homeless,1
 Cybersex,1
 Smuggling,1
Crack,1
 this could only work in fanfiction,1
 lots of swearing,1
camelotremix compliant,1
 Community: merlinolympics,1
 Mention of past drug overdose,1
 Alternate Universe - Modern Royalty,1
 Awkward Boners,1
 offscreen suicide of an OC,1
 BAMF Arthur,1
AU-modern setting,1
 Suicidal Thoughts,1
Established Relationship,1
 Guilt,1
 Angry Sex,1
 Tutoring,1
Major Character Injury,1
 Aphrodisiacs,1
School,1
Happy Ending,1
 Alpha!Morgana,1
 Queer Themes,1
 Avalon - Freeform,1
 Blind Character,1
 Mild D/s,1
 canon/modern AU fusion,1
 Harlequin,1
 Morning Sex,1
 Hostage Situations,1
 Merlin goes to Hogwarts,1
 First Meetings,1
 you can ignore this,1
Stalker,1
 Teaching,1
 John Hughes References,1
 i wrote this drunk okay,1
 pregnant!Merlin,1
 First Time Bottoming,1
 Flirting,1
Literary References & Allusions,1
 Eating Disorders,1
 Sex Toys,1
 Closeted Character,1
Alternate Universe - Werewolf,1
 Alternate Universe - Library,1
 Codependency,1
 Morning Cuddles,1
Modern AU with Magic,1
 Arthur Pendragon Is King,1
 Broken Bones,1
 Twitter,1
 Episode: s03e04 Gwaine,1
Slavery,1
 snobbery,1
 Crossovers & Fandom Fusions,1
 Canon-Typical Violence,1
 Magical Artifacts,1
 Death of a Parent,1
 Lust Potion/Spell,1
 Mentions of War,1
Merlin Modern AU,1
 Alternate Universe - Fantasy,1
Dirty Talk,1
 Post 5X13,1
 mention of Arthur/Vivian,1
 Marking,1
Season/Series 01,1
 Resurrection,1
 Publishing Company,1
 BAMF!Merlin,1
 Historical References,1
 Trope Bingo Round 2,1
Insecure merlin,1
 New York City,1
 Drawing,1
 Jealous Arthur,1
 References to Mourning,1
 Neighbors,1
Off-screen Character Death,1
 Trans Characters,1
Bisexuality,1
 Mild Kink,1
Pre-Slash,1
 Episode: s04e01-02 The Darkest Hour,1
 Homosexuality,1
 Teacher-Student Relationship,1
AU,1
Arthur Finds Out,1
 Online Relationship,1
 College,1
 sex trade work,1
 Possessive!Arthur,1
 Discrimination,1
 1920s,1
 Idiot Arthur,1
 Dom/sub,1
 True Mates,1
