 Fluff,30
,15
Fluff,15
 Angst,13
 Plot What Plot/Porn Without Plot,10
Angst,8
 Cute,7
 Blood,7
 Friendship,7
 TeruMob,7
 Anal Fingering,6
 Blow Jobs,6
 Hurt/Comfort,6
 Alternate Universe - Canon Divergence,6
 Hand Jobs,5
 Kissing,5
 Slow Burn,5
 Humor,5
 Violence,4
 Psychic Abilities,4
 First Time,4
 Established Relationship,4
 First Kiss,4
 Ekurei,4
 Oral Sex,4
 Teasing,4
 Post-Traumatic Stress Disorder - PTSD,4
 Emotional Hurt/Comfort,4
 Shameless Smut,4
 Self-Hatred,4
 Masturbation,4
Crossover,4
 Introspection,4
 Manga Spoilers,4
 Aged-Up Character(s),4
Unrequited Love,3
 Smut,3
 Slow Build,3
Masturbation,3
 No Manga Spoilers,3
 Vaginal Fingering,3
 Possession,3
 Brotherly Bonding,3
 Sexual Tension,3
 Explicit Consent,3
 Reader-Interactive,3
 headcanons,3
 Angst with a Happy Ending,3
 Sibling Incest,3
Established Relationship,3
 Death,3
 Trauma,3
Crossdressing,3
 Fluff and Smut,3
 Alternate Universe - No Powers,3
 PWP,3
 Drabble,3
Character Study,3
 Trick or Treating,3
Sibling Incest,3
 First Meetings,3
 Horror,3
 Anal Sex,3
Reader-Insert,3
Spoilers,2
 Happy Ending,2
 Growing Up,2
Romance,2
 Bonding,2
Age Swap,2
 Demonic Possession,2
 Loneliness,2
 Alcohol,2
 Found Family,2
 BDSM,2
 Unresolved Sexual Tension,2
 Making Out,2
varies by chapter,2
 Crying,2
Alternate Universe,2
 Brotherly Love,2
 Frottage,2
 Squick,2
Smut,2
 Reader-Insert,2
 Mob Psycho 100 - Freeform,2
 Hospitals,2
Plot What Plot/Porn Without Plot,2
 Gender-Neutral Pronouns,2
 Minor Original Character(s),2
 Reigen is a Good Person,2
Massage,2
 Teen Crush,2
 D/s,2
introspective,2
 Swearing,2
 No Plot/Plotless,2
 Depression,2
 Mob needs a hug,2
 Holding Hands,2
 Post-Canon,2
 drunk reigen,2
 First Date,2
 Fluff and Angst,2
 Family Fluff,2
 Office Sex,2
Adoption,2
Future Fic,2
 Ghosts,2
 Self-Indulgent,2
 mob is the adult,2
Cute,2
Halloween,2
Incest,2
 Nightmares,2
 No Spoilers,2
 Mutual Pining,2
 Sickfic,2
 Confessions,2
 Sexual Content,2
 Time Skips,2
First Kiss,2
 Abuse of Authority,2
 Other Additional Tags to Be Added,2
Confessions,2
Shameless Smut,2
 lots of kisses,2
 Sorry if this is OOC,2
Reigen might not be a dad,1
 squire!ritsu,1
 Dry Orgasm,1
 save the bento 2k16,1
 Shotgunning,1
 Asphyxiation,1
Ghost Sex,1
 caring reigen,1
 knee injury,1
 if yall need jesus,1
 No Underage Sex,1
 kissing!!,1
one sided Suzuki Shou/Kageyama Ritsu,1
 ooc i think,1
 Dirty Talk,1
 when they sing their souls show,1
 Warm coats,1
 Mobu and unrequited love,1
 The first time Reigen throws salt at something,1
 Shouritsu,1
 yeah ritsu dies instead of just getting a wound,1
 Praise Kink,1
the terumob is for a few seconds,1
 minegishi interacts w/ a child,1
 emotionally inclining towards Reigen?,1
 Fun,1
everyone wants a piece of cactus child,1
 super 5 and others included as well,1
 Platonic Relationships,1
 Spoilers for current arc,1
 i cant belive i wrote a 1.5k fic all for one joke,1
 Overstimulation,1
 Intercrural Sex,1
 First Love,1
 vamp reigen,1
 Feat. Reigen Smoking Himself to Next Life,1
 Come Swallowing,1
 date with stars in the background,1
 Dissociative Episode,1
 POV Female Character,1
 medicine man!reigen,1
 Cacti - Freeform,1
 Takoyaki,1
 it's a learning experience for everyone involved,1
Family,1
 this ship is a good ship i highly recommend it,1
kind of mob/minori,1
ReiMob,1
 maybe slightly OOC,1
 kinda fluffy kinda gross,1
 reigen and ritsu don't get along,1
 Reigen's body was not made to handle psychic powers,1
 Rivalry,1
 Crack,1
 mob being reigen's cute esper child,1
Extremely Dubious Consent,1
" it's less like ""angst"" and more like",1
One sided canon crush,1
 mob and claw are mentioned,1
 dimple is a human,1
U HAVE HEARD SERIREI AND EKUREI AND NOW I PRESENT TO U,1
 it seems like a lot but it's mostly fluff,1
 They have a crush on each other but are too chicken shit,1
 Past Character Death,1
 sudden truces,1
mezato is a gay,1
 small angst,1
 but not more than you'd expect given the circumstances,1
 Crushes,1
 pining teru,1
 A responsible Reigen,1
 implied depression,1
TeruMob,1
 Threats of Violence,1
 Mob curses a lot,1
 this is a comedy,1
 i don't know if i can suppress my love for the sweaty salt man forgive me,1
 character development for everybody!,1
 Alpha/Beta/Omega Dynamics,1
the terumob only shows up at the end haha,1
 Reigen being a selfish dick but,1
 ONE's Works,1
 Exorcism,1
 Teru has a lot of confusing feelings,1
 minor description of injuries?,1
 if it seems like mob has a crush on reigen that is entirely an accident,1
 Ambiguous Age,1
 Touch-Starved,1
( // a _ a // ),1
Light Novel Spoilers,1
 (also..no inest in the ot4 thing cause I AInt Nasty),1
 let's just call this a romcom in fic format,1
 thats it,1
Alternate Universe reverse age,1
 i trust you're not all weenies about the Shit Word,1
 funny outfits,1
 Friends to Lovers,1
Bathing,1
Canon Divergence,1
 scribe!mob,1
 super cliche,1
 Brothels,1
 ritsu is somehow the one with boring thoughts during sex,1
 I don't know how many angst,1
 uhhhhhhhhh,1
Asexual Character,1
 Marriage Proposal,1
 Disability,1
 vampire!mob,1
 save teru oh my god,1
 reigen is a good mentor,1
one shots,1
 this is not gore,1
Ghosts,1
 and Mob is a mess,1
 caring ritsu,1
 some tags won't apply until. later chapters!!,1
 with headcanons in excess but as much canon compliance as possible,1
" Kageyama ""Angery"" Ritsu",1
 Self Esteem Issues,1
 Arguing,1
 Torture,1
 better safe than sorry i suppose!,1
 but not as bad as Shigeo,1
 spoilers if you aren't caught up with the manga,1
 Underage Sex,1
 idk - Freeform,1
 ritsuteru,1
 cheek kisses,1
 Embarrassment,1
 Wax Play,1
 Flowers,1
 reigen is a doctor,1
 So why not milk chocolate?,1
 Mob is also a Good Person,1
 Forgive Me,1
 Mogami Keiji Arc,1
 Mob will come at the latter half,1
 Blood and Injury,1
 mob has no powers,1
 Pre-Series,1
 Graphic Description,1
 Mob has powers,1
 Cutie pies,1
 Massage,1
 also the summary is so shitty LOL I apologize,1
 You should also assume Teru is bi,1
 loosely based off of The Graveyard Book by Neil Gaiman,1
 I wouldn't consider this romantic but it's not entirely platonic either,1
 why not both?,1
 teru and shou are both teachers,1
 Awkwardness,1
 oysters are gross,1
kingdom au,1
 Singing,1
 Crossdressing,1
Teruki is trolling,1
additional tags,1
 a headcanon,1
 Reigen backstory,1
 Edgeplay,1
 oblivious teru,1
 in which theyre pirates,1
 accidental facial,1
 Tome's got you though,1
 teruki is a middle-schooler,1
 More tags to be added,1
 Background Character Death,1
 So much angst,1
Spoilers for the Mogami arc,1
 Unreliable Narrator,1
 teenagers being teenagers,1
 he's also very caring,1
 no one is an esper,1
Ficlet,1
terumob at the end,1
 do i need more tags?,1
 the espers are magik users,1
 Domestic Fluff,1
 Spirits,1
Love Confessions,1
 lots of fluff,1
 Drunken Confessions,1
 Rating May Change,1
 just try to think of it as a regular mob n reigen interaction,1
 separation arc,1
 teen angst lol,1
 ??? dimple,1
 a hospital is mentioned,1
Kinda getting a slice of life feel right now,1
 innocuous chapter 92 spoilers,1
 terukis world is throughly reckt,1
 Thriller,1
 there will be pain,1
 No Romance,1
teru has a crush,1
Mob Birthday Celebration,1
 Sadly Not Appearing: Any References to Salt,1
 teru is a homo,1
 Future AU,1
Blackmail,1
 a little mean too,1
 mob is a baby I love him,1
silent hill au,1
 but you know i love me some ekurei,1
Unresolved Sexual Tension,1
 first world problems,1
 Deep Throating,1
 Snowballing,1
 Spoilers up to Chapter 91.3,1
 Age Difference,1
 general audiences but it does contain swear words...!,1
 Alternate Universe - Pirate,1
 shrug,1
 Self-Acceptance,1
 Family,1
 really emo vent,1
 vampire!reigen,1
 after much wait and anticipation,1
 Crossover,1
 short and sweet,1
 Platonic Relationship,1
obligatory sickfic,1
 dammit ritsu,1
 but oh well,1
 ugh trash fic,1
 reigen being awkward,1
 he gets a surprise,1
 Exorcisms,1
 Religious Imagery & Symbolism,1
 Rough Sex,1
 Sexuality Crisis,1
 petition for more Reigen and Teru interaction,1
 UST,1
Psychological Drama,1
 from BOTH series,1
egg,1
 Ritsu versus Reigen,1
 But they are both trying to dad well for an orphaned mob that showed up on their doorstep,1
Romantic Fluff,1
minor spoilers for the manga,1
Missing Scene,1
 And this will props come off as Crack but heartwarming and slightly serious crack none the less,1
 its reigens bday and these boys are gay for him,1
 so i posted this,1
 its not,1
 little Kageyama bros,1
 its so late why did i write this idk,1
 if youre a dirty sinner,1
 reputations are slightly destroyed,1
 reigen is the best bf,1
 ritsu likes teru's fluffy hair,1
 Spa Treatments,1
 Cunnilingus,1
Halloween AU,1
 Cuddling,1
 ?? i guess,1
 Give this man a hug!,1
 Sleepy Cuddles,1
 not literally but more emotionally,1
 this is not fluff,1
 Sharing a Body,1
 This is what I am,1
 Trans Character,1
Kissing,1
 Warnings May Change,1
 Mob likes milk,1
 pls do not ask me what this is even I do not know,1
Blood,1
 Private Investigators,1
Illegal Activities,1
 Mob's just a kid,1
happy birthday garbage man,1
 baths,1
 shou is just laughing his ass off,1
 Character mention,1
First Person,1
 mage shigeo,1
 i want these characters to be happy,1
Pre-Relationship,1
 I feel like I need more tags,1
 he just wants to Know where he stands yknow,1
 i love this pairing there should be more works,1
 First Time Blow Jobs,1
 erotic comedy,1
 Is this completely self indulgent?,1
 possibly a series of one-shots,1
 self harmish???,1
 Mob is dealing with feelings,1
 And the first minute of the anime,1
 Bard Reigen,1
 Contemplative,1
 One-Sided Relationship,1
 Reigen is just at a loss for words,1
 Power Dynamics,1
 I die,1
 more stuff about minegishi in general,1
Humor,1
 Pain,1
Choking,1
 such as rubbing and making out,1
 pls save me from hell,1
 RIP Reigen's office,1
 Reigen is very very admirable,1
OppositeAgeAU,1
 written in honor of Teru's anime debut,1
 Age Swap,1
 mob being lowkey jealous and pining,1
Suicidal Thoughts,1
 Nothing Hurts,1
 Triggers,1
 Saitama and Reigen are Neighbors,1
 teenaged heartbreak,1
 Halloween Special,1
delinquent mob au,1
Second crush,1
 idk my dudes,1
 fluffy terumob,1
 help this is the first time ive used this site,1
 teru goes all romantic,1
 somehow does not contain very detailed depictions of kissing though,1
 Maybe a little OOC,1
 Reigen is pretty much every bit of a balm to the broken adult as a child as Mob was,1
 Non-Graphic Violence,1
 He's shy but he really wants Reigen,1
 Mirrors,1
 lol,1
 have fun! ;&gt;,1
 Premature Ejaculation,1
Boys In Love,1
 OH I HAVE WORK BUT ITS KINDA OK AT THIS POINT,1
Rated for teeny bit of language,1
 Trust,1
 Ritsu POV,1
 Heavy spoilers if you haven't read the manga,1
 Wet Dream,1
 A mature Ritsu,1
 FWP,1
 Psychological Horror,1
 however they come to me,1
Light Angst,1
Oneshot,1
 this fic is crazy it's just self indulgent sorry not sorry,1
 one OC,1
 Ice Cream,1
bara dimple,1
 Tears,1
 pretty much AU-ish cuz i suck at remembering dialogues and don't have a PC,1
 AU,1
 Saitama might not be a dad,1
 Grinding,1
 teru is exceptionally smooth whilst Shigeo is oblivious,1
 google search how to write porn,1
 Kidnapping,1
 this fic made me go to Cosmopolitan.com so y'all better appreciate,1
 tsubomi gets rekt,1
 but also really important,1
Phone Calls & Telephones,1
 Don't take it seriously,1
 Implied/Referenced Sex,1
Angst and Humor,1
 angst angst angst,1
 Teru POV,1
College AU,1
 Serial Psychic Killers,1
 gouda/mob,1
 Molestation,1
 diplomatic truce,1
 furaitsu,1
 they're high school age,1
 Reigen and Mob go Trick-or-Treating,1
Direct Sequel to Red,1
 More characters to be added,1
Platonic Relationship,1
 lil bit of terumob fluff,1
 kind of an au since it doesn't fit with the current arc,1
 PDA,1
 I love him,1
farming,1
 Summer,1
 why are the kageyamas Like This,1
 if you don't someone might actually die,1
 'sporadic just drew me cute ghosts and I had to gift something back,1
 this was so fun to write,1
 multiple POVs,1
 they're Small,1
 Multiple Orgasms,1
 Salt Mid Is Perpetually Confused,1
 Orgasm Delay/Denial,1
 Angst and Hurt/Comfort,1
Emotional Hurt/Comfort,1
 I wanted this done for Halloween :P,1
 Reigen is a child and Mob is an Adult,1
 possible sequel in the works,1
 this is absolutely supposed to be a genfic so like,1
 he's falling for Mobu isn't he?,1
 without actually taking an introspective point of view,1
 Magical Pens,1
 Recovery,1
 Future Senario,1
 relationship,1
 SO MUCH FLUFF,1
 reigen is a good guy give him a break,1
 vamps and demons ahhooooyyy,1
 maybe ??,1
 ...Kinda,1
 and everyone else is also a mess,1
 Edo Period,1
 ritsu angst,1
 Religious Content,1
 mentor mob,1
 Mob has a poker face of a lifetime,1
 Accidental Boners,1
 Character Study,1
 Sensation Play,1
 just a boy farming,1
 Dealing with emotion,1
 shigeo and teruki are still in the same highschool,1
 mob's crush on tsubomi explored and devoured,1
 What if Mob couldn't regenerate his physical form?,1
 hahaha,1
 neither does teruki,1
 My precious sons,1
 Out of Character,1
 Emotional Manipulation,1
 mob's taking it all,1
 I Wrote This Instead of Sleeping,1
 and this story has nothing to do with ghostbusters,1
 Alternate Universe - Orphanage,1
 Flower AU,1
 Fluff and Shenanigans Abound,1
 bro fluff,1
 also other things but you'll see,1
 reference to OPM since i'm pretty sure they're in the same universe,1
 nothing to be afraid of,1
 Deaf Character,1
 it's simply cruel is all,1
 this has been a psa,1
Fear Play,1
 injuries,1
 Magic Fingers,1
 Fluff without Plot,1
 May contiue this if I get inspired again,1
 onesided terumob,1
Ableism,1
Goreeee,1
 Additional Warnings Apply,1
 cat mob,1
 Rimming,1
 nothing happens,1
 the shippy stuff isn't all that shippy either,1
 a little before that one arc,1
 sort of,1
 hugs and kisses,1
 Minor Character Death(s),1
 ageswap au,1
 Also Teru you are not very good at hiding your feelings,1
 im fucking dying,1
 Mob growing as a person,1
 sorry that its short,1
 Birthdays,1
 overprotective little bro ritsu,1
the brothers being happy for once,1
Slurs,1
mob mentioned briefly,1
First Kisses,1
 reigen is a softie,1
BDSM,1
 French Kissing,1
 kinda OOC,1
 Canon Compliant,1
 bc i fucking hate myself and i overthink over how to break my own feelings,1
 Cat Ears and Tail,1
 Brotherly Affection,1
 let's go to shou's house,1
Ritsu stop angsting,1
 Emotional/Psychological Abuse,1
Brotherly Fluff,1
its really innocent since they're 13...,1
 more to come - Freeform,1
Beware: fluff,1
 sorry - Freeform,1
 handjob,1
 they're my favorite egotistical boys,1
 aged up Mob,1
 Ritz is a dummy but we love him,1
 idek,1
 yeah - Freeform,1
 high schoolers amiright,1
 Romance,1
 Drama,1
kill me,1
 Sexual Inexperience,1
 kind of a rambling story,1
 i tried my best this is my first Mob Psycho fic plz don't kill me,1
 Non-Consensual Oral Sex,1
 Eventual Future Fic,1
 Long-Distance Friendship,1
 Miscommunication,1
 reigen being a cute dad,1
 sorry my boy,1
 Implied/Referenced Suicide,1
 sorta - Freeform,1
 the claw are all kids,1
 Alpha!Mob,1
 Spectrophilia,1
 and a good kisser,1
 characters included that are still yet to appear in the anime,1
 lots and lots of crying,1
 blushy shou is my lifeblood,1
 Closet Sex,1
 Language and Heavy Content,1
 Suicide,1
coughs,1
 this is a pain train,1
 dimple is fucking gross,1
 he won't admit it though...,1
 Siblings,1
 And regular plants too,1
Canon-Typical Violence,1
 just wrote this for the heck of it,1
ageswap au,1
 Canon divergent,1
 Mob is pure but not celibate,1
 pretty reigen and mob centric,1
 mob and dimple are nurses,1
 because that is also consistently how i characterize him regardless of pairing,1
 Thunder - Freeform,1
 Mild Smut,1
 I just want these kids to live peacefully ok im sorry,1
Decapitation,1
 Smoking,1
 For Want of a Nail,1
 A little twisted,1
 Brotherly Angst,1
 like no srsly,1
 Reigen-Centered Perspective,1
 Early days at the exorcism job,1
 Threats of Rape/Non-Con,1
 situational ironies,1
 They're just cute and curious,1
 ritsu is and continues to be Kind Of An Asshole,1
 Nosebleed,1
 TeruMob for the soul,1
 Mentions include Tome Dimple and Teru,1
 Telekinesis,1
 Homelessness,1
 pet death,1
 Set After the Hanazawa Arc,1
 some physical actions that precede the coming in pants,1
 Furniture abuse,1
boyfriends first bdsm,1
 One-Shot,1
 you and your love for sweat man,1
 Minor Character Death,1
 cause I sure dunno,1
drabbles,1
Gang Violence,1
 Homoromantic Teru,1
 After Ep. 12,1
 Festivals,1
Supernatural Elements,1
 yes THAT sort of happy ending,1
background terumob,1
 Reigen needs a break seriously,1
 Esper Reigen,1
 Fluff and Hurt/Comfort,1
 or pre-slash I suppose,1
 it's literally from the latest chapter,1
 just as a warning,1
 Shigeo has no concept of personal space,1
 Comedy,1
 non-established relationship,1
 oneshots,1
 Character Development,1
 just sad,1
 slight... canon?,1
hey angst bros this fandom needs more of it,1
 Sequel to green,1
Esper Reigen,1
platonic reimob?,1
 Pardon my mistakes i wrote this on phone and on a whim,1
 Wall Sex,1
Boys Being Boys,1
 Female Reader,1
 This is pretty much what it says on the can,1
Underage Rape/Non-con,1
 Plants,1
Blow Job,1
 basically a crack fic lol,1
Mental Breakdown,1
 just good old boys being guys,1
 Because he can't be the pokerface Mob when he has a crush,1
boss reigen,1
 Condoms,1
 Rape/Non-con Elements,1
 teru's harem,1
 school sex,1
 witch teruki,1
 I hate to tag this as teen but there are two-ish kisses and swears,1
 or Father-Son Relationship,1
 Face-Fucking,1
 the au is more of an adoption au but an orphanage is involved ok,1
 said Oc is the plot object and the plot,1
 Fair,1
 there are pairings,1
" this is sort of ""what was happening while Shou and Teru were talking in Blue""",1
 light manga spoilers,1
 Mutual and Healthy Influences,1
 SERIEKUREI,1
 some colorful language,1
 Funny,1
 He's pretty much as much of a mess as Reigen was when he met Reigen,1
 this was super fun tbh,1
 coffee date and sleepover,1
 Probably after yokai arc,1
 College Setting,1
 teru is confused,1
 Deception,1
 though later mentioned,1
 Off-screen Relationship(s),1
 probably out of character,1
 I MEAN MOB PSYCHO AMRIGHT??,1
 Accidental Stimulation,1
 Mention of canon-typical violence,1
 Furry,1
 Reigen tries to learn a cigarette trick,1
 Double Penetration,1
Eventually everyone else - Freeform,1
 ReiMob,1
 so many headcanons that i can't even count,1
 They are so in love,1
 Ten questions,1
 can definitely be read as just friendship,1
 troubled child reigen,1
 happy birthday kid!!!!!,1
 Omorashi,1
 this sin is for you,1
 Self-Doubt,1
 but not maliciously so,1
 same thing,1
 dimple is the little voice in his head,1
 prince!teru,1
 Kinktober,1
 MOBU is a GEM,1
 demon mob and seri,1
 mooooore prompt stuff,1
 Tons of foul language,1
 Dildos,1
 lmao im dead insid,1
 Genos is a ghost,1
 Feat. A Painfully Obvious Reference to The Smiths,1
 lots of self pondering,1
life is strange au,1
 um this turned out different than i expected,1
 human(?) shou,1
 MobRei,1
 older mob,1
 unlikely couple,1
haha Gay dates with Gay boys,1
 even if he doesn't know it yet,1
Mostly Reigen,1
 Alternate Universe - College/University,1
 You're a lucky reader,1
 OPM meets MP100,1
 mob and teru are like 20,1
just wanted to add more stuff about minegishi's redemption,1
 teru is complicated,1
 Feelings,1
 Dimple would totally fuck him to death,1
it'a basically the separation arc,1
 Mob's only human,1
 Based on Real Events,1
 Halloween,1
AgeAU,1
 Drabble Collection,1
handjobs,1
PWP,1
 Past Violence,1
 Choking,1
 Headcanon,1
 Implied/Referenced Child Death,1
 breath play,1
 shigeo is secretly a kinky bastard,1
 but first violence,1
Reigen-centric,1
 its sad but also happy,1
 Light Bondage,1
 like no fluff this time p much,1
 Mobu thinking way too much,1
 I can only say this is a mess,1
 but not really,1
 lunches go missing,1
 Need to Talk More,1
Brotherly dynamic,1
 The title is temporary,1
 Eiffel Tower,1
 young reigen,1
 Origin Story,1
 One Shot,1
Blood and Gore,1
 Begging,1
 Size Difference,1
 Omake,1
 Baristas,1
 its such a good plot device,1
Crime Fighting,1
 yes - Freeform,1
 please read on,1
Budding Relationship,1
 Drama Drama Drama,1
 Rating may go up,1
 and how to overcome it,1
 Mostly the f word,1
 Ritsu does not,1
 Supernatural Elements,1
 Ambiguous/Open Ending,1
 werewolf ritsu,1
 sex ed,1
 blind!Ritsu,1
 Land of Waves Arc,1
 Flashbacks,1
 Oneshot,1
 Spooky,1
 Endearingly Awkward Drunk-Reigen,1
 Fights,1
 somewhat comedic,1
 sick mob,1
Lots of Cursing,1
 quiet death,1
 i'll tag it as ship because that gets more hits,1
 property is slightly damage,1
Kissing Practice,1
 this might b a little ooc for teruki? idk,1
 If I wrote it you should assume Shigeo has Asperger's,1
this was a partial prompt from a friend,1
 some dub/non-con themes,1
 set a little bit in the future were hanazawa and shigeo go to the same highschool,1
 som real fluffy shit,1
Frogs,1
 Threesome - F/M/M,1
 wound mentions,1
 Demons,1
 but nah,1
i really like mob psycho 100,1
flufffff,1
 vampire!dimple,1
 this is purely self indulgent,1
 Sleeping Together,1
 Family Dynamics,1
age switch!,1
 Omega!Reigen,1
 Broken Bones,1
 yandere mob,1
 i have no ideas for tags,1
Mild Angst,1
 reigen is still the same as ever tho,1
 I don't feel that confident writing for these guys after only 12 episodes but OH WELL,1
 reigen is the middle-schooler,1
 reigen is the middle schooler,1
 Teacher-Student Relationship,1
 They may not Know it's a date but it is,1
I think i have a kink for fingers,1
 each soul has a wavelength and color,1
 Mob with no Reigen in his life until he met the kid Reigen,1
 Cats,1
 We're all going to HELL,1
 implied ritshou,1
 If Ritsu did not escape unharmed,1
 God These Kids,1
Drinking,1
 Anal,1
 Seduce your crush with math problems,1
 Anime spoilers only,1
 ghost story,1
 exploration of relationship dynamic,1
 anti-fast food dimple - freeform,1
 Reigen is the Best Dad,1
 Dimple is a plush,1
 Part two will be posted later,1
 I have no idea fam,1
(but mob is only mentioned),1
 Signing,1
 Resolved Sexual Tension,1
 Reigen gets annihilated,1
 i suggest u drink tea while reading this ;)))))),1
 drabble sorta,1
 tomatoes,1
 teenage hormones lol,1
 what a little jerk,1
 Crack Fic,1
 this whole thing is introspection and subtext,1
 Dry Humping,1
 i'm just going to write until i'm finished,1
 it is also not sexual in any way,1
 Implied/Referenced Underage Sex,1
 it's almost domestic lmao,1
 a lot of sweat,1
 Shapeshifting,1
 this is literally pure fluff btw,1
 A little ooc Mob,1
slight terumob,1
 ritsu is overprotective and supportive,1
Ferris Wheel,1
 Harem,1
 seriekurei because reigen has a damn harem,1
 Possibly Pre-Canon?,1
Anal Fingering,1
 Falling In Love,1
 (Except Totally Ignoring The Broccoli Arc),1
 Young Mob,1
 no psychic powers,1
 also Tome is mentioned,1
the muscle club and the telepathy club make apperances,1
 this's basically hurt-comfort without the 'hurt' heheh,1
 mob thinks everything teru does is platonic,1
 Drunkenness,1
 Teru's a flirt,1
 Kinda,1
 Head Injury,1
 Coma,1
 trust play,1
 prince!shou,1
 Sex Toys,1
 slow hot torturous sex,1
 Mogami Arc Spoilers,1
 Reigen's a good mentor,1
Anal Sex,1
 flustered mob,1
 psychic powers,1
 m/m - Freeform,1
POV Second Person,1
 something small and quick and different,1
 Alternate Universe - Counter Psycho,1
 ritsu why,1
 IMC RYING,1
 tags and rating will change,1
 Curtain Fic,1
 small swearing,1
 Reigen is basically the counselor to all these troubled kids,1
 Non-Permanent Character Death,1
 Special Guest Star: Reigen's Day-Glo Track Suits,1
 reigen's birthday,1
A character from a television series for children,1
outsider pov fic,1
 sort of??,1
they do it on a teachers desk,1
 wow this is so self indulgent,1
Serizawa-centric,1
 Canon-Typical Violence,1
 original storyline,1
Yes there is an OC,1
 ritsu is a perveeeeeeeeeeeert,1
 14 year old tries to figure out things and fails,1
 humor?,1
Magic AU,1
 sin - Freeform,1
 ritsu being overprotective younger brother,1
 Amusement Parks,1
 Nothing explicit,1
the underground doctor AU absolutely no one asked for,1
 But still it might upset you,1
 Spoilers for manga,1
 poor souls are never happy,1
Superheroes,1
 Gun Violence,1
Young Mob,1
 takes place in the future of the manga,1
 Realizations,1
 Awkward Conversations,1
 Slight Reigen/Original Female Character(s),1
 Jealousy,1
 Birthday,1
 Cliffhanger,1
 Amusement Park,1
 Coming In Pants,1
hm... this was written more to avoid doing english hw,1
Mildly Dubious Consent,1
 mob wonders about kissing and then learns about kissing from everyone's favorite brocon,1
crossover AU,1
 I'll probably add more tags later,1
Rated for a tiny bit of swearing,1
Cunnilingus,1
Rating May Change,1
 Orgasm Denial,1
This could be genfic,1
 just mushy cute fluff,1
 Trauma Recovery,1
 the angst is probably not as angsty as it could be,1
 Halloween Costumes,1
 ritsu is the principal,1
 because that is how I characterize him,1
Brotherly Love,1
A character piece,1
 Witchcraft,1
 Couch Sex,1
 EXPLODING plants,1
 Paranormal,1
 Mentions of Voyeurism,1
Pre-Slash,1
 every boi is overly attached,1
AU,1
 mob gets even more traumatised,1
bike touring,1
Trans Character,1
 Cold Weather,1
 Drunk Sex,1
 overprotective teru,1
 so it doesn't exactly fit anywhere very well chronologically ahahah,1
 Ladybugs,1
 Dirty Thoughts,1
 Subtext,1
 not that Tome but the other one,1
 shigeo explores his kinks,1
 mob is a baby pls help him,1
 Kidnapper Plot and villain OCs,1
