 Humor,43
 Alternate Universe - Canon Divergence,31
 Angst,30
 Friendship,27
,25
Time Travel,25
 Fluff,23
 Romance,21
 Fix-It,17
Alternate Universe - Canon Divergence,15
 Time Travel,13
 Crack,12
Humor,12
 Hurt/Comfort,12
 Drama,10
 Alternate Universe,10
 Violence,9
 Families of Choice,8
 Alternate Universe - Modern Setting,8
 Anal Sex,8
 Slow Build,7
Self-Insert,7
Alternate Universe,7
 Rimming,7
 Explicit Sexual Content,7
Romance,6
 Pining,6
 Yaoi,6
 Reincarnation,5
 Oral Sex,5
 Mental Health Issues,5
 Family Feels,5
 Masturbation,5
 Mpreg,5
 Other Additional Tags to Be Added,5
Yaoi,5
 Kid Fic,5
 Pre-Slash,4
 Smut,4
 Angst and Humor,4
 Friends to Lovers,4
 Family,4
 Crossover,4
Reincarnation,4
Alternate Universe - Modern Setting,4
 Psychological Trauma,4
 Family Fluff,4
 Snark,4
 Minor Character Death,4
 Alternate Universe - Time Travel,4
 Adventure,4
 Dimension Travel,4
 Action/Adventure,4
 Dubious Consent,4
 blanket permission for podfic or translation,4
 Time Travel Fix-It,3
 Crossdressing,3
Family,3
 Domestic,3
 AU,3
Alpha/Beta/Omega Dynamics,3
 Fluff and Angst,3
 Angst with a Happy Ending,3
 Character Study,3
 Emotional Hurt/Comfort,3
 Anal Fingering,3
Angst,3
 Magic,3
 BAMF Sakura,3
Friendship,3
 kind of?,3
Alternate Universe - Soulmates,3
 War,3
 Prompt Fill,3
Family Feels,3
 Team as Family,3
 Sexual Content,3
 Codependency,3
 Canonical Character Death,3
 Canon-Typical Violence,3
 Female Uzumaki Naruto,3
 Snippets,3
 Eventual Romance,2
 Dirty Talk,2
 Unrequited Love,2
 Action,2
Fluff,2
 Self-Sacrifice,2
SasuNaru - Freeform,2
 Happy Ending,2
 Originally Posted on FanFiction.Net,2
 Genderfluid Naruto,2
 Unconventional Families,2
 Omega Iruka,2
 Torture,2
 Pre-Series,2
 Lime,2
 Underage Sex,2
 Brothers,2
 AlphaSasuke,2
Alternate Universe - Hogwarts,2
 Omega Naruto,2
 Alpha Sasuke,2
 Implied/Referenced Rape/Non-con,2
 Bickering,2
 Grief/Mourning,2
 First Kiss,2
 Asexual Character,2
 Blood,2
 Alpha/Beta/Omega Dynamics,2
 Mild Angst,2
 Blow Jobs,2
 Soul Bond,2
 Alternate Universe - Werewolf,2
 SI,2
 Alternate Universe - Soulmates,2
 Hand Jobs,2
 Sibling Incest,2
 Light Angst,2
 Awkward Romance,2
 Drabble Collection,2
 Stalking,2
 OmegaNaruto,2
 Canon Compliant,2
 many many oneshots,2
 Post-Canon,2
 Secret Identity,2
 AlphaItachi,2
 Alpha Kakashi,2
 Community: trope_bingo,2
 Everyone Needs A Hug,2
 Complete,2
 OmegaDeidara,2
 Language,2
Fix-It,2
 Biting,2
 Genderfluid Character,2
 Haruno Sakura-centric,2
 Faint Angst,2
Crack,2
 Dorks in Love,2
 Panic Attacks,2
 AlphaGaara,2
 many many plots,2
 Liberties taken with medical practices,2
 Identity Issues,2
Marriage of Convenience,2
 Found Family,2
 Alternate Universe - College/University,2
Genderswap,2
 Alpha Neji,2
 Slow Burn,2
 Supernatural Elements,2
 Community: fic_promptly,2
 Spanking,2
Dimension Travel,2
 Misunderstandings,2
 Horror Elements,2
 Soulmate-Identifying Marks,2
 Tobirama Is Not Amused,2
 Schmoop,2
 Alternate Universe - Canon,2
 POV Multiple,2
 Orochimaru's Morals Are Not Your Morals,2
 Self Insert,2
 Chinese Translation Available,2
 Insecurity,2
Female Uzumaki Naruto,2
 Alternate Universe - Fantasy,2
 Bodyswap,2
 slow build romance,2
 Dai-nana-han | Team 7 (Naruto) centric,2
 POV First Person,2
 Trope Bingo Round 2,2
 Body Horror,2
 Female Sawada Tsunayoshi,2
 RegularBadass!Shikamaru,1
 even if he's a Parselmouth,1
 Friendship/Love,1
All the KHR cast in Naruto,1
 Kakashi is tricky,1
 (kind of),1
 Werewolf Turning,1
 we're not going to crash and fall off a cliff,1
 Everybody Flirts with Sakura,1
 Rin is awesome,1
Supernatural Elements,1
Found Families,1
 Ninja,1
 So many miscommunications,1
Mission Fic,1
 Child Soldiers,1
 kid Sasuke,1
This is an EXTREMELY dark fic,1
 Liberal use of headcanon,1
 Poor Life Choices,1
 Anko loves to mentally fuck with people,1
 Learning to be Human,1
 all ANBU and no sex,1
 I have not decided,1
 That's Literally The Entire 'Plot',1
 Animated Gifs,1
 Animagus,1
 no seriously,1
 Vaguely Preslash,1
 Iruka has special clearance,1
 Jiraiya has no idea what's happening anymore,1
 Harry has Cloud Flames,1
 Retcon,1
 Sasuke being an ass,1
 Canon Typical Violence,1
 Explicit Language,1
 time-travel,1
 Exactly What It Says on the Tin,1
 Concubinage,1
 Itachi and Sakura are the same person,1
 dish soap,1
 anti-ending,1
 Clocks,1
 Exhibit 245453,1
 Eavesdropping,1
 Hokage!Kakashi,1
 Who Cares About Causality Anyway,1
 Hokage Uzumaki Naruto,1
 Off-screen torture,1
 Magic - Freeform,1
 Remix,1
 Crossover Pairings,1
 Sasuke is extremely posessive,1
 (except with Tsume),1
 but mostly Gen,1
 Worldbuilding,1
 Character Death Fix,1
 Author stopped watching Naruto after the Tsunade arc,1
Blanket Permission,1
 Cock Rings,1
 But it's a necessary evil,1
Inspired by Fanfiction,1
 grudges are held,1
 Via Science not Sex,1
 Past Character Death,1
Make-up/break-up trope,1
 Alternate Identities,1
 Bottom!Naruto,1
 don't let the tags fool you,1
First Time,1
 Human Train Wreck!Madara,1
 BAMF Shikamaru,1
Crossover,1
AU,1
 magical workaround to mitigate the effects of a physical disability,1
 canon!naruto,1
 Slavery,1
 Psychological Drama,1
 also angst,1
 Suspicion sucks,1
 it is really fucked up,1
 Alive Rin,1
 Gender Dysphoria,1
 long chapters,1
 Hidan-Sensei,1
 Character Study Gone Sideways,1
 Dark Harry Potter,1
 Koharu is Haru,1
 terrible flirting,1
 Foul Language,1
 In Which Harry is a Goddess,1
 somewhat crackish,1
 Slice of Life,1
 a little violence,1
 long-haired yam!!!!!,1
 Werewolf Mates,1
 Humour,1
 Kakashi is ridiculous,1
 thematically post apocalyptic,1
 fem!naruto,1
 Ino As Deidara's Half Sister,1
 unrequited (or maybe not) love,1
 Unplanned Pregnancy,1
 Brief Abuse,1
 and secrets,1
 Best Friends,1
 Werewolf Culture,1
 Naruto Reborn as FemTsunayoshi,1
modern!AU,1
 Lots of Angst,1
 In Which Sasuke Is Not An Ass,1
 Caper Fic,1
 There'll Be Some Character Deaths,1
 SuperBadass!Sakura,1
 Dai-nana-han | Team 7 (Naruto) Feels,1
 A little bit of food porn,1
 very very sideways,1
 nukenin,1
 Master of Death Harry Potter,1
 Orochimaru is suffering the Naruto Effect,1
 Child Naruto - Freeform,1
Alternate Universe - Supernatural Elements,1
 Family Drama,1
Ghosts,1
Rimming,1
 Unresolved Sexual Tension,1
 Attempted Rape,1
 POV Alternating,1
 NO SWEETNESS IN THIS ONE FOLKS,1
 but still no chill,1
 Uzushiogakure,1
 Madara the walking human train wreck,1
 Gen or Pre-Slash,1
 But At Least He's Cute About It,1
additional tags,1
 Non-Chronological,1
Alternate Universe - Superheroes/Superpowers,1
 Bad Puns,1
 Minato is darker than in canon,1
"UNOFFICIAL SEQUEL to ""The Test""",1
 Violent Sex,1
BAMF Harry,1
 Past Lives,1
just a cute love story,1
 Jashinism,1
 coffee shop AU,1
 Rough Sex,1
 Spirit Animals,1
 With ship banners being waved in the distance,1
will add characters as we go on,1
 Alternate Universe - Magic,1
 Jealous!Sasuke,1
 vaguely a dark!fic,1
 Community: kakairu_kink,1
 Missing-Nin,1
 Uchiha Sasuke-centric,1
 Minor Injuries,1
 so much drama,1
 idek anymore this thing has a life of its own,1
 Bittersweet Ending,1
 InoShikaCho,1
 Questionable Ninja Parenting,1
 And Orochimaru needs to leave his cobra in the tank,1
 Dysfunctional Family,1
 Tattoos,1
 Male-Female Friendship,1
 Alternate Universe - Roommates/Housemates,1
 if you havent read ais this wont make any sense to you,1
 ooc,1
 Damsels in Distress,1
 Slight hurt/comfort in the end,1
 New Years,1
 kill the snake,1
 Black magic and thousand year old curses,1
 And Everyone Else's Too,1
 Plot Driven,1
Gen For The Moment - Freeform,1
 Environmentalism,1
 Obsessive!Sasuke,1
 multiple eyes,1
Alternate Universe - Post-Canon,1
 Oiroke no Jutsu | Sexy no Jutsu,1
 Forgiveness,1
 technically starts off as a high school au,1
 Dragons,1
 the boys will see to it,1
 Like Murder,1
 Vague allusions to past torture,1
 Survival,1
 What if Kakashi wasn't famous,1
 Tang Dynasty,1
 Contemplated Murder,1
 No one should read this,1
 Kakashi saves his father,1
Alternate Universe - Fantasy,1
 isn't it lovely how Naruto can have both?,1
 FIx It,1
 Five-year-old Kakashi,1
Side story The Grass is Green on the Other Side,1
 technically gen but also kind of kakayam because i'm trash like that,1
 Kink Negotiation,1
 Brief Psychological Torture,1
 No Romance,1
 NejiNaru sub plot,1
Post-Chapter 700,1
 dimension hopping,1
 Drunken Shenanigans,1
 fluid relationship with fourth war canon,1
 younger body,1
 Problems conceiving,1
 Potty Mouth Narrator,1
 oops try again,1
 AU naturally,1
 Aka Kakashi Angst,1
Families of Choice,1
 Sexting,1
Violence,1
 Doodles,1
Community: kakairu_fest,1
 slave!Sasuke,1
 Trust Issues,1
 You've been warned,1
 Mindless Fluff,1
 Intercrural Sex,1
 world expansion,1
 Frottage,1
 Detective!Tenzou,1
 lots of them - Freeform,1
 Mummies coming to life,1
 Everybody Lives,1
 but damned if she can't give the illusion that she is,1
Demisexuality,1
 Established slash,1
 dont get your hopes up,1
 Stubborn Idiots,1
 vitiligo,1
 Dysfunctional People,1
 Angsty Schmoop,1
 One-Armed Sasuke,1
A lot of ANBU,1
ANBU - Freeform,1
 Drug Use,1
 Sasuke's misogyny is alive and well,1
 Naruto was the Uzukage,1
 Shameless Smut,1
 Short snippets,1
 Naruto's pov mainly,1
 Deus Ex Machina,1
 whodunit,1
 OC,1
 Discussion of Abortion,1
 Welcome to Harry's Wonderland,1
 it doesn't work,1
 Light BDSM,1
 traces of fluff,1
 Ridiculously Over Powered Character,1
 Rape Recovery,1
 Itachi is a master planner but still messes up sometimes,1
 Pre-Allied Shinobi Forces,1
 And somehow Ino became Sasuke's sassy BFF,1
 Relationship Reveal,1
 Chastity Campaign,1
 Dark Comedy,1
 Awkward Sexual Situations,1
 Scars,1
 LITERALLY,1
 more like disorganised crime,1
 Soulmates,1
 Sharing a Body,1
 Tenz is just along for the ride,1
Character Study,1
 Happy Xanxus,1
 Mentions of homophobia,1
 Addiction,1
 Pregnant Naruto,1
 Kind of psychotic Sasuke,1
 Brief Smut,1
 Male Slash,1
 enough headcanon to melt your brain,1
 Cheese,1
 Genma is never allowed to date,1
 Fox Summons,1
 Canonically Violent Sasuke,1
 And a little bit of,1
 Mild Language,1
 Tea,1
 Mentor & Students,1
 preslash,1
 Magical Rhaegar Targaryen,1
 Piercings,1
 But For the Soul,1
 Post-Five Kage Summit,1
 I Blame Massive Amounts of Cold Syrup,1
 Implied/Referenced Drug Use,1
 Obito is stubborn to a fault,1
Mpreg,1
 Kakashi has no idea what's coming,1
Original Character(s),1
 Established Relationship,1
 Uchiha Kyya,1
 Uchiha Massacre,1
 Possessive Alpha,1
 Oblivious Naruto,1
 Terrified Hyuuga Clan,1
 Seduction Failure,1
 Madara the magician,1
 Fourth Wall Denting,1
 team 7 fluff,1
 Cameos,1
Physical Disability,1
Minato's POV,1
 Pre-Fourth Shinobi Word War,1
 Rebuilding,1
 Fluff and Humor,1
 Physical Abuse,1
 Suicide,1
 Lemons,1
 but probably - Freeform,1
 Orochimaru style,1
 Not Canon Compliant,1
 Slow Romance,1
 Canon Divergence,1
 Timeline What Timeline,1
 Humor and Humor,1
 lists are always the answer,1
Uchiha family clusterfuck,1
 Ripple Effect,1
 aka Obito wins,1
 TYL!Lambo,1
 smart!Naruto,1
 dystopian universe,1
Fake/Pretend Relationship,1
 Tags Are Hard,1
 some chapters will be utterly FILTHY,1
 Women Being Awesome,1
 Different Guardians,1
 Implied/Referenced Homophobia,1
 Shenanigans,1
 Child Neglect,1
 Random Updates,1
 Alternate Universe - Superheroes/Superpowers,1
 Ino and Hinata are fan girls,1
 Yeah you read that right,1
 Loss,1
 Photoshop,1
 non redeemed akatsuki,1
 troll!Kakashi,1
 Elite Police Officer!Sasuke,1
 Original Character Death(s),1
 but more of a time loop,1
 Belphegor is a Spoilt Rotten Prince,1
 Female Friendship,1
 Cliffhangers,1
 is a really weird tag to be using for naruto but here we are,1
 Kneeling,1
 don't look at me like that,1
 Sasuke is not really ideal boyfriend material in RL is all I'm saying,1
 Plot,1
 Pack Politics,1
 which means it's not very fluffy,1
 But not quite,1
 Kakashi has Slytherin tendencies,1
 Genin Puppy Piles,1
 OC is Not Impressed,1
 Clubbing,1
 but also still close to canon,1
 Grinding,1
 Fuuinjutsu,1
Post-Canon,1
 Desire,1
 Werewolf Sex,1
 Sexual Tension,1
 Sky Uzumaki Naruto,1
 Kidnapping,1
 Touka is Gokudera,1
 Post-Traumatic Stress Disorder - PTSD,1
 Harry is a Senju,1
 Itachi in girls clothing!,1
 Sasuke having to work for it,1
 Orochimaru is tricksy,1
 Changing Tenses,1
 Alternate Universe - No Uchiha Massacre,1
 Pickup Lines,1
 Dysfunctional People Raising Children,1
 ANBU - Freeform,1
 Romantic Comedy,1
 I took all the dark elements of Naruto's and Sasuke's character and double-down on them like 1000x,1
 Sasuke's POV,1
 Minor character incapacitation,1
 NaruSasu and SasuNaru,1
 Not Romance,1
 Scratch that it's totally crackish,1
 mild crack,1
 Random & Short,1
 canon-compliant AU,1
 Childhood Trauma,1
 Possibly an unhealthy amount of emotional dependence,1
 Implied Sexual Content,1
 I make no promises,1
 Self-Indulgent Ficcage Fluff,1
 Sarutobi is Done With This,1
 Madara's Hopeless,1
 forced soul bond,1
 Slaves,1
 only not exactly,1
 Wooing,1
 Konoha's got 101 problems and Uchihas are almost all of them,1
Language,1
 Knotting,1
Family Fluff,1
 Concubine AU,1
 Orgasm Delay/Denial,1
 Fashion Design,1
 Genjutsu,1
 only not really?,1
 Let Kurama Nap,1
 Zombies,1
 Hate Sex,1
 PTSD,1
 SuperBadass!Naruto,1
 Depression,1
 BAMF Rin,1
 Possible Mpreg,1
 Recovery,1
 what are the chances,1
 Underage - Freeform,1
 Chapter 698 Spoilers,1
 Uchiha Itachi-centric,1
 First Time,1
 AU of AIS after Chapter One,1
 Screwed-Up People,1
 Naruto is extremely hot and everyone wants him,1
 Pranks,1
 No Plot/Plotless,1
fluff!!!,1
 Sunagakure - Freeform,1
 Magnificent Bastard!Orochimaru,1
 Sasuke learning what is important in his life,1
 Background Relationships,1
Alternate Universe - Hipsters,1
 Banter,1
 Sexy!Itachi,1
 Dysfunctional Relationships,1
 SuperBadass!Sasuke,1
 Love Confessions,1
" canon character ""death""",1
 Swearing,1
 Confinement,1
 Affairs,1
Manga Spoilers,1
 Tom Just Wants to go Back to Hogwarts,1
 Out of Character,1
 Emotional Manipulation,1
 Past Child Abuse,1
 Accidental Relationship,1
 Relationships are Minor,1
 Iruka used to be a troublemaker,1
 Forced Bonding,1
 Self-Discovery,1
 Abandoned Work - Unfinished and Discontinued,1
 Protectiveness,1
 Concubines,1
 this somehow grew 12k words when I wasn't looking,1
 Reborn Harry Potter,1
 Competence Kink,1
 Mental Illness,1
so much ANBU,1
 Slash,1
 Accidental Voyeurism,1
 And Professional Eyeball Removal,1
 Saving The World One Murder At A Time,1
 ALL THE ANGST (but then happiness),1
 Reborn Uzumaki Naruto,1
 Non-Massacre AU,1
 no really all of them,1
 Brother Feels,1
 only not,1
Timelines,1
Fluff and Humor,1
 Smart Sawada Tsunayoshi,1
 Xanxus really knows his guns,1
 Kekkei Genkai | Bloodline Limit,1
 Hijinks & Shenanigans,1
 shota?,1
 Naruto's Questionable Tactics,1
Alternate Universe - Daemons,1
 The Great Hibari War,1
 Marking,1
Mostly Gen,1
 Nightmares,1
 Sex Is Fun,1
 Oh No He's Hot,1
 Dark Humor,1
 well mostly,1
 Body Modification,1
 Mind Fuck,1
 Wizards,1
 I'm doing this just for fun!,1
fanfiception,1
 Possession,1
 And Tom is Alice,1
 Political Marriage,1
 coarse language,1
 Deidara's insane driving,1
 Gender or Sex Swap,1
 Mostly Gen,1
 Self-Hatred,1
 BAMF Uzumaki Naruto,1
 Royalty,1
 gratuitous cameos,1
Established Relationship,1
 Historical Fantasy,1
 Minor Angst,1
 Aoba needs to stop making hen noises now,1
 Liberal use of fanon,1
 More gratuitous fluff stories,1
 these tags are terrible but it's more or less a damned comedy,1
 Human Kurama,1
 birthday fic,1
 Cussing,1
 This Ate My Brain,1
 Pack Dynamics,1
Age Regression/De-Aging,1
 deserted island,1
Alternate Ending,1
 Alive Minato,1
 well that part he is amused about,1
 and a guilt complex,1
 No pairings yet - Freeform,1
 Implied/Referenced Suicide,1
Female Harry Potter,1
 Incest,1
 Self-Esteem Issues,1
 Really a lot of swearing right off the bat,1
 Vignette,1
 Sasuke is confused,1
 Gaara being extremely badass,1
 It makes sense I swear,1
 And Now For Something Completely Different,1
 canon!sasuke,1
 Human-Werewolf Interactions,1
Community: kakairu_kink,1
 I can't believe I am actually posting this,1
 I swear,1
 Sharing a Room,1
 Gratuitous Homestuck References,1
 Social Anxiety,1
 Xanxus as Kakashi,1
 Mild S&M,1
 Naruto tries to fix things,1
 Post-Series,1
 Self-Denial,1
 Self-Insert,1
 SasuNaru - Freeform,1
 Hanabi/Sasuke if you squint,1
Canon-Typical Violence,1
 Gift Fic,1
 Kakashi & Tenzou friendship,1
 Idiots in Love,1
 Developing Friendships,1
 Reborn The Godfather,1
 Bisexual Character,1
 Self-Acceptance,1
 horror/suspense,1
 Kakairu Month 2015,1
 Sakumo is the best dad of every world,1
 Before Obito reveals himself in canon,1
 with a love of exposition,1
 not only fluff,1
 but they're close,1
 I Can't Believe I Wrote This,1
 Vampires,1
 alternate history to canon,1
Soul Bond,1
 Anko is a good (if violent) big sister,1
 Harems,1
 Kakashi's Bad Decisions,1
 and Canon Character Death too i suppose,1
 Uchiha brother bonding,1
 My first (posted) SIN fic,1
 Gentically-modified Soldier!Naruto,1
 Drug Dealing,1
 And yet somehow fluff still works its way in argh,1
 I'm honestly sort of sorry,1
 Naruto learning to be on his own,1
Alternate Universe - High School,1
 Explosives,1
 All that being said this is actually a little fluffy,1
 Imprisonment,1
 Crushes,1
 Naruto is silly,1
 Sasuke/Naruto/Sasuke,1
 Handwavey Ninja Science,1
 Mad Science,1
 Witches,1
 Light Romance,1
 Alternate Universe - Slavery,1
 Crack Crossover,1
 Bodyguard,1
 Kink Bingo 2013,1
College AU,1
 Konoha is insane,1
 Ninja Politics,1
 Verbal Abuse,1
 Get Together,1
 this fic has it all,1
Female Naruto,1
bondword,1
 Sequel Type Thing,1
 Sasuke's Obvious and Ongoing Trauma,1
 Multiple Orgasms,1
 only canon levels though,1
 Minor Character(s),1
 except for the bad guys,1
 Road to ninja crossover,1
 Long-Term Relationship(s),1
 oh god so many internal monologues,1
 Canonically Accurate OP Team 7,1
 Princess Mononoke Fusion,1
 Furry,1
 Comedy,1
 dangerously obsessive!Naruto,1
 omega kiba,1
 Character Development,1
 Fujoshi Sakura,1
 Sex Toys,1
Reunions,1
 Puberty,1
 totally ruthless!Sasuke,1
 Mistaken Identity,1
 Pining Sasuke,1
 Genderfluid Gokudera,1
 Old and Married,1
 temporary genderswap,1
 Tsukimi is not prepared for anything,1
 These bbs break my heart,1
 Chunin Exams,1
 Slight feminization,1
 sexy!Sasuke,1
 it's pretty much all fluff,1
 Lots of that too,1
 Own Character,1
 Shinobi,1
 Strength Kink,1
 Alternate Universe - Gender Changes,1
 plot what plot?,1
 Needle Injections,1
 Which is actually not weird in the shinobi world,1
 Team,1
 Minato making (inaccurate) presumptions,1
 Kinda AU,1
 kind of,1
 Teambuilding,1
 Fake Character Death,1
 VERY DISTURBING CONTENT,1
Natsu Nami Collection,1
 Souls,1
 There is drinking,1
 Third Shinobi War,1
 Alternate Universe - Supernatural Elements,1
Psychic Bond,1
 Whump,1
 One-Sided Attraction,1
 Collars,1
 Kakashi's having fun,1
 Everybody Died,1
 And violence,1
 what do you expect,1
 Jashinist Sakura,1
Humour,1
 Memetic Badass Hinata,1
KakaNaru - Freeform,1
 Trans Character,1
 Poor Minato,1
 He Calls it Hallowland,1
 Photography,1
 based on The Empress of China drama,1
Gen Fic,1
 Secrets,1
 Slowmance,1
 ANBU!Naruto,1
 NSFW chapters clearly marked,1
 d/s verse,1
 Kakashi is confused but trying,1
 interpersonal relationships,1
 Anbu Hatake Kakashi,1
 Kagami is Kyouko,1
 Badass Chibis,1
 Mom!Orochimaru,1
 but it's all her fault anyway,1
 lots of plotting,1
Rape/Non-con Elements,1
 One-Sided Relationship,1
 Jiraiya POV,1
 Also kind of,1
 Obito is an angsty badass,1
Alternate Universe - Supernatural,1
 Poor Obito,1
 Tumblr Prompt,1
Unresolved Sexual Tension,1
 Goopy Boyfriends,1
 Wolf Pack,1
OT3,1
 Kakashi is Lambo,1
 Undercover Missions,1
Slice of Life,1
 Genderswap,1
 schemes,1
 Bloodthirsty Little Ankle-Biters,1
 Cross-Post,1
 probably deserved,1
 top!Sasuke,1
POV Outsider,1
 Team Bonding,1
 sick!Naruto,1
 BAMF Genma,1
 Spies & Secret Agents,1
 no one is nice,1
 Alternate Universe - Everyone Lives/Nobody Dies,1
 Illnesses,1
Post-Series,1
 but only as TYL!I-Pin,1
 Implied or Off-stage Rape/Non-con,1
 Tobirama this is not how you self-preservation,1
 Seme!Naruto,1
 Paparazzi,1
 Drunk sexual stuff,1
 Pre-Canon,1
 slooooooow build,1
 Almost Erringly Slow Plot Progression,1
 love beyond death,1
 Organized Crime,1
 Future Fic,1
 Dom/sub Undertones,1
 Small pov change in epilogue,1
universe jumping,1
 watching the series,1
 Wizard Rhaegar Targaryen,1
Alternate Universe - College/University,1
 'real-life' relationship issues,1
 Animation,1
 Inspired by Fanfiction,1
 Jiraiya owns a cafe,1
 Introspection,1
 Oops Orochimaru isn't a raging asshole,1
 Pairing Decided But Hidden For Now,1
 And A Self Insert,1
 Unrepentant Fluff,1
 Itachi is a meddlesome brother,1
 That there could ever be,1
 NaruSasu - Freeform,1
 sex during drug use,1
 minor cheating,1
 Power Imbalance,1
 PA!Iruka,1
 it's Naruto,1
 Original Character(s),1
Exhibitionism,1
 In Which Harry is Cheshire,1
 ish?,1
 slowest of slow burns,1
 BAMF Minato,1
 Masks,1
 BAMF!Genma,1
 I might delete this 10 min after posting,1
 Aggressive Pining,1
 Holy Fucking Shit,1
 Non-Linear Narrative,1
 even when she's dead,1
i promise this story has a driving plot,1
 Community: kink_bingo,1
 Xanxus makes the best and worst five year old child ever,1
 council goes too far,1
 embarrassing parents,1
 Explosions,1
Harem,1
 A Slow Build Relationship,1
 Sakumo needs to stop being charming,1
 Also all the characters wear spectacular chinese outfits,1
 Minor Canonical Character(s),1
 Maybe too realistic,1
 OP Harry Potter,1
 Uchiha Brothers-centric,1
 Poisoning,1
 (Joking) Marriage Proposals,1
 Boys Are Dumb,1
 Prostate Massage,1
 Regret,1
 i think this actually qualifies as a romance,1
 Post-ch.636,1
 Fights,1
 Anxiety Attacks,1
Character Death Fix,1
Mild Hurt/Comfort,1
 Body Dysphoria,1
 Gooey Thoughts,1
Murder Mystery,1
 No major character deaths,1
 Peggy Sue,1
 troll!Lambo,1
 Self-Image,1
Sakura is a BAMF,1
 BAMF everyone,1
 Seal Master Naruto,1
Mating Cycles/In Heat,1
 conversion therapy,1
 Equally Violent Sakura,1
 Facials,1
 briefly,1
 not a comedy,1
 Demons,1
 Maverick!Kakashi,1
 Kakashi's Nindo,1
 SPOILERS MANGA CHAPTER 693,1
 how to spot a naruto story by me,1
 that's it that's the fic,1
 like i ever write anything else,1
 Gratuitous Fluff Story (Not Really Meant to Be Taken Seriously),1
 Reverse by Blackkat,1
Blow Jobs,1
 Kid Sakura,1
Accidental Marriage,1
It's okay to bring a gun to a knife fight,1
 Curbstomp Battles,1
Creeper Sasuke,1
 i love that that's a tag,1
 because i'm trash,1
 Please Don't Hate Me,1
 Disregards chapter 700,1
 Adult Content,1
 Teacher-Student Relationship,1
 Might feel like dubcon to some?,1
 UCHIHACEST - DON'T LIKE DON'T READ,1
 Memory Related,1
 Shota,1
 Some angst,1
 Mystery,1
 Ancient Egyptian Deities,1
 They just have a very intense relationship,1
 Dirty Dancing,1
" Emphasis on ""wars""",1
 Fingerfucking,1
 Kakashi POV,1
 Platonic Soul Bonds,1
 OT3,1
 But Itachi still exists,1
 Immortality,1
 BAMF Naruto,1
 Inappropriate Humor,1
Post War,1
 Sexual Dysfunction,1
 Bad Pick-Up Lines,1
 Time Skips,1
 or if bloodplay or cumplay bother you,1
 Naruto is Just Naruto,1
 incest MinaNaru,1
 Tags May Change,1
 Science Experiments,1
 Serial Killers,1
 Harry Needs a Hug,1
 Male Homosexuality,1
 But Especially Rin,1
 non-sexual voyeurism,1
 original cat character,1
 Naruto is becoming damned scary,1
 cat transformation,1
Teambuilding,1
 Konoha ninja are probably confused,1
 Sibling Love,1
" Typical teenage ""head up their ass"" angst",1
 this story contains no actual romance,1
 Homophobia,1
 to an extent?,1
 First Meetings,1
 Flames aren't Chakra,1
 Non-Graphic Rape/Non-Con,1
 Between Canon,1
 Restraints,1
 Anko is I-Pin,1
 so is everyone else though,1
 hipster Pein,1
 but only as TYL!Lambo,1
 Lord and king! Naruto,1
 Various Jinchuuriki,1
 First Time Bottoming,1
 Fake/Pretend Relationship,1
Romantic Comedy,1
 No character bashing,1
 Flirting,1
 Kurama adopts all the things,1
Assorted Characters - Freeform,1
 Feels,1
 Rape/Non-con Elements,1
 leans towards split personality,1
 Blindness,1
 BetaNeji,1
 even if they're assholes,1
 Seals Master!Iruka,1
 Summoning,1
 Handcuffs,1
 fox demon!Naruto,1
 Community: hc_bingo,1
 POV Outsider,1
 Uke!Minato,1
 Comedy Akatsuki Club,1
 Hormones Messing With People's Brains,1
 girl!Naruto,1
 Trying to keep it realistic,1
Alternate Universe - Reincarnation,1
 Kushina-centric,1
 Reawakened passions,1
 Homophobic Language,1
 Possessive Behavior,1
 AKA The Worst Four Months of Minato's Life,1
 I don't know,1
 Awkward Crush,1
 kid Naruto,1
 One Shot,1
 Tobirama is Tsuna,1
 Doing Super Villainy Stuff,1
 DoS spinoff,1
 Villainy,1
 Community: naruto_meme,1
Silly,1
 Improper Child-Rearing Methods,1
 Crossovers & Fandom Fusions,1
 This is not how you're supposed to raise children,1
 Some Humor,1
 angst with happy ending,1
Animalistic,1
 Kamui - Freeform,1
 BDSM,1
 Sarcasm,1
 Road Trips,1
 Disney Songs,1
Alternate Universe - Time Travel,1
 please read the tags if you have triggers,1
 vaguely more realistic!shinobi,1
 Dream Meetings,1
 discussion of suicide,1
 Parental Orochimaru,1
 Young Rokudou Mukuro,1
 May Become Multi,1
 Barebacking,1
 Falling In Love,1
 Abuse of italics,1
 Loyalty,1
 Non-Consensual Baby Making,1
 Prank Wars,1
 Reunions,1
 Fox Summons!,1
 Jealousy,1
 Sarutobi is Hana,1
 random guest appearances,1
Soulmate AU,1
 Resurrection,1
 Mangekyou Sharingan,1
Mildly Dubious Consent,1
 Because Secrecy!,1
 Hot make-up sex,1
 Assassins & Hitmen,1
 Sasuke is a huge dork,1
 Other Pack(s),1
 (for now!),1
 Natsu Nami Collection,1
 Asexual Relationship,1
 although i guess in this fic it's basically just trans naruto,1
 Were-Creatures,1
 Gods and Spirits and Naruto Oh My,1
 POV Sasuke,1
 Team 7 As Super Villains,1
 Not Carbon Copies,1
 technically,1
 trans kagami,1
 Genderfluid Touka,1
 Undercover,1
 Wanderlust,1
 Electroconvulsive Shock,1
 Body Image,1
 possibly Gaara will appear,1
 Because Kakashi doesn't abandon his comrades,1
 Teen Romance,1
 Lemon,1
 Drawing,1
 kemomomini,1
Pre-Slash,1
 Faint Traces of Angst,1
 It Sucks,1
 Sakura is only mentioned,1
 Including Sasuke and Itachi,1
 Slave!Itachi,1
 Little bit of angst,1
 AU - alternate universe,1
 Moral Ambiguity,1
 ALL the miscommunications,1
 Tsuna Crossdressing,1
 Discrimination,1
 Fanart,1
time-travel,1
 Sexual slaves,1
 seriously no one has any chill,1
 Discussions of Sociopathy,1
 Fluid Sexuality,1
 Cock Piercing,1
 Sky Harry Potter,1
 AU - Modern Setting,1
 Chapter 700 Coda,1
 Dom/sub,1
 Waiters & Waitresses,1
A lot of other characters - Freeform,1
