 Anal Sex,49
 Fluff,45
 Rimming,40
 Angst,31
 Smut,27
 Blow Jobs,27
Alternate Universe,26
 Alternate Universe,26
 Pining,25
 Friends to Lovers,23
 Spanking,22
 Anal Fingering,21
 Bottom Louis,21
 Daddy Kink,19
 First Time,18
 Dirty Talk,17
 Masturbation,15
 Hurt/Comfort,13
 Alternate Universe - College/University,13
 Bottom Harry,13
Alternate Universe - College/University,13
,12
 Coming Out,12
 Top Harry,12
Alternate Universe - High School,11
 Oral Sex,11
Alpha/Beta/Omega Dynamics,11
 Hand Jobs,11
 Frottage,10
 Barebacking,10
Fluff,10
 Top Louis,10
 Romance,10
 Fluff and Angst,9
 Fluff and Smut,9
 Overstimulation,9
 Recreational Drug Use,8
 Homophobia,8
Explicit Sexual Content,8
 AU,8
 Knotting,7
 Multiple Orgasms,7
 Omega Louis,7
 Dubious Consent,7
 Riding,7
 Mpreg,7
 bottom!Louis,6
 Age Difference,6
Fake/Pretend Relationship,6
 Fingering,6
 Alpha Harry,6
 Sex Toys,6
 Alpha/Omega,6
 Phone Sex,6
 Rough Sex,6
 Comeplay,6
 Happy Ending,5
 Sexual Tension,5
 Size Difference,5
 Fake/Pretend Relationship,5
 Secret Relationship,5
 Canon Compliant,5
 Alpha/Beta/Omega Dynamics,5
 Top!Harry,5
 Subspace,5
 Nipple Play,5
 Jealousy,5
 Voyeurism,5
AU,5
 Cuddling & Snuggling,5
 alpha!Harry,5
 Love/Hate,5
 Feminization,5
 Lactation Kink,5
 Dom/sub,5
 Mildly Dubious Consent,4
 Light Dom/sub,4
 Mating Cycles/In Heat,4
 Making Out,4
 Exhibitionism,4
 Pregnancy Kink,4
 Shower Sex,4
 Established Relationship,4
Canon Compliant,4
 Male Lactation,4
 Panic Attacks,4
 Kink Discovery,4
 Dom Harry,4
 Felching,4
 Bullying,4
 Crossdressing,4
 Friends With Benefits,4
Angst,4
 Face-Fucking,4
 Light Bondage,4
 Alcohol,4
 Kissing,4
 Teasing,4
 Strangers to Lovers,4
 Sub Louis,4
 omega!Louis,4
 Alternate Universe - High School,4
 Football Player Louis,4
 First Kiss,4
 Post-Traumatic Stress Disorder - PTSD,4
 Amnesia,4
 Schmoop,4
 Flirting,4
 Arranged Marriage,3
 Polyamory,3
 Explicit Language,3
 Internalized Homophobia,3
 Coming Untouched,3
 Underage Drinking,3
 Protective Louis,3
 Kidnapping,3
 Blowjobs,3
 Drama Student Louis,3
 Swearing,3
 Slow Burn,3
 Butt Plugs,3
 Unresolved Sexual Tension,3
 Lingerie,3
 Laughter,3
 thigh fucking,3
 Childhood Friends,3
 Kinda,3
 Curtain Fic,3
 Alternate Universe - Royalty,3
 Semi-Public Sex,3
 Alpha Liam,3
 Humiliation,3
 Daddy Harry,3
 Loss of Virginity,3
 Non-Famous Louis,3
 Rich Harry,3
 Banter,3
 Famous Harry,3
 Soulmates,3
 Teacher Louis,3
 handjobs,3
 Flashbacks,3
 Plot What Plot/Porn Without Plot,3
 Closeted Character,3
 Rutting,3
 Unsafe Sex,3
 Kink Negotiation,3
 Hate to Love,3
 larry stylinson - Freeform,3
 Threesome - M/M/M,3
 Facials,3
 Orgasm Delay/Denial,3
 Where We Are Tour,3
 Implied Mpreg,3
 Fingerfucking,3
 Orgasm Denial,3
 Louis-centric,3
 Emotional/Psychological Abuse,3
 Grinding,3
Pining,3
 Pregnant Louis,3
 Soul Bond,3
 Bottom!Harry,3
 Sugar Daddy Zayn,2
 Snogging,2
 boys being dicks because they're hurt,2
 Is that a thing,2
 Infantilism,2
 Bondage,2
 Sad Louis,2
 Animal Death,2
 Shameless Smut,2
 Enemies to Friends to Lovers,2
Anal Sex,2
 Dom Zayn,2
 Sugar Daddy Harry,2
 canon AU,2
 Light BDSM,2
 Past Relationship(s),2
 Non-Graphic Violence,2
 Omega Niall,2
 Child Abuse,2
 Seduction,2
 Sibling Incest,2
 Stalking,2
 Emotional Hurt/Comfort,2
 natural birth,2
 Insecure Louis,2
 fashion - Freeform,2
 bromance to the max,2
 YouTube,2
 Poor Louis,2
 Future Fic,2
 Foursome - M/M/M/M,2
 Self-Harm,2
 Frat Boy Harry,2
 Awkward Boners,2
 Orgy,2
 Age Play,2
 Possessive Behavior,2
 boys making poor language choices,2
 Coming In Pants,2
 Kid Fic,2
 Student Harry,2
 closeting,2
 Massage,2
 Secret Admirer,2
 Tattoos,2
 Anxiety,2
 Alpha Zayn,2
 Punk Louis,2
 Ass to Mouth,2
 Stockholm Syndrome,2
 Blood Drinking,2
 Love,2
 Mirror Sex,2
 daddy!harry,2
 OT5 Friendship,2
 Angst and Fluff and Smut,2
 Underage Harry,2
Alternate Universe - Fraternity,2
 Kink Exploration,2
 Virgin Harry,2
 Explicit Sexual Content,2
 Mutual Masturbation,2
 Punk!Louis,2
 American AU,2
 Mentions of past drug use,2
 Laughter during Sex,2
 Manhandling,2
 Body Worship,2
 Alternate Reality,2
 Crying,2
 Diapers,2
 Hate Sex,2
First Time,2
 Fraternities & Sororities,2
 Alcohol Abuse/Alcoholism,2
 Mpreg Louis,2
 x factor era,2
 Medical Inaccuracies,2
 Daddy Zayn,2
 Original Character(s),2
 Incest,2
 Virgin Louis,2
Future Fic,2
 Virginity Kink,2
 Enemies to Lovers,2
Kid Fic,2
Alternate Universe - Soulmates,2
 Boys Kissing,2
Rimming,2
 so much sex,2
 Additional Warnings In Author's Note,2
 Sexual Content,2
 Alternate Universe - Football,2
 Louis is loud,2
 sort of,2
 Edging,2
 Daddy Liam,2
 Alpha!liam,2
Marriage Proposal,2
 Sharing Clothes,2
 lots of fluff,2
 Punishment,2
 blowjob,2
Famous Harry,2
 Pet Names,2
Knotting,2
 Angst with a Happy Ending,2
 Threesome,2
 ziam,2
 Christmas Fluff,2
 sorry bout that,2
 face fucking,2
 Pregnancy,2
 Sleepy Cuddles,2
 Size Kink,2
 Alternate Universe - Fraternity,2
 Double Penetration,2
 Polygamy,2
 PWP,2
 famous!harry,2
 Humor,2
 Vibrators,2
 Wall Sex,2
 Drugs,2
 The X Factor Era,2
 Drunken Confessions,2
 One Shot,2
 Panty Kink,2
 Christmas,2
 as well as too many peter pan references,1
 we didn't mean for it to go this far,1
 Big Cocks,1
 Spring Fling,1
 Canon Gay Relationship,1
 and a piano,1
 Trigger Warning: past rape/abuse,1
 Teenagers making some poor language choices,1
 Ageplay,1
 theres a lot of mutual teasing going on,1
Bodyswap,1
 The X Factor Bungalow,1
 Step-Brothers,1
 Past Alcohol Abuse/Alcoholism,1
 Louis wearing Harry's clothes basically,1
 that sounds so fucked up,1
 so ya,1
 Nonsexual Ageplay,1
 nightmares!,1
 Blindfolds,1
 Golf,1
 Ordinary Louis,1
 all the good stuff genuinely,1
 there's no angst,1
 THERE'S ALOT OKAY BUT I THINK THOSE ARE THE MAIN ONES,1
 Kidfic,1
 Translation Available,1
 how did that happen,1
 Alternate Universe - Mermaids,1
 Anal Play,1
 Growing Up,1
 a stupid number of pet names,1
 Ass Play,1
 Tooth Rotting Fluff,1
 this is a piece of shit,1
 maybe 19 i cant remember,1
 Alternate Universe - Yoga,1
 Take Me Home Tour,1
 is lusting over your teacher pining,1
 thigh kink,1
 Psychological Drama,1
 although he's not very good at it,1
 Louis obsession,1
 Feminine Louis,1
 arguing/fighting,1
 Touch-Starved,1
 way better than haylor no??,1
 Morning Wood,1
 Sexual Assault,1
Football Player Louis,1
 Ancient Louis,1
Bachelor AU,1
 begrudgingly falling in love,1
 Mental Health Issues,1
 Olympics,1
 Finger Sucking,1
 basically they're cute as fuck even when they aren't actually together,1
 Aromantic Character,1
 i mean for two seconds there's hate,1
 Begging,1
 Princes & Princesses,1
 football Liam,1
 18yrold!Harry,1
 Violent Sex,1
 idk if that counts as subspace or if dick was just too bomb,1
 Object Insertion,1
 Caught in the Act,1
 lots of parties and stuff cause frat,1
 i mean i wrote it so of course it would be angsty i dont know how not to write angst but still,1
 Alternate Universe - Magic,1
 dom!Louis/sub!Harry,1
 bunny love,1
 Feminine Harry,1
 Omega Harry,1
 Vampire Sex,1
 len is real,1
 Sexism,1
 But not the typical frat boy,1
 december 2010,1
 Cock Rings,1
 ew Dan Wooten,1
 basically 30 year old louis is everybody's daddy,1
 Implications of bondage and pain kink,1
 69 (Sex Position),1
 BDSM,1
 Louis turns small one day,1
 they kind of share that really,1
 I'm gonna have to tag this as i write it because i'm doing daily updates,1
so basically louis has two kids and harry falls in love with all three of them,1
 Sports Fic,1
 Some bullying,1
 there's lots of fluff too and some angst,1
 Barely Legal,1
 kneecapping,1
 management,1
 Please don't let that turn you off from reading,1
 Family,1
 liam's a worrywart but understandably so,1
 Narry - Freeform,1
 violence (kinda?),1
 Getting to Know Each Other,1
 Bathroom Sex,1
 Who knows what Harry does? Probably something very secret,1
 collaring,1
 but the plot is adorable too???,1
 blind!louis,1
 Panty Gagging,1
 Vaginal Fingering,1
 I promise!!,1
 (I feel like that's an ambiguous tag but to clarify there are no horses in this fic sadly),1
 mention of schizophrenia,1
 Questioning,1
 a teeny bit of 'i'm in love with someone i paid for sex' angst,1
 harry is a popstar,1
 thats it thats the fic,1
 Graphic Scenes,1
 Scars,1
 Innocent Harry,1
 or if you're unsure if it'll trigger you message me on tumblr,1
 kind of at least,1
 there are so many side pairings it is ridic,1
 lots of i love yous i'm so gross,1
Domestic Violence,1
 niall and liam take the piss out of them,1
a Dangerous Liaisons/Cruel Intentions AU (sort of),1
 Lanvin,1
 small town,1
 Drunk Dialing,1
 It is now,1
 I Don't Even Know,1
 as in Louis and Harry fake a relationship for publicity,1
Pirate AU,1
 im gonna tag it anyways,1
Fingering,1
 they've made a lot of mistakes but it'll be alright,1
 use of a transphobic slur,1
 and harry finds him,1
Infidelity,1
Humor,1
 Niall is Harry's beard,1
 Stuttering,1
 Harry is the prince that saves the day,1
 Dystopian World,1
 but it all ends in panties don't worry,1
 mentions of eating disorders,1
 also never forget that i am lame and the ending is lame,1
 Fivesome,1
 Anal Beads,1
 louis is a dj,1
 also this will eventually have smut,1
 Alternate Universe - Showbusiness,1
 Wet Dream,1
Ugh,1
 Discussion of self harm,1
 Cissexism,1
Orgasm Delay/Denial,1
 Alternate Universe - Fashion & Models,1
 Dirty Talking Harry,1
 D/s,1
 bc i do what i want,1
 they still get along just fine,1
 Minor Liam Payne/Danielle Peazer,1
 dont worry there's no cheating or anything remotely similar :),1
 Power Bottom Louis,1
 boys being dicks to each other,1
 19-Year-Old Harry,1
 Super cliche and kinda fluffy,1
 boys are silly about their feelings,1
 fannish stuff,1
 that's pretty much it um,1
 Mating Bites,1
 heat - Freeform,1
 which will result in angry hate sex,1
 read it for Louis' internal commentary,1
 I think that's pretty much it,1
 Oh and Also,1
 so is Jaymi,1
Friends to Lovers,1
 Louis in a coma,1
 Alternate Universe - BDSM,1
 Golfer!Harry,1
 some kind of bloodplay bc vampires,1
 Slight Pain Kink,1
 But it is not explicitly shown ever,1
 its not i promise,1
 as with all of my fics they bang within six seconds of interaction,1
 Infidelity,1
 Possible Mpreg,1
 niall and liam don't get to make an appearance,1
 i just realized zayn is mentioned like once i'm so sorry,1
 Tickling,1
 harry spanks himself with a wooden spoon,1
 bottom!both,1
 harry washing a car in jorts,1
 Enemies to Friends,1
 writer!harry,1
 Beta!Niall,1
 I hope you guys like this,1
 Come Eating,1
 Reunion Sex,1
 Budding friendships!,1
 Self Harm,1
 its not detailed so if youre not into gore dont worry,1
 Online Dating,1
 matching tattoos,1
 Liam Payne & Harry Styles Friendship,1
 Protectiveness,1
 Tommo Tummy,1
 Rich Zayn,1
 Mpreg Niall,1
 and unrequited,1
 Implied Louis/Selena,1
 i got 99 problems,1
 the ending is so cheesy lmao harry and louis fuck me up,1
 no major injury don't worry,1
bottom!Louis,1
 Omega/Omega,1
 Multiple Pregnancies,1
 how,1
 Fireworks,1
 Abuse,1
 Ableism,1
 it feels like yesterday,1
 Public Sex,1
 and that's it,1
 Practice Kissing,1
 Highschool AU,1
 i cant believe its been two years and i never tagged that,1
 Psychological Warfare,1
 Instagram hipster Harry,1
 but not really idk,1
 Homeless Louis,1
 but not really because he takes control seriously,1
 Age Regression/De-Aging,1
 louis wants to bang him a lot,1
 and certainly more general badassery than could ever be necessary,1
 beatings,1
 Daddy Louis,1
 not the prostate kind sorry,1
 NOT amnesia,1
17/22,1
 Office Sex,1
Alternate Universe - Prostitution,1
 some emotional abuse tw,1
 louis doesn't know what to do with this information,1
 ALL THE GOOD STUFF,1
 Threats of Rape/Non-Con,1
 narry bromance stuff whooo,1
 Isolation,1
 primary school teacher harry,1
 harry and louis are terrible liars,1
 Thanksgiving Dinner,1
 Gentle Dom Harry,1
 Bows & Arrows,1
 rough,1
 thats p much it,1
 like George/ Jesy,1
 Some D/s elements,1
OKAY SO HERE WE ARE,1
 Toll Harry,1
 idk man this is entirely self indulgent,1
 minor nouis,1
 Zayn Malik & Louis Tomlinson Friendship,1
 THIS HAS A HAPPY ENDING I PROMISE!!!!!!,1
 Her name is Lou-Bell,1
 Also unnegotiated subspace !,1
 sex with assumed identity,1
 gratuitous use of the word fuck,1
 louis really wants to fuck harry hard,1
 R&B star Zayn,1
 Drinking,1
 Louis is a spy who does badass spy things,1
 The WUO,1
 Het is mentioned,1
 Niall Centric too,1
 Innocent Louis,1
 for once no angst (who'd have thought I could manage that),1
Groundhog Day AU,1
 kind of,1
 these are the important tags im really lazy sorry,1
 Top Zayn,1
 slight mentions of homophobia typical in sports environments,1
 Reverse Cowgirl,1
 Tumblr,1
Neighbor au,1
 Fucking Machines,1
 i forgot that,1
 Sort of at least,1
 coincidences that would never happen in real life,1
 i'm going to try to include everything in the tags but i'm sorry if i miss something,1
 with lots of sex along the way of course,1
 Long Hair,1
 copious usage of the word fuck,1
 Niall and George are receptionists,1
 Nightmares,1
 Survivor AU,1
Smut,1
 Dildos,1
 Young Vampire Harry,1
Love/Hate,1
 Cock Cages,1
 i just can't without the angst,1
 Demisexuality,1
 harry and louis actually COMMUNICATE their FEELINGS,1
 Feelings,1
 but i also promise it's all ok in the end,1
 basically i saw a punk edit and decided to make him punk for no reason,1
 Fever Dreams,1
 (Side note that was not even a known tag for ao3 how sad),1
 boys making very poor life choices,1
 (sort of),1
 Louis is a sassy bitch,1
Internalized Homophobia,1
 Choking,1
 totally forgot to add HAIR PULLING KINK,1
 cult psychology,1
 Soul-Mate Sorta,1
 Nerd Harry,1
 Bets & Wagers,1
 Reality TV AU,1
 fertility treatments,1
 and it's only one-sided,1
 long plot,1
 ziam/zerrie as a weird love triangle that should be explored more but it's h/l's story here,1
 Anal Fisting,1
 Domestic Larry,1
 Infertility,1
 Mutual Pining,1
 emotional truama,1
 Breeding Kink,1
 mermaid au,1
 The side pairings are very very minor,1
 what can i say,1
 VERY PROGRESSIVE LOVE,1
 a little bit of unintentional fluff,1
 In Vino Veritas,1
 does it show?,1
 Lilo (friendship),1
 Pirate Louis,1
Mating Cycles/In Heat,1
 so kind of like abo but different,1
 All abuse is bad,1
 DJ louis,1
 harry cries a bit,1
 Revenge,1
 this may be longer but there's still not really a plot haha,1
 Alternate Universe - Swimming,1
 Sugar Baby Louis,1
 Gamer!Louis,1
 Chaptered,1
 Niam and Zerrie are mentioned in passing,1
 That's it,1
 Regular!Louis,1
 a lot of moaning and harry being desperate,1
 harry is 17,1
 Drinking Games,1
 forced age play,1
 like really a ridiculous amount of phone sex,1
 Confessions,1
 pray-the-gay-away camp,1
 Fanmix available,1
 older!harry,1
 harry is jimmy fallon,1
" ""beta"" louis",1
 but its not even true for this fic,1
 time travel is amazing,1
Niall is there too but only for a brief moment,1
 not physically,1
 Nesting,1
 ben winston is a babe,1
 so be warned there is angst and not too little of it,1
 Protective Zayn,1
 rich bitches,1
 lots of dirty talk actually fml,1
 that's all,1
 I don't know,1
are you ready for the cliche careers?,1
 Louis is an actor,1
 Happy halloween,1
 secrets and lies,1
 Niam - Freeform,1
 alcohol use,1
 Dom Liam,1
 Stanley has the hots for Lou,1
 Broken Promises,1
 just a mention of weed really,1
Alternate Universe - Time Travel,1
Jealousy,1
 Oh wait,1
 Niall Horan/Louis Tomlinson - Freeform,1
 Possessive!Harry,1
 Louis and Niall are flatmates,1
 Male Slash,1
 Undercover,1
 machetes,1
 some possessiveness,1
 oh!,1
 also really fluffy,1
 nappies,1
 not technically underage in the UK but Harry is 17,1
 after half a year i felt compelled to add a tag saying that this isn't a/b/o,1
 Long Distance Relationship,1
 More angst,1
 SNAKE HABITAT TURN AROUND,1
 Weed,1
 age gap,1
 References to Torture,1
 lots of emotions,1
 Sugar Baby Niall,1
 a lot of it,1
 Praise Kink,1
 First Love,1
 all abuse is horrible and disgusting,1
 how could i forget - Freeform,1
 Sirens!au,1
 Kitchen Sex,1
Early Mornings,1
 Children,1
 the dying happens pre story too,1
 Vietnam War,1
Craigslist,1
 ie: Louis has a vagina,1
 self-harming behaviors,1
 Mentions of drugs,1
 why is it so long,1
 Baby Louis,1
 British Fashion Awards,1
 THAT IS AN ACTUAL TAG I CANT BELIEVE,1
 seriously so much fluff,1
 Also there is ~alluded to recreational drug use,1
 Heterosexual Sex,1
 DAILY MENTAL ANGUISH,1
 i think i'm a lot funnier then I am,1
 Aftermath of Violence,1
 shameless louis analysis,1
 louis is recovering,1
 major angst coming,1
 louis isn't really that magical he's basically a normal guy trying to set harry up,1
 Alternate Universe - Hockey,1
this is the cupid fic,1
 Actual note from my beta-,1
 i'm calder trash so there's a bit of eleanor,1
 Best Friends,1
Alternate Universe - Coffee Shops & Cafs,1
 technical slavery?,1
 but then it's happy because they fall in love all over again,1
Asexual Character,1
 Marriage Proposal,1
 yes of course there's sex in it you know me by now,1
 yikes!!!,1
 Confinement?,1
 and a weird section where they talk about tom hardy a lot,1
 Period-Typical Homophobia,1
 Mentions of alcohol,1
 zarry - Freeform,1
 i'm going to sleep for a month after this,1
additional tags,1
 Embarrassment,1
 TERRIBLE SMUT,1
 ok from this point on in the tags its all spoilers,1
Demon!Zayn,1
 Sex Tapes,1
 Emergency Medical Technicians,1
 I've got no idea what I'm even saying anymore,1
 Home Invasion,1
 Liam is the Wade to Louis' Kim Possible,1
 the Swifts are a clan of hunters because i'm pathetic,1
 LGBTQ Themes,1
 Seriously guys,1
 HP Nostalgia,1
 protective,1
 Same-Sex Marriage,1
 Domestic Fluff,1
 a baby dies,1
 harry says please a lot,1
 Porn with Feelings,1
 Circle Jerk,1
 and kid fluff oh god the kid fluff,1
Pizza,1
 tiny bit of spanking,1
 Americanized I guess,1
Sugar Baby Louis,1
 Sexting,1
 zayn is mentioned but not really in it,1
 physical abuse in chapter 16,1
 also a bit of alcohol abuse,1
 Anal Gaping,1
 i don't have much more 2 add than that tbh,1
 Implied/Referenced Suicide,1
 talk about age gap,1
 and Louis is not,1
 Werewolf Harry,1
 Racism,1
 Emotions,1
 im sad now,1
 because Louis has a foul mouth,1
 Drug Use,1
 Ed Sheeran - Freeform,1
 Possessiveness,1
 Alternate Universe - Magical Realism,1
 zayn and niall just laugh a lot,1
Dom/sub,1
 Top Model AU to be exact,1
 no i won't i'll just cry,1
 a lot of drinking actually,1
 Alaska,1
 So much fluff I feel a little embarrassed to be honest,1
 adhd!Louis,1
 Slight feminization,1
Celebrity!AU,1
 Football Coach Louis,1
 Zayn seduces people for intel,1
 Horny!Harry,1
 Up All Night Tour,1
 the other boys aren't in it as much,1
 Piercings,1
brief mentions of various youtubers,1
 Eventual Smut,1
 ok so lots of smut tags,1
 some parts are kind of fluffy,1
 Niall and Celeste are the couple of all couples,1
 let them work for it a bit,1
 Drunk Harry,1
 Alternate Universe - Cults,1
 Ableist Language,1
 2012 Summer Olympics,1
 Watersports,1
vampire!AU,1
 look theres an unbelievable lack of racial/class/religious exploration in this fandom,1
 That's it for tags,1
 University AU,1
 Blood,1
 mentions of recreational drinking,1
 the third chapter is pure smut,1
 Minor Self Harm,1
 dub-con,1
 Past Slavery,1
 louis and harry wear annes clothes,1
 Eating Disorders,1
 harry also teaches yoga and sexually frustrates louis because tight leggings,1
 what's the point in all the happiness and fluff and schmoo,1
 Mental Illness,1
 Bubble Bath,1
Fluff and Angst,1
 harry is adorable,1
Hair Salon AU,1
 lots of pining,1
 Insecure Liam,1
 Louis Has Red Hair,1
 Craigslist,1
 not enough biscuits,1
 societal struggles,1
 do vampires even come,1
 Mentions of Harry/Taylor,1
 pretend not to be dating,1
 Cunnilingus,1
 kind of...because harry is filming it so i guess?,1
Daddy Kink,1
 Physical Abuse,1
 sex in chapter 18 ithink,1
 Religious Guilt,1
 Mating Bond,1
 Alternate Universe - Soulmates,1
 it's daddy month yay,1
 Oral,1
 Burberry,1
 mentions of religion and god,1
 Past Eleanor Calder/Louis Tomlinson,1
 Developing Relationship,1
 but only because it's being filmed in black and white ok this is a very common thing in film,1
 Mummy Niall,1
Famous!Louis,1
 Submissive Louis,1
 Racing,1
 And a short roadtrip,1
 look i'm not saying comeplay but there's come and there's play,1
 Hitchhiking,1
 Alpha Louis,1
 Light Angst,1
 liam is a protective mother hen,1
 like complete and total virgin louis,1
 Baby Harry,1
larry stylinson - Freeform,1
 Oblivious Harry,1
 Accidental Bonding,1
 Demisexual Character,1
 im so sorry,1
 and Zayn is Black Widow,1
 roast potato appreciation,1
 Personal Trainer!Harry,1
 CEO Louis,1
 Angst coming,1
 snl,1
 Baby Niall,1
alternative universe,1
 Insane Amounts of Fluff,1
cats again,1
 Wetting,1
 wait....,1
 Implied subspace,1
 zayn the art student,1
 basically harry is the victim of a very bad guy and louis takes care of him forever,1
 Werewolf Liam,1
Drunkenness,1
 All that stuff,1
 The Sex Is Very Platonic,1
 there'll be a bit of angst too,1
 Foul Language,1
 Piano Sex,1
Non AU,1
 Niall is Hawkeye,1
 Biting,1
 and like a thousand improbable escapes and acts of violence,1
 emotions so many,1
 the happiest really,1
 Supernatural AU - Freeform,1
 Breathplay,1
 the whole goddamn shebang,1
 title from:,1
 ok enjoy,1
 Because of course he is,1
 and less awesome,1
 Top Liam,1
 Tiny Louis,1
 I hope everyone has a wonderful New Year's,1
 Minor Character Death,1
 Sharing a Bed,1
 Alpha!zayn,1
 boys being irresponsible,1
 harry is such an idiot,1
Alternate Universe - Olympics,1
 bj,1
 Chad Michael Murray - Freeform,1
 btw i know the lyrics are swapped but idc i do what i want,1
 no abuse in Ziam relationship,1
OT5,1
 louis also has a pet sheep,1
 The rest of the boys are 20 (not that it matters),1
 Birthday Sex,1
 Non-Consensual Somnophilia,1
 Werewolf Zayn,1
 Anal Plug,1
 so much of it like w o w,1
 crazy plot jumps,1
 complete virgin,1
 so kissing obviously,1
 this is a monster of fluff,1
 Mentions of Harry/Nick Grimshaw,1
 Teacher AU,1
 nick the babysitter,1
 Omega Selena,1
 my 2nd fic in a row where harry seduces a figure of authority im trash,1
ABDL,1
 did I mention the happy ending?,1
 LOUIS IN SUSPENDERS FUCK YES,1
 a dash of smut,1
 i mean it's there but yknow,1
 Foursome,1
 Sad Harry,1
 facial,1
 it's more teen wolf-y lol,1
 So I'm not sure this even counts as a fake relationship fic YIKES,1
 Insomnia,1
 eehhh....,1
 top!both,1
 Slight Slow Build,1
 Niall is an expert in blowing things up,1
 the boys don't know what they're doing,1
 Younger Louis,1
 upcoming smut,1
 also sex,1
 toddler!Niall,1
 accompanying Louis to a football award ceremony,1
 Victim Self-Blaming,1
 so much schmoop WHOOPS,1
 Sleeping!Louis,1
 a lot of adventure,1
PWP,1
 what else,1
 breath play,1
 so is Jaymi and Zayn and Perrie,1
 No abuse,1
 please read - the fic's better than the tags I promise,1
 ish,1
 self-inflicted starvation (from having limited food supplies at the beginning of the show),1
Trans!Louis,1
 Soulmate-Identifying Timers,1
Werewolves,1
 Vaginal Sex,1
 Simon Cowell is Nick Fury but without the eyepatch,1
 louis is 16 and harry is 18 i hope that's legal,1
 Gay Sex,1
 like a lot,1
 Foot Fetish,1
 that shit is always worth it!,1
 Reality,1
 how did i forget spanking,1
 everything in this fic is something you've already read by me before,1
 HAPPY ENDING PROMISED,1
 oh well,1
 holiday fic(ish),1
 but there's no daddy kink here sorry,1
 Alternate Universe - Journalism,1
 it doesn't refer to the sex,1
 Red Nose Day,1
 The fake relationship part is like... minor and not huge to the plot,1
 I have no idea what to tag this...,1
 Undercover Missions,1
 zaniam - Freeform,1
 OT5,1
 Niall's a bit clueless but I love him so,1
 a smidgen of angst,1
 Honeymoon,1
 lilo,1
 Grief/Mourning,1
 some dubious consent as a result of that kink discovery/exploration,1
 sugardaddy au,1
 Mentions of past abuse,1
 not much plot tbh just lots of smut,1
 Some exhibitionism,1
 Football | Soccer,1
 Teaching,1
 also if you dont speak even a little bit of urdu i feel bad for you son,1
 Harry is a nice guy whose hair grows super fast,1
 boys making poor life choices,1
 and everyone's a larry shipper,1
Age Play,1
17!Harry/25!Louis,1
 SO HAPPY!,1
 past drama,1
 behold this sixth form tale of Harry being helplessly in love with his step-brother's best friend,1
 a little bit of unimportant Liam/Louis but it's brief,1
 Handcuffs,1
 Liam is Louis' totally not-gay goalkeeper,1
 and a lot of hatred,1
 2011 fic,1
 originally posted on livejournal and tumblr,1
 i'm sorry for hurting my babies i promise it hurt me to do this,1
 Alpha!Edward,1
 Homophobic Language,1
 Nurse!Louis,1
17/19 canon fic??,1
 cross dressing,1
 the dubcon tag is for kissing where Harry is drunk and Louis isn't,1
 yikes this doesn't sound too pleasant does it,1
 Insecurity,1
 Alternate Universe - Bakery,1
 Impregnation Kink,1
 tube au,1
 Random Family Members - Freeform,1
 Hybrid Louis,1
 Sugar Baby Harry,1
 Sappy,1
 And some throwing up because hangovers suck,1
 Loss of Innocence,1
 daddy!niall,1
 sexual orientation slurs,1
 Over stimulation,1
 Hehehe,1
 Breastfeeding,1
 electric shock,1
 is that a tag?,1
 WIP,1
 louis the drama student,1
 she's sassy and cool tho,1
 sorry - Freeform,1
 stupid media,1
 SO MUCH ALCOHOL,1
 Alternate Universe - Radio,1
 Spooning,1
Past Relationship(s),1
 i love it,1
 the second chapter is just a link to where to buy the fic,1
 Alternate Universe - Angels & Demons,1
 NIALL IS THE BIGGEST LARRY SHIPPER OK,1
 Famous Louis,1
 harry body worship!!! ya,1
 ;) ;) ;),1
 i feel bad for making him like this,1
 Alternate Universe - Arranged Marriage,1
 Photojournalist/Reporter,1
 Also some thigh fucking,1
 and Harry and Louis are soulmates because in which universe are they not?,1
 Car Accident,1
 what's it called when someone fuck's someone's butt cheeks,1
 NONE OF THE BOYS DIE,1
 Pornstars,1
 mentions of past zouis,1
 if this isn't tagged enough let me know,1
 Louis Tomlinson Wears Harry Styles's Clothes,1
 Alternate Universe - 1970s,1
 Baby!Louis,1
 thumb sucking,1
 Longtime Relationship,1
 Drama,1
 Minor Zayn Malik/Liam Payne,1
 soo much daddy kink omg i'm sorry,1
 Getting Back Together,1
" Harry's ""Dad"" Shirts",1
aaaaaaalright,1
 disturbing relationship,1
 Tet Campaign,1
 London,1
 sorry @ anyone who competes in the sports i probably mangled,1
 Possessive Behaviour,1
 None of OT5 dies,1
 Assumed Identity,1
 past zayn/louis i guess?,1
 Mental Instability,1
 we don't really know that much about fashion,1
 World War II,1
 mentions of molestation,1
 Torture,1
 (because they kinda share that really),1
 Orgasm Control,1
 but nothing that graphic,1
 Liam is Iron Man,1
 impressive communication skills,1
 harry loves penguins,1
 on the tour bus,1
 the sequel has harry as a WAG,1
 Harry is Captain America,1
 schizophrenic plot,1
 Rich Louis,1
 the ending is so freaking HAPPY,1
 Emotional Abuse,1
 and the whole thing happen over texts which I think it's cool alright,1
 priest son!Liam,1
 also ANGST yes angst this is an angst fest,1
 High School AU,1
they're cats,1
 Boat Sex,1
 insertion kink,1
 High School,1
 there are some blowjobs though,1
Public Sex,1
 harry riding dick for the first time,1
 want you all to be safe!,1
 Slight Vampire Violence,1
 some pain kink,1
 Fugitives,1
 Frotting,1
 side Ziam,1
 HARRY IS PROBLEMATIC AF LISTEN,1
 Harry has super sensitive scalp and likes the way Louis washes his hair,1
" some may argue that ""a bit of angst"" is an understatement",1
" the word ""daddy"" is said way too much in this fic",1
 please give it a shot?,1
 Tennis,1
 Minor Violence,1
 Corruption,1
 Louis really likes cute things,1
 Self Orgasm Delay,1
 harry is slutty,1
Angry Sex,1
 Cuddling,1
 i'm gonna call it hot-dogging,1
 but more of like bigbrother!Niall,1
 Outing,1
 Slut Shaming,1
 Families of Choice,1
 Bad Boy Harry,1
 Zayn/ Liam,1
 harry is the nicest least competitive racer in the sport,1
 Alternate Universe - Sports,1
 friend drama,1
 University Student Harry,1
 AU where you're either born a dom or a sub,1
 Beta ed,1
 or maybe they would,1
Plot What Plot/Porn Without Plot,1
 Louis is a damsel in distres,1
Alternate Universe - Neighbors,1
this is basically one big giant self-indulgence really,1
 But like... I know everyone goes hard AF for those so don't expect too much,1
 Alpha!Marcel,1
 and some elounor i guess,1
 it's been one year already,1
 the daddy kink isn't like huge or anything tbh,1
 unprotected sex,1
 also they are in conflict with the social system and the law in this fic,1
 Stylish Gemma,1
 big brother Louis,1
 19 y/o Harry,1
 Big Bang Challenge,1
 band au,1
 so i decided to fix that,1
 anyway,1
 Shenanigans,1
 a vibrating salon chair,1
 Mentions Of Infidelity,1
Phone Sex,1
 Mind Reading,1
 tummy!kink,1
 Farmer Louis,1
 Little Spoon Harry,1
 daddy!Liam,1
 No Kink Negotiation,1
 it's kind of shit,1
 louis is tiny,1
 Nipple Piercings,1
 Louis with Sweater Paws,1
 Submissive!Louis,1
 Police Brutality,1
 Human Harry,1
 size!kink,1
 Outdoor Sex,1
 Breeding,1
 Rejected Sub,1
 Camboy Louis,1
vampire AU,1
 Domination,1
 Romantic Comedy,1
 by which i mean i am super proud of my pun title,1
 You're all gonna be begging me to pay your dental bills when you're done,1
 Angsty boys confused about their feelings mostly,1
 PR Made Them Do It,1
 Fan Harry,1
 Louis is kind of a fanboy,1
 it's name is Glory,1
 Protective Liam,1
 mentions of past louis/eleanor while louis was closeted,1
Emotional Hurt/Comfort,1
 louis is cupid,1
 Mpreg Louis later on,1
 there's a lot of pining,1
 Famous!Louis,1
 Attempted Sexual Assault,1
 Depression,1
 19 y/o Louis,1
 some rimming,1
 ok now its all spoilers so beware,1
 disclaimer: this definitely actually happened,1
 i think this is a soulmate fic,1
 Cock Slut,1
 Car Accidents,1
 Dominant Liam,1
 music festival!,1
 (no really I'm serious),1
 and some mild verbal humiliation,1
 harry wears a sports bra,1
 depression period,1
 All the Nouis,1
 also flagrant disrespect to libraries,1
 one direction - Freeform,1
 Bonding,1
 these tags are shit,1
 Spiderman AU,1
 but theres a literal smidge of halvin cos GET IT NIALL,1
lourry and ziam make up the main pairings,1
 but in the past,1
 like she has a hot pink limo how kickass is that?!,1
 Alternate Universe - Historical,1
 tennis sort of,1
 unrelated: improper use of olympic medals,1
 Alternate Universe - Tennis,1
Getting Together,1
 endgame zerrie though,1
 but lots of happiness,1
 Alternate Universe - Romantic Comedy,1
 hmmmm,1
 Past Drug Overdose,1
 harry is a baker,1
Woke Up Married,1
 Gemma to the rescue,1
 Insecure Harry,1
 Nervous Harry,1
 got some fluff with a side of angst and lots of smut,1
 louis isn't pregnant till later in the story,1
 as always i apologize,1
 stupid!harry,1
 i couldn't resist making it louis/harry in the end oops,1
 Reconciliation,1
 secret feelings,1
 Underage Louis,1
 Zoo,1
 nightclubs,1
 Porn Watching,1
 idk the ziam arc really ran away from me it had a mind of its own ok,1
 but don't worry there is smut,1
 Club owner Zayn,1
 tbh idek what this fic is but i hope you enjoy it,1
 posh/becks AU,1
 enjoy,1
 boys saying the wrong thing,1
Alternate Universe - Harry Potter Setting,1
 Daddy Josh,1
 Student Louis,1
 larry - Freeform,1
 like it's angsty and whatnot because he forgets,1
 starring role to the lilac jumper,1
 Now for the smut tags,1
 Self-Lubrication,1
 Famous Solo Singer and Natural Charm Bomb!Harry,1
powerbottom!Louis,1
 there are a lot of kinks i'm just gonna put the relevant ones at the top of each chapter,1
 Mummy Louis,1
 so please keep an eye on the tags,1
 There's a heat and a rut in there,1
 Random Crew Members,1
 A few offhand mentions of past drug use but nothing too deep,1
not Marcel but Marcel-adjacent,1
 Comedy,1
 Amazing,1
 I'm sorry these tags are shit I'm gonna stop now,1
 Gemma calls Louis Princess and other names,1
 Murder,1
 tiny bit of bondage,1
 a lot of things are happening here tbh,1
 Others - Freeform,1
 Double Anal Penetration,1
 Liam bakes,1
 frick,1
 but we tried,1
 and likes Louis' ass,1
 Large Cock,1
 Slightly more ridiculous and humorous than I hoped,1
 American Football Au yaaa,1
 non-confrontational!harry,1
 Big Spoon Louis,1
 Self Confidence Issues,1
 little bit of felching,1
 One Huge Clich,1
Curses,1
Actor Louis,1
 everyone is in one direction but louis,1
 Prostate Milking,1
longest thing i've written so far haha,1
 I FINALLY REMEMBERED TO ADD IT IM SO SORRY,1
 Louis cries when he comes,1
 non-con,1
 Dom/Sub AU,1
 Past Drug Use,1
 Daddy!Zayn,1
 Hook-Up,1
 a little bit of angst,1
 Getting Together,1
 Suicide Attempt,1
 Love Confessions,1
 Dark Harry,1
 i'll name them Modest!,1
 Nerdiness,1
 not really but he is in real life,1
Getting Back Together,1
 Alpha Justin,1
 lots of fancy syntax,1
 Claustrophbia,1
 Aaron Rodgers - Freeform,1
 gagging,1
 Quidditch,1
 There are tequila shots and a legal/illegal nipple discussion,1
 Louis Zayn and Perrie all work at a coffee shop together,1
 happy ending!,1
 read it for Perrie braiding Harry's hair and painting his nails,1
 (don't get the wrong idea about that he's not a dick),1
 thigh-fucking,1
 Jealous Harry,1
 So yes,1
 Alternate Universe - Modern Setting,1
 a bit of angst,1
 under negotiated kink,1
 A little,1
 I suck at tags,1
 Werewolf Louis,1
 Food Play,1
 harry might be the nicest person louis has ever come across,1
 and nautical talk,1
 Friendship,1
 It's All Platonic Really,1
 Teacher Harry,1
Big Bang Challenge,1
 valentine's day fic!!!! only 2 hours late,1
 LOOSELY based upon Stolen by Lucy Christopher,1
 Dominant!Harry,1
 Harry is sort of abusive,1
 like a lot of it,1
 Tooth-Rotting Fluff,1
 commentator!Louis,1
" ""I cannot believe you made zouis the bro meme this is so real""",1
 Northern Ireland,1
Kink Negotiation,1
 it's a bit of kid fic too in there,1
 Eleanor makes terrible geology jokes,1
Alternate Universe - 1940s,1
 Possessive Harry,1
 excessive use of sexual innuendos,1
 mostly fluff tbh,1
 Teacher-Student Relationship,1
 i wonder what my reverend would think,1
 A Hint Of Rimming,1
 Omega!Zayn,1
 Alternative Universe - FBI,1
CEO Louis,1
 sure why not,1
 their first tour,1
 Male Homosexuality,1
Underage Sex,1
" 1 use of the word ""slut""",1
Road Trips,1
 Het and Slash,1
 what else what else,1
 Loneliness,1
 Naked Cuddling,1
 so if that's triggering for you this may not be your cuppa,1
 um,1
 louis likes to be babied when he is pregnant,1
 Coma,1
 It hardly counts because it isn't a truly important plot point,1
 Baked Goods,1
 Porn With Plot,1
 louis makes good use of his superhuman stamina and strength (as he should),1
 Something Great,1
 Bitterness,1
 Doctor!Liam,1
 Creepy,1
 Morning Cuddles,1
 anger issues,1
 30 and 28 fuck 16 and 18 into their senses,1
 Alternate Universe - Olympics,1
 Smut Eventually,1
 Pining Harry,1
 but they're mentioned and there in spirit etc,1
 There is also an inordinate number of BBC Sherlock references,1
 Louis in Makeup,1
 Implied Louis/Ed,1
 Gun Violence,1
 Period-Typical Racism,1
 Marking,1
 Older Harry,1
 time outs,1
 not your typical teacher/student porn i promise,1
bungalow fic,1
 they're all uni students,1
 Incredibly self indulgent,1
" 1 use of the word ""daddy"" ;(",1
Time Travel,1
 dumb boys figuring out their feelings,1
 copious Pink Floyd references,1
 Neighbors,1
 someone give Harry a baby (I gave him two),1
 Dom/Sub Life,1
 Phone Calls & Telephones,1
 sugarscape,1
 harry wears blazers and has a big wang,1
 rich!Harry,1
 Liam is sixteen,1
 There's mentions of a past relationship between Aiden/Louis,1
Walking Dead AU,1
 (i dont consider the violence in the fic graphic but just in case i included the ao3 warning),1
 i'm not sure what to say in here except sorry for the pun title,1
 there's a lot,1
 Underage Drug Use,1
 harry begs a lot,1
 basically it's a rom com,1
mentions of mating and knotting,1
 harry calls louis baby a lot,1
 because fluff is what I'm breathing for,1
 lots of sexy stuff,1
 Mention of Mental Illness,1
 srry m8s,1
 Alternate Universe - Neighbors,1
 Unrequited Love,1
 also the niall/barbara thing is very small,1
 pretty heavy lactation kink so beware,1
 Aftercare,1
 photographer!harry,1
 Gross Anne Marie,1
 Just kinda happened,1
 ziall,1
 kinda i guess,1
 and talk about luuuuurve,1
 some parts are kinda dark,1
zayn and niall are louis' room mates,1
 enemies to friends to boyfriends,1
 Catholic School,1
 Obsessive-Compulsive,1
 and then in more pining,1
 Angst and Humor,1
 no disrespect niall,1
 Louis plays it for a living,1
 skinny love,1
 casual recreational drug use,1
 billionaire louis,1
 Sex,1
 Self indulgence on my part tbh,1
 Chef!Harry,1
 and being awkward as hell about it,1
 P R O B L E M A T I C,1
 it also features,1
 Which of course turns into fluff because I am weak and cannot write otherwise,1
 i just really like harry being all in love with louis and agonizing over it,1
 But it's spring break so it's not like it's a real uni AU,1
 Niall/Celeste,1
 Private School,1
 lambs - Freeform,1
 just kidding it totally is,1
 Underage Sex,1
 designer!louis,1
 gratuitous aquarium scenes,1
 Fondling,1
 Dan and Anne-Marie are criminals!,1
 like holy shit,1
 a lot of fluff,1
 Bunnies,1
 Tummy fetish,1
 THE MOTHER OF ALL PUBLICITY STUNTS,1
 tummy worship,1
 Oops,1
 various professional golfers,1
" 3 uses of the word ""cunt""",1
 Swimming,1
 also I don't justify any abuse in this,1
 wink wink wink,1
 harry teaches yoga,1
 because HAPPY ENDING!!!!,1
 they cuddle a lot because who doesn't love cuddles,1
 So much angst,1
 gratuitous angst,1
 this is honestly the most self indulgent fic ever,1
 Raw Sex,1
 Harry doesn't really like football,1
Anorexia,1
 2016 Summer Olympics,1
 VidCon,1
 and the like,1
 Chef Niall,1
 what is this fic,1
 Foot Massage,1
 Depressed Louis,1
 Violence,1
 Snowballing,1
 but its called adoption,1
 Touring,1
 too many tags,1
 Hair-pulling,1
 and a happy ending!,1
 Brain Cancer,1
 Yoga,1
 Trigger Warning!,1
 Scenting,1
 Guns,1
 cute boys being cute,1
Alternate Universe - Reality Show,1
 Post-The X Factor Era,1
 doctor!zayn,1
 Confused Louis,1
 this is honestly top 5 faves,1
Kidnapping,1
 youtubers au,1
 Harry owns a boat,1
 Enemas,1
 Crossdressing Kink,1
 IGNORE THESE TAGS JESUS,1
 Period Typical Attitudes,1
 Lirry - Freeform,1
 slight dub!con in one chapter,1
 innocent!louis,1
 Flogging,1
 and blowjob,1
 oh no wait i forgot to mention that louis likes harry's thighs,1
 It's the Nouis,1
 Motorsports,1
 Blow Job,1
 because why not,1
 Zayn is a miracle-working management rep,1
 Publicist Harry,1
 Short Struggle,1
Avengers AU,1
 University,1
 Basically he can be pretty mean to Louis sometimes,1
 Kissing Kink,1
 and harry as the photographer,1
 and baking a lemon drizzle cake,1
 nick grimshaw is a total villain and I am aware he's probably not in real life but,1
 Bottom Zayn (in zarry smut scenes. there's only like...2 later in the fic),1
 some side ziam with zayn as the sub/bottom but it's mostly larry,1
 I want to make it clear that I don't villainize any of the OCs because that really pisses me off,1
 car crash if that triggers you!!,1
 Punk Niall,1
 learning a whole other language for fic writing purposes was 30 of them,1
 References to Illness,1
 Model Harry,1
 Car Sex,1
 Overuse of italics,1
 SO,1
 Weddings,1
 Progressive Love,1
 Especially the Sex,1
 Desperate Harry,1
 and fluff,1
 Desk Sex,1
 Unhealthy Relationships,1
 nerdy!Harry,1
 i just like to think he's stupid always,1
 i have a shiny new bachelor's degree in english and this is what i do with it amaZing,1
 if you don't like any of that,1
 Little Numbers AU,1
 the end will make you want to yell at me,1
 Sugar Daddy Liam,1
 there's also sex,1
 there will be smut i promise,1
 and has like a tiny hint of sugar daddy louis because who doesnt love that,1
 Marvel Universe,1
 labor difficulties,1
 very light bdsm,1
 Louis/Celeste,1
 lord help us so many emotions,1
 louis wears sweatpants and loves harry a lot,1
 Model AU,1
 Jesy is the esthetician,1
 H/L are not the ones who are ace/aro but the characters are important!,1
 Bisexuality,1
 Fake Marriage,1
 Past Louis/Zayn,1
 Nouis,1
 crazy niall,1
Adultery,1
possible PTSD,1
 harry is really out of it after,1
 this should be enough,1
 I'm Sorry,1
 fake relationships,1
 that's a tag,1
 Niall is in love with Louis,1
 emotionally stunted!louis,1
 Alternate Universe - Talk Show,1
 Theres a sad time in this fic where Louis and co. are grieving the passing of a baby,1
 Punk Harry,1
 zouis,1
BDSM,1
happy ending guaranteed,1
 The End,1
Religion,1
 Self-Hatred,1
 genius louis,1
 casual until it's NOT,1
 Childbirth,1
 it's some of my best smut to date honestly,1
 light humor,1
 idek,1
 harry is blushy,1
 Formula 1,1
 Mating,1
 nerd!Louis,1
 Prince Harry Styles,1
 Protective Niall,1
 and then mentionings of it for the rest of the story,1
 (kinda),1
 porn star au,1
 but hey louis does get some bum action too,1
 Baker Harry,1
 Consensual Sex,1
 should I just do a series of reality TV fic,1
mention of rape and abuse,1
 Actor Harry,1
 Harry in Panties,1
 Smoking,1
 Left out,1
 Somnophilia,1
 Cock Slapping,1
Pornstars,1
 it'd be a shitty Christmas fic if not soo..,1
 it pisses off Harry,1
 stuck up people,1
 fluff fluff fluff fluff FLUFF,1
 Shahid is a stalker,1
elongated sigh... well.,1
 Mild Pain Kink,1
 This actually just reads like a poorly planned James Bond movie I'm so sorry,1
 omg,1
 and I'll help figure it out without risking you reading something that'll hurt you,1
 slacker!louis,1
 the working title was cello fic,1
Yikes,1
 just read no?,1
 trigger warning,1
 Pacifiers,1
 louis is a flirt,1
 exchange fic,1
 Non-Sexual Age Play,1
 but nothing graphic,1
 Reunions,1
 Vampire Louis,1
 and there's an,1
 Ugh,1
 Fanmix,1
 louis looks like hes 25 but rly hes like 25000,1
 slight dub-con,1
 Domestic Violence,1
 Come Swallowing,1
 fanart available,1
 Louis is a hair stylist,1
 Alternate Universe - Tumblr,1
 Alternate Universe - Vampire,1
 Cute Louis,1
 teacher!au,1
 prince(ss) harry,1
 larry proposal makes me so emotional just give me a minute pls,1
 rockstar Louis,1
 famous/non-famous,1
 Emotionally Stunted Boys In Love,1
 Accidental Knotting,1
 Spies & Secret Agents,1
 16-17yrold!Louis,1
 harry's disturbing and gross bye,1
 !!!,1
 semi public desk sex,1
 (that's an actual tag something's right with this world),1
 bc they share that really,1
 Terminal Illnesses,1
 Skype,1
 Roleplay - Teacher and Student,1
Merry Belated Christmas and Louis's Birthday!!!!!!,1
 Wanna be on top?,1
Louis webs Harry to the bed and fucks him,1
 Dom/sub Undertones,1
 also there's beyonce and vague zayn ships and sex toys in the end,1
 which we didn't plan on oops,1
 Beauty Guru!Harry,1
 except i think there sort of is a plot idk,1
 so much rimming,1
 A little roleplay near the beginning,1
blind!louis,1
 louis is justin timberlake,1
 Tattoo Artist Louis,1
 Mentions of Suicide,1
 louis loves fighting crime,1
 Prince Harry - Freeform,1
 I can't tag I apologize,1
 there is a minor accident that entails anxiety for one character,1
 overexcessive use of endearments,1
 Supernatural Elements,1
Exes,1
 Bartender Niall,1
 Alternate Universe - Canon Divergence,1
 Pirates,1
 Los Angeles,1
 Also Niall/Barbara is only briefly mentioned tbh,1
 i should add the city of Chicago as a character because that's how redundant i am,1
 Denial,1
 Omega Centric,1
 its just short,1
 and like a million others that are mentioned for about two secs,1
 Omega!Niall,1
 Cock Sucking,1
 (yes),1
 Roleplay - Somnophilia,1
 isn't that just life tho,1
 Consensual,1
 It's really only light angst thought,1
Slutty Harry,1
 Gay Male Character,1
 Suicidal Thoughts,1
 feminized harry styles is important,1
 idk where this came from,1
 daily updates,1
 Harry makes quesadillas,1
 boys being dumb,1
 mentions of cutting,1
 Smol Louis,1
 phonesexoperator!harry,1
 University Student Louis,1
 Maybe some angst,1
 Other Additional Tags to Be Added,1
 Hurt feelings,1
 Perrie/Zayn,1
 and no capitalization at all,1
 Gymnastics,1
 well they do in this fic,1
 Twink Louis,1
 Cool Eleanor,1
 Drunkenness,1
 A terrible unsolicited math kink,1
 Like,1
 Stubborn Louis,1
 ot5 roadtrip er'body,1
 Vampire bonds,1
Kiss cam,1
 sophia is in this for a hot second bc she's my mom,1
Alternate Universe - Spies & Secret Agents,1
Implied or Off-stage Rape/Non-con,1
camboy!harry,1
 The Troubles,1
 Omega Zayn,1
 it's law,1
 he's sort of feminine,1
 wow why are louis and harry so in love,1
 Harry is sometimes a cellist,1
 Date Rape Drug,1
 Verbally,1
 there is babying but it is not a main theme in the story,1
 Alternate Universe - Fantasy,1
Superheroes,1
 aka the perfect universe,1
 soft kitten!Louis,1
 Protective Harry,1
 Submissive Harry,1
 There is a lot of alcohol/talk of hangovers tho,1
 give me love,1
 I forgot smut tags oops,1
 lots of Harry fawning over Louis,1
 Hogwarts AU,1
 so a bit of anything,1
 Virgin Kink,1
 Baby Death,1
 tea too,1
 Single Dad Louis,1
 self harming behaviours,1
 it's harry's thighs tho don't bitch or i'll smack u,1
 Harry in Lace,1
 hate language,1
 why did i spend so much time on it,1
 there's a lot of fluff to make up for it,1
 Tiny!Louis,1
 mostly - Freeform,1
 and also we both are way too obsessed with Louis in sweatpants for our own good,1
 Zialliam don't exist sorry,1
 Sub Niall,1
 Louis in Panties,1
