,33
 Romance,21
Alternate Universe,20
 Fluff,16
 Alternate Universe,16
 Angst,15
 Slow Burn,14
Alternate Universe - Canon Divergence,12
Fluff,11
 Smut,11
AU,10
 Humor,9
Romance,8
 Tropes,8
 Alternate Universe - Modern Setting,8
 Family,7
 Swan Queen - Freeform,7
Swan-Mills Family,7
 Fluff and Smut,7
 Explicit Sexual Content,7
 Fluff and Angst,6
Swan Queen Week,6
 Spanking,6
 Anal Sex,6
 Drama,5
 Swan-Mills Family,5
 Rough Sex,5
 Shameless Smut,5
Swan Queen - Freeform,5
 Masturbation,4
Fake/Pretend Relationship,4
 Hurt/Comfort,4
 Jealousy,4
 Regal Believer,4
 Sharing a Bed,4
 Future Fic,4
 Swan Queen Week,4
 Fake/Pretend Relationship,4
4B,4
 Dom/sub,4
 Dirty Talk,3
 Blindfolds,3
 Anal Fingering,3
 Sex,3
 Slow Build,3
 Friends to Lovers,3
 Blow Jobs,3
 Strap-Ons,3
 Shower Sex,3
 Mild Language,3
Slow Burn,3
Humor,3
Alternate Universe - Modern Setting,3
post 3b,3
 Dark Emma,3
 Sex Magic,3
 Femslash,3
Angst,3
 Power Play,3
 Alternate Universe - Roommates/Housemates,3
 Alternate Universe - No Curse,3
 Office Sex,3
 Magic,3
 Voyeurism,3
 Adventure,3
Smut,3
Alternate Universe - College/University,3
 enchanted forest,3
 Eventual Smut,3
 Adoption,3
 Lesbian Sex,3
 Christmas,3
 mills sisters,2
 So many tropes,2
 Asphyxiation,2
 Intercrural Sex,2
 Woman on Top,2
 Oral Sex,2
 Anal Play,2
 Mildly Dubious Consent,2
 Forbidden Love,2
 Teasing,2
 Suicidal Thoughts,2
 Swan Queen Week Summer 2015,2
 Alternate Universe - Student/Teacher,2
 Exhibitionism,2
 Public Blow Jobs,2
 magic!cock,2
 Bondage,2
Alternate Universe - Hogwarts,2
 Restraints,2
 Adultery,2
 Implied/Referenced Rape/Non-con,2
 Dark One Emma,2
Inspired by a Movie,2
 First Time,2
Plot What Plot/Porn Without Plot,2
 Attempted Rape/Non-Con,2
 Roleplay,2
 Wicked Warrior,2
 Coming Out,2
 Fantasy,2
 AU,2
 Car Sex,2
 Romantic Comedy,2
 Character Death,2
 Family Feels,2
 Angst with a Happy Ending,2
 Tumblr Prompt,2
 Past Child Abuse,2
 Girl Penis,2
post 4b,2
alternative universe,2
 Swan Believer,2
 Attempt at Humor,2
 swanqueen - Freeform,2
Alternate Universe - High School,2
 Biting,2
 Idiots in Love,2
 Minor Character Death,2
 Alternate Universe - Non-Magical,2
 Sexual Humor,2
 Dom/sub Undertones,2
 Alternate Universe - High School,2
 Phone Sex,2
 Light Dom/sub,2
 Enemies to Friends to Lovers,2
 Magic Cock,2
 Teen Angst,2
 Painplay,2
 Lingerie,2
 Alternate Universe - Canon Divergence,2
 Regret,2
Femslash,2
 Teacher-Student Relationship,2
 Soulmate-Identifying Marks,2
Road Trips,2
 OTP Feels,2
 Flirting,2
 post 3b,2
 Sex Toys,2
 Charming Believer,2
 Canonical Character Death,2
Unplanned Pregnancy,2
 Orgasm Denial,2
 Implied/Referenced Child Abuse,2
 Semi-Public Sex,2
 sex in a disturbed mindframe,1
 Secret Relationship,1
 Young Captain Hook | Killian Jones/Young Emma Swan,1
 and unhappy non-endgame Hook/Emma,1
 Eventual Romance,1
 Creampie,1
 Fanfiction,1
 Guilty Scott,1
 World War I,1
 Emma Swan working out,1
 Domestic Violence,1
  | Russian,1
Swan Queen Week Winter 2016,1
 Explicit Language,1
 Nurses,1
 Regina has a muscle fetish and Emma makes good use of that,1
 Bath Sex,1
 dancing with the stars au,1
 New Relationship,1
 i am not,1
 dom/sub themes,1
 Robin is in it for a while but he soon vanishes,1
 Families of Choice,1
 Anal,1
 it's NOT romantic comedy,1
 Non-Graphic Violence,1
 Pre-Slash,1
 Alternate Universe - Superheroes/Superpowers,1
 erotic photos,1
 there are mentions of non-con in the past,1
 Possessive Sex,1
 Heavy BDSM,1
 Intergluteal Sex,1
 Alternate Universe - BDSM,1
 if that offends you then you have my condolences,1
 Touches of Urban Fantasy,1
 No Peter Pan in Storybrooke,1
 you think i am exaggerating,1
 Fairy Tales with a Twist,1
 Post-Break Up,1
 Caretaking,1
 Bonding,1
 Heterosexual Sex,1
 Angst and Humor,1
 Accidental Marriage,1
 Sybian,1
 Post-Curse Storybrooke,1
Sharing a Bed,1
 Marriage of Convenience,1
 Knifeplay,1
 Guilty Isaac,1
 Office AU,1
 Stress Relief,1
 Body Worship,1
 post 4a,1
 Kitty - Freeform,1
 depictions of an abusive relationship,1
 London,1
 while still trying to stay somewhat in character,1
 Best Friends,1
 oral sex in public,1
 Parent/Child Incest,1
 Alcohol,1
 Sexual Fantasy,1
 Paris (City),1
locked in a room,1
 Chains,1
 The Enchanted Forest,1
 Alternate Universe - Stripper/Exotic Dancer,1
 Orgasm Control,1
post 521,1
additional tags,1
 Firsts,1
 69 (Sex Position),1
 Stripping,1
Post-Dark Swan Arc,1
 appologies,1
 Prompt Fic,1
swanqueen - Freeform,1
 Gratuitous Smut,1
 Time Travel Fix-It,1
 Miss Congeniality AU,1
 Body worship(scars),1
 mentions of Captain Swan,1
 Mentions of mental breakdown and a suicidal thought,1
 mentions of rape/non-con,1
 Spiders,1
Alternate Universe - Beauty and the Beast,1
 Tipsy!Sex,1
 omg it has a child that behaves like one,1
 Collars,1
 mentions of past Regina/Daniel,1
 Twerking,1
Dark Magic,1
 seriously slow burn,1
 Electroconvulsive Therapy,1
 Unplanned Pregnancy,1
 Protective Pack,1
 Domestic Fluff,1
 supportive family,1
 Magic Baby Fic,1
 Iowa,1
 Sex Addiction,1
 flatmates,1
This story goes to dark places,1
 Porn with Feelings,1
major character deaths,1
Aftermath of Torture,1
 No Re-Curse,1
Christmas,1
 missing year,1
 Breast Fucking,1
Action/Adventure,1
 post-episode: s03e22 There's No Place Like Home,1
Past Rape/Non-con,1
 and are in love,1
 But they're idiots,1
Alternate Universe - Vampire,1
First Time,1
 Paddys Day,1
 oblivious idiots,1
 brief mentions of homophobia,1
 Punishment,1
 repeated physical assault,1
 Emma is in her early 20s,1
 Alternate Canon,1
 Self-Acceptance,1
 Hair-pulling,1
 Crossover,1
brief ref to unhappy childhood,1
Christmas fic,1
Light Dom/sub,1
 Reflection,1
 Slow Pace,1
Post-Canon,1
 Comfort,1
 onceuponasecretsanta,1
 Affairs,1
 Background Rumbelle,1
 UST,1
 D/s,1
 falling into a relationship without even knowing it,1
 cuteness,1
 swan queen alternate universe,1
Alternate Universe - Reality Show,1
 cursed Hook,1
 Kidnapping,1
 Kitchen Sex,1
 it's sad,1
 Time Travel,1
 References to Shakespeare,1
 Cunnilingus,1
 Drunken Shenanigans,1
Kidnapping,1
 Falling In Love,1
 Sleepy Cuddles,1
 Alternate Universe - Soulmates,1
 Medical Abuse,1
 Implied/Referenced Torture,1
 No Curse,1
 this not an underage story,1
 SQ - Freeform,1
 Operation Mongoose,1
 Parody,1
 regina is a witch! emma isn't!,1
 Consensual Kink,1
 Pre-Relationship,1
 Grief/Mourning,1
 Alcohol Abuse/Alcoholism,1
 Wake-Up Sex,1
 Transgender,1
 idk how to tag this lmao,1
 Physical Abuse,1
 Flogging,1
 Girl Peen,1
 unprotected sex,1
 Blood,1
 team moms,1
 Canon Divergence,1
 Alternate Universe - Pretty Woman Fusion,1
 Paddle,1
 Menstruation Kink,1
 Sex in a Car,1
 dub-con,1
 undercover cop emma,1
 Psychological Trauma,1
 anyway,1
 as close to a crack!fic as I'm going to get,1
 mentions of outlaw queen and captain swan,1
 Past Relationship(s),1
 Blowjobs,1
 Nursing Kink,1
 a same sex relationship,1
 Crack,1
 Birth Control,1
 Sexy Times,1
 Alternate Universe - Military,1
 teacher-student role play,1
 sex in public,1
 sick reader,1
 Love,1
 maid and mistress,1
mentions of F/M (not explicit),1
 Love/Hate,1
 Netherworld,1
 Eventual Relationships,1
parent trap,1
 Femdom,1
 Sexual Roleplay,1
 Mirror Sex,1
 Red Queen - Freeform,1
4a,1
 hopefully a happy combination of the two,1
Post 5B,1
 threat/fear of sexual assault,1
 cs bangarang,1
 Possible Time Loop,1
 Werewolf Sex,1
 Vaginal Fingering,1
Modern AU,1
 bc bisexual people exist,1
 Strange books,1
 Post-Traumatic Stress Disorder - PTSD,1
 Accidental Seriousness,1
 Lots of Murder,1
 The Author Regrets Everything,1
 and this isn't an easy ride,1
 Domination,1
 Red Swan Queen - Freeform,1
 Captain Hook | Killian Jones/Emma Swan Smut,1
 True Love,1
Fluff and Smut,1
 Slow Burn Romance,1
 but don't worry this is swan queen baby,1
Bullying,1
 I Love You,1
 and Regina derives some pleasure from helping him to fail spectacularly,1
 Desk Sex,1
Rumbelle - Freeform,1
Endgame Evil Queen | Regina Mills/Emma Swan,1
 holiday fic,1
 Troll in the Dungeon,1
 one week where Emma dances with Hook and Regina dances with Hood,1
 Oral,1
De-Aged Stiles,1
 Very Jossed,1
 Car Accidents,1
Alternate Universe - Actors,1
 Creampie eating,1
 Sex Club,1
 Mythical Beings & Creatures,1
 Orgasm Delay/Denial,1
 Developing Relationship,1
 Plot What Plot/Porn Without Plot,1
 pregnant!regina,1
Christmas Evil Queen | Regina Mills/Emma Swan,1
 Marathon Sex,1
 Work In Progress,1
 Teachers AU,1
 One Night Stands,1
 femmeslash,1
 Pregnant Emma,1
 Shaving,1
 gold gets to be a good dad,1
 parenting,1
 implied Outlaw Queen,1
Mentions of OQ and CS,1
Swan Queen AU,1
 Cum Marking,1
 Character Study,1
 marking (love bites),1
 Spoilers for 3x15,1
 erotic asphyxiation,1
 Rebound Sex,1
Alternate Universe - Teachers,1
L - Freeform,1
 Swen - Freeform,1
 magic!cock blowjob,1
 MagicStiles,1
 Swan Queen Round Robin,1
 Angst and Fluff and Smut,1
Meeting Online AU,1
 Safer Sex,1
 wedding au,1
 Sex in the station,1
 Emotional Hurt/Comfort,1
"sexual orientation conversion ""therapy""",1
 Fake Marriage,1
 Threesome,1
 Mention of abuse,1
 Minor Violence,1
Dubious Consent,1
 Elks,1
 rating is mostly for language,1
 Rimming,1
 small mentions of Snowing and Ruby/Peter,1
 Canon Lesbian Relationship,1
 Casual Sex,1
 corrective heterosexuality,1
 Pussy Spanking,1
Lieutenant Duckling,1
 Slurs,1
 Sleepy Sex,1
 Priest Captain Hook | Killian Jones,1
BDSM,1
 Breast Play,1
 strap on,1
 Comfort Sex,1
 Friendship/Love,1
 Fairies,1
drunk!emma,1
Other Youtubers,1
 Kink,1
 double blowjob,1
 Past Rape/Non-con,1
 Emotional/Psychological Abuse,1
 Temperature Play,1
 Rivalry,1
Angst with a Happy Ending,1
 Dom/sub Play,1
 Strap on sex,1
 Collar,1
 Public Play,1
 Exposure,1
 Playing Doctor,1
 Romantic Fluff,1
 this is a gothic tale,1
 Alternate Universe - Movie Fusion,1
 i love them,1
 Secret Santa,1
 Contract,1
 Long-Distance Relationship,1
 Sex Games,1
 Cancer,1
 Body worship (bruises),1
 Realm Hopping,1
 Christmas Fluff,1
 magic baby,1
 Wedding Planner AU,1
 Cheating,1
 Stiletto Heels,1
 Implied/Referenced Drug Use,1
 Eventual Swan Queen,1
 Chair Sex,1
 Suicide,1
Mentions of hook and CS only,1
 Seduction,1
Fake Marriage,1
 Alternate Universe - Coffee Shops & Cafs,1
 a bit cracky,1
 Breathplay,1
 Complete,1
Prompt Fic,1
 Post-3A,1
 Wooden Horse - Freeform,1
 deprivation,1
Child Abuse,1
 Death of Snow white and Prince Charming,1
 Jossed,1
 magic strap on,1
 Not Beta Read,1
 Somnophilia,1
 Shell Shock,1
 Heart-Sharing,1
 Dystopia,1
 sex on the bonnet of cop car,1
 Sub Emma Swan,1
 Sex Swing,1
 Alternate Universe - Photographer,1
 Boss/Employee Relationship,1
 Weddings,1
 Guilty Derek,1
Future Fic,1
 Movie Reference,1
 brief ref to unhappy arranged marriage,1
 flashbacks to emotional abuse,1
Soulmates,1
 trapped together,1
 Lots of cameos for OUAT side characters,1
 it's dark,1
Morning Sex,1
 Friendship / Flirting / Thinking of You Fest,1
 Alternate Universe - Children's Bookshop,1
 Alternate Universe - Dystopia,1
 Strap-On,1
brief mentions of Outlaw Queen vault sex scene from 4a but NO graphic detail,1
 Slightly AU?,1
 Alternate Universe - Teachers,1
 resisting romance,1
 Seven Deadly Sins,1
 Alternate Universe - Time Travel,1
 Sex Shop,1
 voyerism,1
 Comedy,1
 serious injury to major character due to magical attacks,1
 I'm Bad At Tagging,1
Round Robin,1
 Face-Sitting,1
 Murder,1
 swan queen week summer of 2016,1
 floof family,1
 Sensation Play,1
 and yes the title is from a whitney houston song,1
 but is always subject to change,1
 Anal Plug,1
 Heist,1
 surgical procedure,1
 Condoms,1
 Guilty Sheriff,1
 fluffy fluffy fluff,1
 Deals,1
 Daddy Kink,1
 kinky fuckery,1
 Supporting Character Death,1
 Virgin Castiel,1
 ref to unhappy experiences in foster system,1
 Teacher AU,1
 Fake Relationship,1
 Dom Captain Hook Killian Jones,1
 Fake Dating,1
 non-show character death,1
 Bookshop,1
Alternate Universe - Soulmates,1
 Messy,1
Post-Curse,1
 Sloppy Makeouts,1
 Sex Education,1
 tiny mention of past Emma/Lily,1
 Panic Attacks,1
 G!P,1
 Whipping,1
Halloween,1
 Sterek endgame,1
 Friendship,1
 now with physical contact,1
 Amnesia,1
 Coffee,1
 past meeting future,1
Alternate Universe - Regency,1
 PWP,1
 bit of angst,1
 Extramarital Affairs,1
 Strip Games,1
 Nightmares,1
 CS AU,1
 Makeouts,1
 Silver Fox Lestrade,1
 BDSM,1
 Mommy Kink,1
 Neglected Stiles,1
 Hate Sex,1
 Gag,1
 Force-Feeding,1
 Captain Swan AU - Freeform,1
 lots of uses of social media,1
 The Captain - Freeform,1
Captain Swan - Freeform,1
 and so much cheeeeese,1
Post-Neverland,1
 Minor Belle/Red Riding Hood | Ruby,1
Lieutenant Killian Jones,1
 Childhood Trauma,1
 Robin Hood is Dark One Emma Swan's minion do they make tags for that,1
 Suckling,1
 Post-Regina's First Dark Curse,1
 Sexual Experimentation,1
 Python named Rick,1
 beauty pageant,1
Challenge Response,1
 Cabin Fic,1
Dark!Emma,1
 snake - Freeform,1
 read at your own risk,1
 marking (bites),1
 Skype,1
 horse back riding,1
 Swan Mills Family,1
 slow burn SQ,1
 Bit of Fluff,1
 Gags,1
 child custody,1
 Swallowing,1
Episode Tag,1
 Introspection,1
Murder Mystery,1
 and it's not always pretty,1
 handjobs,1
 Hunters & Hunting,1
 ish?,1
Established Relationship,1
 Wartime Violence,1
 Season Finale,1
Comedy,1
 Two women drinking way too much coffee,1
 Bickering,1
 Red Beauty if you squint,1
 character driven,1
 Fictional Religion & Theology,1
 Ambiguous/Open Ending,1
Soul Bond,1
 Sub Emma,1
 also known as one of the best songs ever in the whole world,1
 Tropes Ahoy! basically,1
 Flashbacks,1
 you could choke on the ust,1
 Photography,1
 light anal play,1
 Day 1,1
 Post-Mission,1
 Cuffs,1
 Vibrators,1
 Meet-Cute,1
 Caught,1
 Crime,1
 Sex in a Barn,1
 Mistletoe,1
 Dubious Consent,1
 Self-Harm,1
 Sleeping Together,1
Magical Pregnancy,1
 Photo Shoot,1
 Sex Tapes,1
 Smuggling,1
 Alternate Universe - Swimming,1
 and flower symbolism,1
 Steampunk,1
 Misthaven,1
 Mystery,1
 it is painfully slow,1
 hurtstiles,1
 magical mishaps,1
 Crime Fighting,1
 Angry Sex,1
 sort of slow burn,1
 mild panic attack,1
based on Cyrano de Bergerac,1
 Stocking Fetish,1
 Pirate Captain Hook | Killian Jones,1
Magic Cock,1
 Alternate Universe - Canon,1
 babysitter,1
 Toys,1
First Kiss,1
 Implied/Referenced Cheating,1
 this is basically a rom-com,1
 play collar,1
 Deceptively fluffy,1
 Battle Couple,1
 Other Additional Tags to Be Added,1
 it's a mess!,1
 Past Domestic Violence,1
Prostitution,1
 Tropes all around,1
 Crossing Timelines,1
Sex Pollen,1
 Strapless Dildo,1
 Ball Gag,1
 and it's gritty,1
 Touching in public,1
 Self-Discovery,1
 Endgame,1
 Not Canon Compliant,1
Trapped,1
 Therapy,1
 non-explicit reference to violence and death,1
 i guess,1
 Cora and Henry Mills play an important part,1
late blooming queer ladies,1
 Handcuffs,1
Alternate Universe - No Curse,1
 Regina snuggling baby Henry,1
 flashbacks to physical abuse,1
 Friends With Benefits,1
 oh right there are tattoos,1
 Drunken Kissing,1
 Dark One's Dagger,1
 Skin comfort,1
 FTL AU,1
 hospital au,1
sheep boys,1
 Twitter,1
 Different Worlds,1
 henry knows his moms are dating,1
 Fingering,1
Shameless Smut,1
 Magical Artifacts,1
 Alternate Universe - Reality Show,1
 Road Trips,1
 Lust Potion/Spell,1
Romantic Comedy,1
 If you squint at it sideways,1
 Defense mechanisms in romance,1
 Riding Crop,1
 Touchy-Feely,1
 Alternate Universe - Fantasy,1
 Dating,1
 Edging,1
Hogwarts AU,1
 rewrite of Snow Drifts and There's No Place Like Home,1
mentions of Outlaw Queen,1
 Sappy,1
 marking(bruises),1
Mildly Dubious Consent,1
 Magical Pregnancy,1
 Latex,1
Post Finale,1
 Submission,1
 Princess Emma,1
 domme regina,1
 Clothing Kink,1
Fluff and Crack,1
 PA - Mayor role play,1
 implied Captain Swan,1
 there is past Robin/Regina,1
 Emma/Pop Culture OTP,1
 in which Hook is a jerk,1
 day collar,1
 Alternate Universe - Greek Mythology,1
 Meta,1
 Ballroom Dancing,1
 College,1
 Drunk Sex,1
Sexy Times,1
 Morally Ambiguous Character,1
 1920s,1
Weddings,1
 Swan Queen Week Winter 2014,1
 Pretending to Be Gay,1
 Nipple Clamps,1
 oral under the desk,1
 Menstrual Sex,1
