 Knotting,33
 Anal Sex,29
 Hurt/Comfort,25
 Mpreg,24
 Rimming,23
 Oral Sex,22
 First Time,22
 Angst,21
 Alpha/Beta/Omega Dynamics,20
 Spanking,20
 Anal Fingering,20
 Emotional Hurt/Comfort,19
 Explicit Sexual Content,19
 Age Difference,19
 Fluff,18
 Bottom Jared,18
 Rough Sex,17
 Blow Jobs,17
 Romance,16
 Alternate Universe,15
 Dubious Consent,14
Alpha/Beta/Omega Dynamics,14
 Sexual Content,14
 Bottom Jensen,12
 Daddy Kink,12
,11
 Smut,11
 Dirty Talk,11
 Violence,11
 Barebacking,11
 Explicit Language,10
 Mating Cycles/In Heat,10
Alternate Universe,10
 Top Jared,10
 Falling In Love,10
 Alpha/Omega,10
 Orgasm Delay/Denial,10
 Masturbation,10
 Self-Lubrication,10
 Fluff and Smut,10
 Arranged Marriage,9
 Possessive Behavior,9
 Slow Build,9
 BDSM,9
 Schmoop,9
 Dom/sub,9
 Happy Ending,8
 Omega Jared,8
 Slow Burn,8
 Sex Toys,8
 Hand Jobs,8
 Jealousy,8
 Top Jensen,8
 First Kiss,8
 Bondage,7
 Frottage,7
 Porn with Feelings,7
 Non-Consensual Drug Use,7
 True Love,7
 Minor Character Death,7
 Bestiality,7
 Voyeurism,7
 Rape/Non-con Elements,7
 Alternate Universe - Modern Setting,7
 Underage Sex,7
 Consensual Kink,7
 Alpha Jensen,7
 Angst with a Happy Ending,7
 Alpha Jared,7
 Exhibitionism,6
 Sexual Tension,6
 Kidnapping,6
 Dom/sub Undertones,6
 Panic Attacks,6
 Semi-Public Sex,6
 Marriage Proposal,6
 RPF,6
 Eventual Smut,6
 Nipple Play,6
 Fluff and Angst,6
 Pining,6
 Restraints,6
 Infidelity,6
 Size Kink,6
 Double Penetration,6
 Kissing,6
 Werewolves,5
 Shameless Smut,5
Mpreg,5
 Established Relationship,5
 Multiple Orgasms,5
 Caning,5
Alpha/Omega,5
 Mutual Pining,5
 Porn,5
Romance,5
 Love,5
 Loss of Virginity,5
 Worldbuilding,5
 Vaginal Sex,5
 Torture,5
First Time,5
 Lactation,5
 Panties,5
 Suicide Attempt,5
 Love Confessions,5
 Fingerfucking,5
 Fingering,5
 Orgasm Denial,5
 Tattoos,5
 Comfort,5
 Attempted Rape/Non-Con,5
 Vaginal Fingering,5
 Forced Orgasm,5
 Humiliation,5
 Pregnancy,5
 Protective Chris,5
 Humor,5
 Manipulation,5
 alpha!Jared,4
 Alternate Universe - Werewolf,4
 Blindfolds,4
 Intercrural Sex,4
 Mildly Dubious Consent,4
 Alternate Universe - BDSM,4
 Unplanned Pregnancy,4
 Dubious Morality,4
 Implied/Referenced Rape/Non-con,4
 Omega Jensen,4
 Domestic Fluff,4
 Top Jensen Ackles,4
 Milking,4
 Misunderstandings,4
 Bad BDSM Etiquette,4
 Bathing/Washing,4
 Collars,4
 Anxiety,4
 Jealous Jensen,4
 Blood,4
 Protective Jared,4
 Physical Abuse,4
 Fluff and Hurt/Comfort,4
 Biting,4
 Magic,4
 Dominance,4
 Face-Fucking,4
 Light Bondage,4
 Mutual Masturbation,4
 Drama,4
 Praise Kink,4
 Crying,4
 AU,4
 Minor Violence,4
 Sexual Slavery,4
Explicit Sexual Content,4
 Past Abuse,4
Alternate Universe - BDSM,4
 Actors,4
 Parent/Child Incest,4
 Punishment,4
 Swearing,4
 Plot What Plot/Porn Without Plot,4
Knotting,4
 Underage - Freeform,4
 Somnophilia,4
 First Meetings,4
 Panty Kink,4
 Making Out,3
 Erotica,3
 Object Insertion,3
 Infantilism,3
 Crack,3
 Non-Graphic Violence,3
 Child Abuse,3
 Blowjobs,3
 heat - Freeform,3
 Sibling Incest,3
 Stalking,3
 Slash,3
 Friendship/Love,3
 Abuse,3
 Threats of Rape/Non-Con,3
 Orgasm,3
 Butt Plugs,3
 Hurt Jensen Ackles,3
 Drinking,3
 Prostitution,3
 Nightmares,3
 Cock Cages,3
 Alternate Universe - College/University,3
 Revenge,3
 Dry Humping,3
 Feels,3
 Possessive Jensen,3
 Kid Fic,3
 Secret Relationship,3
 top!Jared,3
 Crossdressing,3
 Sounding,3
Dom/sub,3
 Coming Untouched,3
 Cunnilingus,3
 bottom!Jensen,3
 Breathplay,3
Sex with Sentient Animals,3
 Whipping,3
 Flashbacks,3
 Homophobia,3
 Subspace,3
First Kiss,3
 Homophobic Language,3
 Cock & Ball Torture,3
 Kink Meme,3
 Diapers,3
 Claustrophobia,3
 Rape Recovery,3
 Rough Oral Sex,3
 Breeding,3
 Captivity,3
RPF,3
 Internal Conflict,3
 Pregnant Sex,3
 Cheating,3
 Trauma,3
 Alternate Universe - High School,3
 Phone Sex,3
 Virgin Jensen,3
 Mild Hurt/Comfort,3
 Clexa,3
 BAMF Jensen,3
 Attempted Murder,3
 Additional Warnings In Author's Note,3
 Chris does not ask Tom's permission every time they have sex,3
 Teacher-Student Relationship,3
 Porn With Plot,3
 Drunk Sex,3
 Aftercare,3
 Cuddling & Snuggling,3
 Friends to Lovers,3
 POV Alternating,3
 Sharing Clothes,3
 Wooing,3
 Drunkenness,3
 physical violence,3
 Car Sex,3
 omega!Jensen,3
 Shaving,3
 Emotional/Psychological Abuse,3
 Mating,3
 Permanent Injury,3
Bestiality,3
 Vibrators,3
 Shy Jared,3
 Loki Does What He Wants,3
 Hurt Jared,3
 bottom!Jared,3
 Objectification,3
 there is no written contract for permission for sex,2
Non-Consensual,2
 Alternate Universe - Slavery,2
 Relationship Negotiation,2
 Touch-Starved,2
 non-con,2
 Unresolved Sexual Tension,2
 Forgiveness,2
 Bottom Dean,2
 Loki - Freeform,2
 Accidental Voyeurism,2
 Talking,2
 omega!Jared,2
Anal Sex,2
 Mindfuck,2
 Cupcakes,2
 Divorce,2
 Kneeling,2
 Scent Kink,2
 Agoraphobia,2
Alternate Universe - Werewolf,2
 Body Modification,2
 Public Sex,2
Love,2
 Daddy Issues,2
 Older Jared,2
 Homelessness,2
 Alternate Universe - Royalty,2
 Vampires,2
Cockles,2
 Blow Jobs in a Car,2
 Younger Jensen,2
 Cockles,2
 Dildos,2
 soul mates,2
 Work In Progress,2
 Power Dynamics,2
 Alternate Universe - Harem,2
 Dark Jensen Ackles,2
 Bondage and Discipline,2
Female Dean,2
 Age Play,2
 Possessive!Jared,2
 Angst and Feels,2
 Extremely Dubious Consent,2
 Fake/Pretend Relationship,2
 Fuck Hole Dean,2
 Learning Disabilities,2
 Multiple Pairings,2
 Alpha/Beta,2
 Sleepy Sex,2
 Were-Creatures,2
 Silly,2
 Warm and Fuzzy Feelings,2
 Texting,2
 Omega Verse,2
 Young Love,2
 Eventual Romance,2
 Felching,2
 Bullying,2
 Extremely Underage,2
 Courtship,2
 Date Night,2
 Fisting,2
 Alternate Universe - Student/Teacher,2
Love Confessions,2
 Alternate Universe - Mob,2
 Sexual Abuse,2
 Sexting,2
 Riding,2
 Angsty Schmoop,2
 Possessiveness,2
 Stockholm Syndrome,2
 Hurt Jared Padalecki,2
 Graphic Sex,2
 Watersports,2
 Rut,2
 dub-con,2
 Triggers,2
 Psychological Trauma,2
 Stabbing,2
 Anxiety Disorder,2
 Shower Sex,2
Abduction,2
 Developing Relationship,2
 Marathon Sex,2
Size Kink,2
 Banter,2
 Deaf Character,2
Angst,2
 Wetting,2
 Temperature Play,2
 Kink Exploration,2
 Miscommunication,2
Violence,2
 Implied/Referenced Drug Use,2
 Alternate Universe - Dystopia,2
 Sexual Violence,2
 Touching,2
 mentions of mpreg,2
 Ice Play,2
 Breast Fucking,2
 enema,2
 Dom!Loki,2
 Public Humiliation,2
 Loki Angst,2
Hurt/Comfort,2
 Gangbang,2
 Prompt Fill,2
 Threesome - F/M/M,2
 alpha!Jensen,2
 Guilt,2
A/B/O,2
 tom hiddleston - Freeform,2
Emotional Manipulation,2
 Older Jensen,2
Mildly Dubious Consent,2
 Breastfeeding,2
 WIP,2
 Miscarriage,2
 Protective Chad,2
 Unsafe Sex,2
 Drugged Sex,2
 Slavery,2
 Kink,2
 Marriage,2
bottom!Jensen,2
 Alcohol,2
 Possessive Jared,2
 graphic birth,2
 Dragons,2
 Brothers,2
 High School,2
 Community: spnkink_meme,2
 RPS - Freeform,2
 Fantasizing,2
 Lapdance,2
 Asgard,2
 Top Sam,2
 Conditioning,2
 Romantic Comedy,2
 Threesome - M/M/M,2
 Attempted Sexual Assault,2
 Depression,2
 Ritual Sex,2
 Murder,2
 Bonding,2
Dubious Consent,2
 First Time Blow Jobs,2
 Implied Mpreg,2
 Mile High Club,2
 mascara,2
 Fighting,2
 Roleplay,2
 Mind Games,2
 Eventual Happy Ending,2
 Self Confidence Issues,2
 War,2
 Gags,2
 Poisoning,2
 Fucking,2
 Cock Warming,2
 Attempted Rape,2
 Emotional Baggage,2
 Loneliness,2
 Young Jared Padalecki,2
 Fluff and Humor,2
 Filming,2
AU,2
 Actor Tom Hiddleston,2
 Hurt,2
 Unrequited Love,2
 Angst and Humor,2
 Sex,2
Alternate Universe - Slavery,2
 Food Sex,2
 Dubious Ethics,2
 Fuck Or Die,2
 blowjob,2
 Enemas,2
 Rough Kissing,2
 Oblivious Jensen,2
 Post-Traumatic Stress Disorder - PTSD,2
Fluff and Smut,2
 Character Death,2
 Unhealthy Relationships,2
 Hurt Jensen,2
 Multiple Relationships,2
 Confinement,2
 Bisexuality,2
 Claiming,2
 Childbirth,2
 Secrets,2
Alternate Universe - High School,2
 Deepthroating,2
 Non-Consensual Bondage,2
 Smoking,2
 Training,2
 Tropes,2
 Lactation Kink,2
 Wedding Night,2
 Amnesia,2
 Comeplay,2
 Polygamy,2
 Grinding,2
 blindfold,2
 Love at First Sight,2
 Supernatural Elements,2
 Lesbian Sex,2
 Serial Killers,2
 Other Additional Tags to Be Added,2
 hiddlesworth au,2
 Come Marking,2
 Alternate Universe - Fantasy,2
 Food Issues,2
Bottom Jensen,2
 genderfluid!tom,1
 Come Shot,1
 Dominant Loki,1
 Fanfiction,1
 alpha/beta/omega trope,1
 Python named Rick,1
Possessive Behavior,1
 hole spanking,1
 Strapping,1
 Polyamory,1
Geek Love,1
 Alternate Universe - Space,1
 self-lubricating,1
 King Loki,1
 Coercion,1
 Penis In Vagina Sex,1
 Implied/Referenced Homophobia,1
 enter at your own risk,1
 Visiting Relatives,1
 Anal Play,1
 Major Dog Injuries,1
 Internal Monologue,1
 Cursed Jensen,1
 British Actor RPF - Freeform,1
 They love each other,1
 Politicians Shalt Not Use Steve's Name In Vain,1
Soulmates,1
 Accidental Stimulation,1
 Dom Tom,1
 depictions of violence,1
 Light Dom/sub,1
 Awesome Misha,1
 Rough Body Play,1
 Alternate Universe - Domestic,1
 Begging,1
 FBI Agent Jensen,1
 Internalized Homophobia,1
 Protective Instincts,1
 Gifts,1
 Emotionally Repressed,1
 References to Mpreg,1
 Accident,1
 Dom Jensen,1
 Clarke Griffin & Raven Reyes Friendship,1
 Sweet sister Anya,1
 Gratuitous Smut,1
 AU Benedict Cumberbatch - Benedict Carlton,1
 Missing Scene,1
 Bisexual,1
 Pegging,1
 Astronauts,1
Coming Out,1
Demon!Chris,1
 Young Jensen,1
 Beta Jensen,1
 Cock Rings,1
 Alternate Reality - Mutated Humans,1
 thoughts of abortion,1
 Epiphanies,1
 The Black Court Unseeli,1
 Suspicion,1
 Alternate Universe - Dark,1
 Porn With Very Little Plot,1
 Conversations,1
 homophobic slur,1
Alternate Universe - Fantasy,1
 Bloodplay,1
 older!Jared,1
 Ripped Clothing,1
 King Laufey - Freeform,1
 Boys Kissing,1
 pseudo-bestiality,1
 Not Happy,1
 Family,1
 Creatures,1
 collaring,1
 pull-ups,1
 Dragon Riders,1
Top Jensen Ackles,1
 Gambling,1
 Eavesdropping,1
 Extreme Age Difference,1
 Matriarchy,1
 I'm Sorry Tolkien,1
 Lazy Mornings,1
 shanking,1
 Genderfluid Character,1
 Soulmates,1
 Polish Stiles Stilinski,1
 Thilbo,1
 Physical hurt/comfort,1
 some background josh groban/kat dennings,1
 Strip Tease,1
 by which i mean skype sex,1
 Mother-Daughter Relationship,1
 Past Violence,1
 J-Squared,1
 Murder in Cold Blood,1
 Harpies,1
 Religious Fanaticism,1
 Angry Jared,1
 Insecure Girl,1
 Twins,1
 Single Dad!Dylan,1
 NSFW Art,1
 Denial of Feelings,1
 Stuttering,1
 Foursome - F/M/M/M,1
 Love Triangles,1
 Come play,1
 pain and suffering,1
 Jtunn Loki,1
 Mind Control,1
 And slips into Romanian a lot when things feel really good,1
 Light BDSM,1
 actor!Jensen,1
 Let me know if I need to add more tags,1
Consent Issues,1
 Witches,1
 Affection,1
 Anal Beads,1
 Unrequited Crush,1
 victim!Tom,1
 Fantasy,1
 object-insertion,1
 Anniversary,1
 tom is a hostage,1
 Bed-Wetting,1
 Haphephobia,1
 Makeover,1
 Romantic Soulmates,1
 Bottom Chris,1
 Bukkake,1
 Chad - Freeform,1
 D/s,1
 BAMF Stiles,1
Physical Disability,1
 check chapter notes for individual warnings,1
 bamf characters,1
 Mating Rituals,1
 Alpha John,1
 Reunions,1
 stuck dildo,1
 Domestic Discipline,1
 prisoner biker fic,1
 Eventual Minor Character Death,1
 Mummification,1
 bottom!Tom Hiddleston,1
 Car Accidents,1
 parking garage,1
 Jensen as a father,1
 mentions of past rape,1
 Politics,1
 Background Character Death,1
 Seduction,1
 Acceptance,1
 Nail Polish,1
Porn with Feelings,1
Frottage,1
 Jensen is a classy son of a gun,1
 epic makeouts,1
 Little Black Dress,1
 Past Child Abuse,1
 Disturbing Themes,1
 Protectiveness,1
Ridiculous,1
 Bookstores,1
Criminal AU,1
 Mates,1
Roommates,1
 Brother Feels,1
 Sex Toy Dean,1
 Dissociation,1
Extreme Underage,1
werecat!Dylan,1
 Horror but with breaks for Porn,1
 I only write happy endings - of sorts :) Take that as you will,1
 Airplane Sex,1
 unintended humilation,1
 m-preg,1
 Paraplegia,1
 Nausea,1
 Cuddles,1
 Jared is 16,1
 First Date,1
 Exploration,1
 Accidents,1
 J2 AU,1
 Tattoo,1
 Riding Crops,1
Gangbang,1
 love in a kitchen,1
 Character Bleed,1
 Implied Incest,1
 surprise,1
 Multiple Dream Jensens,1
 that last only in chapter eleven though,1
 Beating,1
 Cheater!Jared,1
 Birth,1
 Community: spn_reversebang,1
 Not Beta Read,1
 more surprises,1
Tattoos,1
 Police Incompetence,1
 Necromancy,1
Blow Jobs,1
 all sex is consensual,1
 Discussion of mpreg,1
 bra fetish,1
 warnings posted at beginning of chapter when necessary,1
 Meeting the Parents,1
 Illegal Activities,1
 gay!Tom Hiddleston,1
 Alternate Universe - Teachers,1
Episode: s06e15 The French Mistake,1
 Non-Traditional Alpha/Beta/Omega Dynamics,1
 Dragon!Jared,1
 Cum Slut Reader,1
 Comic Book Artist Jared,1
 Animal Traits,1
 Captain America Fandom - Freeform,1
 hinted/implied Thor/Loki past sexual relationship,1
 genetic manipulation,1
 kind of,1
 Young Jensen Ackles,1
 Epilepsy,1
 Corporal Punishment,1
 Common Cold,1
 Dark Elves,1
 Scandal,1
 phone sex (sort of?),1
 And I mean that very literally,1
 Artist Clarke,1
 Excessive smoking,1
 questionable mathematics,1
 The Golden Book of Amun Ra,1
 Thor - Freeform,1
 Gift Giving,1
 Injury,1
 Dinner,1
top!Jared,1
 Lawyers,1
 car,1
 alternative universe,1
 Omorashi,1
 Healing,1
 Sexual Frustration,1
 spousal abuse,1
Smut,1
 Celibacy,1
Alternate Universe - Mob,1
 During CATWS filming,1
 expecting a baby,1
 Incestuous Society,1
 Tail Sex,1
 Teen Angst,1
Fluff and Humor,1
hiddlesworth au,1
 Feelings,1
 Alternate Universe - Different First Meeting,1
 Bisexual Female Character,1
 Multimedia,1
 Angst and Porn,1
 is he dead?,1
 mention of miscarriage,1
 Size Difference,1
 Thor is a jealous asshole,1
 Licking,1
 Benedict is a Minor Character,1
 Astronaut!Sebastian,1
 Lingerie,1
 comics,1
 CEO Jensen,1
 Harry Potter References,1
 Infatuation,1
 monarchy AU,1
 Bruising,1
 Orgasm Control,1
 Jared is 29,1
 Adoption,1
 Asperger Syndrome,1
 Possibly Pre-Slash,1
 Alternate Universe - Homeless,1
 Voyeur Sam,1
 Pedophilia,1
 Jensen needs a hug,1
Tags Contain Spoilers,1
 Spoilers for Charles Dickens' works,1
 jaw breaking,1
 They will both turn 18 soon,1
 Submissive Clarke,1
 so much fluff it may kill you,1
 agressive!Jared,1
 Circus,1
 Drinking Games,1
 Dubious Science,1
 Oral Fixation,1
 Gaslighting,1
 Magic Revealed,1
 Harlequin,1
 Surveillance,1
 Accidentally High,1
 Multiple Partners,1
 All The Glitter,1
 Oil,1
 Eating Disorders,1
 Size Queen Jensen,1
Alternate Universe - Dark,1
 Emotional Sex,1
 Recreational Drug Use,1
 References to Drugs,1
 I need more ideas,1
 Consent Issues,1
 protective!Jared,1
 Jensen is a klutz,1
Alternative Universe - FBI,1
 VERY slow and angsty [super warnings given!],1
 Sub Jared,1
 Attention Deficit Hyperactivity Disorder,1
 Boss/Employee Relationship,1
 Beta Finn,1
 Female Ejaculation,1
 Tom Hiddleston - AU,1
 Subdrop,1
 Winning Bid Sex,1
 crossover between the real world and the fictional world i guess?,1
Reader-Insert,1
 Makeup Sex,1
 Resurrection,1
 Omega Clarke,1
 CFO!Chris Evans,1
 Sick Jensen Ackles,1
 snake - Freeform,1
 teenager!tom,1
 Unrequited,1
 Piercing,1
 Male Slash,1
 Male Dean,1
 Kenneth Branagh/Tom Hiddleston (past relationship),1
 the banana story,1
 Implied/Referenced Child Abuse,1
 Meta,1
 Protective Clarke,1
 Battle,1
 Chris Evans POV,1
 Emotional Abuse,1
 mistaken for a hooker,1
 Nobody dies I swear,1
 all the sex,1
 Masturbation in Shower,1
 mention of threesomes,1
 all the kissing,1
shy!seb,1
 Aesir,1
 Not at all a comedy,1
 Were-Kitten Sebastian,1
Mobsters,1
 Gallows Humor,1
 Fun,1
 Dominant Michael Fassbender,1
 Fluff and Crack,1
 First Love,1
 Ritualistic Sex,1
 Stalker,1
 half asleep humping,1
 Slut Shaming,1
 Rape,1
 and meanings exchanged through looks,1
 Promiscuous Jared,1
 Travel,1
 Thor Odinson - Freeform,1
 Ice Cream,1
 kink meme fill,1
Magical Realism,1
 Eugenics,1
 Established Friendship,1
 Blood and Torture,1
SugarDaddy!Chris,1
 tying up,1
 Bruises,1
 laundry service,1
 learning to love yourself,1
 Abandonment,1
 Light Elves,1
 Skype,1
 evetually,1
 Lies,1
 Curvy Girl,1
 Genderbending,1
 Loki Has Issues,1
 Wordcount: Over 200.000,1
 Movie Night,1
Alternate Universe - Coffee Shops & Cafs,1
 Sugar Daddy,1
 daddy!Jared,1
 Daughter Dean,1
 Arguing,1
Endgame Clarke Griffin/Lexa,1
additional tags,1
 Embarrassment,1
 Thor Angst,1
 Not a Love Story,1
 Orgasm Delay,1
 Probably way too much schmoop,1
 paranormal elements,1
 Jotunheim,1
 Simple Romance,1
 Massage,1
 Minor Injuries,1
 non-con between Tom and teacher,1
 public fingering,1
 Prostitution(sort of but not really you will understand while reading),1
 Alpha Lexa,1
 Wordcount: Over 100.000,1
 bottom!Sebastian,1
 Nerd Jared,1
 Chris Evans Fandom - Freeform,1
 Drunken Confessions,1
Alternate Universe - J2,1
 Kittens,1
 mpreg!Jensen,1
 Tension,1
 Forced Relationship,1
 Concubine,1
 college!seb,1
 Alternate Universe - Crack,1
 Self-Acceptance,1
 Prince Jensen,1
injured athlete!Chris,1
 Anal Gaping,1
 Emotions,1
 Riots,1
 Alternate Universe - Police,1
 Obsessed Jared,1
 sexual awakening,1
 Commander Lexa,1
 Daddy Jared,1
 Discussion of Abortion,1
 Mild Smut,1
 Suicidal Ideation,1
 Sleepy Cuddles,1
 Given the circumstances lmfao,1
 mafia,1
 hints of past domestic abuse,1
 Sad!Jensen,1
 Science Fiction,1
 Set during the filming of Captain America 3,1
 Piercings,1
 Strong Language,1
 Oblivious,1
 Dark,1
 Engagement,1
Princess!Lexa,1
 Sex Slave,1
 Caregiving,1
 predatory stepfather,1
 Mental Coercion,1
 Pranks and Practical Jokes,1
 Blood Drinking,1
 Gym Teacher!Hoechlin,1
 Gentleman Callers,1
 Gentle Sex,1
 sappy to the point of death,1
 And pretty much everywhere else,1
 Mirror Sex,1
 mention of foursomes,1
 Imprinting,1
 delayed intercourse,1
Movie AU,1
 Omega Castiel,1
 live birth,1
 Difficult Decisions,1
 R plus L equals J,1
 Sentient Being!Sex,1
 hookerfic,1
Daddy Kink,1
 High Risk Pregnancy,1
 Hardcore,1
 I've bumped up the rating because it's really filthy now oops,1
 Horny Teenagers,1
 Slow Burn Clarke Griffin/Lexa,1
 Mating Bond,1
 Abstinence,1
 Alternate Universe - Soulmates,1
 Loud Sex,1
 Marvel - Freeform,1
 Inter-species,1
 Parent/Teacher,1
 Magical Healing Cock,1
 PTSD,1
 Discussion of Castration,1
 Recovery,1
 Interviews,1
 Model!James,1
 G!p Lexa,1
Sexual Content,1
 Omega Dean,1
 Warning: NSFW GIFS/images at the end of the story,1
 Mischief,1
 concubine Jared,1
 Light Angst,1
 Sad pandas,1
 Sex Magic,1
 Accidental Relationship,1
Hand Jobs,1
 Graphic,1
 (bareback in later chapters!),1
 canon,1
 moose jared,1
 random POV changes at random times,1
 Bank Robbers,1
 BAMF Chris,1
 public,1
 chris is a robber and con artist,1
 Death,1
 Jared is a good friend,1
Ensemble Cast,1
 but no infidelity!,1
 Protective Tom Hiddleston,1
 Infanticide,1
 Small Penis,1
 Secret Identity,1
 Sherlock (TV) RPF - Freeform,1
 Bromance,1
 twink!Jensen,1
Alternate Universe - Arranged Marriage,1
 Psychopath,1
 full of sin,1
 Seizures,1
 sherlock bbc - Freeform,1
 Mistletoe,1
 Sassy Jared,1
 Alternate Universe - Coffee Shops & Cafs,1
 Implied/Referenced Self-Harm,1
Possessive Jensen,1
 HATERS FUCK OFF,1
Alternate Universe - Bodyguard,1
 Don't forget to give me ideas.,1
 So they totally look like their characters,1
Alternate Universe - Escorts,1
 Jared has no conscience at all,1
 Alternate Universe - Dragons,1
 discussion of lots of kinks,1
 it does get to comfort eventually,1
 Medical Experimentation,1
 Helpful Sibling Advice,1
 feelingsmutty,1
Child Abuse,1
 Sheikh Jensen,1
High School AU,1
 Sharing a Bed,1
 Escape,1
 Public Display of Affection,1
 Verbal Abuse,1
 Protective Misha Collins,1
Crossdressing,1
Christmas Party,1
 Drama and love,1
 Escort Service,1
J2 AU,1
 Gay Panic,1
 Exes,1
 puppy!Jensen,1
 traumatic sports injuries,1
 mpreg Jared,1
 Pint-sized Jensen,1
 Derek and Stiles are Mates,1
 Anal Plug,1
 Lap Sex,1
 Pants wetting,1
 Clexa Endgame,1
 alpha/beta/omega,1
 singer musician Lexa,1
 Mood Swings,1
Crossover,1
 Bad Ass Lexa,1
 sex while half-conscious,1
 Writing on Skin,1
 mother-in-law,1
 Virginity,1
 Wedding,1
 author doesn't know all that much about football,1
 cock - Freeform,1
Alternate Unviverse,1
 Consensual Violence,1
 Bone Breaking,1
 Counter Sex,1
Alternate Universe - Victorian,1
 biker!chris,1
 Sibling Rivalry,1
 Father/Son Incest,1
 the word lover bums me out,1
 Abusive Relationships,1
 Films,1
PWP,1
 Father/Daughter Incest,1
 Maids,1
Alternate Universe - College/University,1
 dominant lexa,1
 Switching,1
 Master Jared,1
 jrataintshit,1
 Alpha Castiel,1
 lots of known feelings,1
 Suburbia,1
 Jensen is such a dummy in this fic,1
 Non-Consensual Somnophilia,1
 Kinky,1
 Gay Sex,1
 Kinks,1
 porn stars,1
 Hand Feeding,1
 Foot Fetish,1
 Teenage Jensen,1
 Explicit Sex,1
 BAMF!Jensen,1
 Emotional Recovery,1
Mutually Unrequited,1
Drabble Collection,1
 SPN J2 Secret Santa,1
 Passionate Sex,1
 m/m - Freeform,1
 Relationship(s),1
 Rape Aftermath,1
 Drunk Hook-Up,1
 Abortion,1
Alternate Universe - Tattoo Parlor,1
 dogfuck rapeworld,1
 Hearts,1
 Norse Mythology - Freeform,1
 Abused Jensen,1
 internalized age gap issues,1
 Aphrodisiacs,1
 Honeymoon,1
 Community: kinkme_merlin,1
 all sex between Chris and Tom is consensual at all times,1
 Toys,1
 Mentions of past abuse,1
 Autism,1
 Morning Sex,1
 Dreams and Nightmares,1
 Food Porn,1
 bagginshield,1
 Tie Kink,1
 Tender Sex,1
 DCBB 2013,1
 SugarBaby!Seb,1
 Therapy,1
 Sociophobia,1
 all the schmoop,1
 Rutting,1
 Rejection,1
 Social Anxiety,1
 Separations,1
 clarke and lexa kiss,1
 Fine Stud Lexa,1
 POV Jensen,1
 intersexual!tom,1
 Uncle/Niece Incest,1
 Fuck Hole Jensen,1
 Orphan - Freeform,1
 Pup feeding,1
Daddy!Kink,1
 First Dates,1
 inappropriate teacher,1
 to be resolved soon,1
 forced amputation,1
 Canon-Typical Violence,1
 Odin is an asshole,1
Nonsexual Ageplay,1
 Sexual Coercion,1
 Alternate Universe - Bakery,1
 Master/Slave,1
 Tried to keep them as true to their personalities as possible,1
Shy Jared,1
 Grandchildren,1
 Plot What Plot,1
 Cum Slut Dean,1
 Alternate Universe - Celebrity,1
 Derek Hale/Stiles Stilinski are Soulmates,1
 spoilers for the rest of the season,1
 half conconscious humping,1
 Alternate Universe - Victorian,1
 the strangled cries of lawyers in love,1
 Mythology - Freeform,1
 Loss of Innocence,1
 Non-Consensual Touching,1
 Ancient Egypt - Middle Kingdom,1
 Jensen has lost his mind!,1
 Teen Romance,1
 Mild Kink,1
 Mpreg Kink,1
 Body Horror,1
 Chris is 32/Seb is 20 and still in college,1
 Big Bang Challenge,1
 Dark Jared Padalecki,1
 Beer,1
 luxury island paradise,1
 Nipple Clamps,1
 Yaoi,1
 Shy Jensen Ackles,1
 Creampie,1
 Loki Fucks Hard,1
 Civil War Press Tour,1
 Dominant Benedict Cumberbatch,1
 fic tic tac toe,1
 Alternate Universe - Prostitution,1
 Domestic Violence,1
 Action,1
 Self-Sacrifice,1
 Edgeplay,1
 Fucked Up Against A Door,1
 Age Swap,1
 Emotional Hurt,1
 Jealous Jared,1
Multiverse,1
 artist!Chris,1
 and some masturbation,1
 thugs - Freeform,1
 Rape/Non-con References,1
 so many misunderstandings,1
 Cock worship and blowjobs and rimming and excessive description of ejaculate!,1
 courting,1
Real Person Slash - Freeform,1
Explicit Language,1
 Waxplay,1
 very very light Dom/sub,1
 Chris does not ask Tom's permission for sex every time they have sex,1
 Werewolf Mates,1
 I have no idea how this turned into an 11k word fic,1
heat - Freeform,1
 Artist Jared,1
 slight D/s,1
 brutal sex,1
 Drunk!Seb&Chris,1
 Epic,1
 Fainting,1
 Alternate Universe - Stripper/Exotic Dancer,1
 Costume Parties & Masquerades,1
 Wax Play,1
 real person fiction - Freeform,1
 assbabies,1
 Famous Jensen Ackles,1
 cute couple love,1
 Pharaoh Jared,1
 Grooming,1
 and then Tom happens,1
 TOO MUCH SLUTTINESS,1
 Curses,1
 Unconscious Sex,1
 Child-birth,1
 Fertility Issues,1
 Bottoming from the Top,1
 check warnings for chapter seventeen too,1
 Spiders,1
Masturbation,1
 the boys look at each other a lot,1
 Prescription Drugs,1
 Storms,1
POV Outsider,1
 Short & Sweet,1
 bastinado,1
Threesome - M/M/M,1
 Sex Addiction,1
 Contracts,1
 Sensory Deprivation,1
 Jeff Davis Is Not A Gift,1
 Beta Wanted,1
 and dubious fix-it magic dust,1
Hurt Jensen,1
 Kink Negotiation,1
 Dessert & Sweets,1
 Jaguars,1
 Paddys Day,1
 human!Tom,1
 Writer!Jensen,1
 Trust Issues,1
 The Lord of the Rings References,1
 Cliffhangers,1
 Implied Sexual Content,1
 gratuitous shakespeare,1
 Jensen will turn lighter,1
 all's well that ends well,1
 Discipline,1
 crying!Jensen,1
 Hospital,1
 Psychic Abilities,1
 Sweaters,1
Daddy Misha,1
Hobrien,1
 Actor - Freeform,1
 Confusion,1
 Time Travel,1
 Polish Stilinskis,1
 bearded!chris,1
Hiddlesworth,1
 trope primer,1
 the internet is forever,1
 before 307,1
 Victorian,1
 Implied/Referenced Torture,1
 stepcest,1
 Non-Consensual Body Modification,1
 Gods,1
 Teenagers,1
 Omegaverse,1
 Alternate Universe - Assassins & Hitmen,1
 self lubricating,1
 behindthescenes,1
 Hospitals,1
 Dragon Jared,1
 Bedroom Sex,1
 chris evans - Freeform,1
 you're all here for the tyler/stiles don't try to deny it,1
 bareback,1
 Immortality,1
 Alcohol Abuse/Alcoholism,1
 Blood Magic,1
 CEO Lexa,1
 sadist!Chris,1
 Come Inflation,1
 Slave Jensen,1
Silent Auction,1
 Genius Raven,1
 OTP: No Not Without You,1
 Community: spn_meanttobe,1
 (At points),1
 Implied/Referenced Character Death,1
 Finger Fucking,1
 celebrity jensen,1
Phone Sex,1
 Mild Angst,1
 Firsts,1
 Polski | Polish,1
 Lust at First Sight,1
 Awkwardness,1
 Nipple Piercings,1
 Mischevious Raven,1
 Acting,1
 semen - Freeform,1
 Avenger Loki,1
 White Witch Chris,1
 birth kink,1
 Molestation,1
 Paddling,1
 Attempted Drugging,1
 Butler's,1
 Proposals,1
 reader perspective,1
Language,1
 Housekeeper Jared,1
 Facials,1
 Rebel!Clarke,1
 Suicidal thoughts (very minor),1
 Five Times,1
 New Orleans,1
 Alcoholism,1
 dragon porn,1
 Cock Slut,1
 Rain,1
 Werefoxes,1
 praise,1
 Emotional Manipulation,1
 AdultBaby,1
 physical therapist!Tom,1
 fake science for the win,1
 Alpha!Q,1
 its cute,1
 Alternate Universe - Historical,1
 Dreaming,1
 Mythical Beings & Creatures,1
 Pussy Spanking,1
 Obsession,1
 Michael Fassbender - Freeform,1
Mob Boss Jared,1
 Lipgloss,1
Infantilism,1
 return of Dom!Tom,1
Other Youtubers,1
 wee-sized!Jensen,1
 killing to protect,1
 Past Rape/Non-con,1
 Medical Torture,1
 Burlesque,1
 Traumatic Brain Injury,1
 Dom/sub Play,1
 Furniture,1
 mentioned mpreg,1
 On-Set Romance,1
 RPF AU,1
 Monster Jared,1
 Pain Sharing,1
 Chris has a plan,1
 f/f - Freeform,1
 Nudity,1
 tonguefucking,1
Mistaken Abuse,1
 Incest,1
Hoechlin and O'Brien a love story,1
 drug interactions,1
 There will be smut later on,1
 Siblings,1
 Sequel pending,1
 Hiddlesworth,1
 Bi,1
 Vomiting,1
 Heartbreaking,1
 Harems,1
 (no spoilers for movie),1
Future Fic,1
 Gang Bang,1
G!p Lexa,1
 Urination,1
 Sebastian is an enthusiastic bottom,1
 Labor/delivery,1
 Religious Content,1
 Flying,1
 A/B/O dynamic,1
 Dom!Chris Evans,1
Alternate Universe - Magical Realism,1
 Comedy,1
 self doubt,1
 Collaboration,1
 brocest,1
 Cruelty,1
 Wall Sex,1
 funishment,1
 Enemies to Lovers,1
 Alternate Universe - Ancient Egypt,1
 Student Jared,1
 soulbonds,1
Werewolves,1
Alternate Universe - Soulmates,1
 the Mad Titan - Freeform,1
Cute,1
 Companionship,1
 clarke is in heat,1
 Wax,1
 royal consort,1
 skinnydipping,1
 Jared's Personal Whore Jensen,1
 top!Chris,1
 mention of suicide,1
 Repressed feels,1
 Separation Anxiety,1
 Past Drug Use,1
 But only the first part,1
 Dire wolves,1
 also there are handjobs,1
 BAMF Chad,1
 Celebrity Crush,1
 Underage Pregnancy,1
 This ship I like it...ANOTHER,1
 Forced Pregnancy,1
 Ragnarok,1
 Emotional Trauma,1
 recreational alcohol use,1
 top!Jensen,1
 Stucky Porn Prompt Challenge,1
 Jensen as Jeff's best friend,1
 reluctance,1
 Human Jensen,1
 Nursing,1
 Alternate Universe - Reincarnation,1
 Painplay,1
 Magic Realism,1
 Organized Crime,1
 Inappropriate Erections,1
 Blueberries,1
 Brief Cigarette Use,1
 submissive!jensen,1
 Daddy Loki,1
 Wordcount: 100-1.000,1
 Alternate Universe - Science Fiction,1
 Light Spanking,1
 homeless Jared,1
Alternate Universe - Skyfall,1
 Naive Jensen,1
 Medical Procedures,1
 Cons/Scams,1
crime lord Jensen,1
 Lee Pace - Freeform,1
 trope,1
 title from a song,1
 Heat Cycles,1
 (Jared wearing a cheerleader uniform),1
 fantasy sex toys,1
 No-one died at the end of hobbit,1
 Uncle/Nephew Incest,1
Birthday Presents,1
 The White Court Seeli,1
 Chris has a bad attitude and hates everything,1
 Jensen is 11,1
 Making Love,1
 Chris likes it,1
 Mother-Son Relationship,1
 Prom,1
 DaddyBatch,1
 lots of eye contact,1
Alternate Universe - Superheroes/Superpowers,1
 simulated sexual assault,1
 Landlord Jenny,1
Disability,1
 Shapeshifter Loki,1
 references to past character death,1
 Requited Love,1
 Technically lol,1
 Mostly Fluff,1
 Mild Gore,1
 deviates majorly from the actual episode,1
 Bi curious,1
 Police Officer Misha,1
 Alternative Universe - FBI,1
 Spying,1
 Wordplay as foreplay,1
 Pining Seb,1
 Mirror!sex,1
 Resolved Sexual Tension,1
 Blind Character,1
 Just Roll With It,1
 Abuse of Authority,1
 Awkward,1
 pregnant wife,1
 nonsexual infantilism,1
 Shapeshifting,1
 Deleted Scenes,1
 Hope,1
 Naked Cuddling,1
 Non-Consensual Spanking,1
 Restriction of Autonomy,1
 Bitterness,1
Falling In Love,1
 Protective Loki,1
 Tom Hiddleston Fucks Hard,1
Slavery,1
 CBT,1
 Ugly Holiday Sweaters,1
 Slave Training,1
 Mob Boss Jensen,1
 Norns - Freeform,1
 Bottom Sam,1
 Dating,1
 Period-Typical Racism,1
 Marking,1
 loki laufeyson - Freeform,1
 Too much plot and exposition!,1
 prison!biker au,1
 Top Dean,1
 men in women's underwear,1
 Performance Art,1
 bookstore jared,1
 Petyr Baelish/Sansa Stark Non-Con/Abuse,1
 Inanimate Object Porn,1
 pretty dirty stuff,1
 Witchcraft,1
 Twink Jared,1
 Commitment,1
 Top Castiel,1
 Jormundgand,1
 Tags May Change,1
 mention of all sorts of sex toys,1
 Period-Typical Sexism,1
 Warning: Mild Breathplay,1
 Shotgunning,1
 Jared is a fusspot,1
 Loki (Marvel) - Freeform,1
 alpha/beta/omegaverse,1
 Titans,1
 Brutality,1
 Erotic Poetry,1
 Physical Disability,1
 Past Lives,1
 Pretending to be Asleep,1
 black magic,1
 Overstimulation,1
 for now it's a lot of fluff,1
 ESPECIALLY CHAPTER SIX,1
 Woman on Top,1
Movie Star Jensen,1
 Angry Sex,1
Kissing,1
 Doctor Clarke,1
 Alpha/Omega trope,1
Paganism,1
 Underage Jensen,1
 sex dreams turn out to be real,1
 BAMF Jared Padalecki,1
 Stair Sex,1
 Past Character Death,1
 slave!Jensen,1
 Protective Michael,1
 Extremely Underage Sex,1
 Alternate Universe - Werewolves Are Known,1
 also author doesn't know anything about summer school sessions,1
 Plugs,1
 Frosting,1
 Caretaking,1
 No Mercy for JD,1
 Almost Fisting,1
 Time Skips,1
 Ladies and gentlemen the one and only Raven Reyes,1
 Concubine Jensen,1
 assplay,1
 Alpha Sam,1
 Hugs,1
 they finally did it,1
 spanking as therapy,1
 Not Safe Sane and Consensual,1
 BAMF Jared,1
 Fist Fights,1
 Deal-making,1
 very real emotions,1
hobrien week,1
Alternate Universe - Office,1
Age Difference,1
 baby-doll!Jensen,1
 Mild Painplay,1
 fingering without lube,1
 Seductive Romance,1
 horned god jared,1
 Tenderness,1
 enema play,1
Courtship,1
 Past Rape/Non-con (not between main pairing),1
 Forced Marriage,1
 Thor (Marvel) - Freeform,1
 Desperation,1
 Forced Bonding,1
 Benedict Cumberbatch - Freeform,1
 Implied/Referenced Domestic Violence,1
 Laundry,1
 Tom breaks down all his walls,1
 Betrayal,1
 cross-dressing,1
 Rope Bondage,1
 Jared is a Wolf,1
 Snowballing,1
 Post-Avengers Asgard,1
ABO,1
 Conspiracy,1
 Dark Character,1
 but all in the past and only briefly referenced,1
 UST,1
 Bed Sex,1
 Scenting,1
 Guns,1
 Pet!Jensen,1
 preternatural elements,1
 Medical Kink,1
 clarke and finn never had sex,1
 Contraception spells,1
 Werecats,1
 Thorki - Freeform,1
 Dean is a complete slut,1
 i guess....,1
Mild Language,1
 Crossdressing Kink,1
 Secret Crush,1
 return of the ex,1
 Period Typical Attitudes,1
 Cumshot,1
 Genghis Khan was the most badass omega of all time.,1
 Non-consensual Medical Procedures,1
 It was a very specific prompt,1
 Wake-Up Sex,1
 15 months later we finally reach the end,1
Were-Creatures,1
 Electra Complex,1
 Chastity Device,1
Alternate Universe - Modern Setting,1
 Comfort/Angst,1
 Multiple Sex Positions,1
 Accidental Kissing,1
 Teeny bit of angst,1
 shy!Jensen,1
 lots and lots of cock,1
 Love/Hate,1
 Eventual Relationships,1
 Spit Kink,1
 AU- Crime,1
 Gang Rape,1
 or I hope so,1
 it's a girl!,1
 Chris is anti social and doesn't like people very much,1
 Sex Toy Jensen,1
 predation,1
 Accidental Orgasm,1
 Evanstan - Freeform,1
 IT'S FICTION,1
 Celebrities,1
 Supernatural Reverse Big Bang Challenge 2014,1
 Amsterdam,1
 References to Knotting,1
 Film,1
 Sassy Peter Hale,1
 Baby Jensen Ackles,1
 Psychology,1
 relationship,1
 Cousin Incest,1
 Daddy!Jeff,1
 Alpha/Omega AU,1
 first heat,1
 Dub-Con Infantilism,1
Sharing Clothes,1
 Action/Adventure,1
elycia,1
 Threesome,1
 Puppy Play,1
 Wicked Mother,1
 labor,1
 Elks,1
 Sex with Sentient Animals,1
 Pseudo-Incest,1
 Accidental Cuddling,1
 Transformation,1
 Manipulations,1
 Psychics,1
 Yggdrasil - Freeform,1
BDSM,1
 virgin!Jensen,1
 slight hurt/limp Jensen toward the end (not shown or graphic.),1
 Weapons,1
 very brief chris/other and seb/other in context of this au,1
 lip gloss,1
 Jotun,1
 Roadtrips,1
 lots of looking,1
 Romantic Fluff,1
 Mantisfuck Consentworld,1
 Long-Distance Relationship,1
 Hoechlin smiles a lot,1
 Not Really Character Death,1
 Racist Language,1
 intimidation and seeking,1
 Criminal violence,1
 myths,1
 more to be added - Freeform,1
 Self-Esteem Issues,1
 Minor Human Injuries,1
 Steve Rogers Is Not A Conservative,1
 Pornography,1
 sex toy Dean!,1
 mob boss!jared,1
Dragons,1
 Consensual Sex,1
 a/b/o dynamics,1
 Crimes & Criminals,1
 Stubborn Lexa,1
 Lawyer!Jared,1
 Paedophile,1
 Virgin Jared,1
 Abduction,1
 Top Sebastian,1
 Fuck Hole Reader,1
 underage (two minors having sex with each other),1
 Gloves,1
 Treason,1
 Innocent Jensen,1
 Lots of cuddles,1
 Squirting,1
Kink,1
 Bartender Jared,1
 ahaha god i wish there was a better tag,1
 Table Sex,1
 Bringing Joy To The World and Making Spirits Bright,1
 Impregnation,1
 Omega!Bond,1
 Clone Sex,1
 Chris tries to help,1
 Alternate Dimensions,1
 Pacifiers,1
 No Safeword,1
 Jealous Jensen Ackles,1
 Injury Recovery,1
 misuse of plushies,1
 Co-workers,1
 Adultbaby!Jensen,1
 Arthur Finds Out,1
 eventually,1
 Heat/rut,1
 Graphic descriptions of medically impossible heart care,1
 Sweet,1
Polyamory,1
 Come Swallowing,1
 Sidekick Anya,1
 Alternate Universe - Burlesque Club,1
 Non-violent Restraint Technique,1
 Mount Weather,1
 Gay,1
 Sappy,1
 non-con/dub-con elements,1
 Dudes who need to shut up and get it together,1
 Hate Sex,1
 im always here for polish stiles,1
 Avengers!Loki,1
 Genderswap,1
 Heavy Angst,1
 Moving In Together,1
 mature scenes,1
 Suckling,1
 Playful Sex,1
 Outdoor Sex,1
 Male Lactation,1
 Burlesque Dancer Jensen,1
 But it won't be entirely dark and glum either,1
 Belly Kink,1
 Consorts - Freeform,1
 Assassins & Hitmen,1
 discussion of suicidal thoughts,1
Prompt Fic,1
 Hole Play,1
 Undercover as a Couple,1
Alternate Universe - Homeless,1
 Canon Continuation,1
New Year's Eve,1
 Lots of Drunk!Seb,1
 Dominant Tom Hiddleston,1
 Younger Dean,1
 Bi-curious,1
 Christmas Crack,1
 jerk!Chris,1
 Derek is Derek,1
 Memory Loss,1
Fic Exchange,1
 Wordcount: 50.000-100.000,1
 Implied/Referenced Minor Character Death,1
 Missing Persons,1
 rich and famous,1
 Dragon/Human,1
 pooping,1
 Forced Submission,1
Pining,1
 Romantic Friendship,1
 mention of rape,1
 oedipus complex,1
 Consensual,1
 underage (teenage implied),1
 Dom Chris,1
 Mentions of past child abuse,1
Character Bleed,1
 Suicidal Thoughts,1
 His lips taste like caramel,1
 Cock Worship,1
 Ridiculousness,1
 Werewolf!Sex,1
 bottom/top switching,1
 drugged,1
 non-con elements,1
 Flirting,1
 Drugs,1
 poor decision-making,1
Muteness,1
 Male self-lubrication,1
 Eventual Fluff,1
 there's no good tag for 'more a companionship service than escort service',1
 arranged mating,1
 Road Trips,1
 Dogs Fucking Jensen,1
 but no actual mpreg,1
 Love Bites,1
 Whatever shameless stuff you can imagine is here.,1
 Electrocution,1
 Loyalty,1
 Adopted Siblings,1
Chris Evans Is Ridiculous,1
Community: spn_meanttobe,1
 deaf jensen ackles,1
Deaf Character,1
 it gets hot,1
Pack Mother Stiles Stilinski,1
 overcoming your past,1
 Sorta It's More Casual Dating So,1
 Jtnar,1
 I don't even know what I was thinking,1
 Alternate Universe - Little Red Riding Hood,1
 Alternative Universe - Monarchy,1
 Complications,1
 Alternate History,1
 Mean!Jared,1
 Gymnastics,1
 oh.wait.i.think.i'm.jealous!chris,1
 clarke and lexa - Freeform,1
 Set in the Victorian Era,1
 background sterek,1
 Lost Child,1
 Mother/Son Incest,1
 Self-Loathing,1
 Some Ableist Language by Minor Characters,1
 experimenting,1
 Glitter,1
 Sexist Language,1
 Consensual Underage Sex,1
 Christmas,1
