 Fluff,33
 Angst,26
Alternate Universe,24
,23
 Anal Sex,21
 Sexual Content,20
 Rimming,19
 Explicit Sexual Content,18
 Smut,17
 Bipolar Disorder,16
 Slow Burn,16
 Future Fic,14
 Alternate Universe,14
 Oral Sex,11
 Pining,11
 Homophobic Language,11
 Romance,10
 Alternate Universe - Canon Divergence,10
 Recreational Drug Use,10
 Internalized Homophobia,9
 Violence,9
 Gallavich,9
AU,9
 Established Relationship,8
 Masturbation,8
Gallavich,7
 Hurt/Comfort,7
 Slurs,7
Alternate Universe - College/University,7
 Humor,7
 Bipolar Ian,7
 Anal Fingering,6
 Sexual Tension,6
 Jealousy,6
Fluff,5
 Explicit Language,5
 Blow Jobs,5
 Alcohol,5
 Drug Use,5
 Mental Health Issues,5
 AU,5
 Fluff and Angst,5
Future Fic,5
 Kissing,5
 Canon-Typical Violence,5
 Christmas,5
 Dirty Talk,4
 Sibling Bonding,4
 Friends to Lovers,4
 Unresolved Sexual Tension,4
 Minor Violence,4
Fluff and Angst,4
 Alternate Universe - Soulmates,4
 Angst with a Happy Ending,4
 cuteness,4
 Canon Compliant,4
 Abuse,4
 Alternate Universe - High School,4
 Drinking,4
Alternate Universe - Soulmates,4
 Alternate Universe - College/University,4
 Frottage,4
 Fake/Pretend Relationship,4
 Flirting,4
 Happy Ending,3
Angst,3
Rimming,3
 Sexual Abuse,3
 Rough Sex,3
 Drugs,3
Slow Burn,3
 Alcohol Abuse/Alcoholism,3
 mentions of bipolar disorder,3
 Hand Jobs,3
 Jealous Mickey,3
Sexual Content,3
 Jealous Mickey Milkovich,3
 Long-Distance Relationship,3
Violence,3
 Coming Out,3
 Minor Character Death,3
 Eventual Happy Ending,3
 Phone Sex,3
 Mutual Pining,3
 Confrontations,3
 Misunderstandings,3
 Homophobia,3
Jealousy,3
 bottom!Ian,3
 Shotgunning,2
Texting,2
 Flashbacks,2
 Getting Back Together,2
 Praise Kink,2
 English Major Ian,2
 Closeted Mickey,2
 Mildly Dubious Consent,2
 Bullying,2
 Crushes,2
 Jealous Ian Gallagher,2
 Shameless,2
Explicit Language,2
Soulmates,2
 Fate & Destiny,2
 Love,2
 Alternate Universe - Roommates/Housemates,2
Family,2
 Domestic Fluff,2
 Underage Drinking,2
 Sexting,2
 Alternate Canon,2
 Bathroom Sex,2
 Guns,2
 Implied/Referenced Rape/Non-con,2
 Shameless Smut,2
 domestic gallavich,2
 Kidnapping,2
 Falling In Love,2
 Self-Harm,2
 Soulmates,2
 Cheating,2
 First Time,2
 Alien Cultural Differences,2
 ooc,2
 Road Trips,2
 Non-Graphic Violence,2
 Slice of Life,2
 Child Abuse,2
 Shower Sex,2
Alpha/Beta/Omega Dynamics,2
 Character Study,2
 Protective!Mickey,2
 Tumblr Prompt,2
 Brief Mentions of Bipolar Disorder,2
 Ghetto Married,2
 Holding Hands,2
Recreational Drug Use,2
 Friendship/Love,2
Angst with a Happy Ending,2
 lol,2
 Coffee Shops,2
 Mild Language,2
post 5x12,2
 Alternate Universe - Coffee Shops & Cafs,2
 Idiots in Love,2
 Canon divergent,2
 Smoking,2
 Language,2
Alternate Universe - Rock Band,2
 Boyfriends,2
 Art Student Mickey,2
 Break Up,2
 Panic Attacks,2
Bipolar Disorder,2
 Boys In Love,2
 Jealous Ian,2
 Mpreg,2
 Alternate Universe - Different First Meeting,2
 Original Character(s),2
 Mutual Masturbation,2
 past and present abuse,2
 Eventual Smut,2
 Spanking,2
 Dancing,2
 Meet-Cute,2
 Some Fluff,2
 Cybersex,2
 Medication,2
 jealous!Mickey,2
 Some angst,2
 Suicidal Thoughts,2
 Protective Mickey Milkovich,2
 Unresolved Romantic Tension,2
 Dry Humping,2
Shameless Big Bang,2
 Riding,2
 Sex Toys,2
 Season 1,2
 Handcuffs,2
 Gun Violence,2
 Love Triangles,2
 Barebacking,2
 A.U.gust,2
 Implied/Referenced Child Abuse,2
 Prostitution,2
 Kid Fic,2
 some violence,2
 Semi-Public Sex,2
 Strong Homophobic Language,1
Private School AU,1
 Chicago (City),1
 Secret Relationship,1
 Hurt,1
 Spooning,1
Gap Filler,1
 even though the description is of emma greenwell's mandy,1
 corporate ian,1
 canon-typical child abuse,1
 Milestones,1
Coming Out,1
 3x06 rework,1
Voyeurism,1
 Unhappy Ending,1
Shower Sex,1
 Het Sex,1
 Unrequited Love,1
 graphic birth,1
 Temporary role reversal,1
 Aftercare,1
 Cute,1
 ?? - Freeform,1
 Apartment AU,1
 Mention of Physical Abuse,1
 Sherlock Loves John,1
Marriage Proposal,1
 Edgeplay,1
 Daddy!Mickey,1
 i have two little brothers i know what the fuck kids get up to,1
 gets a little matureish in chapter five,1
 Families of Choice,1
 Kind of smut,1
 domestic!Gallavich,1
 adult yev,1
 memories of past abuse,1
 this is probably total garbage ok,1
 Implied/Referenced Homophobia,1
 Crack,1
 very rude language,1
 Overzealous Promotion of Certain Foods,1
 first crushes,1
 Little Mickey,1
 Mentions of childhood abuse,1
 Broken Mickey,1
 Blatant Flirting,1
 Het Relationship - don't run away!!,1
 i just wanted ian to have neck tattoos and mickey to wear buddy holly glasses,1
 cute baby,1
 they're so fucking gay,1
Romance,1
 Forbidden Love,1
 they're bunkmates at gunderson house group home,1
 not that much,1
 New Year's Eve,1
 No Aftercare,1
 Angst and Humor,1
 Threats of Violence,1
 Ice Hockey - Mickey,1
 First Dates,1
 Aftermath of Violence,1
 Set in an alternative timeline to what wouldve been 3x06-7,1
 Cop!AU,1
 Picnics,1
 Carpenter Ian,1
 but hes better now,1
 Discussion of Canonical Rape in Later Chapters,1
Post-Prison,1
no doubt there are other characters I cba list,1
 ian has a fantasy lol,1
 Mention of Canon Rape,1
Canon Rewrite,1
 ((but it's barely there)),1
 basically warnings for all the types of things that occur in the show lol,1
 Sex,1
 Cuddling & Snuggling,1
 Drug Abuse,1
 Rich Mickey,1
 the one where they go to rescue ian,1
 Best Friends,1
 Figure Skating - Ian,1
 Implied/Referenced Abuse,1
 In case you were worried about that,1
 Ian's in human form,1
 Mentions of mental and physical abuse,1
 Making Up,1
 Sexual Fantasy,1
 anaesthetics,1
 Nostalgia,1
 Soulmate AU,1
 Attempted infedelity,1
 Guardian Angels,1
 Family Drama,1
accidental/involuntary cuddling and hand-holding abound,1
 Crying After Sex,1
 POV Alternating,1
 Mentions of Pedophilia,1
 accidental injury,1
 Mating Cycles/In Heat,1
Riding,1
 he wouldnt let him die lets be real,1
additional tags,1
Praise Kink,1
 post season six (semi-canon divergent),1
 Gas Station Sex,1
Nightmares,1
 Domesticity,1
 mention of suicide,1
 Uncles,1
 Basically incidents in which people witness involving Ian and Mickey,1
 Alternate Universe - Magic,1
 they're rich so they can go on vacation wherever they want,1
Ian sleeps with everyone he shouldn't,1
 like a lot of fluff,1
 Gratuitous Smut,1
sad boy porn,1
Shameless Big Bang 2014,1
 Younger characters wanting older characters,1
 Alternate Universe - Mechanics,1
Domesticity,1
Episode Related,1
 Drug Addiction,1
mild violence,1
 Suicide mention,1
 A couple years after Season 4,1
 Sharing Clothes,1
 Mentions of bipolar,1
 memories of self-injury,1
 Holidays,1
 3x06 didn't happen,1
 Season 5 Re-write,1
 Car Accident,1
 proposal,1
 sleepover sex what whaaaaat,1
 Rowing,1
 I love you's,1
 Road Trip,1
 Embarrassment,1
 Bipolar Disorder Mentioned,1
 not edited,1
 traditional views on masculinity and gender,1
 slowish burn,1
 Fisting,1
 Crying,1
GED - Freeform,1
 Gym AU,1
 A LOT of impending smut,1
 breaking up,1
 hand holding,1
 Feeding,1
 Betrayal,1
 Tattoos,1
 bad life choices,1
 rape mention,1
 High School,1
 Alternate Universe - Hospital,1
 All the swears,1
 Yuletide Treat,1
 top!Mickey,1
 alludes to rape,1
 dead terry,1
Friends With Benefits AU,1
 Bondage,1
 Alternate Universe - Space,1
A.U.gust,1
 murder/violence,1
 there is always smut,1
 a disturbing amount of bad puns,1
 rich!Mickey,1
Mentions of Canon Rape,1
Families of Choice,1
 not much drugs,1
 Family,1
 i love these two boys oh my,1
 Mentions of harmful situations,1
 face riding,1
 implied blowjob in chapter two,1
Alternate Universe - Hogwarts,1
 also bi mandy hahahha,1
 Implied Sexual Content,1
Christmas fic,1
 soulmate!AU,1
 Talk of adoption,1
 (all the content the show contains,1
 cheating Ian,1
 Classroom Sex,1
 not for the sex tho,1
 Again,1
 Police,1
Canon Compliant,1
 Sexuality Crisis,1
 UST,1
 (like season 5 not too far in the future),1
 Softdrugs,1
modern day pride and prejudice au,1
 Stream of Consciousness,1
 such fun!,1
Date Night,1
 Sleeping Together,1
 that's right from the start,1
Amnesia,1
 because I haven't been satisfied with any other descriptions of how it plays out so here this is,1
 Ensemble Cast,1
 Cuddling,1
 Family Dinners,1
 Hot Tub Sex,1
Alternate Beginnings,1
 i just added that,1
housebuilding/construction worker AU,1
 Military,1
 mentions of sexual abuse,1
Shameless,1
 Come Shot,1
 Bleeding,1
 Comeplay,1
 Secret Crush,1
 mickey runs the cafe with mandy,1
 frat boy Mickey,1
 mickey is a sarcastic little shit,1
 Oblivious,1
 aftermath of canonical rape,1
 Domestic Bliss,1
 Major Character Death is not Ian or Mickey,1
 I'd Say I'm Sorry but I'm not,1
 Season 6 does not exist,1
 only a little angst,1
 after 4x12,1
 Everybody wants Mickey,1
 Heartbreak,1
Plot What Plot/Porn Without Plot,1
 dont worry ian lives,1
drugged,1
 Sex Work,1
 Ableist Language,1
Hospitals,1
 High School Teachers,1
Infidelity,1
domestic!Gallavich,1
 proof of relationship,1
 things are getting flirty,1
 Shoe Kink,1
 parent love,1
 Stuttering,1
 Panic attacks - mild,1
 Gallavich - AU,1
 Slow Romance,1
 Blood,1
 References to Abuse,1
 Canon Divergence,1
 Gratuitous Makeout Sesh,1
 at least at first,1
 uhh throw me in the trash,1
 Body Image,1
 Conflicted Mickey,1
 some angst/sadness,1
 Privileged Milkoviches,1
 mandy's still mandy pretty much,1
 Artist Mickey,1
 No dude I mean like a disturbing amount of bad puns...,1
 tw self injury,1
 and nothing bad ever happened,1
 Extended Metaphors,1
 S&M,1
 Emotional,1
 Affection,1
 Anal Beads,1
 Teasing,1
 Unrequited Crush,1
 Gunshot Wounds,1
" i wanted to hear mickey milkovich use the phrase ""monster cock""",1
Olympics AU,1
 Domestic,1
 5 Times,1
 Fix-It,1
 serial dater ian,1
 Suspicions,1
 Slow Burn (probably),1
 Fantasy,1
 an attempt at smut that failed miserably i'm sorry,1
 Protective Siblings,1
 dead svetlana,1
 tw vomit,1
 Coming Untouched,1
 Afterlife,1
 sober companion,1
 physical violence,1
unprotected sex,1
 Realization,1
 Clubbing,1
 (4x09 blowjob),1
 Shameless Season 6,1
 Based on a Tumblr Post,1
Explicit Sexual Content,1
 Post-Traumatic Stress Disorder - PTSD,1
 Adultery,1
 fluuuuuuuuuuuuuuuuuuuuuuuuuff,1
 Talk of Abortion,1
 Physical Abuse,1
 Burns,1
 Domestic Ian Gallagher/Mickey Milkovich,1
 I give in too,1
Roleplay,1
 True Love,1
 Angst/Fluff,1
 Morning Sickness,1
jealous!Ian,1
Post Season 5,1
 Implied Sexuality,1
 Anonymous Sex,1
 y'know just once,1
Bipolar Ian,1
 Character Death,1
 let's all suspend disbelief about Linda letting Mickey keep that key okay?,1
 PDA,1
 Silly Drunks,1
 POV Mickey,1
 Alternate Season 6 Gallavich Storyline,1
 Celebrations,1
 there will be smut,1
 multiple POVs,1
Family Fluff,1
 Alternate Universe - Future,1
 Substance Abuse,1
 Possible self harm trigger warning,1
Emotional Hurt/Comfort,1
 Sexual Discovery,1
 Robbery,1
set in Season Two,1
 slightly ooc mickey,1
 So please put down any pitchforks and torches you are readying,1
 Depression,1
The Underage tag is for Carl's solo sexual thoughts/activities,1
 Editor!Ian,1
Alternate Universe - Hockey,1
 Loss of a limb - Freeform,1
 Family Fluff,1
 May/December Relationship,1
 Alien Ian,1
 UPDATES ARE EVERY TWO WEEKS!,1
 Zombie Violence,1
 Mpreg Mickey,1
 daddy ian,1
 Inspired by Music,1
 just a little,1
 Insecure Mickey,1
 Custody Battle,1
 Sad Mickey,1
 cute boyfriends,1
 unspecified mental disorder,1
 Long-Term Relationship(s),1
 this fic was my happy place okay it's self indulgent,1
 erotic asphyxiation,1
 cheating (sort of),1
 3am Coffee,1
 Protective!Lip,1
 Swearing,1
 Ian just really wants to kiss Mickey,1
 Locker Room Sex,1
 Out of Character,1
 Past Child Abuse,1
 Epithet Overload,1
 filler scene for 3x06,1
Kevin's POV,1
 deeply closeted Mickey,1
 Attempted Rape/Non-Con,1
 Neighbors AU,1
 Emotional Hurt/Comfort,1
 ian is lizzie,1
Non-Graphic Violence,1
 Not That Slow Though,1
 Daddy Mickey,1
 Mention of abuse,1
 include mentions of bi!lip and bi!fiona,1
 Internal Conflict,1
Remix,1
Tattoos,1
 fistfights,1
 crushing from afar,1
 Winter,1
 self abuse,1
 not much smokes,1
 Red String of Fate,1
 Shooting,1
 They are very adorable,1
 Top Ian,1
 Electrician Mickey,1
 Orgasm Delay/Denial,1
 small scars,1
 Lust,1
 Brian's in it as a cockblock only,1
 early 20s,1
Sibling Bonding,1
alternative universe,1
 mickey is darcy,1
 mention of canon past rape,1
 Alternate Universe - Boarding School,1
 John Loves Sherlock,1
 of course mickey is pleased about that,1
 but not super angsty,1
 cissexist views about sex,1
 Soul Mate AU,1
 original character death,1
 [Spring break draft clean up],1
 mickey takes care of ian,1
 (suicide mention is extremely brief but i figure better safe than sorry),1
 shit gets explicit in chapter 8,1
 Not Politically Correct,1
 size queen mickey,1
 Post-Canon,1
 homophobic violence,1
Coitus Interruptus,1
 Mention of Past Sexual Assault,1
 Sexual decriptions,1
 Ableism,1
Mentions of Sexual Assault,1
 Protectiveness,1
Fiona PoV,1
protective mickey,1
 it's bad though,1
Post Season Six,1
 rimming that isn't romantic or sweet or pretty,1
 Rehabilitation,1
 sliiiiightly possessive ian i know some ppl dont like that so? yeah,1
 Racist Language,1
 Or tag this,1
 Ian's POV (for the most part),1
 mentions of child abuse,1
 Fantasy elements,1
 Boarding School,1
 Ian x Mandy friendship,1
 Mentions of cock and coming but no graphic sex scenes,1
 Eating Disorder Not Otherwise Specified,1
 Christmas Fluff,1
 friendship is important,1
 Self-Esteem Issues,1
 Skeevy Sexual Encounters,1
 Kissing Booths,1
 mandy's at art school,1
 Brief Mention of Underage Prostitution,1
 SO MUCH FLUFF,1
 Unspecified Anxiety Disorder,1
 language barriers,1
 Online Romance,1
 Nosy coworkers,1
 Canon Ian,1
casual manipulative drug use,1
 but the idea wouldn't leave me alone,1
 Rich Ian,1
 Unreliable Narrator,1
 food is a big part of this fic,1
 Vomiting,1
 mandy is awesome,1
 face fucking,1
 Shameless AU,1
 Violence - Hockey,1
 Emotional Abuse,1
 Worried boyfriends,1
 Discussion of canon non-consensual sexual situations,1
 prompted,1
 Isolation,1
 Anxiety Attacks,1
 morning sickness/vomiting,1
Dysfunctional Family,1
Alternate Universe - High School,1
 Brother-Sister Relationships,1
Not canon-compliant,1
 Topping from the Bottom,1
 mute ian,1
Bad BDSM Etiquette,1
 dicks get grabbed in ch 7,1
 Weddings,1
 Trans Female Character,1
High School AU,1
 kind of a role reversal?,1
 Sharing a Bed,1
 Family Reunions,1
 dad mickey,1
 Family Bonding,1
 Ghosts,1
 Underage Prostitution,1
Alternate Universe - Canon Divergence,1
 serial killer au,1
 Sexual Humor,1
Personal Chef! AU,1
 Underage Substance Use,1
 mentions of past violence,1
 Top Ian Gallagher,1
Drunk Ian,1
 Family Dinner,1
 Lip is an awesome brother,1
 there's just no debate about it,1
 jealous!Ian,1
 I'm trash who wants to worship Mickey's body through Ian,1
 and he's got money,1
 Bastardization of Human Biology,1
 Multichapter,1
 obviously,1
 I NEEDED THIS,1
 very very rude language,1
 Sexy,1
 but Ian gets even more jealous,1
 Season/Series 06,1
 Verbal Abuse,1
 Ian never has any chill,1
 Sibling Love,1
 Speech Disorders,1
 violence/blood,1
 dating apps,1
 Denial of Feelings,1
 Artist!Mickey,1
 mentions of anxiety and depression,1
 Face-Fucking,1
 Fake Dating,1
 kind of,1
 Fluff and Smut,1
Meet the Family,1
 Self Confidence Issues,1
 Light Angst,1
 Deaf Mickey,1
 Sexual Dysfunction,1
 Groceries,1
 Gossip,1
 call center au,1
Schmoop,1
 Domestic Violence,1
 Reunion Sex,1
 Heartache,1
 Developing Relationship,1
 except when he's not,1
 Bad Birthday Memories,1
 nine years post 6x01,1
 and svetlana is a stranger,1
 Prostate Milking,1
 Dom/sub,1
 character study kind of,1
 Gift Giving,1
 either way its mandy,1
 Phone Calls,1
 basically this is just pointless dick-riding with some accidental rimming thrown in,1
Fluffy,1
 i have no idea what this is dont look at me,1
 but this is Shameless,1
 pining mickey,1
 this is literally a johnlock version of shameless I regret nothing,1
 thoughts about cutting,1
 Gay Bashing,1
Soulmate AU,1
 cute and sad and i have a lot of feels about this,1
 Emotional Constipation,1
Alternate Universe - Zombie Apocalypse,1
 Frank is an asshole,1
 Also kind of,1
Alternate Universe - Royalty,1
 Model Ian,1
Prison,1
Fighter Pilots,1
Unresolved Sexual Tension,1
 Suicide Attempt,1
 Love Confessions,1
 (because at the end of the day I always include sex),1
spoilers from 4x08 on,1
 Alternate Universe - Teachers,1
 Challenge: A.U.gust,1
Smut,1
some smut,1
more tags will come as this progresses,1
apparently I'm keeping on going with this AU a bit,1
 Laundromat,1
 Impromptu Date Night,1
 French Toast,1
 i picture jane levy's mandy in this tbh,1
 Reincarnation,1
 Bottom Ian,1
past Mickey/OMC,1
 Fuckbuddies,1
 And that's all the tags I got,1
 Mickey and Ian use their fists,1
 Mind Sex,1
 fully consensual possessive sex,1
 more tags to follow as the story progresses,1
 Mickey and Ian use their words,1
 Domestic Mickey,1
 Soulmates AU,1
 Organized Crime,1
 different social classes,1
Internalized Homophobia,1
 Dom/sub Undertones,1
 Student!Mickey,1
 Alternate Universe- Soul Mate,1
 emotional sex and smut,1
 Prison,1
Canon Divergence,1
 Light Bondage,1
 CARL AND MICKEY DO NOT HAVE ANY SEX,1
 implied smut but only a teeny bit so sorry,1
 handjobs,1
 mickey's annoying ex,1
 just for the next chapter,1
 Father-Son Relationship,1
 rich!ian,1
 it's /happy/ okay,1
Season 5 AU,1
 Hostage!Ian,1
 tw: racial slurs etc,1
 Depressed Ian,1
 Alternate Universe - Military,1
 Winter Olympics,1
 Post 4 x 11 Fix-It Fic,1
 top ten dumbest things i've ever written,1
Hurt/Comfort,1
 Reunion,1
 Valentine's Day,1
 Teacher!Ian,1
 Dysphoria,1
 Tinder,1
 Prompt Fill,1
Post-6x01,1
Alien Character(s),1
 Prostate Massage,1
 Kinky,1
 Oh Dear,1
 Making Love,1
 mentions/discussions of Bipolar disorder,1
 Exhibitionism,1
 injured!Ian,1
 Breakfast,1
 discovering the gay,1
 wasn't expecting this to happen,1
 Implied/Referenced Sexual Assault,1
Mild Sexual Content,1
 Breaking Up & Making Up,1
 and svetlana and yev are in this but yev isn't mickey's son,1
 Top Mickey,1
 in a vague sense,1
 mentions of sexual and physical abuse,1
 Prom,1
 i have no idea if this works,1
 (mostly),1
 for both of them tbh,1
 blind!Ian,1
Alternate Universe - Teachers,1
coffee shop AU,1
 Sexual Situations,1
 Closeted Character,1
 A lot of sex,1
 Omega! Mickey,1
 casual sexualized violence,1
 Boarding School AU,1
 past angst,1
 let's just say that it won't be too angst-heavy,1
Alternate Universe - Time Travel,1
Homophobic Language,1
 People realize Mickey and Ian love each other very much,1
 club,1
 showering,1
 mention of rape,1
 Gallavich Week,1
 Teacher-Student Relationship,1
 look the author has a massive boner for mickey and his fucked up little head,1
 Mystery,1
 Comforting Mickey,1
 Derogatory Language,1
 it's me after all; i needed some kind of tension,1
 Idk What the hell this is,1
 Healthcare,1
 Fingerfucking,1
 Frats and Bros,1
Jealous Ian Gallagher,1
 pilot Ian,1
ot3 gang ride or die,1
 Sexual Harassment,1
 Concert,1
 Bottom Mickey Milkovich,1
 Mild depressive episodes,1
Happy Ending,1
Top Mickey Milkovich,1
Post-Season/Series 05 Finale,1
 Male Homosexuality,1
Domestic Fluff,1
 season 5,1
 machismo like woah,1
 Ian and Mickey talk dicks,1
 Studying,1
 Marking,1
 Past Domestic Violence,1
 not much beer,1
 Referenced Suicidal Thoughts/Attempts,1
 Bottom Mickey,1
 wealthy! ian,1
 interrogation ensues,1
 canon typical hate speech,1
 Smut with a plot,1
 First Time Bottoming,1
 Alternate Universe - Twins,1
 Ian is tired of everyone,1
10 years past 5x12,1
 don't worry it's happy though,1
 Past Abuse,1
 Kinda,1
 Basically,1
 Military School,1
 Coma,1
 some smut,1
 Mechanic Mickey,1
 Mythology References,1
 College,1
 Bisexual Carl Gallagher,1
Birthday Party,1
 Implied/Referenced Sex,1
 i think i should put this under sexual content,1
 needed to exorcise some season 5 demons,1
 Emotional Sex,1
 Soft Boys,1
 a smidge of character-appropriate sexism,1
Smoking,1
 sub!Mickey,1
mentions of abuse,1
 supporting each other,1
 Possessive Behavior,1
 Discovery,1
 Broken Bones,1
 dom!Ian,1
 References to Drugs,1
 Breathplay,1
 Subspace,1
Alien Ian,1
 Mickey has blond hair,1
 Slightly - Freeform,1
 I'm not sure yet,1
 Mickey gets a little jealous,1
 mentions of abuse,1
 bouncer!Mickey,1
fraternities,1
 Mention of Death,1
 post 4x12,1
 cis-normative views about sex,1
Drug Use,1
 Crimes & Criminals,1
 thoughts of self-injury,1
Domestic,1
 the state looks down on sodomy but mickey doesn't,1
 Ian Gallagher and Mandy Milkovich are Best Friends,1
 Referenced Suicide Attempt,1
 Horny Teenagers,1
Childhood Friends,1
 Subdrop,1
Sibling Love,1
 Sick Milkoviches,1
 Reunions,1
 Against the Odds,1
 lip is with joaquin and fiona is with angela bc i'm trash,1
 baby schmoop,1
 Drunk Ian,1
 Mentions of graphic violence,1
 Personal Chef Mickey,1
 Karen/Mandy background,1
 5+1 Fic,1
 magical thinking,1
Tumblr Prompts,1
 End of the World,1
 Domestic Ian,1
 hints at possible past prostitution,1
 Slow-ish burn,1
 Sexual Frustration,1
 cute dumbs who can't admit they like each other,1
 Closure,1
 mentions of domestic abuse,1
road trip au,1
 and sherlock loves all of john's siblings so much,1
 talk of miscarriage,1
 I'm Not Sure How to Explain This,1
 there's fluff i swear,1
 needy bottom Mickey aka actual canon Mickey,1
 Slight OOC,1
 ROTC,1
Tumblr: otpprompts,1
 Indirect Mentions of Bipolar Disorder,1
Coming Untouched,1
 exaggerated use of the word fuck,1
 Marijuana,1
 Alpha! Ian,1
 some violence idk?,1
 Little Ian,1
Fake/Pretend Relationship,1
 Texting,1
 possible PTSD,1
 Mickey really wants to ride Ian's face ok,1
 Gallavich AU,1
 Lots of Cursing,1
 elevator hottness,1
 Under-negotiated Kink,1
 slow burn? kind of?,1
