 First Time,42
 Fluff,32
 Angst,31
 Anal Sex,31
 Romance,27
 First Kiss,26
,22
 Hurt/Comfort,19
 Oral Sex,17
 Alternate Universe,16
 Case Fic,15
 Humor,15
 Friends to Lovers,14
 Dirty Talk,13
 Knotting,13
 Rimming,13
 Frottage,12
Alpha/Beta/Omega Dynamics,12
First Time,11
 Masturbation,11
Alternate Universe,10
 Dubious Consent,10
 Unresolved Sexual Tension,9
 Alpha/Beta/Omega Dynamics,9
 Pining,9
 Explicit Sexual Content,9
Angst,8
Fluff,7
 Crack,7
Romance,7
 Drama,7
 Mating Cycles/In Heat,7
 Teenlock,7
 Blow Jobs,7
 AU,7
 Mpreg,7
 Mildly Dubious Consent,6
 Alpha Sherlock,6
 BAMF!John,6
 Family,6
 Omegaverse,6
 Hand Jobs,6
 Developing Relationship,6
 Slow Burn,6
 Sexual Content,6
 Omega Verse,6
 Pre-Slash,5
 Bondage,5
 Crossover,5
 Drug Use,5
 Omega Sherlock,5
Humor,5
 Love,5
 Kidnapping,5
 Alpha John,5
 Johnlock - Freeform,5
 Emotional Hurt/Comfort,5
 Virgin Sherlock,5
 Slash,5
 Omega John,5
 Magical Realism,5
AU,5
 Unrequited Love,4
 Arranged Marriage,4
 Happy Ending,4
 Kidlock,4
 Bonding,4
 sort of,4
 Rough Sex,4
 Soulmates,4
 Virginity,4
 Kissing,4
 Established Relationship,4
 Disguise,4
 Alternate Universe - Magical Realism,4
 Humour,4
Post Reichenbach,4
 BAMF John,4
Omega Verse,4
 Voyeurism,4
 Parentlock,4
 Sex Toys,4
Texting,3
 Miscarriage,3
 Omega!John,3
 Anal Play,3
 Smut,3
 Biting,3
 Podfic Available,3
 Post-Reichenbach,3
 Massage,3
 Violence,3
 Explicit Language,3
 Shower Sex,3
 UST,3
 Minor Violence,3
Anal Sex,3
 PTSD,3
 Infidelity,3
 Fluff and Angst,3
 Anal Fingering,3
 Jealousy,3
 Public Sex,3
Asexual!Sherlock,3
 Post Reichenbach,3
 Friendship,3
Case Fic,3
 Size Kink,3
Kid Fic,3
 Fluff and Smut,3
Crossover,3
 PWP,3
 Alpha!Sherlock,3
 Light Bondage,3
Hurt/Comfort,3
 POV Sherlock Holmes,3
 Threesome - F/M/M,3
Pining,3
 Fingerfucking,3
 Declarations Of Love,3
 Resolved Sexual Tension,3
 Het and Slash,3
 Submission,3
 Meta,3
 Supernatural Elements,2
 Alternate Universe - Prostitution,2
 Schmoop,2
 Bottom Sherlock Holmes,2
 Porn,2
 Post S3,2
 Gift Fic,2
 Possessive Sherlock,2
 Crossover Pairings,2
 Docking,2
 Present Tense,2
 Courtship,2
 Marriage,2
 Cuddling & Snuggling,2
 Slow Build,2
 Amnesia,2
 Light Dom/sub,2
 Sexual Fantasy,2
 Fix-It,2
 Torture,2
 Alternate Universe - Magic,2
 Drug Addiction,2
 Crossdressing,2
Arranged Marriage,2
 Nightmares,2
 Porn with Feelings,2
Post-Reichenbach,2
 First Meetings,2
 Sexting,2
 Non-Consensual Drug Use,2
 Hollywood,2
 Implied/Referenced Rape/Non-con,2
 Alternate Universe - College/University,2
 Alpha!John,2
 Johnlock Roulette,2
 Teenagers,2
 Eventual Smut,2
 Grief,2
Mpreg,2
Fake/Pretend Relationship,2
 Asexuality,2
Developing Relationship,2
 Domestic,2
 Mental Health Issues,2
 Loss of Virginity,2
 Sexual Tension,2
 Explicit Consent,2
 dub con,2
Smut,2
Friends to Lovers,2
 Sex Club,2
 Orgasm Delay/Denial,2
 Plot What Plot/Porn Without Plot,2
 Angst with a Happy Ending,2
 Alternate Universe - Teenagers,2
 Top John Watson,2
 Action/Adventure,2
 Alternate Universe - Historical,2
 Alternate Universe - Boarding School,2
 Abuse,2
 POV John Watson,2
 Humiliation,2
 Porn Watching,2
 Seduction,2
 Pining Sherlock,2
 Vampires,2
Parentlock,2
 Sharing a Bed,2
 Near Death Experience,2
Deaf Sherlock,2
Alternate Universe - Soulmates,2
 Phone Sex,2
 Sentinel/Guide,2
 War,2
 Omega!Sherlock,2
 Double Penetration,2
 Bottom!Sherlock,2
 Alternate Universe - Different First Meeting,2
Sickfic,2
 Dragonlock,2
 submissive Sherlock,2
 post series 3,2
 Size Difference,2
 Heat Cycles,2
 Not Season/Series 03 Compliant,2
 Alternate Universe - Canon Divergence,2
 Misunderstandings,2
 Mild Gore,2
 Adoption,2
 Threesome - F/F/M,2
 Past Drug Addiction,2
 Insomnia,2
 Falling In Love,2
 Drunkenness,2
 Bodily Fluids,2
 Soul Bond,2
 Post The Great Game,2
 Kid Fic,2
 Recreational Drug Use,2
 Canon-Typical Violence,2
 Valentine's Day,2
 Post-Traumatic Stress Disorder,2
 Riding Crop,2
 Plot What Plot,2
 Asexual Relationship,2
 Blow Job,2
 Cuddling and Snuggling,2
 Implied/Referenced Child Abuse,2
 Drunk Sex,2
 Texting,2
 Sherlock's Violin,2
 flogger,1
 Implied Johnlock,1
 Mention of drug addiction,1
 Secret Relationship,1
 fandom kink bingo,1
Olympics,1
 mention of torture devices,1
 Revelations,1
 Masturbation in Shower,1
 alpha/beta/omegaverse,1
 alternate POV,1
 Whump,1
 Stranded,1
 Daddy Sherlock,1
 Gender Roles,1
 and then angst,1
 John is a golden god of sex,1
 But not dark,1
 Older Characters,1
 Restaurants,1
 Polyamory,1
 The Deathly Hallows,1
 lots of sex that may or may not be in character,1
 Aggressive John,1
 Headaches & Migraines,1
 Minor Injuries,1
 Service Domination,1
 Intercrural Sex,1
 First Love,1
 Sherlock Experiments on John,1
 Formalwear,1
 Sherlock finds his whatever,1
 Sherlock Is Bad At Flirting,1
Talk Shows,1
Kissing,1
 Translation Available,1
 Children,1
 cloning,1
 Families of Choice,1
 M for vaguely sexual situations,1
 Sherlock is a grump,1
 I'm not joking - Freeform,1
 Anal,1
 Alternate Universe - Regency,1
 Post HLV,1
 Unsafe Sex,1
 Loss of Trust,1
 Christmas Dinner,1
 friends-to-lovers,1
 Psychic Bond,1
Alpha Mycroft,1
 Growing Up,1
 Bromance,1
 thyroid cancer,1
 warnings for dubcon territory,1
 Past Character Death,1
 Some graphic depictions of violences,1
retirement fic,1
 Rape/Non-con References,1
 Mycroft is a twat,1
 Deathfic,1
 texting is easier than talking,1
 questionable mathematics,1
Fix-it fic,1
 Slavery,1
 Angst and Humor,1
 Prostate Massage,1
 Threats of Violence,1
 Alpha/Omega,1
 Age of Sail,1
 many many plots,1
 Neglect,1
 Matchmaking,1
 laundry service,1
 Light D/s,1
 Medieval Medicine,1
 Sherlock approaches a relationship about the way you'd expect,1
 Cane,1
Episode Remix,1
 Alternate Universe - Fairy Tale,1
 Sex,1
 Past Sexual Abuse,1
 Sherlock is not asexual he's just extrapolating from a single data point,1
 John and Coulson are BAMFs,1
 Male Friendship,1
 shoot outs,1
 Lots of Angst,1
 Casefic but the focus is the relationship,1
 POV: third person,1
Pre-Slash,1
 Alcohol,1
 Greaserlock,1
 Drunk!Sherlock,1
 just a hint of case fic,1
 Reichenbach Falls,1
 romantic BDSM,1
series 3 spoilers,1
 Between Episodes,1
 Carsex,1
 it's so fluffy I'm gonna die,1
 Bathroom Sex,1
 an unconventional romance,1
 Period-Typical Homophobia,1
 top!John,1
 Platonic Kissing,1
Medical Kink,1
 Underage Sex,1
additional tags,1
 Alpha Sebastian,1
 Vulnerable Sherlock,1
 Orgasm Delay,1
 Parent!lock,1
 Shades of Grey,1
Alternate Universe - Prison,1
 Fisting,1
 Show Business,1
 Mild Painplay,1
 mostly just porn,1
 sailinglock,1
 Mushy,1
 some cruelty to experimental animals,1
Family,1
Mycroft being meddlesome,1
 And the award for porniest fic I've ever written goes to...,1
 Multiple Pairings,1
 Sherlock Holmes as himself,1
 complete fluff,1
 Alpha Anthea,1
Tennis,1
Sherlock Series 3 Spoilers,1
 Mild D/s,1
Virgin Sherlock,1
 boxing lessons,1
 Forced Marriage,1
Flashback,1
 Mycroft is all knowing,1
 literally so much fluff,1
Masturbation,1
 Forced Bonding,1
 imaginary!Sherlock,1
 ToppyBottomJohn,1
 but if you are sensitive about difficult relationship issues,1
 Protective Mycroft,1
Friendship,1
 Unconnected Chapters,1
 Sexual Identity,1
 Ask in the comments if you have concerns about specific triggers,1
 John Whump,1
 Coming Untouched,1
 Disordered Eating Practices,1
 Domestic Fluff,1
Omega John Watson,1
 John responds badly,1
 Post The Reichenbach Fall,1
 Alpha!Mycroft,1
 Mary Morstan (past),1
 69 (Sex Position),1
 Sherlock is never ordinary,1
 past emotional abuse,1
 BDSM,1
 Betrayal,1
 Sensory Deprivation,1
 Parenthood,1
 Sherlock talks in his sleep,1
 (Ish) - Freeform,1
 more things than are dreamt of,1
 Blindfolds,1
Christmas,1
 Excessive Fluff,1
 Thriller,1
 Cum Play,1
 but like ACTUAL shades of grey,1
 waaay post s3 i would say,1
 teenage!Q,1
 virginal!John,1
 Rain Sex,1
 Running,1
Alternate Universe - Vampire,1
 Behind the Scenes,1
 Lactation,1
 but who cares it's sex,1
 The Sign of Three,1
 Genghis Khan was the most badass omega of all time.,1
 Identity Porn,1
 Punishment,1
 Absolutely no dubcon,1
 Consensual Kink,1
 Muscular!Sea-hardened!John,1
 Porn With Feels,1
 Threats of sexual violence,1
 featuring special guest stars: ducks,1
 Self-Acceptance,1
 but there will be angst and conflict along the way,1
 Hair-pulling,1
 sub!Sherlock,1
 sorta Sugar Daddy Sherlock,1
 Deleted Memories,1
 Platonic Relationship,1
 Implied Sexual Content,1
 Euthanasia,1
 Post-Season/Series 03 Fix-It,1
 mild bondage,1
 John Watson Is A BAMF,1
 Diary/Journal,1
 Omega Greg,1
 hell--mostly just angst,1
 Beta!Lestrade,1
 Morning After,1
 Psychic Abilities,1
 Angsty Schmoop,1
 Sexuality Crisis,1
kink_meme,1
 Hospitalisation,1
 sexual awakening,1
 Pro-choice attitude to contraceptive rights,1
 Temporary Character Death,1
Halloween,1
 OC/minor character death,1
 Baseball,1
 Alpha Sebastian Moran,1
 Really a lot of porn,1
 Possessiveness,1
 first person present tense,1
Being Lost,1
 dom-sub and consent issues typical of bodice rippers,1
 Nudity,1
 Stockholm Syndrome,1
 Blogging,1
 Puzzles,1
 THIS STORY WILL HAVE THE HAPPIEST ENDING YOU CAN POSSIBLY STOMACH,1
 the one where Sherlock is Gordon Ramsay,1
 Fake/Pretend Relationship,1
 Awkward Sexual Situations,1
 no thyroid makes you very cold,1
 trope primer,1
Teenlock,1
Johnlock Challenges,1
 Trans Character,1
 Voice Kink,1
 Mild torture,1
 Historical,1
 Military,1
 Addiction,1
 Sherlock is gonna be so screwed when John finds out,1
 Awkward First Times,1
 alternate universe - sentinel and guide,1
 Genderqueer Character,1
 Unreliable Narrator,1
 Cheating,1
Sherlock is a not-so-secret cuddler,1
 Trying out the Omegaverse,1
 Pity Sex,1
 Off-Screen Things Are Happening,1
 memories are flexible,1
 self lubricating,1
 Domestic Bliss,1
 mad love for the win!,1
 Teen Angst,1
 Temptation,1
 Dark,1
 Roughness,1
 adoring series one John,1
 Implied Torture,1
 Non-Consensual Voyeurism,1
 John puts up with a lot to say the least,1
 Attempted Rape/Non-Con,1
Q is a Holmes,1
 Grief/Mourning,1
 One-Sided Relationship,1
 oh and Men in Black,1
 uneven chapter lengths,1
 Exhibitionism,1
 switch - Freeform,1
 Corspes,1
 Asexual Character,1
 HALLELUJAH! NOW COMPLETE!,1
long-distance romance,1
 Voice porn,1
 Bisexual John,1
 mostly features them as adults,1
 Road Trips,1
 murders,1
John takes a while to catch on,1
 Foreign Language,1
Sherlock is logical,1
 this is basically 30k of PWP,1
 though it's later implied they switch back and forth,1
Greaser!lock,1
Alternate Universe - Modern Setting,1
 Triggers,1
 Original Character(s),1
 Weird Courtship,1
 Mrs Hudson loves her boys,1
 CBT,1
 Loosely Based on Beauty and the Beast,1
 Master/Servant,1
 scandalous overuse of italics,1
 talks of mpreg,1
 Trust Issues,1
 omega virgin bleeding,1
 greaser!Sherlock,1
 Mirrors,1
 Cameos,1
 Mild Angst,1
 questionable home improvement,1
 lots and lots of cock,1
 Love/Hate,1
Paint-ball,1
Minor Character Death,1
 Mind Palace,1
 Sherlock has feelings,1
 Assisted Masturbation,1
Groping,1
 Inheritance,1
Alternate Universe - Fantasy,1
 Baby Fic,1
 beware the non-linear narrative,1
 john has a filthy mouth,1
Light Angst,1
 Very Ugly Coffee Mug,1
 Alternate Universe - Coffee Shops & Cafs,1
 Lots of kissing,1
 also for PTSD and panic attacks,1
 semen - Freeform,1
 Coulson isn't dead,1
 SailorLock,1
 Hacker!Q,1
 Based on a Tumblr Post,1
 biospies aren't much fun,1
 John's parents are amazing,1
Post- Hounds of Baskerville,1
 Car Sex,1
 Catching a date-rapist serial killer is never easy,1
 Overuse of italics,1
 Omega Moriarty,1
 Threesome - M/M/M,1
 Alternate Timelines,1
 Did I Mention Fluff,1
 Bewilderment,1
 Sentinel/Guide Bonding,1
 Sign Language,1
 Anonymous Sex,1
 Reunions,1
 Dragon!Sherlock - Freeform,1
 Pretending To Be Married,1
 Alternate Universe - Soulmates,1
 Character Death,1
 Alternate Universe - Dom/Sub,1
 Holding Hands,1
 hawking and falconry,1
 Arguing about feelings,1
 also voice porn,1
BAMF!John,1
 Pining John,1
 (But not in a dark way),1
 coercive!Sherlock,1
 Celebrities,1
Light BDSM,1
 Jealous Sherlock,1
 three garridebs,1
 Unresolved Emotional Tension,1
 Unhealthy Relationships,1
Loss of Virginity,1
 well.... dirty sign language,1
 alternate universe- Medieval/Renaissance,1
Alternate Universe - Military,1
Alpha/Omega,1
 First Times,1
 Now with COVER ART!,1
 Work In Progress,1
 Coffee Shops,1
Miscommunication,1
Johnlock if you want it to be,1
 festive fluff,1
 Challenge Response,1
 Alternate Universe - Classical Music,1
 Loud Sex,1
 Shaving,1
 sex is a good cure for bad dreams,1
 John is sensible,1
 and fails,1
 Study in Pink,1
 Autofellatio,1
 Boats and Ships,1
 physical exams are awfully intimate,1
 Murder,1
 Jealous John,1
 The Outer Hebrides,1
post-HLV,1
 Sherlock is a sad gay baby,1
 John is a wizard,1
 Rain,1
 hearing loss,1
 Sad pandas,1
 Unconventional Families,1
 Awkward Romance,1
 Sexual torture mentioned,1
 Forced Orgasm,1
 Straight!John,1
Newlywed Game,1
 Soul Bond AU,1
 Online Dating,1
 Disturbing Themes,1
 Promised Bond Mates,1
Puns & Word Play,1
 Safer Sex,1
 phantomlock,1
 spoilers for reichenbach,1
 Medical Procedures,1
 wing!fic,1
 Jam,1
 Sherlock's parents are largely absent,1
 so many feelings,1
 Kink Meme,1
 medium Harry Potter,1
 Alpha Greg,1
 Scenting,1
 Alpha Omega politics,1
 Competition,1
 Understanding John,1
 Sexual Harassment,1
 Smauglock,1
 seriously,1
 Forced Heat,1
 Casual Sex,1
 Virgin John,1
 but they're teenagers it's to be expected,1
 Alternate Universe - Pretty Woman Fusion,1
 john is still an army doctor,1
Magical Realism,1
50 reasons to have sex,1
Oliver Watson-Holmes,1
 One True Pairing,1
 Accidental Cuddling,1
 captivity issues,1
 Brief mention of possible miscarriage,1
 John doesn't understand that everyone thinks he's cheating,1
 ACD Canon,1
 Implied/Referenced Alcohol Abuse/Alcoholism,1
 Alley Sex,1
ALL THE FLUFF,1
 Non Consensual,1
BDSM,1
 Sherlock fails at consent,1
 Post-Divorce,1
Ensemble Cast,1
 Separation Anxiety,1
 Pregnant Sex,1
 Friendship/Love,1
 No ducks or demons were harmed in the making of this fic,1
Explicit Language,1
 No S3 Spoilers,1
 Sleep,1
 Schoolboy AU,1
 Past Rape/Non-con,1
 Catlock,1
 Bondlock,1
 many many oneshots,1
 Self-Hatred,1
 Childbirth,1
 POV: Sherlock Holmes,1
 Epistolary,1
 Silly wagers,1
 Mantisfuck Consentworld,1
 Secrets,1
 deafness,1
 with the public,1
 Secret Identity,1
 Antique bathtubs,1
 Sherlock On a Case,1
 so many fluids,1
 Food Kink,1
 Sherlock has a filthy mouth,1
 Pack Dynamics,1
the giant angsty porn fic of angst and porn,1
 lots of fluids,1
 Wolves,1
 Same-Sex Marriage,1
 Prime universe,1
 Mutual Masturbation,1
 Miscommunication,1
 Mycroft is constitutionally incapable of minding his own business,1
 Sherlock Is A Bit Not Good,1
 how do I even tag this story correctly?,1
Fighting,1
 None of the bad things happen between Sherlock and John,1
 until they are,1
 Discussion of Abortion,1
 Self-Esteem Issues,1
 Sherlock's Hair,1
 Vignette,1
 AU - America,1
 mooning series three Sherlock,1
 Maternal!Mrs Hudson,1
 Mention of body parts,1
 John Watson's Blog,1
Dragons,1
 John Watson Loves Baths,1
 Retirementlock,1
 extreme misunderstandings,1
 Oh and Pleasantville was a great flick,1
 Coming Out,1
 A little bit of bondage,1
Misunderstandings,1
 Good/Bad Mycroft,1
 Sherlock is a trembling gay flower petal,1
 talking does,1
 fluffy fluffy goodness,1
 Sequel,1
 Underage Smoking,1
 Mycroft is a good brother,1
 Real Person Cameos,1
 Jossed,1
 creepiness,1
 Abduction,1
Dominance,1
 Somnophilia,1
 HumanSacrifice!John,1
 Fluffy!demon,1
 Drugs,1
 Not even a little bit of plot,1
 Protected Sex,1
 Male Pregnancy,1
Mild Kink,1
 de-anon,1
 Cussing,1
 Hangover,1
 Sherlock's version of handwriting analysis,1
Dysfunctional Family,1
Alternate Universe - High School,1
 Belly Rubs,1
 Regency,1
 Air Conditioning,1
 psychosomatic limp as a bloody nuisance,1
 Topping from the Bottom,1
 Short References to Homophobia,1
 Fury tries to blackmail John,1
 the Avengers aren't impressed,1
 Squirting,1
 Bathtub Sex,1
 Minor Character Death,1
 Weirdness,1
 Worldbuilding,1
High School AU,1
Non Consensual,1
 Sailor!John,1
 BBC Sherlock - Freeform,1
 Tropes,1
Alternate Universe - Canon Divergence,1
 Dress Up,1
 Break Up,1
 John Watson is the most put-upon man in all of London,1
 sexy!john,1
 Glory Hole,1
 No mpreg,1
 for science,1
 Johnlock Gift Exchange,1
POV John Watson,1
 Alpha Mycroft,1
 crossing universes,1
  | Translation in Chinese,1
 Sleepy Cuddles,1
Alternate Universe - Magical Realism,1
 Comedy,1
 Male Lactation,1
Autism,1
 Non-Traditional Alpha/Beta/Omega Dynamics,1
 Eventual Happy Ending,1
 Self-Worth Issues,1
 John Watson's magical wang doesn't solve problems,1
 Cancer,1
 POV Outsider,1
 Touching,1
 War Story,1
 figuring it out,1
Crack,1
Johnlock - Freeform,1
 Graphic Labor and Delivery,1
musical AU,1
Alcohol,1
 knitted jumpers ftw,1
 Alternate Universe - Restaurant,1
Missing Scene,1
Alternate Universe - Different First Meeting,1
 Largely fluff,1
 Sentinel!Sherlock,1
 Condoms,1
 Major Illness,1
 Everyone ships them,1
 Daddy Kink,1
 Music,1
 Sherlock is still a consulting detective,1
 Dream hopping,1
 Suicide and Suicidal Themes,1
 Alternate Universe - Dark,1
 John can be a dick,1
Marriage Proposal,1
 Sweat,1
 Dreamy sexytimes,1
 John has a lot of nightmares,1
 Sweet,1
 Johnlock Trope Challenge,1
 Self Confidence Issues,1
 Episode: s01e01 A Study in Pink,1
 BAMF!Sherlock,1
Magic Realism,1
 Mary is a villain,1
 Pre-Slash to Slash,1
 MFEO,1
 Alternate Reality,1
 Angelo's Restaurant,1
 Alternate Universe - D/s,1
 Cargo Shorts,1
 Psychological Torture,1
Unresolved Sexual Tension,1
 just because sex in public always involves consent issues,1
 Bath Sex,1
 Episode: s03e03 His Last Vow,1
 Prostitution Roleplay,1
 SOME TRIGGER WARNINGS APPLY,1
 Telepathy,1
 Emotions,1
 LIST OF ALL FIC RECS IN CHAPTER 17,1
 consider yourself warned,1
 attempted suicide (in the past),1
 Ineptitude,1
 Sappy,1
 bit of angst,1
 Alternate Universe - 1950s,1
 progress through life,1
 and porn,1
 Blizzards & Snowstorms,1
Slash,1
Alternate Universe - Supernatural,1
Marriage of Convenience,1
 Old Age,1
 Attempted Kidnapping,1
 Boys Kissing,1
 Suicide Attempt,1
 5+1 Things,1
 Love Confessions,1
OT3,1
 Missing Scenes,1
 (But not the scary kind),1
 cock - Freeform,1
 Dildos,1
 Platonic Soulmates,1
 Risk Aware Consensual Kink,1
 Past Child Abuse,1
 Heavy Angst,1
 Strangers,1
 Aristocrat!Sherlock,1
 chapters stand more or less alone,1
 Sherlock is pregnant,1
 Sherlock is a Saint,1
Epistolary,1
 Hypothermia,1
 Come play,1
 Sexual Experimentation,1
 Brainwashing,1
 Estrangement,1
 soul mates,1
 assassin!john,1
 Bees & Beekeeping,1
Ghosts,1
 author chooses not to add other plot tags in order to not give the plot away,1
 Retirement,1
 Dom/sub Undertones,1
 lots of coffee,1
Porn,1
 Slight fantasy element,1
 John is an excellent doctor,1
 earlgreytea68's AU Ficathon of Absurdity,1
 Elevator Sex,1
 Vampire Sherlock,1
 Minor Character Deaths,1
 Post-it Notes,1
 Introspection,1
 but works fine as gen,1
 Switching,1
 Underage Drinking,1
 handjobs,1
 Alternate Universe - Modern Setting,1
 Sharing Body Heat,1
 Fireplaces,1
 Subtle D/s overtones but no BDSM,1
 ooc moments,1
 Sherlock's voice is sex,1
 Alpha Jim Moriarty - Freeform,1
 Canadian!John,1
Prompt Fic,1
 Obsessive Sherlock,1
 What else is new,1
Alternate Universe - Serial Killers,1
 Animal Transformation,1
 Power Dynamics,1
 alternate universe - alpha and omega,1
 Love at First Sight,1
 Nightmares and Dreamscapes,1
 how they got together,1
 Vaginal Sex,1
 Sherlock makes a sexy bartender,1
 hurt/comfort bingo,1
 Ambiguous/Open Ending,1
Soul Bond,1
 Regency Romance,1
 It's all porn,1
 Poisoning,1
 identity crisis,1
 like all of it,1
 Technically John is underage,1
 Sherlock's picks up on everything,1
 Oneshot,1
 fake science for the win,1
 Beta Molly,1
 Post Season 2,1
 mentions of Doctor Who,1
 gratuitous coat porn,1
 PTSD John,1
 Self-Harm,1
 Denial,1
 Quickies,1
 Frank Yet Fumbling Discussion of Sex,1
 Sherlock is terrible at flirting,1
 masquerades,1
 Demons,1
 Predator/Prey flirtation,1
 John insists on adult communication in a relationship,1
 Humiliation kink,1
 powercut,1
 Sleeping Together,1
 Symbolic Rings,1
 Some sexual innuendo,1
 i'm laughing as I write this,1
 Spoilers for A Study in Pink (S01E01),1
 Slight OOC,1
 Cybersex,1
 Sussex,1
 Alternate Universe - High School,1
 Subspace,1
 Telepathic Bond,1
Viagra,1
 Romantic Friendship,1
 cheeking,1
 Birthday Sex,1
 Poor Sherlock,1
 Alternate Universe - With Powers,1
 Suspicion of infidelity,1
 John is everyone's soulmate,1
mild AU,1
 Sailing,1
 Gender Issues,1
 Suicidal Thoughts,1
 dogfuck rapeworld,1
 OCs exist for reasons,1
 POV Alternating,1
 tea wars,1
 in probably not a totally realistic way,1
 Runner's Appreciation,1
 assbabies,1
 Post-His Last Vow,1
 sherlock POV,1
Alternate Universe - Historical,1
 Bathtubs,1
 BAMF!Lestrade,1
 Guide!John,1
 some case fic in here IDK,1
 Attempted Rape,1
 Science Experiments,1
 Anger,1
 Asexual Sherlock,1
Brothers,1
Five Times,1
 John's RAMC T-Shirt,1
 porn as porn,1
 POV Multiple,1
 Dry Humping,1
 Other Additional Tags to Be Added,1
 Failed hit,1
Asexual Character,1
Prostitution,1
 Homophobia,1
 Crossing Timelines,1
 Sherlock can defeat angst with logic,1
 AU - United States,1
 No Redeeming Value Whatsoever,1
 Sherlock is logical,1
 Intergluteal Sex,1
 Community: sherlockbbc_fic,1
 Nitroglycerine as an explosive,1
 Amarriage,1
 cuddling is good for your health,1
 virgin!Sherlock (sort of),1
 Adrenaline fueled sex,1
 Past Abuse,1
Experiment,1
 Kinda,1
 Really very rude indeed,1
 let's get those idiots engaged,1
 mentions of recreational drug use,1
 Sherlock/HP crossover,1
Babylock,1
 Sherlock is a muggle,1
 Porn With Plot,1
 Handcuffs,1
 wet dreams,1
 Empathy,1
 Operas,1
 Not Season/Series 02 Compliant,1
 Psychic John,1
 (loosely),1
Possessive Sherlock,1
 Aristocracy,1
 John is loud,1
 Possessive Behavior,1
 And yes you can take that multiple ways,1
 no infidelity,1
 Canonical Character Death,1
 Partner sharing,1
 Hand Job,1
 Nerdy!John,1
Episode: s01e01 A Study in Pink,1
 Slightly morally ambiguous characters (but only slightly),1
 Singing,1
 Prostitution (a bit),1
 a bit angsty,1
 Consent Issues,1
 Anderson has no redeeming qualities whatsoever,1
 nonverbal and potentially triggering navigation of consent,1
 Not like 50 super porny ones,1
 Sleep Deprivation,1
 Insecurity,1
 functional cuddles,1
 Face-Fucking,1
 Mrs Hudson is their surrogate mother,1
 Babies,1
 Alternate Universe - Fantasy,1
 a wee bit of fandom meta,1
 soulbonds,1
 Barebacking,1
 Dominance,1
 Clothed Sex,1
Dirty Talk,1
 Choking,1
 Blood,1
 Discussions of Self Harm and Suicide Ideation,1
 author won't add misleading tags,1
 Makeout Point,1
 Coffee,1
 but ultimate happy ending cause it's me,1
 it's amazing how much sexytimes you can fit into a medical treatment story,1
Suicidal Thoughts,1
 Souls,1
 Dom!John,1
 unapologetic Plato references,1
 Suicide,1
 POV First Person,1
 Heartbroken John,1
 Curses,1
 demon!John,1
 John finds his Zen,1
 False Identity,1
 Werewolves,1
 Silly,1
 Potterlock,1
 blindfolding,1
 It's possible I've lost my damn mind,1
 dealing with the miscarriage,1
 What on earth did I just write?,1
 Conflicted John,1
 Breastfeeding,1
 Unequal relationship,1
 Description of previous torture,1
 Warm and Fuzzy Feelings,1
 John Watson as a teacher,1
Stalking,1
 WIP,1
 Teacher-Student Relationship,1
 Heartbroken Sherlock,1
sherlock/john,1
 Snowfall,1
 Glossed sexual situations,1
 Snippets,1
 Cooking,1
 Young!naive!Sherlock,1
 Afghanistan,1
 References to Suicide,1
 social inequality,1
 Unilock,1
 sailor!lock,1
 Sherlock never shuts up,1
 First Person,1
 Bees,1
 minor descriptions of hunting for food,1
 radioactive isolation,1
 John is a Very Good Doctor,1
 and also lots and lots of sex,1
 colorbonding,1
