 Fluff,36
 Angst,21
 Hurt/Comfort,17
 Soulmate-Identifying Marks,17
 Alternate Universe - Soulmates,17
 Alternate Universe - Canon Divergence,16
 Canon-Typical Violence,13
 Romance,13
 Established Relationship,12
 Friendship,12
 Alternate Universe,11
,10
Alternate Universe,10
 Deaf Clint Barton,10
 Soulmates,9
 Emotional Hurt/Comfort,9
 Slow Burn,9
 Fix-It,9
 Fluff and Angst,9
 Pining,9
 Humor,9
 Happy Ending,8
 Sexual Content,8
 Agents of S.H.I.E.L.D. Spoilers,7
 Clint Needs a Hug,7
 Anal Sex,7
 BAMF Darcy Lewis,7
 First Time,7
 First Kiss,7
Soulmate-Identifying Marks,6
 Fluff and Smut,6
 Slow Build,6
 Friends to Lovers,6
 Angst with a Happy Ending,6
 Post-Captain America: The Winter Soldier,6
 Kissing,6
 Making Out,5
 Episode Related,5
 Misunderstandings,5
 Feels,5
 Fluff and Crack,5
 Get Together,5
Hurt/Comfort,5
Fluff,5
Alternate Universe - Canon Divergence,5
 Alternate Universe - High School,5
 Getting Together,5
 Cuddling & Snuggling,5
 Post-Traumatic Stress Disorder - PTSD,5
 Smut,4
 Sex Pollen,4
 Panic Attacks,4
 Not Avengers: Age of Ultron (Movie) Compliant,4
 SHIELD Husbands,4
 Phil Coulson Has the Patience of a Saint,4
 #coulsonlives,4
 Clint Barton Needs a Hug,4
 Families of Choice,4
 Oral Sex,4
 Recovery,4
 Light Angst,4
 Phil Needs a Hug,4
 Crack,4
 Anal Fingering,4
 Torture,4
 Alternate Universe - College/University,4
 Darcy Lewis is Tony Stark's Daughter,4
Established Relationship,4
Alternate Universe - No Powers,4
 Crossovers & Fandom Fusions,4
 Crossover,4
 Background Relationships,4
 Meet-Cute,4
 Other Additional Tags to Be Added,4
 Soul Bond,4
 Polyamory,3
 Female Friendship,3
 Unplanned Pregnancy,3
 BDSM,3
 SHIELD Academy,3
 SHIP DARCY WITH ALL THE THINGS,3
Love,3
 Healing,3
 Mutual Pining,3
 Dancing,3
 Fake/Pretend Relationship,3
 Kid Fic,3
 Comic Book Science,3
 Bonding,3
 Aftermath of Violence,3
 Lies,3
 Science Bros,3
 Temporary Character Death,3
 Alpha/Beta/Omega Dynamics,3
 Cunnilingus,3
 motion practice universe,3
 Insecure Phil,3
 Teamwork,3
 Canon Compliant,3
 Insecure Clint,3
 SHIELD,3
Alternate Universe - College/University,3
 Explicit Sexual Content,3
 Legal Drama,3
 mama may,3
 Team as Family,3
 Grief/Mourning,3
Darcy Lewis is Tony Stark's Daughter,3
 Tony Stark Needs a Hug,3
 Awesome Darcy Lewis,3
 Crossover Pairings,3
 Bucky Barnes Feels,3
 Multiple Pairings,3
 Protective Phil Coulson,3
First Time,3
 Trust Issues,3
 Minor Violence,3
 AU,3
Getting Together,3
 Masturbation,3
Alternate Universe - Soulmates,3
 Alternate Universe - Modern Setting,3
 Shapeshifting,3
 Sexual Tension,3
 Coulson Lives,3
 BAMF Phil Coulson,3
 Captain America: The Winter Soldier Spoilers,3
 Sex Toys,3
 Unhealthy Relationships,3
 Plot What Plot/Porn Without Plot,3
 BAMF Pepper Potts,3
 Action/Adventure,3
 Fake Marriage,3
 Darcy Lewis's Taser,3
 Double Penetration,3
 Not Captain America: The Winter Soldier Compliant,3
 First Meetings,3
 Flirting,3
 Alternate Universe - Fantasy,3
 Reunions,3
 Christmas,3
 Arranged Marriage,2
 Fitz's POV,2
 Existential Crisis,2
 Adopted Children,2
Soulmates,2
 Male Friendship,2
 Internalized Homophobia,2
 Action,2
 Aftermath of Torture,2
 Family,2
 Post-Avengers: Age of Ultron (Movie),2
Amnesia,2
 Scars,2
 Not Iron Man 3 Compliant,2
 Romance Novel,2
 I Don't Even Know,2
 Hulk Smash,2
Humor,2
 Not Canon Compliant,2
 Mind Control,2
 Light BDSM,2
 Bucky Barnes Needs a Hug,2
 Domestic,2
 Trust,2
 BAMF Stiles,2
 Alternate Universe - Fusion,2
 Mythical Beings & Creatures,2
 Past Child Abuse,2
 Mind Control Aftermath & Recovery,2
 Not Thor: The Dark World Compliant,2
 Body Modification,2
 Tahiti is a Magical Place,2
 Kid Skye | Daisy Johnson,2
 Morning After,2
 Ficlet,2
Friendship,2
 Meeting the Parents,2
 so many feels,2
 Academy Era,2
 Tumblr,2
 Deaf Clint,2
Rare Pairings,2
 Nightmares,2
Smut,2
 Hydra,2
 Team Bonding,2
 Cabin Fic,2
 Pre-Canon,2
 Future Fic,2
Soul Bond,2
 Team Dynamics,2
 Protective Thor,2
 Episode Tag,2
 Bucky Barnes Has PTSD,2
 Snowed In,2
 Episode: s01e01 Pilot,2
 Alternate Universe - Anastasia Fusion,2
 Pre-Captain America: The Winter Soldier,2
 Avengers Family,2
 Dirty Talk,2
 Felching,2
 Hacking,2
 Porn,2
Romance,2
 Marriage Proposal,2
 Platonic Soulmates,2
 Captain America: The Winter Soldier,2
 BAMF Darcy,2
 Protective Steve Rogers,2
 Crack Treated Seriously,2
 Miscommunication,2
 Philinda - Freeform,2
 Falling In Love,2
 Sleepy Cuddles,2
 Birthday Fluff,2
 Platonic Relationships,2
 Love,2
 Single Parents,2
 Playlist,2
 Phil Coulson's Cellist,2
 PTSD,2
 Captain America: The Winter Soldier Compliant,2
 Deaf Character,2
Angst,2
 Secret Identity,2
 Bromance,2
Violence,2
 Mild Language,2
 Alternate Universe - Coffee Shops & Cafs,2
 Breathplay,2
 Snark,2
 Magic,2
 Communication Failure,2
 Past Torture,2
 Avengers: Age of Ultron (Movie) Spoilers,2
 Alternate Universe - Supernatural Elements,2
 Skyeward - Freeform,2
 Feelstide 2014,2
 inHuman!Darcy,2
 Redemption,2
 Clint Feels,2
 Father-Son Relationship,2
 Loki Angst,2
 Strike Team Delta,2
 frat boys,2
 Threesome - F/M/M,2
 Dubious Consent,2
 Motorcycles,2
 Presumed Dead,2
First Kiss,2
 Handcuffs,2
 Homophobic Language,2
 Barebacking,2
 Inhumans (Marvel),2
 Body Horror,2
 Thor Is Not Stupid,2
 Alternate Universe - Arranged Marriage,2
 Drama,2
 Clint Has Issues,2
 Sexual Fantasy,2
 Alternate Universe - Stripper/Exotic Dancer,2
 Father-Daughter Relationship,2
 Domestic Avengers,2
 Implied Sexual Content,2
 Psychic Abilities,2
 Reincarnation,2
 Dog Cops,2
Plot What Plot/Porn Without Plot,2
 I Blame Tumblr,2
Alpha/Beta/Omega Dynamics,2
 Drinking & Talking,2
 Hand Jobs,2
 Female Loki,2
 Jealousy,2
 Thor Is a Good Bro,2
 Cheating,2
 Superpowers,2
 Valentine's Day Fluff,2
 Second Chances,2
 Bucky Barnes & Steve Rogers Friendship,2
 Rape/Non-con Elements,2
 Self Confidence Issues,2
 Halloween,2
 Alternate Universe - No Powers,2
 Tooth-Rotting Fluff,2
 Tumblr Ask Box Fic,2
 Pre-Serum Steve Rogers,2
 Resolved Sexual Tension,2
 sort of,2
 Dating,2
 Prank Wars,2
 Howard Stark's A+ Parenting,2
 Whump,2
 Bucky Barnes Has Issues,2
 Extremis,2
Tumblr Prompt,2
 Alternate Universe - Neighbors,2
 Crack Relationships,2
 Hydra (Marvel),2
 Asexual Character,2
 Not Suitable/Safe For Work,2
 Phil Coulson is a Great Dad,2
 Desk Sex,2
 Character Death,2
Episode: s01e02 0-8-4,2
 Interrogation,2
Post-Captain America: The Winter Soldier,2
 Long-Distance Relationship,2
 Christmas Fluff,2
 Protective Avengers,2
 Complete,2
 Pregnancy,2
 drabbles,2
 Alternate Universe - Time Travel,2
 5+1 Things,2
 Skinny Dipping,2
 FrostIron - Freeform,2
 Crime AU,2
 Family Issues,2
 Alternate Universe - Vampire,2
 Original Character(s),2
 Dad Phil Coulson,2
 internalized ableism,2
 Dream Sex,2
 Memory Loss,2
 Suicidal Thoughts,2
 Threesome - F/F/M,2
 POV Multiple,2
 papa phil,2
 embarrassed fitz,1
 Modern Royalty,1
 Warlocks,1
 Baby MJ,1
 Past Alcohol Abuse/Alcoholism,1
 Lola is one sexy lady,1
Don't Touch Lola,1
 Alternate Universe - Werewolf,1
 Nonsexual Ageplay,1
 Marvel's Avengers: Age of Ultron Prelude  This Scepter'd Isle (comic) - Freeform,1
 Alternate Universe - Space,1
 FemTrope Bingo,1
 Deaf,1
 Seven Minutes In Heaven,1
 more tags as we go,1
 Hugs all around,1
 Christmas Presents,1
 Clint at SHIELD Academy,1
 Natasha-centric,1
 pregnant Pepper,1
Episode: s01e01 Pilot,1
 Female Xander Harris,1
 Mildly Dubious Consent,1
 Fanboy Phil Coulson,1
 Relationship Negotiation,1
 dumpster diving,1
 Sara Ward is adored by everyone,1
 Post-Break Up,1
Love at First Sight,1
 The Avengers crash a lunch date,1
 Pepper Potts's Shoes,1
 They love each other,1
Awkward Flirting,1
 Velociraptors,1
 Touch-Starved,1
 Role-Play Sex,1
 Humour,1
 Cannon Divergence - S2 Agents of SHIELD,1
 Injury,1
 Or Is he?,1
 Clint Barton & Bobbi Morse Friendship,1
" Peggy Carter is Darcy's ""Relative""",1
 Light Dom/sub,1
 Kingsman AU,1
 and a couple existing characters i turned into Legacies,1
 Soulmate AU,1
 Bucky's family B's,1
 Fortune Telling,1
 Slow Burn to Derek Hale/Lydia Martin/Stiles Stilinski,1
 Episode tag 01x01,1
 Tahiti is maybe not that magical either,1
 Unresolved Sexual Tension,1
Darcy Gets Rescued,1
 Mating Cycles/In Heat,1
 minor Steve Rogers/Clint Barton - Freeform,1
 Exhibitionism,1
 Comeplay,1
 At least in Darcy's mind,1
 Bahrain Revelations,1
 POV Natasha Romanov,1
 Wedding Fluff,1
 Psychic Darcy,1
 Quest,1
 Werewolves,1
 Clint likes good quality,1
 Silly super hero names,1
 soulmarked,1
 ... - Freeform,1
 Missing Scene,1
 Pegging,1
 well four-year-olds but close enough,1
 Sexism,1
 Prank War,1
 brain control,1
 Doing things as ass-backwards as possible,1
 non-linear,1
Vampires,1
dark!Clint,1
 Unreliable Narrator,1
 Fisting,1
 hand holding,1
 Surprise Kissing,1
 First Day of School,1
 Canon Divergence - Iron Man 2,1
 Alternate Universe - Princess Diaries Fusion,1
 FIx It,1
 Bloodplay,1
 Werewolf Bucky Barnes,1
 Anger Management,1
 Seriously even people who're supposed to be dead,1
 Bondage,1
 Bucky Barnes has a crush,1
 Gratuitous Nicknaming,1
 really - Freeform,1
 Steve/Darcy (onesided),1
 like at all,1
 but it's not sexual,1
 Getting to Know Each Other,1
 Immortality yeah that's a thing,1
 Pokemon Go!,1
 Frottage,1
 Post-Avengers (2012),1
 Thor's Hammer - Freeform,1
 Steve doesn't have a stick up his attractive ass,1
Clint Needs a Hug,1
 Dubious Morality,1
 Jemma POV,1
 Accidental Voyeurism,1
 Angel & Demon Interactions,1
 Darcy doesn't age,1
 Agents of SHIELD cameo,1
 see what I mean about all the smut?,1
 Shameless Smut,1
 Clint has a pokemon named after Phil,1
 Clint didn't,1
 Sitwell does not like being the relationship counselor,1
 Alternate Universe - Hipsters,1
Platonic Romance,1
 this show is going to kill me,1
 Aftermath,1
 Asgardian Darcy,1
 sort of spoilers,1
 fake identity,1
 Steve Rogers & Tony Stark Friendship,1
 Space Pirates,1
Alternate Universe - Post-Apocalypse,1
brief mention of past Clint/Natasha,1
 Season/Series 02,1
 Season/Series 01,1
 Mission Fic,1
Adventure,1
 Virginity,1
 Child Death (mention),1
 it gets in the way,1
 Mother-Daughter Relationship,1
 Exploring unusual pairings,1
 Older Woman/Younger Man,1
 steve is worthy,1
Mpreg,1
Standalone fics,1
 trip lives because i said so,1
Landed Gentry!Fitz,1
 War is hell,1
Avengers Remix,1
 Punching Dinosaurs in the Face,1
 day in the limelight,1
 Omega Clint Barton,1
 Stuttering,1
 Will Be Going Through Marvel Movies,1
 HC Bingo,1
 Timeline What Timeline,1
 A little bit of everything,1
 Can be read as a stand alone,1
 Captain America: Civil War (Movie) Spoilers,1
 Based on pictures,1
more characters and relationships to be added,1
 Community: fc_smorgasbord,1
 Past Relationship(s),1
 Knitting Codes,1
 missing Kate,1
Developing Relationship,1
 Desert Island Fic,1
 Unethical Experimentation,1
 Unrequited Crush,1
 Sleepy Hollow - Freeform,1
 Native American Character(s),1
 Winter Soldier Bucky Barnes,1
 Lot of family feels,1
 which means they're all basically original characters,1
 shield pd au,1
 Bruce Needs a Hug,1
 Vampire!Darcy,1
 Child Abuse,1
 Divorce,1
 Anniversary,1
 Haphephobia,1
 Alternate Universe - Fashion & Models,1
Canon Compliant,1
 Darcy is the fandom bicycle and I love it,1
 Kidnapping,1
 natasha romanov - Freeform,1
 Ghost Kate,1
 Philinda are Skye's Parents,1
 Skye and Ward: Worst Buddy Cop Team Ever,1
 Team Bus - Freeform,1
 Baby,1
 Mute Bucky,1
 Alternate Universe - Loki Wins,1
 Internal Conflict,1
 Sleeping Beauty Elements,1
 Knotting,1
Threesome - F/M/M,1
 NSFW IMHO,1
 but it addresses things in the show,1
 Specialist Fitz,1
 gated community,1
 mentions of Avenger missions,1
 it's not compliant to anything after im2,1
 Traumatic Experiences,1
 Seduction,1
 Alternate Universe - Diners,1
 Small Towns,1
 Leo Fitz Feels,1
 BAMF John,1
Kidfic,1
 Hot Chocolate,1
 ambiguously bi Fitz,1
 Stripper!Tony,1
 backyard chickens,1
 Midwife!Jemma,1
 hacker!Darcy,1
 Memory Alteration,1
 MediAvengers,1
 Zamboni riding,1
The Crackfic Wingfic AU,1
 like hella poor,1
 Minor Kate Bishop/America Chavez,1
 Magic Fingers,1
 Darcy has a potty mouth,1
 Supernatural Darcy Lewis,1
 the best laid plans etc,1
 To varying degrees of success,1
 Tahiti is almost as magical as Svitz,1
 Female Tony Stark,1
 Rimming,1
 Dissociation,1
Tumblr Ask Box Fic,1
 Alternate Universe - Sentinels and Guides Are Known,1
 Stargazing,1
 Starting Over,1
 Omega/Omega,1
 Dum-E gets a hat,1
 psychopath!Clint,1
 Friendship/Love,1
 Animal Abuse,1
 bungee jumping,1
 Abuse,1
 There are trigger warnings at beginnings of chapters that require them,1
 banshee - Freeform,1
 ward family shenanigans,1
 SHIELDundercover,1
Knitting,1
 Ableism,1
 Mayor Fury,1
 Noble/Peasant AU,1
Age Regression/De-Aging,1
 amnesia due to being high on painkillers,1
 Meet In A Dream AU,1
 Alternate Universe - 1920s,1
 Past Derek Hale/Stiles Stilinski,1
 Discussion of Consent Issues,1
 Nursing,1
 Stark Gala,1
 But it's really not a lot of smut,1
 enter deadpool stage left,1
 Culture Shock,1
 Odin is Santa,1
 Darcy has no concept of boundaries,1
 hints of bi!Jemma,1
 Alternate Universe - Zombies,1
Pheels,1
 Walk Of Shame,1
 you'll see - Freeform,1
 Clint's nightcap,1
 Developing Friendships,1
 almost everyone is incorporated in some way or another,1
 Bisexual Character,1
 Sequel,1
 hail HYDRA,1
 Not Beta Read,1
Prompt Fill,1
 Threats of Rape/Non-Con,1
 I'm keeping the arc reactor okay,1
 Captain America: First Vengeance (MCU comic),1
 Isolation,1
 FTC,1
Alternate Universe - High School,1
 reference to high school bullying,1
 interruptions,1
 Possessive Bucky,1
 Social Media,1
 not really but its kind of office romance?,1
 Vampires,1
 Character Turned Into a Ghost,1
Team as Family,1
 He likes Tony and Transformers,1
 Butt Plugs,1
 No spoilers for any episode after T.R.A.C.K.S.,1
 Clint is a sneaky bastard,1
 Major Character Injury,1
Memory Alteration,1
 Steve attempts to bond with him,1
 Alternate Universe - Teachers,1
 Dom/sub Undertones,1
 Teen Pregnancy,1
 POV Outsider,1
 Mary Poppins references,1
 I'm Bad At Summaries,1
 Rare Pairings,1
 Drinking,1
 But with more knuckle hair,1
asks,1
 Lucky just wants more pizza,1
 Animal Traits,1
'Your cat keeps getting into my house and I don't even know how would you care to explain' AU,1
 hints of era-appropriate homophobia,1
SHIELD Academy,1
 Avengers - Freeform,1
 Jewish Character,1
 kind of,1
 Fake Character Death,1
 Alternate Universe - Rock Band,1
 Everyone Feels,1
 Now with 100 per-cent less potential incest!,1
 Bucky feeeels,1
 Darcy with powers,1
 Non-Sexual Intimacy,1
 lack of regard for personal safety,1
 Maria Hill is not good with kids,1
 Thor - Freeform,1
 Jessica Jones is Darcy's daughter,1
Birthday Presents,1
Alternate Universe - Regency,1
 Shorts,1
 Emotional Constipation,1
 Skye's POV,1
 Darcy Lewis's iPod,1
 Steve Rogers is a Lovable Dork,1
 Missing Scenes,1
 Jane's poptarts,1
 Blood and Violence,1
 Swanmay!Darcy,1
 Arrow: Blood Rush,1
 Hints of Ableism,1
 Ward is seriously disturbed and fucked up in the head,1
 Teen Angst,1
Technically nobody stays dead though,1
Fluff and Humor,1
Alternate Universe - Gender Changes,1
 Feelings,1
 Darcy is a bamf,1
 really really really dark humor,1
 Grounder!Darcy,1
 Darcy's dog Lucky,1
 Prison,1
 Gunplay,1
Sci-Ops Era (Agents of S.H.I.E.L.D.),1
 schmoopy feels,1
 Bets & Wagers,1
BAMF Phil Coulson,1
 Abuse and manipulation of X-men cannon,1
aftermath of non-consensual drug use,1
 Oblivious Clint Barton,1
 Fail!sex,1
 Size Difference,1
 mostly fluff but some angst,1
 Victor Creed's a chaotic neutral in this,1
 Brief crossovers with 'Elementary' and 'Sherlock',1
 Platonic Cuddling,1
 Lingerie,1
 Laughter,1
 Regency Era AU,1
 Warning: Loki,1
 Maledom,1
 Avengers Tower,1
 Nick Fury Feels,1
 Post-HYDRA,1
 Adoption,1
 Self-Harm,1
 insomnia of complete doom,1
 everyone knows everyone,1
Spies & Secret Agents,1
 St. Trinians,1
 Does Bucky Barnes Ever NOT Need a Hug?,1
 Stiles Leaves Beacon Hills,1
 Inspired by Art,1
 exorcist!Link,1
 Omega Steve Rogers,1
 Angst and Feels,1
 First Meeting,1
 Horses are mentioned,1
 Darcy gives Loki a headache,1
 Dubious Science,1
 Alternate Universe - Steampunk,1
Teambuilding,1
 Dry Humping,1
 orphan darcy,1
 Druids,1
 Thor Feels,1
 References to Depression,1
aka The Ultimate Kidfic of Ultimate Destiny,1
 Kinda,1
 Showers,1
 No beserker staff,1
 and no matter how smart FitzSimmons may be,1
 Skye (Agents of S.H.I.E.L.D.) - Freeform,1
 this fic is about smut,1
 Contractor - Freeform,1
 Friends With Benefits,1
 Omega Clint,1
 age is flexible,1
 Real Computer Science,1
Darcy is Deadpool's daughter,1
 Alternate Universe - Star Trek Fusion,1
 light on plot,1
 Everybody does Science!,1
 Mistletoe,1
 Director Fury is channeling Alastor Moody,1
 Big Brother Clint Barton - Freeform,1
 Subdrop,1
 The Author Regrets Nothing,1
 tw: mentions of will,1
 masochist!Matt,1
 Makeup Sex,1
 Aphasia,1
 Indominus Rex - Freeform,1
 Not Coulson,1
 really really awful at it,1
 Darcy calls Steve Captain Abs,1
Ladies of SHIELD,1
 Darcy Kisses EVERYONE,1
 Some Humor,1
 Male Slash,1
 kissing while undercover,1
 Inspired by S.W.A.T.,1
 Undercover,1
 Ron Weasley is Gullible as Hell,1
 Animal Transformation,1
 hungry fitz,1
 Praise Helix,1
Sentinel/Guide,1
 Implied/Referenced Child Abuse,1
 Meta,1
 Tony is a good dad,1
 Time Loop,1
 LMD,1
 Coincides with early season 2,1
 science is sexy!,1
 Alternate Universe - Sentinels & Guides,1
 Canon Divergence - No Hydra Takeover,1
 i wanted kickass women kicking HYDRA ass,1
 virgin!clint,1
 Secret Relationship,1
 they will never outsmart their mums,1
 Clint has his own agenda,1
 Meet-Ugly,1
SHIELD agent!Stiles,1
 Matt's Socks,1
 Past Jennifer Blake/Derek Hale,1
 lots of emotions,1
Melinda May - Freeform,1
 Outer Space,1
 Season 2 spoilers,1
 Darcy's confused,1
 Get Smart references,1
 Canon Typical Violence,1
 Scones,1
 Skinny!Steve,1
 Fitz on a mission,1
 Kitchen Sex,1
 Time Travel,1
 Alien Darcy,1
 Thor isn't stupid,1
 Travel,1
 is it really bestiality if one of them is a shapeshifter?,1
 That really got out of hand,1
 Dramedy,1
 Ice Cream,1
 everyone has trust issues,1
Mutual Pining,1
 SHIELD falls,1
 Amputee Phil Coulson,1
 New Year's Eve,1
 Dart gun Wars,1
 Post-CA2,1
Male Friendship,1
 Non-Consenual Medical Experimentation,1
 Big Sister Bobbi,1
 Pre-Avengers: Age of Ultron (Movie),1
Twenty-Four Hours to Live,1
 Fury's eyepatch,1
 Matchmaking,1
 AU: Darcy is Deadpools Daughter,1
 Clint joins the Bus,1
 No SHIELD,1
 Alternate Universe - Fairy Tale,1
 Alpha Male Bucky Barnes,1
 Single Dad Ward,1
Identity Issues,1
 Genderbending,1
 Space Battles,1
 Deadpool is a matador,1
 Non-Graphic Smut,1
 Movie Night,1
 not graphic or anyhting but still,1
 Bad BDSM Etiquette,1
 talking is a free action,1
 Or is that licks abs?,1
 Canon Disabled Character,1
 elevator meeting,1
 kid!Jemma,1
Character Death Fix,1
 Threesome-F/M/M,1
 because some of Phil's relatives are jerks,1
 kree stone,1
 Jane's protective streak,1
 friends having babies,1
 Loki's nuts but we love him,1
 background Jasper Sitwell/Melinda May,1
 Sleepy Kisses,1
 Alternate Universe - Dawson's Creek Fusion,1
 Author is not a doctor,1
 Coulson With a Cane,1
 Harry Potter is Laura Barton,1
First Dates,1
 Prompt Fic,1
 Angel!Darcy,1
 more Yggdrasil world-building,1
 handcuffed together AU,1
 Sort of? - Freeform,1
 Minor Injuries,1
 Tony Has Issues,1
Philinda - Freeform,1
 Communication,1
 BAMF Phil,1
 top shot,1
 Dysfunctional Family,1
 Alternate Universe -Soulbonding,1
 Harold Barton's A+ Parenting,1
 Native American Mythology - Freeform,1
 Family moments,1
Family,1
 Driving,1
 Collars,1
 Pietro Maximoff Lives,1
 Domestic Fluff,1
 Past Mention of Parent Death,1
 married,1
 Kittens,1
 Bruce Feels,1
 Soul mate,1
 Porn with Feelings,1
 Don't Try This at Home,1
 Darcy and Thor spar,1
 head canon,1
 Strap-Ons,1
 Sexting,1
 Darcy Lewis Knits,1
 S.W.A.M.P.,1
 Puny God,1
 Sounding,1
 Pregnancy Scares,1
 Non-Consensual Drug Use,1
 Wet & Messy,1
 Phil never joined SHIELD,1
 Bucky is a nerd,1
Spoilers for episode 1,1
 Alternate Universe - Police,1
 And has a heart to heart,1
 crossovers,1
this and fourth generation howling commandos,1
 Explosives,1
 Assassins,1
 Jesus Christ she does not get paid enough for this,1
 Nick is a good friend,1
 At least she's getting paid now,1
 Because Samuel L. Jackson that's why,1
 Temporarily Unrequited Love,1
 Intrigue,1
other cameos - Freeform,1
 saber-toothed cats deserve to be in the movies too,1
Fitz's POV,1
 Female Relationships,1
 Alternate Universe - Medieval,1
Green Card Marriage,1
 Science Fiction,1
 Undercover as a Couple,1
Waterboarding,1
 Goats,1
 Domestic Bliss,1
 Erotic Electrostimulation,1
 Engagement,1
 Alternate Universe - Zombie Apocalypse,1
 But They Still Like a Drink Now and Then,1
 pre episode 1,1
 Alternate Universe - Canon,1
 Party,1
 May vs. Ward Part II,1
 they all meet different,1
 No Captain America: The Winter Soldier Spoilers,1
 Gay Rights,1
 Not Agents of S.H.I.E.L.D. Compliant,1
 Good Consent,1
Community: comicdrabbles,1
 Dinosaurs,1
 It's Not Paranoia If They're Really Out To Get You,1
 Awkward Conversations,1
 alpha!Darcy,1
 FitzSimmons - Freeform,1
 Clint Barton deserves to know,1
 Triggers,1
 secret husbands,1
 Foggy is a Ray of Sunshine,1
 Starvation,1
 Really long scarves,1
 Hunter!Darcy,1
 Bartender AU,1
 No Plot,1
 i'm a liar,1
 lips of an angel,1
Interracial Relationship,1
 Sweet adorable moment,1
 Alternate Universe - Mythology,1
 Epic Bromance,1
 I have other fandoms too,1
 Loss of Virginity,1
 Shower Sex,1
 siren Pepper,1
 Beta Bucky,1
 Squire!Mack,1
 Sheriff Stilinski's Name is John,1
kid!Skye,1
going dark,1
 Physical Abuse,1
 child welfare,1
 everyone is a BAMF,1
 So you're getting it,1
So Many Cameos,1
 soulmate philosophy,1
 Older Man/Younger Woman,1
 Alternate Universe - Daemons,1
 pregnant!skye,1
 Name dropping other agents,1
 Tony Feels,1
 Trolling the Avengers,1
 episode tag 01x04 magic bullet,1
 don't get too attached to the chickens,1
 Celebrations,1
deaf!Clint,1
 Developing Relationship,1
 Agents of S.H.I.E.L.D. Big Bang,1
 Not Actually Unrequited Love,1
 Jewelry,1
 Background Clint Barton/Phil Coulson,1
 Pranks,1
 just a little,1
 slave!Loki,1
 Banter,1
 Not safe not sane and dubiously consensual,1
 Soulmark AU,1
 Tumblr Prompt,1
 Phil Coulson Has Wings,1
 Baby Harry,1
Episode Tag,1
 May is going to make Phil pay,1
 Ward loses his poker face,1
 Grant Ward Isn't Hydra,1
 Homecoming,1
 Alternate Universe - Harry Potter Setting,1
 Step-parents,1
 Minor Jane Foster/Thor,1
 Extremely Dubious Consent,1
 Gratuitous film references,1
 Jane Foster & Darcy Lewis Friendship,1
 Protective Natasha,1
 Not Beta'd,1
 Felatio,1
 Protective Skye | Daisy Johnson,1
 Spoilers,1
Mjolnir - Freeform,1
 Medieval-ish AU,1
 Palladium Poisoning,1
 Shes a bad bitch and its about to be YOUR problem,1
 Avengers: Age of Ultron (Movie),1
 Iron Man 3 Spoilers,1
 Draco Malfoy is not treated well,1
 Questioning,1
 Pre-HYDRA Reveal,1
Secret Marriage,1
 stream of conciousness writing,1
 Werewolf Leo Fitz,1
 Marvel 616/MCU Crossover,1
 Werewolf!Darcy,1
 Breaking the Fourth Wall,1
 Phil is apparently FBI,1
 Alternate Universe - Magical Realism,1
 Bucky had plans for that car,1
 Implied/Referenced Drug Use,1
Alive Hale Family,1
 GolddiggerJerk!Ward,1
 POV Clint Barton,1
 Deadpool sings the Macarena,1
 Not Thor 2 Compliant,1
 Phil Can Be a Jackass,1
 Backstory,1
 Harry potter reference,1
 Everything is good sex and nothing hurts,1
 Fluffiest thing I've ever written,1
 Role Reversal,1
 You guys asked for it,1
 AO3 1 Million,1
 Past Brainwashing,1
 Tags to come as I work on this,1
 kind of a Gilmore Girls based AU,1
 Minor Character Death,1
 Alternate Universe - Marvel Avengers Fusion,1
 Pre-Agents of S.H.I.E.L.D.,1
 Weddings,1
 canon-divergent,1
 Harry Hart Lives,1
 Alternate Universe - Role Reversal,1
 Public Display of Affection,1
Additional Tags Will Be Added When Updated,1
 slow-build,1
 More common than Darcy previously thought,1
 Sick Character,1
 Interracial Relationship,1
 Sexual Violence,1
 and his non-existent people skills,1
 Witch!Darcy,1
 Hand Feeding,1
 background Jessica Jones/Luke Cage,1
cameos by other characters,1
 I'm in love with the MCU,1
 Anal Plug,1
 Evil Laughter,1
 Implied/Referenced Torture,1
 And Bucky Barnes Absolutely Deserves to be Happy with Steve Rogers,1
 Post Hawkeye 10,1
 Hydra is mean to dogs,1
 I don't recommend Clint's solution,1
Reader-Insert,1
 CaptainHero!Trip,1
 Protective Rhodey,1
 Spin the Bottle,1
 Pay no attention to the man behind the curtain,1
Crossover,1
 Space Royalty AU,1
 Logan is literally such a mother hen,1
 Bros bros bros,1
 Harry Potter References,1
 cursing,1
 Upped the rating just to be safe,1
 Coulson writes Stucky fanfic,1
 alpha/omega/omega,1
 Blizzards & Snowstorms,1
 Identity Issues,1
 Accidental sex injury,1
 Self-Doubt,1
 Male-Female Friendship,1
 Animal Instincts,1
 New Year's Kiss,1
 Guard May,1
 All the Smut,1
 Mention of Canonical Rape Threat,1
 plus one,1
 cell popping,1
 Clint Barton & Steve Rogers Friendship,1
 Jemmaginary,1
 Cute Kids,1
 Sexual Torture,1
 Celebrity Skye,1
 Ecology,1
Memory Loss,1
 Tony Stark has serious PTSD,1
 cameo by Maria Hill,1
 Drabble,1
 Hazing,1
 Bandaids really won't fix Clint's issues,1
 these tags are much worse than what's in the actual fic,1
 Mutually Requited Pining,1
 John Garrett professional asshole friend,1
 Psychological Torture,1
 Mutual Masturbation,1
 Love Letters,1
 Post-Recovery Bucky Barnes,1
 Science Babies,1
 Touch Hunger,1
 Bucky Barnes Remembers,1
 Vaginal Sex,1
 there actually is a plot if you squint,1
 Food Fight,1
 Prompt Fill,1
 youre welcome america,1
 Flashbacks,1
 Spoilers for AoS Season 2,1
 Spanking,1
 Bucky Barnes is a troll,1
 Alternate Universe - Summer Camp,1
 Darcy Lewis is Clint Barton's Niece,1
 mountain town,1
 shocker - Freeform,1
 Sorry Not Sorry,1
 DGM is a dark dark world,1
 Alternate Universe - Angels,1
Telepathy trope fic,1
 background James 'Bucky' Barnes/Steve Rogers,1
 Family Dynamics,1
 Phil Can Be a Jerk,1
 Broken Bones,1
 Principal Phil Coulson,1
Oblivious Phil Coulson,1
 Steve Has Issues,1
 a little au,1
 SGC Reveal,1
 Ficlet Collection,1
 meddling siblings,1
 Undercover Missions,1
 Darcy Lewis is Antonia Owens,1
 super soldier Steve,1
 Guilt,1
 OT6,1
 Giveaway Ficlets,1
 Warm and Fuzzy Feelings,1
 5 Times,1
 Time Skips,1
Clint Barton & Kate Bishop Friendship,1
 Post-Battle of New York (Marvel),1
druid Phil,1
 Food Porn,1
 Clint Barton & Tony Stark Friendship,1
 Pepper Pots Has the Patience of a Saint,1
 Tony Stark Has A Heart,1
 Questions About Phil's Recovery,1
 Therapy,1
 i'm terrible with tags,1
 pregnant Darcy,1
 Steve has a big ego,1
 The Nine Realms,1
Birthday,1
 Mentions of a Suicide Attempt,1
 Old-Fashioned Steve Rogers,1
 Jemma Simmons - Freeform,1
 Wingfic,1
Media Parody,1
 First Dates,1
 No Spoiler Tags,1
 Skye was right,1
 Bucky and Steve tag along.,1
 violence against steering wheels,1
 people die,1
 but also happiness,1
 Comics/Movie Crossover,1
 Truth Serum,1
 Loki and Clint are both idiots,1
 New York City,1
 10+1 Things,1
 Things You Don't Want to Think About Your Boss Doing for 200 Alex,1
 Alternate Universe - Celebrity,1
 Avengers: Age of Ultron Compliant,1
 Passive-aggression,1
 Elevator Meetings AU,1
Post-Traumatic Stress Disorder - PTSD,1
 Mythology - Freeform,1
Survival,1
 Possessive Steve Rogers,1
 Longing,1
 Cop!Phil,1
 Tony Stark Does What He Wants,1
 Supernatural Creatures,1
 Darcy is done with everyone's shit,1
 Tumblr Prompts,1
 I Ship Everyone on This Bus,1
 Mild Kink,1
 deaf Phil Coulson,1
 Post-Episode: s01e13 T.R.A.C.K.S.,1
 Little bit of angst,1
 dubious treatment approach is dubious,1
Everyone Thinks They're Together,1
 Darcy's spectacular knitting skills,1
 Banshee Powers,1
 powered people,1
 otp: biofreeze,1
Clint Barton's Farm,1
 Tony Is a Good Bro,1
 Mail Order Brides,1
 there are mostly platonic relationships,1
 world building,1
 Svadilfari only gets creepier,1
 farmer Phil,1
 Fuck the Canon,1
 Rhodey tries to be a good bro,1
Pilot Episode spoilers,1
 Temporary Amnesia,1
 Music from the 90s,1
 Just lots of feels guys,1
 Bartender Darcy,1
 look - Freeform,1
 see the end notes if you're feeling iffy about that LMD tag,1
Animal Transformation,1
 akwardness,1
 Standalone fics,1
 Spoilers for AoS 1x11,1
Crossovers & Fandom Fusions,1
 All the hate all the time,1
 Poker,1
 Wizard Clint,1
 Masturbation in Shower,1
 Nick Fury has a heart,1
 John is Worthy,1
 dirt bikes,1
 Femslash February,1
 Slavery,1
 So as to avoid spoilers,1
 Bucky Barnes & Clint Barton Friendship,1
 at the beginning,1
 Kink,1
 reference to suicide,1
 Marriage,1
 alien pheromones because science,1
 because 5 wasn't enough,1
 Bedwetting,1
 Woobie Widower Phil Coulson,1
 Phil Needs an Asprin,1
 Returning Home,1
 Trope Bingo Round 2,1
 Clint and Natasha cause a lot of destruction,1
 angst but I fix it honest,1
Drama,1
 medicated phil,1
 talk of character being forcibly committed,1
 Odin's eyepatch,1
 Pride Parade,1
Character Study,1
 World War II,1
 Superfamily (Marvel),1
 various other characters!,1
 Feelstide 2013,1
 Hurt Tony Stark,1
 Domesticity,1
 Pre-Series,1
 sometimes it is,1
 crack origin stories,1
 Wanda Maximoff: Reality Warper,1
 Just putting it there to be extra safe,1
 Drama & Romance,1
 NSFW,1
Jemma is so bad at flirting,1
 Bucky's in love,1
 Darcy calls Natasha Honeybear,1
 Er... was a rockstar.,1
 Obedience,1
 Inhuman Darcy,1
 Secret Underground Lairs,1
 College professors,1
 Community: writers_choice,1
 no beta reader involved,1
 Darcy is friends with everyone,1
 Darcy Lewis-centric,1
 Diapers,1
Alternate Universe - Restaurant,1
 Sensory Deprivation,1
 Darcy just wants to stay alive,1
 Words are hard,1
 Protective Steve,1
 Kink Negotiation,1
 but mainly the comfort,1
 cameo by Melinda May,1
 Captain America/Iron Man Reverse Bang 2015,1
 Touch Phobia,1
 Not Agents of S.H.I.E.L.D. Season 2 Compliant,1
 Dead Hydra Agents,1
Television,1
 The Ori,1
 Badass SHIELD Agents,1
 BDSM - Freeform,1
 rarepair,1
 like super slow,1
Canonical Character Death,1
 Oh who am I kidding barely medieval,1
 Silent Cameos,1
 Protective Phil and Clint,1
 Wedding Planning,1
 Netflix and Chill,1
 Sacrifice,1
 Rape Recovery,1
 prompts,1
 Darcy Lewis Takes the World and Wins,1
 Pre-Civil War (Marvel),1
 drunk boys having feelings,1
 Walks In The Woods,1
 Thor is a huge jerk,1
 Phil Coulson's Robot Hand,1
 Bestiality,1
 Fraternities & Sororities,1
Slow Burn,1
 Snarky Phil,1
 Everyone Has Issues,1
 Rhodey Is a Good Bro,1
 Baby Skye,1
 Mostly not,1
 Bucky Barnes is a Good Man,1
 Alpha/Omega,1
 Alcohol Abuse/Alcoholism,1
 this is pretty much only original characters,1
 Norman Osborn is a terrible dad,1
 unprotected sex,1
 Childhood Memories,1
 vine,1
 Darcy will take what she can get,1
 Song prompts,1
 Asexuality,1
 post-CATWS,1
 Original Character Death(s),1
 Slice of Life,1
 Darcy Lewis doesn't have time for his shit,1
Deaf Clint Barton,1
 not all is what it seems Phil,1
 Awkwardness,1
 Community: 1drabble,1
 Those Two Broken Men Who Walked Into that Bar Went Back Home and Aren't So Broken Anymore,1
 Alternate Universe - 1960s,1
 Everyone loves Darcy,1
 thats right deadpool was attacted to logan,1
 background Bruce Banner/Tony Stark - Freeform,1
adding characters as they appear,1
 Budapest,1
 Paddling,1
 Buddy the Dog,1
 Anonymous Sex,1
 Bruce Banner's striped socks,1
 Kanda always gets screwed over,1
 Downer's Hollow,1
 holiday fic,1
 Mental Breakdown,1
 All Marvel Movie Spoilers,1
 just so much porn,1
 Angst and Hurt/Comfort,1
 but it's temporary,1
 Depression,1
 One Night Stands,1
 thanks for reading,1
 Challenge Response,1
 clint is a butt,1
 PWP (Puppy Without Plot),1
 Sensation Play,1
 Swanmays,1
 Non-SHIELD AU,1
 Pulling out the big guns,1
 Human Loki,1
 Also cats,1
 Lots of UST,1
 Team Arrow,1
 Money,1
 leprechaun Tony,1
 slight off screen whumping of bad guys,1
 Interfaith Character,1
 foxxcub writes a college au must be a day ending in y,1
 Lucky and Natasha are besties,1
 Darcy runs a group therapy session,1
 SciOps Era,1
 director coulson,1
 Hawkeye is Protective,1
 don't ask about the lemon tree,1
 Ceiling Vent Clint Barton,1
 Doctor!Coulson,1
 Slayer!Darcy,1
 cameo by Nick Fury - Freeform,1
 Medical Trauma,1
 restaurant,1
 Unhealthy Coping Mechanisms,1
 because I couldn't take much more hurt after cap 2,1
 family matters,1
 Post-Coital Cuddling,1
 Sitwell wants something pretty,1
 Men at the Bar,1
 Rehabilitation,1
 Cancer,1
 Nudity,1
tw: bureaucracy,1
 Incest,1
 Fight Club - Freeform,1
 Sledding,1
 Reconciliation,1
 The Hydra reveal happens differently and with SHIELD still in tact and much less death and misery,1
 American Vampire - Freeform,1
 Skyeward family,1
 Attempt at Humor,1
 Occassional smut,1
 Clint plays dumb,1
 Pre-Slash,1
 past Phil Coulson/Audrey Nathan - Freeform,1
 mentions of past mental trauma (Clint),1
 Wings,1
 Hollywood AU,1
 Tentacle Cuddles,1
 Needles,1
 Thanksgiving,1
 Look there's just lots of sex,1
 Medical Inaccuracies,1
 Post Episode S01E11 The Magical Place,1
 shared dog custody,1
 Natasha Needs a Hug,1
 Lady Loki,1
 Canonical Character Resurrection,1
 lovestory in reverse,1
 Body Swap AU,1
drabbles,1
 Closets,1
 Queerplatonic Relationships,1
 eventually,1
 Daisy To The Rescue,1
 Space Opera,1
 Darcy doesn't take other peoples crap,1
 Headcanon,1
 Coulson and May are Skye's parents,1
 Comedy,1
 Not a goddamn picnic,1
 I'm Bad At Tagging,1
 Sandwich,1
 Child Protective Services,1
 Voyeurism,1
 Mistaken Identity,1
 Best Friends,1
 Melinda May is a quiet badass,1
 straitjackets,1
" past James ""Bucky"" Barnes/Peggy Carter/Steve Rogers - Freeform",1
Kid Fic,1
 Verbal Check-Ins,1
 slightly cracky,1
 Alternate Universe - Idols,1
 soulbonds,1
 Fake Dating,1
 Matt Gets Beat Up A Lot,1
 Peter Quill's Mixtapes,1
 Agents of S.H.I.E.L.D. Compliant,1
 Episode: s01e07 The Hub,1
 BAMF Natasha,1
 count buckula,1
 Tony is a very proud father to be,1
 Separation Anxiety,1
 Past Drug Use,1
 Hook-Up,1
 American Sign Language,1
 Starbucks,1
 partialy movie canon,1
I Believe in Jasper Sitwell,1
 Alternate Universe - Mr. & Mrs. Smith Fusion,1
 Love Confessions,1
 this is plot heavy AND eventually porn heavy,1
 Found Family,1
 Brain Damage,1
 Reluctant Closeness,1
damn there's a lot of people in this story,1
 Inhumans AU,1
 Nerdiness,1
 Natasha likes to micromanage,1
 Stelicity,1
 Community: fan_flashworks,1
 Apologies to the NY State DMV,1
 Alternate Universe - Reincarnation,1
 Bad API Documentation,1
 Strangulation,1
 Darcy wants Steve to be her baby daddy,1
 Age of Ultron,1
 Gags,1
 Minor Character Deaths,1
 no official ships,1
 Slash,1
 POV Alternating,1
 Darcy and Karen are friends,1
 should I encorperate the whole Marvel thing or nah,1
 minor smut,1
 reluctant bonds,1
 Prosthesis,1
 Attempted Murder,1
 teasing jemma,1
 Grant Ward gets better character development,1
 Thor: The Dark World,1
 Origins,1
Reunions,1
Holidays,1
 Darcy calls Tony Twinkletoes,1
 more everyday life,1
 Poptarts,1
Family Feels,1
 pure fluff with a little bit of skye pining,1
 Harlequin challenge,1
 Fights,1
 Making Love,1
 Pepper is the best,1
 A lot of Night Vale humans have a little bit extra ok,1
 Male Darcy,1
 SHIELD Agent Darcy Lewis,1
 Bigotry & Prejudice,1
 Alice in Wonderland quotes,1
additional tags,1
 otp: winter biochemist,1
 Additional Warnings In Author's Note,1
 But actually I made it worse,1
 rated for child abuse,1
 Clint is a mess,1
Bisexual!Steve,1
 Drunken Kissing,1
 Genetic Engineering,1
 Don't Touch Lola,1
 Medical Conditions,1
CA:WS Compliant,1
 What do you mean you already knew that?,1
 Pheels,1
 Near Death Experiences,1
 Abandonment,1
 Caning,1
 Male Homosexuality,1
Implied Relationships,1
 fuck buddies,1
 Clint and Natasha were SHIELD agents long before they were Avengers,1
 Hurt Steve Rogers,1
 how it's made,1
 What Mycroft doesn't know,1
 Darcy likes abs,1
 Naked Cuddling,1
 AU of all sorts,1
 Past Abuse,1
 Porn With Plot,1
 Orphan AU,1
 Morning Cuddles,1
 Tony annoys everyone,1
" James ""Bucky"" Barnes/Clint Barton (temp)",1
 Breaking and Entering,1
 Skinner Sweet references,1
 mentions of abuse,1
 Stark Tower,1
 Alpha Steve,1
 Reunion bliss,1
 Single Father Clint Fic,1
 Author is Evil,1
Porn With Feels,1
 Dominance,1
 Melinda May is a good friend,1
Always A Girl Harry Potter - Freeform,1
 SHIELD Is the Worst Acronym Ever,1
 Surprising amounts of fluff,1
 Kate is a Rockstar!,1
 Alpha Stiles Stilinski,1
 Steve never had a chance,1
Time Travel,1
AU,1
 Team Flash,1
 Unwilling Empathy,1
 non-graphic mention of suicide,1
 Sometimes Phil Has to Drill That Fact Into His Head Though,1
 Donuts,1
 except for a couple exceptions mentioned in canon,1
 Moral Ambiguity,1
 SHIELD likes secrets,1
 Tags May Change,1
 Comfort Toys,1
 montana,1
 Loosely follows movie plots,1
 Nick Fury Lies,1
 Clintasha - Freeform,1
 and a good many OCs,1
 Vampire Darcy - Freeform,1
 OTP: Till the End of the Line,1
 Avengers cuddle pile,1
 Mutant!Darcy,1
 cane fic,1
Marriage Proposal,1
 Tarot,1
 Ghosts,1
 Hurt Clint Barton,1
 Alternate Universe - Car Racing,1
 AU: Howard Stark is alive,1
Post-Episode: s01e11 The Magical Place,1
 Alice in Wonderland,1
 bless tumblr au posts,1
 Alternate Universe - Shapeshifters,1
 Art,1
 Iron Man 3 Compliant,1
Supernatural - Freeform,1
 fanboy Coulson,1
 Marriage of Convenience,1
 Phil Coulson dirty old man,1
 this is not the ot3 you are looking for,1
 Agents of SHIELD: Season 1 Compliant,1
 mild AU,1
 Darcy is psychic,1
 Huddling For Warmth,1
 First series: Woot woot!,1
 Infinity Stones,1
 no plot here,1
 this fic is the height of indulgence,1
 Birthdays are difficult things okay,1
 Mostly Real Science,1
 Presents,1
 Vampire Bucky Barnes,1
 Family Drama,1
 The Cavalry,1
 they're all over the place,1
 Gen or Pre-Slash,1
 Undercover as Married,1
 at all,1
 heavily implied sexual content,1
Age Difference,1
 Bad Pick-Up Lines,1
 Thor: The Dark World Compliant,1
Smartass Family,1
 Miss Congeniality AU,1
 and didn't know he was alive,1
Post-Episode: s02e10 What They Become,1
 Bechdel Test Pass,1
 Alpha Phil Coulson,1
 Sharing Clothes,1
 Natasha is also seriously protective of Darcy,1
 Accidents,1
 Both both both is good,1
 Tattoos,1
Canon Temporary Character Death,1
 Awkward Flirting,1
 Post-Iron Man 3,1
 Post-Captain America: Civil War (Movie),1
 please look out for spoiler warnings,1
 Sneaking Out,1
 Steve Needs a Hug,1
 Adopted Sibling Relationship,1
 Pokemon go app,1
 No need for redemption,1
 lots of fluff,1
 Standard Winter Soldier Warning Package,1
 Betrayal,1
 Post Captain America: Civil War,1
 Poker Nights,1
 Melinda May is having none of Fury's shit,1
 Volcanoes,1
 your call,1
 Baby Peter,1
 Danger,1
 Conspiracy,1
 thumbtapped fic,1
Non-Graphic Violence,1
 American Vampire references,1
 And Kayla Silverfox doesn't die,1
 Comfort,1
 a frat house christmas miracle,1
 Angel/Demon Relationship,1
 Fuck Or Die,1
 Surprise pregnancy,1
 Very Convincing Technobabble,1
 just for fun,1
 Age Regression/De-Aging,1
 Wanda Maximoff Feels,1
 bisexual Fitz,1
 Post-Thor: The Dark World,1
 seriously so much paperwork,1
 most of the fic actually,1
 child endangerment,1
 Warnings May Change,1
 Time Turner,1
 implied medical torture,1
 puppy!Phil,1
 meringues are a love language,1
 Hobbies,1
 Phil is in medical and on the good stuff,1
 sure,1
 Post-Episode: s01e01 Pilot,1
 Missions Gone Wrong,1
 A Lump of Coul: A Phil Coulson Fan Work Exchange,1
 SHIELD Hogwarts,1
 Heartbreak,1
 Cameos,1
 it's a thing,1
 Complicated Relationships,1
 Alternate Universe - Mechanics,1
 Gore,1
 Canon Divergence,1
 Protective Bucky Barnes,1
 Medicinal Drug Use,1
 Where Was Clint Barton During Captain America 2?,1
Alternate Universe - Modern Setting,1
 Women Being Awesome,1
 neither did Loki,1
 SHIELD Agents Being Badass,1
 feels without plot,1
 Fanboy Stiles,1
 Agents of S.H.I.E.L.D. - Freeform,1
 3 Sentence Fiction,1
 to 1940s America!,1
 grumpy barton,1
Threesome,1
 Blow Jobs,1
 BAMF Clint,1
 John can take down May,1
Canon-Typical Violence,1
 This one is about sex,1
Light Angst,1
 poor communication,1
 so i wrote kickass women of color kicking HYDRA ass,1
 Werewolf Stiles Stilinski,1
 Songfic,1
 Daddy Coulson,1
 area 51,1
 no spoilers though,1
 the shield - Freeform,1
 Darcy is the BIGGEST mother hen,1
 Snow and Ice,1
 cameos by lots of other SHIELD agents,1
Fluff and Smut,1
 Warlock Fury,1
 Take over the world lists,1
 Impossible Redemption,1
 Swearing,1
 Canon Compliant - sort of,1
 so don't read if you don't like smut!,1
 I'm going off what the readers want btw,1
 Alternate Universe - Future,1
 Alternate Universe - Motocross,1
fluff with some light angst,1
 Team Stegosaurus,1
 but this still feels fluffy to me,1
 Meet the Family,1
 Mostly Hurt for a long time,1
 Superhero Darcy,1
 and inhuman,1
 Racism,1
Cameos,1
 Gen Work,1
 ...should that be one tag?,1
 Steward!Hunter,1
 Bucky doesn't mean to be so intimidating,1
 i just jumped on this bandwagon,1
 Skye Swears,1
 shower smut,1
 luck,1
 UST,1
 Threesome,1
 somewhere....,1
 Workplace Relationship,1
 Femslash,1
 I don't actually hate Steve I promise,1
No Spoilers,1
 Carlos and Fitzsimmons trained together,1
 Not everyone likes Sentinels/Guides,1
 Geeks in Love,1
 and future babies,1
 Children's Hospital,1
 Swearing at Velociraptors,1
 Peter is the most timid four year old in the world,1
 Phil Coulson Needs a Hug,1
Alternate Universe - Magic,1
 Hydra Grant Ward,1
 space mobsters,1
 #ibelieveinsitwell,1
 Excessive Banter,1
 Actually LOTS of rarepairs,1
 Odin's A+ Parenting,1
 Non-SHIELD Phil Coulson,1
 Alternate Universe - No Junior Drivers' License Regulations,1
 Gender or Sex Swap,1
 Self-Hatred,1
 safety zone,1
 Captain America: The First Avenger,1
 Romantic Fluff,1
 Shield has paperwork for everything,1
 flashbacks of abuse,1
 FYDL Darcyland POC Week,1
 Alternate Universe - Dresden Files Fusion,1
 Humiliation,1
 Bucky Barnes Gets a Hug,1
 Pre-Post Episode The Well,1
 Natasha Feels,1
 Agents of S.H.I.E.L.D. References,1
 Self-Esteem Issues,1
 Daddy Phil,1
 Everyone Is An Asshole,1
 Steve Rogers & Natasha Romanov Friendship,1
 BAMF Tony,1
 Barton Farm,1
 of sorts,1
Community: kink_bingo,1
 misunderstandings in love,1
 Dad Clint Barton,1
 Kitten Cuddling,1
 Smoking,1
 chicken injuries,1
 Cheesy Hair Rock Soundtrack,1
 kitten!Clint,1
 some of it is frankly disturbing,1
 Ensemble Cast,1
 1930s Murder Mystery AU,1
 She also likes to Matchmake and provide goodies,1
 Cussing,1
 Laboratories,1
 Jemma's POV,1
 Mechanical Engineer Darcy Lewis,1
 Cecil is Mostly Human,1
 or at least porn strung together by very little plot,1
 Loki Feels,1
 Darcy's impeccable aim,1
 Post Reichenbach,1
 Bucky Barnes Has Nightmares,1
 fluffy moment,1
 which means that the major character death is only sort of fixed,1
 office romance AU,1
 partially canon compliant,1
 Alternate Universe - Law Enforcement,1
 drunk!Darcy,1
 no one is actually suicidal,1
 And Captain America,1
 On the Run,1
 Darcy is AWESOME,1
 Alternate Origin Story,1
 Drunk Sex,1
 Long Lost Family,1
 Skye is Darcy's daughter,1
Music,1
 Many of these have never been written before AFAIK,1
 Walks under the starlight,1
 Original Female Character - Freeform,1
 Central Intelligence Agency,1
 Not Captain America: Civil War (Movie) Compliant,1
 Speech Disorders,1
 Injury Recovery,1
 Bucky Barnes & Kate Bishop - Freeform,1
 Inhuman AU,1
 flashbacks of suicide,1
Darcy is Phil Coulson's adopted daughter,1
 Cabins,1
 Sweet,1
 except thor and ca1,1
Frosthawk - Freeform,1
 elements of d/s,1
 security blankets,1
 Steve Feels,1
 Amnesia,1
 Alpha Phil,1
 bit of angst,1
 Asgard vastly ignores the Geneva convention,1
 Magic Spell AU,1
 photoshoot,1
 Family Reunion,1
 this isn't like the movie,1
 General Spoilers for S01 of MAoS,1
 TRACKS Fix-It,1
 News Media,1
 except actually assistant Principal,1
 Mpreg,1
 Birthday Party,1
 Team Loki,1
 close friendships,1
 Tactical Cheeto Theft,1
 because it wouldn't be any fun if the likely suspects were obvious,1
Sleeping Together,1
 baby-shower,1
 Responsible BDSM,1
 Random - Freeform,1
 Powers!Darcy,1
 Captain America - historical figure,1
 But he is,1
 Blood and Injury,1
 Caplicity,1
 Mentions of Suicide,1
Prompt Fic,1
 Also pairings,1
 Alternate Universe - Fans & Fandom,1
 Sheriff Phil,1
 Spaceships,1
 Because I can,1
 Bus Sex,1
 Supernatural Elements,1
 PWP,1
 Alternate Universe - Modern with Magic,1
 joyriding,1
 Dom Phil Coulson,1
 Mentioned Jennifer Blake,1
 Christmas Crack,1
 some GotG fix-it elements are present,1
 Avenger Darcy,1
 LMD fic,1
 Vibrators,1
 Crime,1
 Satire,1
 All the Boys Get Hurt,1
 BAMF Bruce Banner,1
 Jemma comes back,1
 Minor Pepper Potts/Tony Stark,1
Other Additional Tags to Be Added,1
 lots of feels,1
 Allen also always gets screwed over btw,1
 After Effects Of Trauma,1
 everyone is bi/pan and i love it,1
 In that Clint tries to be Bobbi's wingman,1
 Darcy and Steve are both idiots,1
 Romantic Friendship,1
 discussion of transphobia and homophobia,1
 he's hot but he's more scary than hot,1
 Birthday Surprises,1
 Grey and Gray Morality,1
 Phil Coulson & Natasha Romanov Friendship,1
 Schmoop,1
 Loki Does What He Wants,1
 but not in the way you might think,1
 References to Child Abuse,1
 except with Bartons instead of Gilmores,1
hinted Skye/Ward,1
 CRACK CRACK CRACKITY CRACK,1
 SHIELD agent!Sheriff,1
 Alternate Universe - Spies & Secret Agents,1
The Author Regrets Everything,1
 because it's Ward,1
Mac joins SHIELD,1
 basically just an excuse to write feels,1
 BAMF Sheriff Stilinski,1
 Avengers Remix,1
 boys in makeup,1
Valentine's Day,1
 Sickening adorable fluff,1
 Gifset,1
 Guest Starring: Agents of S.H.I.E.L.D,1
Therapy,1
 A Year Without A Santa Claus,1
The Cellist - Freeform,1
 Canonical Character Death,1
 Red Room Mentioned,1
 Darcy calls Fury Grumpybeard,1
 Brotp,1
 detective Phil,1
 but only sort of,1
 Ancients,1
 FS Kiss Prompt Collection,1
 Darcy calls Thor Hammertime,1
 But feel free to ship whoever you like,1
 BAMF Natasha Romanov,1
 supportive team,1
 Coulson is from Night Vale,1
 Mutant Darcy Lewis,1
 traumatic memories,1
 domestic fitzsimmons,1
 Clint Barton & Natasha Romanov Friendship,1
 Gamora has a strict No Bullshit policy,1
 Dimension Travel,1
Deaf Character,1
 Manipulation,1
Soulmate AU,1
 but the end notes will spoil the entire point of the fic,1
 the road to hell is paved with good intentions,1
 Post-Winter Soldier,1
 skyeward will be romantic in this,1
 Natasha is the reasonable one,1
 Asexual Relationship,1
 One Shot,1
 Matchmaking Angels,1
 skimmons - Freeform,1
 mothers are devious,1
 birthday gift for Psistriker,1
 Foster Care,1
 The Flash - Freeform,1
 Online Relationship,1
 Tony Stark Cameo,1
 References to Suicide,1
 Self-Loathing,1
 Paranoia,1
 Clint didn't sign up for this,1
 Baby Fluff,1
Alternate Universe - Library,1
 Pajamas & Sleepwear,1
 Not really a lot of plot,1
