 Fluff,64
 Anal Sex,62
Alternate Universe - Modern Setting,52
 Alternate Universe - Modern Setting,44
 Slow Build,42
 Anal Fingering,34
 Eventual Smut,33
 Angst,33
 Smut,32
 Humor,32
 Romance,30
 Rimming,27
 Dirty Talk,27
 Fluff and Angst,25
 Masturbation,25
 Hand Jobs,24
 Blow Jobs,24
 Alternate Universe - College/University,22
 Oral Sex,22
 Hurt/Comfort,20
 First Time,20
Alternate Universe,19
 Sexual Tension,19
 Mating Cycles/In Heat,18
 Alternate Universe,18
 Fluff and Smut,18
 Violence,17
 ereri,15
 Alpha/Beta/Omega Dynamics,15
 Spanking,15
 Character Death,15
 Tooth-Rotting Fluff,14
 Biting,14
 riren - Freeform,13
 Knotting,13
 Blood,13
Alpha/Beta/Omega Dynamics,13
 Friends to Lovers,13
 Mpreg,13
 Frottage,12
 Slow Burn,12
 Daddy Kink,12
 Bottom Levi (Shingeki no Kyojin),12
 Alternate Universe - High School,12
 Rough Sex,12
 Scent Marking,12
,11
 Alpha/Omega,11
 Friendship,11
Alternate Universe - High School,11
 Explicit Language,10
 Mating Bites,10
 Mates,10
 Marking,10
 Panic Attacks,10
 Minor Character Death,10
 Other Additional Tags to Be Added,10
 Praise Kink,9
 Loss of Virginity,9
 Physical Abuse,9
 Developing Relationship,9
 Explicit Sexual Content,9
 Riding,9
 Modern AU,9
 Alternate Universe - Canon Divergence,9
 bottom!levi,9
 Underage Drinking,8
 Multiple Orgasms,8
 Omega Verse,8
 Light Angst,8
Fluff,8
 Omega Eren,8
 Fluff and Humor,8
 bottom!Eren,8
 Awkward Boners,8
 Mating,8
 Shameless Smut,7
 Kidnapping,7
 Size Difference,7
 Non-Binary Hange Zo,7
 Recreational Drug Use,7
 Age Difference,7
 Alpha Levi (Shingeki no Kyojin),7
 Shower Sex,7
 Mating Bond,7
 Angst and Fluff and Smut,7
 Top Eren Yeager,7
 POV First Person,7
 Cuddling,7
 Threesome - M/M/M,7
 Jealousy,7
 Attempt at Humor,7
 Bottom Eren Yeager,7
 Phone Sex,7
 Fingering,7
 First Kiss,7
 Rutting,7
 Smoking,7
 Exhibitionism,6
 Eren Yeager Has Heterochromia Iridum,6
 Mating Rituals,6
 Mutual Pining,6
 House Party,6
 POV Levi (Shingeki no Kyojin),6
 Pining Levi,6
 Alternate Universe - Coffee Shops & Cafs,6
 Snark,6
 Birthday Sex,6
 Switching,6
Plot What Plot/Porn Without Plot,6
 Marriage,6
 Body Worship,6
 Alcohol,6
 Nipple Play,6
 Teasing,6
 Top Levi (Shingeki no Kyojin),6
 Voyeurism,6
 Kissing,6
 Established Relationship,5
Humor,5
 Emotional Hurt/Comfort,5
 Butt Plugs,5
 Titan-Haired Eren Yeager,5
 Self-Harm,5
 Canon Universe,5
 Community: snkkink,5
 Omega!Eren,5
 Sexual Frustration,5
Romance,5
 Bonding,5
 Anxiety,5
 Mutual Masturbation,5
 Gay Sex,5
 Sex Toys,5
 Canon-Typical Violence,5
 Yaoi,5
 Trust Issues,5
 Eren is seventeen,5
 Eventual Levi/Eren Yeager,5
 Reincarnation,5
 Depression,5
 top!Eren,5
 Emotional Manipulation,5
 Alpha!Levi,5
 First Time Blow Jobs,5
 Pining,5
 Alternate Universe - Science Fiction,5
 Origin Story,5
 Sexual Content,5
 Resolved Sexual Tension,5
 Past Abuse,5
 Awkward Flirting,5
 Scenting,5
 Gore,5
 Emotional/Psychological Abuse,5
 teacher!levi,5
 Possessive Eren Yeager,5
ereri,5
 Eventual Fluff,5
 Levi/Eren Yeager-centric,5
 Arranged Marriage,4
 Intercrural Sex,4
 Making Out,4
 Werewolves,4
 Scars,4
 Consent,4
 Rituals,4
 Nightmares,4
Smut,4
 Tail Sex,4
 Possessive Behavior,4
 Coming of Age,4
 Homophobic Slurs,4
 Implied Reincarnation/Past Life,4
 Implied/Referenced Child Abuse,4
 Eren Is a Little Shit,4
 Families of Choice,4
 Courtship,4
 Embarrassment,4
 Night Terrors,4
 Decapitation,4
 Domestic Fluff,4
 Tattoos,4
 Alternate Universe - Police,4
 Falling In Love,4
 Alternate Universe - Canon,4
 dub-con,4
 Minor Violence,4
Angst,4
 Death,4
 Implied/Referenced Rape/Non-con,4
 Fluffy Angst,4
 Language,4
 Worldbuilding,4
 Kinks,4
 Foot Fetish,4
 Anal,4
Kink Meme,4
AU,4
 possessive!eren,4
 College,4
 mild violence,4
 Drama,4
 NSFW,4
 Kink Negotiation,4
 rivaere - Freeform,4
 D/s,4
 Dismemberment,4
 Alcohol Abuse/Alcoholism,4
 Child Mikasa Ackerman,4
 Slice of Life,4
 Claustrophobia,4
 Facials,4
 Orgasm Delay/Denial,4
 Suicide,4
 SO MUCH FLUFF,4
 German Eren Yeager,4
 Alpha Levi,4
 BDSM,4
 POV Eren Yeager,4
 Teacher-Student Relationship,4
 Eventual Sex,4
 friendship that turns into gay feelings,4
 Crossdressing,4
 Alpha Eren Yeager,4
 Unrequited Love,4
 Overstimulation,4
 Eye Trauma,4
 Angst and Humor,4
 Cuddling & Snuggling,4
 Public Sex,4
 Dominant Eren Yeager,4
 possessive!Levi,4
 Angst with a Happy Ending,4
 Alternate Canon,4
 Consensual Sex,4
 Size Kink,4
 Song Lyrics,4
 Omega Levi (Shingeki no Kyojin),4
 Demons,4
 Drinking,4
 Mystery,4
 Canonical Character Death,4
 Prince!Eren,4
 Panty Kink,4
 Polyamory,3
 Bathtub Sex,3
 Public Blow Jobs,3
Alternate Universe - Fantasy,3
Arranged Marriage,3
 Enemies to Friends to Lovers,3
 Past Child Abuse,3
 One-Sided Attraction,3
 Werewolf!Levi,3
 Levi!POV,3
 Torture,3
 Spitroasting,3
 lots of swearing,3
 Dorks,3
 Enthusiastic Consent,3
 Couch Sex,3
 Eventual Romance,3
 Titan Shifters,3
 Past Levi/Erwin Smith,3
 Rating May Change,3
 Stockholm Syndrome,3
 Snuggling,3
 Triggers,3
 Protective Levi,3
 Daddy Issues,3
 Vampire!Mikasa,3
 Masochism,3
Violence,3
 Mild Language,3
 Pierced Levi,3
 Backstory,3
 Eren POV,3
 Weddings,3
 Verbal Abuse,3
 Ereri Week,3
 Prompt Fill,3
 Plot What Plot/Porn Without Plot,3
 Homophobia,3
 smutty dreams,3
 Homophobic Language,3
 Barebacking,3
 Model Eren,3
 3DMG,3
 courting,3
 Sexual Fantasy,3
 Sexual Roleplay,3
 Omegaverse,3
 Implied/Referenced Character Death,3
 Awkwardness,3
 Nipple Piercings,3
 Punk Levi (Shingeki no Kyojin),3
 Wings,3
 Self-Lubrication,3
 Apartments,3
 Mentions of Cancer,3
 Rape/Non-con Elements,3
 Suicide Attempt,3
 Alternate Universe - Kindergarten & Pre-school,3
 Sadism,3
 Birth,3
 Awkward Eren Yeager,3
 Mild Gore,3
 Dubious Consent,3
 Pregnant Eren,3
 Shapeshifting,3
 Mermaid!Levi,3
 Porn With Plot,3
 Gun Violence,3
 Alternate Universe - Merpeople,3
 Titan Eren Yeager,3
 Family Drama,3
 Parenthood,3
 Cum Play,3
 florist Marco,3
 Possessive Levi (Shingeki no Kyojin),3
 Rated for Levi's Language,3
 Blood and Gore,3
 Gangs,3
 French Levi (Shingeki no Kyojin),3
 Car Sex,3
 Swearing,3
 Coffee Shops,3
 Drowning,3
 Martial Arts,3
 Long-Distance Relationship,3
 Complete,3
 Underage - Freeform,3
 Pregnancy,3
 Grinding,3
 Sharing Body Heat,3
 Memory Loss,3
 Suicidal Thoughts,3
 future smut,3
 Modern Era,3
 some violence,3
 Genderfluid Eren,2
 kink sex scenes,2
 do you like cockblocks cause i sure do,2
 Alternate Universe - Werewolf,2
 long distance relationship LOL,2
 Flesh eating,2
 Alternate Universe - Superheroes/Superpowers,2
 So Much Awkwardness,2
 Alternate Universe - Prison,2
 Several Hundred Pop Culture References,2
 Alternate Universe - Domestic,2
 sex in public,2
 slight slavery,2
 implied depression,2
 Prostate Massage,2
 I meant it when I said slow build,2
 Levi is a pushy Omega,2
 Eren is so out of his depth when it comes to love and attraction,2
 Humour,2
 Levi's Thirsty,2
 Finger Sucking,2
Alternate Universe - Supernatural Elements,2
 Levi is an Asshole,2
 Begging,2
 there are too many song references in this fic I swear,2
 lots of kinks,2
 Gratuitous Smut,2
 Overstimulation kink,2
 now it gross with feelings and shit,2
 Past Neglect,2
Vampires,2
 Tail Jobs,2
 Fisting,2
 lots of violence and guns involved,2
 and lots of shower sex,2
 Honestly guys this is pretty much fluff,2
 Eren is adorkable,2
 Blood Bond,2
 Because there is not enough BAMF Eren,2
 (Partially) Posted Elsewhere,2
 Bondage,2
 Eren needs a hug,2
 Top!Levi,2
 really slow burn,2
 canonverse,2
 character evolution,2
 General debauchery all over on this one folks,2
 past jearmin,2
 because I'm a pervert,2
 Mentions of Death,2
 Reapers,2
 lots of smut,2
 Soulmates,2
 Strip Tease,2
 Eren has scars,2
 slight non-con,2
 Awkward First Times,2
 Dominance,2
 babysitter Eren,2
 Eren loves glitter,2
 Light BDSM,2
 attempted suicide,2
 actually probably less than canon-typical,2
 Emotional Hurt,2
 Unrequited Crush,2
 idk how to tag this,2
 Trust,2
 Detective!Levi,2
 Fantasy,2
 Wet Dream,2
 Child Abuse,2
 near misses,2
 Spirits,2
 basically everybody wanna bang the Jaegerman,2
 Blowjobs,2
 slight angst,2
" Gratuitous use of the word ""fuck""",2
 attempts at comedy,2
 supernatural horror,2
 Slurs,2
 JeanMarco Week,2
 Family Feels,2
 Infidelity,2
 Eren wants babies,2
 Family Fluff,2
 Forbidden Love,2
 Omega!Levi,2
Frottage,2
 Briefly Mentioned Cannibalism,2
 Scent Kink,2
 Come Eating,2
 humans are bad,2
 boyfriends on dork portal,2
 Self Harm,2
 Jean with issues,2
Mpreg pretty much a LOT,2
 Marco having a hero complex as big as Mars,2
 foot job,2
 mechanic jean,2
 slow-burn,2
 Sexual Harassment,2
 marcoxeren moments,2
 Tags updated as story progresses,2
 they just look at each other a lot idek,2
 fluff for days,2
 Grisha's A+ Parenting,2
 Power Play,2
 Friendship/Love,2
 submissive!Levi,2
 Alternate Universe - Pokemon,2
 Alpha!Eren,2
 except hanji,2
 requited feelings,2
 sick!Eren,2
 every one in Levis squad is a hunter,2
 fluff at times,2
 Office Sex,2
Alternate Universe - Prostitution,2
 Armin in pigtails,2
 YouTube,2
 Vampires,2
 Tattooed Levi (Shingeki no Kyojin),2
 Female Hange Zo,2
 Mikasa Ackerman & Levi Are Related,2
 actually several alternate universes probably,2
 Blasphemy,2
 non consentual pet play,2
 but that's not a surprise,2
 Hanji and Eren are totally besties that drive Levi insane,2
 can be disturbing for some,2
it's centered around friends though all the girls are friends,2
Unresolved Sexual Tension,2
 Fem!Eren,2
 dragon breeding,2
 Blood and Violence,2
 Teen Angst,2
 Feelings,2
 lots of awkward situations,2
 Introspection,2
 seme!eren,2
 Not only Dark!Marco but 1930's Dark!Marco with a tommy gun and a Texas drawl,2
 thug!levi,2
 Alternate Universe - Fairytail,2
 Spanking Kink,2
 Lots of Sex,2
 Alternate Universe - Hellgate,2
 because that doesn't happen enough,2
 I blame it for everything,2
 Levi has scars,2
 Briefly Mentioned Mass Suicide,2
 modern day AU,2
 abuse and harassment is NOT from Levi,2
 Dry Humping,2
Cat Levi,2
 Farlan and Eren are also besties that drive Levi insane,2
 Come Feeding,2
 Protective Eren Yeager,2
 Some spoilers for ACWNR and Attack on Titan manga up to current chapter,2
 Friends With Benefits,2
 Disabled Character,2
 d/s dynamics,2
 so is Erwin,2
 Singing,2
 Titan!Eren,2
 blood marking,2
 TW: Arachnophobia,2
Domestic,2
 Possession,2
 Submissive,2
 Baby!Petra,2
 very very emotionally intense bonding with pretentious imagery,2
older & grumpier,2
 Male Slash,2
 Light Praise Kink,2
 Schrdinger's BDSM,2
 Drunk Eren Yeager,2
 BAMF levi,2
 Scratching,2
 custodial AU,2
 Hemophobia,2
 Took You Long Enough Eren,2
 Artist Levi (Shingeki no Kyojin),2
 Social Commentary,2
 Child Annie Leonhart,2
 Masturbation in Shower,2
 cross dressing kink,2
 Dragons,2
 Grisha Yeager's Bad Parenting,2
 Levi is a asshole but we love him for it,2
 there is gonna be some sex cause iM TRASH,2
 Cesarean Section,2
 Possessive Sex,2
 implied mobuhan,2
 Theatre!AU,2
 outrageous plans,2
 Just Mpreg Things,2
 Nerd!Eren,2
 Podfic Available,2
 in more ways then one ;),2
 Sugar Daddy,2
 ON HIATUS - See Author Profile,2
 Domestic Eren & Levi,2
 Hate Crimes,2
 hairdresser!Eren,2
Alternate Universe - Superheroes/Superpowers,2
 FaceFucking,2
 Levi's shitty humor,2
Royalty,2
 Demon Armin,2
 brought to you by har fucking har,2
 And some other things,2
 Snarky Levi,2
 Ghost!AU,2
 But Levi doesn't at the moment.,2
 depictions of violence in later chapters,2
 Magic Mike - Freeform,2
 Panic,2
 not that slow,2
Punk Levi (Shingeki no Kyojin),2
 Levi drooling over Eren's panties,2
 everyone is in a band,2
 Restraints,2
 Implied/Referenced Suicide,2
 Some Jean/Marco Feels,2
 past Marco/Mikasa,2
 Wet & Messy,2
 call center shenanigans,2
 senior citizen!eren,2
 character backstories,2
 strong Levi & Erwin friendship aspect,2
 Sleepy Cuddles,2
 Eren Is A Beast,2
post-anime (please no spoilers for the manga ),2
 Piercings,2
 vampire!Bertholdt,2
 Poetic,2
 Sex Slave,2
 Can you smell the sexual tension in this?,2
 Hella sticklebacks all up in this business,2
 omega! Eren,2
 Love,2
 Fighting Ring,2
 Mental Health Issues,2
 boys in panties,2
Fluff and Angst,2
 Single Parents,2
 Not Totally Depressing I Swear,2
 Erwin is a good podmate,2
 Coming Untouched,2
 Brainwashing,2
 Pool Boy AU,2
Daddy Kink,2
 detective!erwin,2
 Claiming Bites,2
 endurance racing,2
 Books,2
prince AU,2
 but then sort of not because demons aren't romantic,2
 Vampire Eren Yeager,2
 lady friendship!!,2
 Alternate Universe - Sailor Moon,2
 legal ownership of sentient beings,2
 Alternate Universe - Camp,2
 Name-Calling,2
 Past Homelessness,2
 Showers,2
Recreational Drug Use,2
 K-pop References,2
Wingfic,2
stripper!eren,2
 Canon Compliant,2
 For The Kink Meme!,2
 Flying Sex,2
 mentions of child abuse,2
Other People Show Up Too,2
 lots of crossdressing,2
 Pants,2
 TW: Blood,2
 Canon deaths,2
 Franais | French,2
 cute boyfriends,2
 random awkward fluff out of nowhere,2
 Levi is a badass even under the sea,2
 Medical Experimentation,2
 Canonverse AU,2
 Future Mpreg,2
 non con,2
 Public Display of Affection,2
 feat. Eren freaking out in a waiting room,2
 Fempreg,2
 discussion of euthanasia,2
 TW: Violence,2
 technologically impaired levi,2
 I really mean he takes it cos he wants it,2
 terms of endearment,2
 Alternate Universe - Family,2
 Eren works at a coffee shop,2
 Denial of Feelings,2
 Jean & Sasha & Connie,2
 alpha! Levi,2
 Face-Fucking,2
 True Mates,2
 Ykai,2
 Not exactly A/B/O,2
 Literal Sleeping Together,2
 Kinky Shit,2
Alternate Universe - Stripper/Exotic Dancer,2
Military AU,2
 assload of pairings,2
Reincarnation AU,2
Alternate Universe - Zombie Apocalypse,2
 Blizzards & Snowstorms,2
 Possesion,2
 got out of hand,2
 All the Smut,2
 Levi doesn't handle the idea of commitment well,2
Alternate Universe - College/University,2
Demon!Eren x Punk!Levi,2
 Platonic Male/Male Relationships,2
 Slight description of Violence,2
 eventual slash,2
 dragons treated as pets,2
 But quite fluffy despite all that!,2
 Kinky,2
 demon mikasa,2
 Alternate Universe - Genderbend,2
 Road Head,2
Canon Backstory,2
 dd/l,2
 Nonbinary Hange Zo,2
 Dom!Eren,2
 I may have a thing for scars,2
 Tsundere Levi (Shingeki no Kyojin),2
 past breeding (clinical and unerotic but non-con if you squint),2
 sort of romance,2
 Levi is secretly a disney princess,2
 Knotting Fic,2
 Grief/Mourning,2
 Multilingual Character,2
 Wanderlust,2
 with a little bit of angst,2
 Swimming Pools,2
 Cuz Eren wants da huggles,2
 fluff? yea i do the fluff sorta,2
 First Time Bottoming,2
Alternate Universe - Mermaids,2
 Jean is a jerk,2
 Alternate Universe - Demons,2
 Social Anxiety,2
 Hange For The Win,2
 grievous bodily harm,2
 also Levi with piercings because I said so,2
 First Dates,2
 it is resolved,2
 Insecurity,2
 Crimes & Criminals,2
30 Day OTP Porn Challenge,2
 Oblivious Eren Yeager,2
 because duh,2
 Jean is comic relief,2
 Gamer Levi,2
 Alternate Universe - Celebrity,2
 Priests,2
 Father's luck,2
 Breastfeeding,2
 Sad,2
 a little blood but not gore?,2
 demon mating/bonding/courting rituals,2
 Body Horror,2
 everything is in the summary really,2
 Pop Star AU,2
 Drunk Levi,2
 Titan Species,2
 Graphic Description,2
 Spooning,2
part of a series,2
 gunfights,2
 in chapter 16 it only took 100k words to get there,2
 Miscarriage,2
 Action,2
 TW: Hunting scenes,2
 snk kink meme,2
Minor Character Death,2
Alternate Universe - Bookstore,2
 he'll do anything to save his mate,2
 vampire hunter!Hanji,2
 Trapped in the Closet,2
 summonings,2
 ALMOST RAPE TRIGGER WARNING IN CHAPTER 64!!!! It's not as bad as it sounds I swear!,2
 Waxplay,2
 Slapping,2
 clears throat,2
 Domestic,2
 degrading situations,2
 bed sharing,2
 Fake Character Death,2
 bonnie and clyde au,2
 This actually gets a lot more serious as it goes on,2
 PRINCE!LEVI,2
 Alternate Universe - Stripper/Exotic Dancer,2
 naive Eren,2
 Minor Krista Lenz | Historia Reiss/Ymir,2
 Payback,2
 lots and lots of making out,2
 god dammit Eren,2
 Past Drug Addiction,2
 illiterate eren,2
 underage drinking and smoking,2
 Bottoming from the Top,2
 But also,2
 Punishment Sex,2
 Plot Driven,2
 past suicidality,2
 lots of blood,2
 abo instincts kicking in,2
 demon rituals,2
 Post-Anime,2
 action sequences,2
 Because Eren gets a lot of attention,2
 smut will be made easily skipable,2
 Strap in kiddies it's gonna be a bumpy ride,2
 making out in the custodial closet,2
 Marine Corps,2
Vampire!Eren,2
 Blood Lust,2
 There is no fucking eruri in this shit holy fuck why do I feel like I have to tag this,2
 daddy dom,2
 Immortality,2
 extended graphic violence,2
 Mikasa is a good sister,2
 Mpreg settings,2
 I Blame Tumblr,2
 police investigations,2
 very very long,2
 Young Levi (Shingeki no Kyojin),2
 Mentions Of Infidelity,2
 blood for days,2
 Alternate Universe - Pacific Rim,2
 Levi with tattoos,2
 Levi and Eren are neighbors,2
 everything that comes along with abo,2
 Mortality,2
 long multi-part fic spanning several years,2
 Domination,2
 Romantic Comedy,2
Hunter Eren,2
 a little drama,2
Self-Harm,2
 Attempted Sexual Assault,2
 One Night Stands,2
Pet Play,2
 rude language,2
 Really this is silly,2
 Age difference in chapter 3,2
 reader POV,2
 mermaid!eren,2
 drunken non-con,2
 lots of sexual tension hoboy,2
 vigilante!eren,2
 dom!levi,2
 Porn-with-Plot,2
 because Levi Ackerman is no man's bitch,2
Established Relationship,2
 gay slurs,2
 Light Bondage,2
 Child Armin Arlert,2
 stalkers,2
 Priest!Levi,2
 handjobs,2
 Past Rape/Non-con,2
 eruri - Freeform,2
 seme!levi,2
 Because I totes made the entire setting up in my brain meats,2
 goth!Annie,2
 Cancer,2
 Cheating,2
 Cultural Differences,2
 Vomiting,2
 more tags to be added later,2
 Chef!Levi,2
Werewolf!AU,2
 Men Crying,2
 Eren acts like he hates Levi but he really just want that D,2
 Ghosts,2
Alternate Universe - Canon Divergence,2
    | Translation in Russian,2
 Italy,2
 Stupidity,2
 Pool Boy!Marco,2
 relationships evolving,2
 giant dorks,2
 rated M for language and some blink and you miss it porn,2
 teasing!Levi,2
 with a side of Springles,2
 Innocent Eren,2
 War,2
 demon/human counterparts,2
 lengthy plot that intertwines with canon,2
 Past Drug Use,2
 Serious Injuries,2
 but when I say submissive,2
Slow Build,2
 so much drama here,2
 Businessman!Levi,2
 consentual pet play later on,2
 eren's pov,2
 Alternate Universe - Theatre,2
 False Declarations of 'No Homo',2
 Alternate Universe - Reincarnation,2
 Slash,2
 tw: underage drinking,2
 non binary character,2
 Fights,2
 elements of BDSM,2
 like you'd expect anything else from me,2
 Scent Glands,2
 Vampire Species,2
 Levi is a flirtatious little fucker,2
 kinda goth!Mikasa,2
 dragon fighting,2
 Mostly Fluff,2
 Dirty Dancing,2
 pretty much everyone is a mermaid actually,2
 Fingerfucking,2
 Graphic description of birth,2
 some spoilers ahead,2
 Photographer Levi,2
 protective!Eren,2
 Eren ain't no one's bitch in this fic,2
 Sarcastic Eren,2
 vampire hunter!Levi,2
 Blindness,2
 Eren beating some douchebags to bloody pulps,2
 Convenience store owner Levi,2
 not flagging this for age u know what ur getting into,2
 Hacker Eren,2
 CBT,2
 Tail Plugs,2
 slight reincarnation themes,2
 Execution,2
 stay away from nets,2
 Submission,2
Titan!Eren,2
 Body Modification,2
 this was suppose to be smut,2
 Monsters,2
 Dirty Thoughts,2
 Levi is a badass,2
 Tags May Change,2
 forced penetration,2
 shameless fluff,2
 Same-gender-love AU,2
 MMORPG,2
 Musician Eren (Shingeki no Kyojin),2
Alternate Universe - Fairy Tale,2
 asshole grisha,2
 police officer Jean,2
 Slowish bulid,2
 Heavy Petting,2
 interspecies(ish),2
 Sorry Jean,2
 slow-ish build,2
 Long,2
 Sub!Eren,2
 descriptive rape,2
 Underage Sex,2
 Flower AU,2
 Eren loves it,2
 Loneliness,2
 Parent Levi (Shingeki no Kyojin),2
 lot of angst for a lotta people,2
Sci Fi AU,2
 Jean has a crush on Bertholdt and it is amusing,2
 Eren and Levi are both in high school,2
 levi pov,2
 until,2
 Aggression,2
 some future abuse,2
 Familial Abuse,2
 so many awkward boners,2
 Pet Play,2
 A lot of comfort,2
 Baker!Eren,2
 Deaf!Levi,2
 Punishment,2
 No mpreg,2
 vampire!Ymir,2
 Blow Job,2
 Hair-pulling,2
 First Person - POV,2
 Guns,2
 blowjob,2
 no dubcon,2
 Ensemble Cast,2
 Rope Bondage,2
 Demon Eren,2
Mild Language,2
 camaraderies developing,2
 Incubus!Eren,2
 Fierce Eren,2
 BAMF Eren,2
 teacher!Eren,2
 Asexual Character,2
 Chastity Device,2
 Dubious Ethics,2
 Alternate Universe - 1930s,2
 Alternate Universe - Military,2
 first person POV,2
Threesome,2
 College flashbacks,2
 lots of hormones,2
 oh Hanji,2
 Nobody on Levis side of the family likes Eren right of the bat,2
 Male Solo,2
 Dark!Marco,2
 Underground!Levi,2
 Cheerleader Eren Yeager,2
 Post-Traumatic Stress Disorder - PTSD,2
 People Burned Alive,2
 Jean wears a parka,2
 Desk Sex,2
 PDA,2
 Neko!Levi,2
 That Ass At Last,2
 musician!eren,2
 Threesome,2
 dragons in human form,2
 Psychological Thriller,2
 past child abuse mentioned,2
 Gratuitous usage of fuck,2
BDSM,2
 Badass Levi,2
 Weapons,2
 AND THEY WILL BE SEXY TAGS,2
 but that's not going to be for a while,2
 you might get blue balls from all the almost sex that happens here,2
 Mixed Martial Arts,2
 Levi gets jealous easily,2
 Not Really Character Death,2
 Humiliation,2
 Daddy!Levi,2
 underground fighting,2
 Self-Esteem Issues,2
Dragon!Levi,2
 probably very OOC but whatever I'm actually rather proud of this,2
Adoption,2
 A lot of cursing,2
 but also Human!Eren,2
 Eren and Jean are friends with benefits at first,2
 Noney!Eren,2
 Riren Baby - Freeform,2
 friendship fluff,2
 Disembowelment,2
 Alternate Universe - Bar/Pub,2
 Strippers & Strip Clubs,2
 he should probably work on that,2
 Beauty Guru Eren,2
 Aquaphobia,2
 Levi is a jerk sometimes,2
 Supernatural - Freeform,2
more tags added later,2
 Crime AU,2
 Terminal Illness (of minor character),2
 very little though,2
 Alternate Universe - Vampire,2
 No Angst,2
 delinquent!eren,2
 Jealous Levi (Shingeki no Kyojin),2
 Hypothermia,2
Sugar Daddy,2
 Outdoor Sex,2
 Rich kid!Jean,2
 Comedy,2
 Hot Dad!Eren,2
 Mentions of Suicide,2
Gaming,2
Laboratories,2
 teenagers making questionable choices,2
 Supernatural Elements,2
 canon has a lot of violence,2
 Some Fluff,2
 Cannibalism,2
 Agoraphobia,2
 homophobia I suppose?,2
 vampire!Marco,2
 Consensual,2
 Italiano | Italian,2
 Pastel Eren,2
 Physical Disability,2
 Mild Kink,2
 Smutathon,2
Supernatural AU - Freeform,2
 no betas,2
 Like really really possessive,2
 Fem!Levi,2
 extremely brief erejean,2
 commitment issues,2
Alternate Universe - Reincarnation,2
 Dominant!Eren,2
 mentions of torture,2
 links inside,2
 Come Marking,2
 versatile sex roles,2
 Road Trips,2
 Heavy Snark and Sarcasm,2
 At least where their genders are concerned,2
 shitty past,2
 for all your domestic JM needs,2
 Titan experiments,2
 Alternate Universe - 90's,2
 Cat Ears,1
Desk Sex,1
 Gardens & Gardening,1
 grumpy mermaid,1
 Blindfolds,1
 delivery man!Eren,1
 Eren's Baby,1
 Braces!Eren,1
 pilot!Jean,1
 Nerd Marco,1
 levixeren - Freeform,1
 Happy Ending,1
 they're all in a cutre lil' pack,1
 I'm so happy that's an actual tag,1
 designer levi,1
 Implied/Referenced Homophobia,1
 cartoon violence,1
 Ass Ogling,1
 background AruAni,1
 Alternate Universe - Hackers,1
 desinger mikasa,1
 sooo,1
 oh whoops it's not so cute anymore,1
 dorky old gays,1
 god all i write is angst,1
 Safewords,1
 Homeless Eren Yeager,1
 Suspense,1
 Bottom Eren,1
 honestly though,1
 Light Dom/sub,1
 Unresolved Sexual Tension,1
 Gifts,1
 Bad Puns,1
 age gap (Levi is 34 and Eren is 21),1
 Tall Levi (Shingeki no Kyojin),1
 but lightly,1
 soooo much pining,1
 the merpeople are not nice creatures,1
 Alternate Universe - Arranged Marriage,1
 On Hiatus,1
 pansexual eren,1
 Military Background,1
 fluff and shit,1
 lots of pining,1
 I torture poor Levi (again),1
 69 (Sex Position),1
 unexpected kisses,1
Punk Jean,1
 It's really just fluff though,1
Mirror Sex,1
 Family,1
 Yes This Is High School AU,1
 Bathroom Sex,1
 Throw-me-against-the-wall-and-fuck-me-senseless sex (and normal-as-they-can-be sex scenes),1
 Grisha is a Dick,1
 Espionage,1
 Sub-Drop,1
 Accidental Voyeurism,1
 bodyguard!Levi,1
 off-screen sexual violence,1
 Baking,1
 stop asking if Jean and Eren end up together,1
 Artistic Director Erwin Smith,1
 Virginity,1
 small town,1
 i feel so shameless,1
 neko!Eren,1
 Alternate Universe - Online Dating,1
 The Jaegers be speaking the german,1
 Tall!Levi,1
 Psych Ward,1
Anal Sex,1
 Nipple Licking,1
 jean makes pathologically bad decisions,1
 INDEFINITE HIATUS,1
 Jean POV,1
 Alternate Universe - Bands,1
 canon AU,1
 King!Levi,1
 Notting Hill inspired AU,1
 Alternate Universe - 1990s,1
 brief needle,1
 levi is a virgin,1
 Alternate Universe - Fashion & Models,1
 Based on a Tumblr Post,1
 Explicit Consent,1
 drunk!Eren,1
 alpha!reiner,1
 Eren is not a whiny bitch don't worry,1
 lots of sandwiches,1
 history teacher!Eren,1
 kinda cannabalism,1
 blood drawing,1
 Mythical Beings & Creatures,1
 sex-god!Eren,1
 watching Disney movies,1
 Usage of sexual toys,1
 High Schooler!Marco,1
Possessive Levi (Shingeki no Kyojin),1
 Transgendered Hanji,1
 Online Dating,1
 snowstorm AU,1
 Pining Levi (Shingeki no Kyojin),1
bottom!levi,1
 vocalist!Jean,1
 Grisha is an asshole,1
 oh lookie: I'm actually tagging a person that's not Eren or Levi,1
 questions of self-worth,1
 m-preg,1
Papa!Erwin,1
au high school,1
 kinda slow burn,1
 S&M,1
 Tongue Piercings,1
 Foreskin Play,1
 no slavery,1
 Riding Crops,1
 Eren is a fucking crybaby and that's a necessary tag,1
 walkie talkie sex,1
 falling in love with your older brother's friend,1
 i swear this ends happy,1
 Levi and Eren are Hardcore Otakus,1
 guitarist!Levi,1
 Pets,1
 Extra BAMF!Levi,1
 Erwin being called Captain America,1
 Vertical Maneuvering Gear,1
 Sex Pollen,1
 Not Beta Read,1
 Plant bondage?,1
 Chef Levi,1
 beta!annie,1
 Non-Consensual Oral Sex,1
 Unrepentant porn,1
 Minor At First,1
 Sexual Humor,1
 assistant!Eren,1
 Hinted reincarnation,1
 lots of fluff,1
 I swear,1
Alternate Universe - Fashion & Models,1
 Groping,1
 Levi is a major Tolkien nerd,1
 Petra's a Bitch,1
 Alternate Universe - 1980s,1
 background JeanMarco - Freeform,1
 fluffy sexy times,1
 Necromancer!Hanji,1
 alternative universe,1
 also sorta Jock!Jean,1
 kissing like gross teenagers,1
 Nonbinary Character,1
 Back-scratching,1
 everybody wants Levi,1
 Demisexuality,1
 novelist!Levi,1
 lots of piercings,1
Clothed Sex,1
 Plantacle Porn,1
 Witch!Hanji,1
 Prince Eren Yeager,1
 Wizard!Farlan,1
 Protective Levi (Shingeki no Kyojin),1
 Fanfictions,1
 Fashion & Couture,1
 Power Dynamics,1
 Licking,1
 werewolf!Petra,1
 Trans Male Character,1
 Divorced parents,1
 Very fluffy,1
 reciprocated feelings,1
 Eren is a Cupcake,1
 Dancing,1
 to put it lightly,1
 BAMF!Eren,1
 photographer!Levi,1
oh no it's one of those 'please remember me' fics,1
 Bully!Jean,1
 there should be a warning for that,1
 levi is a reserved individual,1
 Pastel!Eren,1
 Angst and Feels,1
 Drinking Games,1
 cuddling for warmth,1
 begins with kid!eren,1
 Levi swears a lot,1
 And Super Cute,1
 Kissing Booths,1
 foot worship,1
wrong numbers,1
Important notes inside,1
 Fake/Pretend Relationship,1
 Age Progression,1
 terrible porn,1
 Universe Alteration,1
 erwins kind of kinky as fuck,1
 Snowed In,1
 OOC EVERYWHERE. EVERYWHEREEEEE,1
 swimming instructor!Levi,1
 Rich! Jean,1
 104th Training Corps - Freeform,1
 schmoopy boyfriends,1
 The Author Regrets Nothing,1
 I'll add more tags as i go,1
 Makeup Sex,1
 Alternate Universe - No Titans,1
 A Choice with No Regrets Spoilers,1
 and eight times the trash,1
 Rich! Levi,1
 Rivere - Freeform,1
 Texting,1
 Prostitute Levi (Shingeki no Kyojin),1
 Under-Desk Blow Jobs,1
 Other Ships Not Mentioned in Tags,1
 Titan hair eren,1
 kitty eren,1
 First Relationship,1
 sappy old man sex,1
 Semi-Public Sex,1
 Merpeople,1
 I promiseee,1
 Granted it's probably really bad German,1
modern!AU,1
 Height swap,1
 Eren Wears Glasses,1
 Porn,1
 dumb boys,1
 Demon Blood,1
No Plot/Plotless,1
 Plant!Levi,1
 Mention of underage drinking,1
 slightly creepy fluff,1
 sorry 'bout that,1
 College!Eren,1
 pilot!Armin,1
 Let-me-hear-you-scream-in-pleasure,1
 omega!bert,1
witch!levi,1
 references to rape,1
 Non Binary Hanji,1
 Nostalgia,1
 Alternate Universe - Kenzen Robo Daimidaler,1
 shower humor,1
additional tags,1
 Orgasm Delay,1
 Fingers and lips fetish,1
 high school!Levi,1
 sailing ships,1
 Receptionist Eren,1
 Safe Sane and Consensual,1
 nothing but happiness,1
 Massage,1
 sappy dirty talk,1
 NaNoWriMo,1
 Making-out,1
 Singlefather!Eren,1
 Awkward Levi (Shingeki no Kyojin),1
 Blood Kink,1
 thigh worship,1
 bonding over cosplay,1
 im a noob,1
 barista!Eren,1
 Same-Sex Marriage,1
 this is mostly inner monologues and dorky thoughts,1
 Stupid boyfriends,1
 Kittens,1
 Porn with Feelings,1
 vampire!annie,1
 Humor and Fluff,1
 Thriller,1
 Eventual EreRi,1
 Levi!point-of-view,1
 Riren relationship,1
 Or Some Weird Shape,1
 bottom!Levi (part 2 only - for those who care),1
 diverts from Coffee Shops,1
 mall Santa!Levi,1
 links to songs,1
 Drug Use,1
 Possibly some oocness,1
 Language Kink,1
 erenxlevi - Freeform,1
 Fuck-you-for-making-me-fall-on-my-knees-for-your-manliness,1
 Transexual Hange,1
 Weerewolf!Reiner,1
 Minor Levi/Erwin Smith,1
 Come Shot,1
 tags will probably change as this goes on,1
 Levi's potty mouth,1
 ENDGAME IS ERERI,1
 Sweet touches,1
 (only for the span of one chapter in his defence),1
 lots of mystery,1
 im sorry for everything,1
 like very very silly,1
 Pranks and Practical Jokes,1
 end game is Ereri,1
 Growing Up Together,1
 Flustered!Eren,1
 crack!fic. like i dont even know what i wrote,1
 French Canadian Jean,1
 Library AU,1
 background yumikuri,1
 levi is an asshole in the beginning,1
 Alternate Universe - Mythology,1
 oblivious Eren,1
 Cause Something Has To Be Happy,1
 but not many are getting him,1
 Flower!Levi,1
 domestic abuse,1
 (rape is not between eren and levi),1
 Hardcore,1
 FBI!Levi,1
 Loud Sex,1
 Warning: Hanji,1
 cute!eren,1
 By Kenny and Mikasa,1
 Rating will go up,1
 Titan Erwin,1
 Dragon Riders,1
 Knight!Levi,1
 Mikasa & Marco & Levi are related,1
 blow-job,1
 Inspired by Music,1
 Fluff and Hurt/Comfort,1
 demon!Levi,1
 but not really since angels aren't human,1
 Banter,1
 a tad bit of angst,1
 Cause That's My Headcannon,1
 Tumblr Prompt,1
Eren with braces because tumblr,1
 Maid Cafe,1
Levi goes to live alone in the forest,1
 or rather,1
 shameless plug for other TV shows,1
 snk,1
 Eruriren - Freeform,1
 Dialed-the-wrong-number-AU,1
 and really protective,1
 we're here noodles,1
 Poor!Eren,1
 Kenny Is Nice,1
 not exactly fluff,1
 although that's not very relevant,1
 Secret Santa,1
 Day 29 is heavily influenced by Gundams,1
sleeping bag porn,1
 Alive Marco Bott,1
30 Day OTP Challenge,1
 I have a thing for tattoos and piercings,1
 Unrequited Lust,1
 kindergarten!Levi,1
 Levi gets better,1
 Communication Failure,1
 erwin and levi's beautiful friendship,1
High School AU,1
 thats needs to be protected,1
 mysteries everywhere,1
 3D Maneuvering Gear,1
 Witch!Eren,1
 Anal Plug,1
 yes this is consensual tentacle porn,1
 waiter!levi,1
 Levi In A Suit,1
 inspired by the 1954 movie Sabrina,1
 Drunk-dialing,1
 Ereri Leading Up To Erwin/Eren/Levi,1
 Boys In Love,1
 pilot!Eren,1
 Wedding,1
 Slight Incest,1
 age difference that disappears because Levi is freaking immortal,1
 Tattoo artist Levi,1
 Levi kind of has a freak-out,1
 Alternate Universe - Sports,1
 Sexual Experimentation,1
Gym/Yoga AU!,1
 one day i was like,1
PWP,1
 Dogs,1
 Squirrel!Hanji,1
 set in the middle of winter in Canada,1
 Werevamp!Hanji (omf),1
 Love Letters,1
 Judoka!Levi,1
 Sex Shops,1
 I'll be adding more tags as I do this,1
 Actor!Jean,1
 Awkward Levi,1
 Alternate Universe - Ballet,1
 Asthmatic!Eren,1
 Silly,1
 more angst than i intended,1
mentions of mpreg,1
 Awkward Kissing,1
 Yeah it worked its way in there,1
 i will probs pick up on this when s2 comes out,1
 Mentions of Rape,1
 Riren Week,1
 one night stand that might go farther,1
 titans are sort of AI,1
 Sexy Levi,1
Alternate Universe - Tattoo Parlor,1
 Angry Sex,1
 Aphrodisiacs,1
 Art,1
 Post Mpreg,1
First Kiss,1
 coffee tables and stairs,1
 Minor Jean Kirstein/Eren Yeager,1
 Cat Love,1
 Heavy Dirty Talk,1
 depictions of animal injury,1
 Suggestions of ADHD,1
 Sub Erwin,1
 FamousJerk!Jean,1
 Pining Eren Yeager,1
 sort of a/b/o dynamics,1
 Marco is my freckled baby,1
 Video,1
 ruining the mood,1
 housewife!Eren... kinda,1
 Vampire!Armin,1
 i think I'm done here,1
 Fanboy Eren,1
 Boys kissin,1
 Underage Masturbation,1
 get in losers we're going shopping,1
 sensory confusion,1
 Sex in a Car,1
 Collars,1
 Workplace Sex,1
 also they cuss like saliors,1
 Discrimination,1
 exploring kink,1
 flirt!Eren... maybe,1
 Classic films - Freeform,1
 dad!Eren,1
 Nipple Clamps,1
 Mail Order Brides,1
 Long Distance Relationship,1
 eren with glasses,1
 Temporary Amnesia,1
 brief consensual over-stimulation,1
 dog trainer!Levi,1
 Alternate Universe - Prostitution,1
 maybe mpreg?,1
 does it count as voyeurism if the other party knows about it?,1
 Restaurants,1
 ereriweek,1
 mild political nonsense,1
 I haven't decided,1
 well... Eren swears too,1
 Crack,1
 tribal au,1
 Ambiguously Gendered Character,1
 cuddling on the couch and stuff,1
established eruri,1
 Tree!Erwin,1
 basically the tumblr dev Levi xkit-guy Eren AU,1
 Geeks,1
 This Is Why We Can't Have Nice Things,1
 a quiet freak-out but a freak-out nonetheless,1
 Immortal!Eren,1
 Letters,1
 Reibert - Freeform,1
 Yandere Levi (Shingeki no Kyojin),1
 adorkable nerds,1
this is straight up smut,1
 Levi Spoils Eren,1
 Top Levi,1
 Alternate Universe - Tattoo Parlor,1
 Dom Levi,1
 non-binary hanji,1
 Vampire!Jean,1
 Armin POV,1
 of all sorts,1
 they dont,1
 been plotting this for a year,1
 Grooming,1
 platonic levi/armin,1
 Some Crack,1
Masturbation,1
 slightly creepy smut,1
 daddy erwin,1
 Star Danseur Levi,1
 photographer!eren,1
 like a fuckload of angst,1
Alternate Universe - Restaurant,1
 Wing Grooming,1
 High School,1
 a prompt that i really just couldnt resist,1
 but I love him,1
 Past Sexual Abuse,1
 Dialogue-Only,1
Alternate Universe - Retail,1
 No Human Trafficking,1
 knitting AU,1
 naughty times in the shower,1
 Discipline,1
 Teacher student au,1
 Hospital,1
Mermen,1
 Rape Recovery,1
 phone sex (but definitely not the way you're thinking),1
 lots of kissing haha,1
 merman levi,1
 Strength Kink,1
 imagine a finger slip,1
Slow Burn,1
deaf!eren,1
Growing Up Together,1
 Masturbating,1
 LUSH bath bombs,1
 unprotected sex,1
 i'm such trash,1
 crossing!Eren,1
 Implied Future Mpreg,1
 links to outfits,1
Phone Sex,1
 Underage Smoking,1
 Octo Eren,1
 Sexy club scenes,1
 Model!Eren,1
 AU,1
 Narcissism,1
vampire AU,1
 Levi is kinda a jerk too,1
 Date Rape Drug/Roofies,1
 Angel babies!,1
Alternate Universe - Writing & Publishing,1
 Abandonment Issues,1
 Alternate Universe - Retail,1
 Pining Mikasa,1
 Levi and His Two Pet Titans,1
 Eruriren Week,1
 Seme Eren,1
 Sleep Sex,1
 Dying!Carla,1
Ballet,1
Alcohol,1
 but first there's a lot of teasing,1
 holy shit like a lot of dirty talk,1
OT3,1
 Accidental Sugar Daddy Levi,1
 Suggestions of OCD,1
Food,1
 just because I need it,1
 Tentacles,1
 ... no androids though...,1
 Drunk Texting,1
lap dance,1
 Cheesy pick-up lines,1
 Alternate Universe - Conception 2: Children of the Seven Stars,1
 CEO!Levi,1
 Levi Is A Dork,1
 dream gore,1
 Past Kidnapping,1
 mentioned mpreg,1
 BDSM elements,1
 Name Calling,1
 Father issues,1
 Jock!Levi,1
 this is really silly and self-indulgent,1
 Non-Consensual,1
Forced Marriage,1
 vague consent issues maybe,1
 everyone's in high school,1
 Tragedy,1
 Watching for afar,1
 in a way i guess,1
 so much cuddling,1
 driver!Levi,1
 alpha!ymir,1
 College Student Eren Yeager,1
 Muteness,1
 Jean is a repairman,1
 Infant Death,1
 sub eren,1
 Mistaken Identity,1
 Levi and Mikasa are twins,1
 one shots,1
 Wall Sex,1
 traitor!Levi,1
 Prince Levi (Shingeki no Kyojin),1
 maybe...,1
Porn With Plot,1
 horny little teenagers,1
Mentions of Character Death,1
Alternate Universe - Soulmates,1
 Stepmother!Flore,1
 Artists,1
 talk of sexual and emotional abuse,1
Humour,1
 Conflict of Identity,1
 Group Sex,1
 I liek the idea of Marco being cousins with Levi,1
 Mermiad!Eren,1
 cute dates,1
 Businessman Levi,1
 Master/Pet,1
 son!eren(?),1
 Mermaid!Nanaba,1
 Oneshot,1
 Boys Kissing,1
 Nerdiness,1
 Drake Levi,1
 Insecure feels all over the place,1
 pilot!Levi,1
 Eren and Mikasa are bffs hell yeah,1
 Alpha!Rivaille,1
 Scarification,1
 Maybe Levi's POV,1
Wisteria verse,1
 Middle Schooler!Jean,1
 potentially triggering moments in the sex trade industry,1
 I'm so sorry,1
 not really but I had a request,1
 Origins,1
 Degradation,1
 Omega Levi,1
 More tags as necessary,1
 Mentions of Abortion,1
 Erwin is evil,1
 Erwin is just yeah,1
 Starts Slow With The Panic Attacks,1
 awkward pining actually,1
 Uke Levi,1
 Levi Twins,1
 Harpy Eren,1
 levi x eren - Freeform,1
Dancing,1
" rated explicit for day 4's prompt ""sex""",1
 little angst,1
 Minor Mikasa Ackerman/Jean Kirstein,1
 hacker!Eren,1
 fantasy and mythical,1
 but don't worry,1
 an extra to Art of War,1
 Abuse of Authority,1
 twin!Levi,1
 Sub Levi,1
 Short Chapters,1
 Dragon!Mikasa,1
 Orphan Eren,1
 Trans Levi,1
 Naked Cuddling,1
 lots of cliffhangers,1
neko,1
 Writer Levi,1
dilf!eren verse,1
 litter kink,1
Eventual Smut,1
 Werewolf!Marco,1
 I suck at writing action,1
 mentions of abuse,1
 guardian angel-y,1
 Alternate Universe - Office,1
 Political Campaigns,1
 Inappropriate Humor,1
 filthy love-making,1
 Dating,1
Canon Era,1
 Dead Carla,1
 And thus,1
 (   ),1
Tentacle Sex,1
 Neighbors,1
 Eren can cook!,1
 Levi is a beautiful flower,1
 Misogynist Slurs,1
 Drunk Sex,1
 Past Mpreg,1
 Eren is awkward,1
 stalker!Eren... kinda?,1
babysitter kink,1
 Teenage Drama,1
 Being Super Dumb,1
 Street Rat Eren,1
Ot3 au,1
 Schmoop,1
 some angst later on,1
 Alternate Universe - Robots & Androids,1
 Cute,1
 haha...ha...This is shit,1
 some mental health issues (additional notes for any relevant chapters),1
 Levi Is Adopted,1
 Abuse,1
 Support,1
 i mean not a TON,1
 cosplay sex,1
 Fellatio,1
 Short Eren Yeager,1
 and his emotional thaw might take a few chapters,1
 Caretaking,1
 I HAVENT ABANDONED THIS STORY IM JUST LIKE NOT INSPIRED,1
 Werewolf!Ymir,1
 Pure Unadulterated Fluff,1
 a little creepy,1
 Sex in a public restroom,1
 Cuddles,1
 Taller Levi,1
 conformation of feelings,1
 make-up sex,1
 inexperienced!Eren,1
 erejean - Freeform,1
Alternate Universe - Office,1
 Mild Painplay,1
 Werewolf,1
 Possibly other ships,1
 Alternate Universe - Neighbors,1
 Desperation,1
 Fluff to the max,1
 Omega Eren Yeager,1
 (my love for cows is very apparent in this fic),1
 Watching,1
 ... and Valvrave,1
 WILD DADDY KINK APPEARS!,1
 Superhero Levi,1
 Taller Levi (Shingeki no Kyojin),1
 Levi and Jean are brothers,1
 Adultery,1
 time skip,1
 texting fluff,1
 Comfort,1
 after Wisteria,1
 jeanmarco,1
 UST,1
 Yes Levi is a god,1
 HAHA plug.,1
 soo much fluff,1
 Alternate Universe - Photographer,1
Librarian!Marco,1
 Sabrina AU,1
Florist!Levi,1
 so i wrote sex on stairs,1
 Emotional Damage,1
 I'll probably add more tags as I go,1
 Rotating POV,1
 Soccer Player!Eren,1
 Porn Watching,1
 Robots,1
 robots named after liquors,1
Modern Fantasy,1
 no longer trapped in the closet heh,1
 rated for language and things to come,1
 Bully!Connie,1
 They're Pretty Much All Friends,1
 still contemplating the idea of it happeneing,1
 Pet Names,1
 farm au,1
 Cosplay,1
 more tags to come,1
 Self-Worth Issues,1
Modern AU,1
 I don't know how else to define this,1
 Roadies,1
 shameless porn,1
 i tried okay,1
 hell... even the narration swears,1
genius armin,1
 this is basically two strangers meeting and falling way too hard and way too fast,1
Alpha/Omega,1
 Underage Kissing,1
 president son!Eren,1
 Angels,1
 Background Relationships,1
 some horror,1
pastel!marco,1
 noble!Levi,1
 sorta goreish stuff idk,1
 Second-Hand Embarrassment,1
 Porn Star!Eren,1
 Oral,1
 I'm Sorry,1
 more like merman,1
 improper use of technology,1
 amputee character,1
 French Kissing,1
 Halfbrother!Rivaille,1
 but with ereri,1
 Self-Hatred,1
 handjob,1
 Child Abandonment,1
 Pastel Goth Armin,1
 almost everyone is a modified Titan,1
 Watering,1
 Deepthroating,1
 levi eren,1
 happy endings for everybody ;),1
 Little Bit Of Cheating,1
 angst in later chapters,1
 it has turned into geeky schmoop,1
 chapter 4 will be skippable,1
 Attempted Assault,1
 Abduction,1
 Alive Carla,1
 Training,1
 and I do mean a LOT of teasing,1
 Lots of cuddles,1
 eren lives by the ocean,1
 this will be mostly fluffy given the inspiration material,1
 Some humour,1
 connie catches crabs,1
 tons of adorable animals,1
 Building Relationship,1
 Topping from the Bottom,1
Alternate Universe - Middle School,1
 Soccer AU,1
 trigger warning,1
This is supposed to be funny,1
 Jean likes to cuss,1
 Love Triangle,1
 Grisha is a lil' bae,1
 cliche I know,1
 Petplay,1
 Alternate Universe - Gods & Goddesses,1
 Carla Lives,1
 Father reappearance,1
 Mikasa Ackerman & Levi Are Siblings,1
 Double Penetration,1
 everyone lives by the ocean,1
 punk!jean,1
 dom eren,1
 Rape,1
 top!Marco,1
 casual tumblr stalking,1
 Secret Crush,1
 Mermaids,1
Alternate Universe - Punk,1
 Plot,1
 the utter douchebag in this fic,1
 Character's Name Spelled as Hanji,1
 like serious amounts of UST (that eventually gets resolved),1
 Original Character(s),1
 Surrogacy,1
 Kids,1
 uhh i mean i wanted to write sex on stairs,1
 Levi chasing Eren here,1
 Tattoo Artist!Eren,1
 PWP,1
 but still,1
 Mama Bear Levi,1
 Heterochromia Iridum,1
 Everyone Is Gay,1
 dream horse riding,1
 also somehow this turned into a renincarnation au,1
 Some angst,1
 cop Jean,1
 Cannonverse,1
 past erwin/mike,1
a/b/o dynamics,1
 Alpha Erwin,1
 POV Multiple,1
 Alternate Universe - Spies & Secret Agents,1
 biting kink,1
 Non-Graphic Rape/Non-Con,1
 Roleplay,1
Rape,1
 Past Prostitution,1
 lots of teasing,1
 Suit Porn,1
 Cat/Human Hybrids,1
 Like,1
 Flogging,1
 Manga Spoilers,1
 Kinky sex,1
 Just Ereri BDSM Smut To Start,1
 Levi is awkward,1
 Murder Mystery,1
 Music,1
 Alternate Universe - Fantasy,1
Dirty Talk,1
 high school!Eren,1
 angst up to the tits,1
 Family Issues,1
 Levi is grumpy,1
 hydrophobia,1
 Dork Babies,1
 One Shot,1
 shit happens,1
 realistic relaysh,1
 Power Outage,1
 he did it for the vine and dragon egg but got a boyfriend instead,1
 Cooking,1
 Aspiring Band,1
 Memories,1
 Graphic Mpreg,1
 Internet,1
 Forgive me all my German readers,1
 Dom/sub,1
