 Fluff,46
 Angst,35
 Bottom Dean,32
 Knotting,31
 Anal Sex,31
 First Time,27
 Hurt/Comfort,26
 Alternate Universe,26
 Rimming,25
 Mating Cycles/In Heat,24
Alpha/Beta/Omega Dynamics,22
 Blow Jobs,22
 Slow Build,21
 Alpha/Beta/Omega Dynamics,20
 Alpha Castiel,20
 Bottom Castiel,20
 Top Castiel,19
 Omega Dean,17
 Alternate Universe - Human,17
 Alpha/Omega,16
 Romance,16
 Happy Ending,15
Alternate Universe,15
 Slow Burn,15
 Human Castiel,15
 Fluff and Smut,15
 Humor,15
 Fluff and Angst,14
 Masturbation,14
 First Kiss,14
 Mpreg,14
 Top Dean,13
 Destiel - Freeform,12
 Explicit Sexual Content,11
 Switching,11
 Barebacking,11
 Anal Fingering,11
 Frottage,10
 Emotional Hurt/Comfort,10
 Dirty Talk,10
 Omega Castiel,10
Alternate Universe - Human,10
 Minor Character Death,10
 Spanking,10
 Wingfic,10
 AU,10
 Hand Jobs,10
 Alpha Dean,10
 Angst with a Happy Ending,10
 Mating,10
,9
 Domestic,9
 Kid Fic,9
 Oral Sex,9
 Romantic Comedy,9
 Friendship,9
 Alternate Universe - Canon Divergence,9
 Smut,8
 Omega Verse,8
 Bullying,8
 True Mates,8
 Pining,8
 Alternate Universe - Modern Setting,8
 Wing Kink,8
 Community: deancasbigbang,8
 Size Kink,8
 Shower Sex,7
Alternate Universe - High School,7
 Dom/sub Undertones,7
 Prostitution,7
 Sexual Content,7
 Pining Dean,7
 Case Fic,7
 Mating Bond,7
 John Winchester's A+ Parenting,7
 Cuddling & Snuggling,7
 Violence,7
 Rough Sex,7
 Hurt Castiel,7
Alternate Universe - Modern Setting,7
 Virgin Castiel,7
 Comeplay,7
 Protective Dean Winchester,7
 Schmoop,7
 Bondage,6
 Family,6
 Mechanic Dean,6
 Alternate Universe - College/University,6
 Fake/Pretend Relationship,6
 Protective Castiel,6
 Wincest - Freeform,6
 Gay Panic,6
 Homophobia,6
 Bisexual Dean,6
 Plot What Plot,6
 Crack,6
 Torture,6
 Alternate Universe - High School,6
 Past Abuse,6
 Internalized Homophobia,5
 Dean/Cas Big Bang Challenge 2013,5
Destiel - Freeform,5
 Child Abuse,5
 Hurt Dean Winchester,5
 Doctor Castiel,5
 Misunderstandings,5
 Tooth-Rotting Fluff,5
 Dry Humping,5
 Tattoos,5
 Age Difference,5
 Sharing a Bed,5
Alternate Universe - College/University,5
 Homophobic Language,5
 Illustrated,5
 Comedy,5
 Rape/Non-con Elements,5
 Marking,5
 Alpha Sam,5
 Switch Dean,5
 Plot What Plot/Porn Without Plot,5
 Biting,5
 Switch Castiel,5
 Canonical Character Death,5
 Arranged Marriage,4
 Mildly Dubious Consent,4
 Growing Up,4
 Light Dom/sub,4
 Unresolved Sexual Tension,4
 Coming Untouched,4
 Underage Drinking,4
 Shameless Smut,4
 Sibling Incest,4
 Castiel POV,4
 Public Sex,4
 Not Beta Read,4
 Mutual Pining,4
 Panic Attacks,4
 Size Difference,4
 Falling In Love,4
 Recreational Drug Use,4
 Consent Issues,4
 Possessive Castiel,4
 Semi-Public Sex,4
 Felching,4
 Porn,4
 Oil Gland Kink,4
 Castiel Whump,4
 Domestic Fluff,4
 Loss of Virginity,4
 Dean in Panties,4
 PTSD,4
 Bottom Dean Winchester,4
 Light Bondage,4
 bottom!Dean,4
Fluff,4
 Drama,4
 Wing Grooming,4
 Community: spnkink_meme,4
 Alcohol Abuse/Alcoholism,4
 Breeding,4
 Top Sam,4
 Biphobia,4
 Family Fluff,4
 Suicide Attempt,4
 omega!dean,4
 Fingerfucking,4
 Teacher Castiel,4
 Fingering,4
 Scent Marking,4
 Bisexual Dean Winchester,4
 Mechanic Dean Winchester,4
 Flirting,4
 Soul Bond,4
 POV Dean Winchester,4
 Intercrural Sex,3
 Alternate Universe - Slavery,3
 Anal Play,3
 DCBB,3
 Drug Addiction,3
Alternate Universe - Fantasy,3
 Dean/Cas Big Bang Challenge 2015,3
 Season/Series 08,3
 Professor Castiel,3
Humor,3
 Sexual Tension,3
 Blowjobs,3
 Angel Dean Winchester,3
 Mates,3
 Nightmares,3
 Angel Dean,3
 Misunderstanding,3
Romance,3
 Extremely Underage,3
 Bonding,3
 Sexting,3
 Drug Use,3
 Caring Dean,3
 Bickering,3
 Mental Health Issues,3
 Teacher Dean Winchester,3
 Alternate Universe - Teenagers,3
 Angst and Fluff and Smut,3
 Extremely Dubious Consent,3
 Miscommunication,3
 Coming Out,3
 Weddings,3
 Mutual Masturbation,3
Hurt/Comfort,3
 Gay Sex,3
 Dubious Consent,3
 Sub Dean,3
 Sex Toys,3
 BAMF Castiel,3
 Parent Dean,3
 Lawyer Sam Winchester,3
 Grooming,3
 Diapers,3
 Domestic Castiel/Dean Winchester,3
First Time,3
 Everybody Lives,3
 Minor Violence,3
 Explicit Consent,3
 Teenagers,3
 Bestiality,3
 Big Bang Challenge,3
 Slow Build Castiel/Dean Winchester,3
 Mild Angst,3
 Sub!Dean,3
 Facials,3
 Orgasm Delay/Denial,3
 Hurt Dean,3
 Omega Dean Winchester,3
 Porn Watching,3
 Implied Mpreg,3
 Wings,3
Future Fic,3
 Voyeurism,3
 Phone Sex,3
 Getting Together,3
 Winged Castiel,3
 Mild Gore,3
 Jealousy,3
 Orgasm Denial,3
 Tattooed Castiel,3
 Unrequited Love,3
 Caretaking,3
 Friends to Lovers,3
 Parent/Child Incest,3
 Comfort,3
 Medical Kink,3
 Attempted Rape/Non-Con,3
 Car Sex,3
 Angels,3
 Bisexuality,3
 Claiming,3
 Humiliation,3
 Somnophilia,3
 Feminization,3
 Topping from the Bottom,3
 alpha!Castiel,3
 One Shot,3
 Blasphemy,3
 Panty Kink,3
Texting,2
 Gentle Dom Castiel,2
 Explicit Language,2
Weechesters,2
 Knifeplay,2
 Humour,2
 Exhibitionism,2
 Infantilism,2
 Legal Guardian Dean,2
 Fisting,2
 BDSM,2
 Bed & Breakfast,2
 Hunter Castiel,2
 Soulmates,2
 Established Relationship,2
Minor Character Death,2
 Body Image,2
POV Castiel,2
 Wet Dream,2
 Rescue,2
 Alpha Cas,2
 Domestic Discipline,2
 Small Towns,2
 Young Sam Winchester,2
 lawyer AU,2
 Stalking,2
 Baby Angels,2
 Interspecies Sex,2
 Casual Sex,2
 Jock Dean,2
 Pets,2
 Cutting,2
 Threats of Rape/Non-Con,2
 Butt Plugs,2
 Drinking,2
 Dildos,2
 Teen Angst,2
 Cuddly Dean,2
 Awkward Dean,2
 Breeding Kink,2
 Sickfic,2
 Punk Castiel,2
 Dom!Cas,2
 Nervous Dean,2
 Enthusiastic Consent,2
 Praise Kink,2
 Time Travel,2
 Angel Mating,2
 Grumpy Dean,2
 Sabriel - Freeform,2
 Prince Castiel,2
 Best Friends,2
 Supportive Sam,2
 Collars,2
 Implied/Referenced Suicide,2
 Non-Consensual Drug Use,2
 Wet & Messy,2
One Shot,2
 Eventual Smut,2
 Priest Castiel,2
 Pregnant Dean,2
 Physical Abuse,2
 True Love,2
 Autistic Castiel,2
 Banter,2
Angst,2
 Consensual Somnophilia,2
 dean winchester needs a hug,2
 Post-Purgatory,2
 Bottom!Cas,2
 Implied/Referenced Self-Harm,2
 Snark,2
 Alcoholic Dean,2
 Anal Plug,2
 mentions of mpreg,2
 merfolk,2
 Fledglings,2
 Sexual Experimentation,2
 but not really,2
 handjobs,2
 Hunters & Hunting,2
 Father-Son Relationship,2
 Gangbang,2
 Self-Worth Issues,2
 Alpha Derek,2
 Angry Sex,2
 Dean Has a Crush on Castiel,2
 Cuddling and Snuggling,2
 Virgin Dean,2
 Alpha!Sam,2
 DCBB 2014,2
 Rutting,2
 Sexual Abuse,2
 Breastfeeding,2
 Workplace Sex,2
 Body Horror,2
 Creampie,2
 Miscarriage,2
 Unsafe Sex,2
 Psychic Bond,2
 Rape/Non-con References,2
 Drugged Sex,2
 Victim Blaming,2
 Omega Gabriel,2
 switch!dean,2
Bottom Dean,2
 Drama & Romance,2
 High School,2
 Mild Sexual Content,2
 Jealous Castiel,2
 Sexual Slavery,2
 Rape Recovery,2
 Angel Castiel,2
 Team Dean's Red Ass,2
 Nipple Piercings,2
 Alpha John,2
 Threesome - M/M/M,2
 Strangers to Lovers,2
 Creature Castiel,2
 Top!Cas,2
 Depression,2
 One Night Stands,2
 Sick Castiel,2
Dubious Consent,2
 Mermen,2
 Implied/Referenced Abuse,2
 Family Feels,2
 Sick Dean Winchester,2
 Alpha Michael,2
 Self-Lubrication,2
 Implied Underage,2
 Eventual Happy Ending,2
 Beta Sam Winchester,2
Humour,2
 Episode: s04e17 It's a Terrible Life,2
 Slash,2
 POV Sam Winchester,2
 POV Castiel,2
 Priest Kink,2
 Non-Penetrative Sex,2
Underage Sex,2
 Naked Cuddling,2
 Porn With Plot,2
 POV Outsider,2
 Bottom Sam,2
 Fluff and Humor,2
 Angels are Dicks,2
 Submission,2
 Sam Ships It,2
Time Travel,2
 Dean Whump,2
 Asexual Castiel,2
 Present Tense,2
 Team Free Will,2
 Angst and Humor,2
 Parent Dean Winchester,2
 Purgatory,2
Wincest - Freeform,2
 Parenthood,2
 Crossover,2
 Grace Sex,2
 UST,2
 Minor Castiel/Meg Masters,2
 Wing Oil,2
 Pet Names,2
 Actor Dean,2
 D/s,2
 Vaginal Fingering,2
 Post-Traumatic Stress Disorder - PTSD,2
 Desk Sex,2
 Top Cas,2
 Swearing,2
Angel Dean Winchester,2
 Action/Adventure,2
 Dean POV,2
 Teacher!Dean,2
 Alcohol Abuse,2
 So much smut,2
 Emotional/Psychological Abuse,2
 Self-Hatred,2
 idek,2
 Dean/Cas Big Bang Challenge,2
 Deepthroating,2
 what is this i do not even,2
Wing Kink,2
 Complete,2
 Pining Castiel,2
 Awkward Castiel,2
 Food,2
 mechanic!Dean,2
 bottles,2
 Amnesia,2
 Taboo,2
 Heavy Angst,2
 Mermaids,2
 Sharing Body Heat,2
 Original Character(s),2
 Younger Dean,2
 Denial,2
 Dean Cooks,2
 Motel Rooms,2
 Memory Loss,2
 Lawyer Castiel,2
 Suicidal Thoughts,2
 Possessive Dean,2
 Drugs,2
 Parent Castiel,2
 Babies,2
 Objectification,2
 Manipulation,2
 Hurt Sam Winchester,2
 Hugging,2
 Online Relationship,2
 Fanart,2
 Abusive John Winchester,2
 Fire,1
 John Winchester's Bad Parenting,1
 Intense,1
 Lovecraftian,1
 Ageplay,1
 this is a story about love and love,1
 smut later,1
 Angel Family,1
 Weres are pets,1
 Bottom Lucifer,1
 Alternate Universe - Werewolf,1
 Blindfolds,1
 Dick Pics,1
 Comforting Castiel,1
 Emotional Intimacy,1
 time for Lucifer to man up,1
 Alternate Universe - Bed & Breakfast,1
 still hunters,1
 Translation Available,1
 Coercion,1
 Shadow babies,1
 crowley's pretty much crowley,1
 Pictures,1
 Alternate Universe - Office,1
 enter at your own risk,1
 Ass Play,1
 Alternate Universe - Domestic,1
 Teen Dean,1
 Post-Break Up,1
 Prostate Massage,1
 More More Smut,1
 I am not kidding,1
 curse sex,1
 caring sex,1
Nephilim,1
 Confessions of love,1
 Rejection (past),1
 Witty Banter,1
 teacher!Cas,1
 Stress Relief,1
 mentions of and character dealing with:,1
 Matchmaker Anna Milton,1
 Radio,1
 Castiel and Meg are Besties with Benefits,1
 asshole!Dean,1
Sexual Slavery,1
 Paris (City),1
 Emotional Roller Coaster,1
 Facebook,1
 References to Mpreg,1
 Wedding Fluff,1
 Object Insertion,1
 Past Attempted Rape/Non-Con,1
 Disco,1
 Cigarettes,1
 Public Blow Jobs,1
 the least likely kind of meeting,1
 Gratuitous Smut,1
 Single Parents,1
 Uncle Sammy,1
 Something bad happening to the Impala but I swear to god I fix it by the end,1
 Pegging,1
 Castiel is patient,1
 childhood crush,1
 Sexism,1
 do not repost on other platforms,1
 A side of Sabriel,1
 Marriage Under the Influence / Accidental Marriage,1
 Bottom Castiel/Top Dean Winchester,1
 mild infantalism,1
 Polyamory,1
 Unplanned Pregnancy,1
 Meg Masters Ships Castiel/Dean Winchester,1
Alternate Universe - Celebrity,1
 Porn With Very Little Plot,1
 Conversations,1
 Angel!Au,1
 Dean/Cas Big Bang Challenge 2014,1
 Dean/Cas Big Bang Challenge 2010,1
mentions of torture/rape in Hell,1
 Fairy Tales,1
AU after the episode 'Lucifer Rising',1
 Cockblock Sam,1
 Embarrassed Dean,1
 There's a lot of things in this I'll add more as I go,1
 Dark but not too Dark,1
 Getting to Know Each Other,1
 Castiel Has a Cat,1
 Classroom Sex,1
 Dubious Morality,1
 I'm not spoiling a story with a million tags,1
 previous non con,1
 Parties that are sort of orgiastic,1
 Dean is clueless,1
 Accidental Voyeurism,1
 Castiel thinks he is heterosexual,1
 cuteness,1
 Castiel's Handprint,1
 Implied/Referenced Rape/Non-con,1
 artist,1
Some light RPF with actual Food Network chefs,1
 Alternate Universe- Hunter,1
 Awkward Sexual Situations,1
 Scars,1
 Male Fertility,1
 Season/Series 07,1
 Interspecies Relationship(s),1
 Season/Series 09,1
 based on a movie,1
 but they're more like switches honestly,1
 Drunk Dialing,1
Omega Dean,1
 Harpies,1
 Dean thinks he's straight,1
 bilingual cas,1
 Roughness,1
 NSFW Art,1
 Bad Sex,1
 Not Canon Compliant,1
 Wishes,1
 Not really though,1
 Timeline What Timeline,1
 Top Dean Winchester,1
 consensual power exchange within an lack of consent environment,1
 Light BDSM,1
 Omega Jackson,1
 Past Relationship(s),1
 1990s,1
 Non-Graphic Violence,1
 Archangel Gabriel,1
 Eventual Sabriel,1
 Native American Character(s),1
 Alternate Universe - 1990s,1
 mary is alive,1
 Parents Castiel & Dean Winchester,1
 Paganism,1
 Interspecies Romance,1
 Fantasy,1
 the boys do do hunting,1
 Fledgling Castiel,1
 Older Castiel,1
Pre-Stanford,1
 D/d,1
 Implied Character Death,1
 Bukkake,1
 wink grooming,1
 john winchester is terrible,1
 Omega Garth,1
 dean is bi,1
Depression,1
Explicit Sexual Content,1
Social Anxiety,1
 BAMF Stiles,1
 Dreams,1
 Mating Rituals,1
 Mentions of Suicidal Thoughts,1
 Dean's never been with a man before Cas,1
 Russian Castiel,1
 dub con,1
 Mating Bites,1
 Holding Hands,1
 Car Accidents,1
 Coda,1
 Multiple Orgasms,1
 Disturbing Themes,1
 Alpha!Dean,1
 making deals,1
 Shota Castiel,1
 Time stamp added at the end,1
 Kidnapping,1
 Kneeling,1
Kid!Fic,1
 Derek deals with feelings,1
 Tickling,1
 Slave Castiel,1
 Hot Chocolate,1
 Rebound Sex,1
 Middle of the Night Sex,1
 implied past rape (gabriel),1
 Angel Sam,1
 Drunken Shenanigans,1
 praying,1
 Roommates,1
 Post-Season/Series 08,1
 Post-Season/Series 09,1
 Happily Ever After,1
 Sexual Harassment,1
 Bloodlust,1
 dean turning into an angel,1
 Dissociation,1
 No Plot/Plotless,1
 Wrong Number AU,1
 Dean writes a webcomic,1
 internalized anti-omega sentiment,1
 Body Modification,1
 Comfort Sex,1
 Other: See Story Notes,1
 Friendship/Love,1
 Hooker!Cas,1
 Cutesy,1
 Abuse,1
 Royalty,1
 realistic presence of lubricant,1
 Cat Lover Dean,1
 Episode Related,1
 Ableism,1
 Classical Music,1
 Subjugation,1
 Pack Dynamics,1
Age Regression/De-Aging,1
 Witch Curses,1
 Eating Disorder Not Otherwise Specified,1
 Artist Castiel,1
 Twist and Shout,1
Knotting,1
 Captured Castiel,1
 Sub!Castiel,1
 Office Sex,1
 Sequel,1
 reverse verse,1
 sub!cas,1
 Sex Pollen,1
 spn!AU,1
 Blushing Dean,1
 Pancakes!,1
Insomnia,1
 BAMF!Stiles,1
 Thanksgiving Dinner,1
 Boyfriends,1
 Bugs & Insects,1
 the fluffiest fucking ending I've ever written,1
 Infertility,1
 mind-reading,1
 Angel Sam Winchester,1
 Shame,1
 Creature!Sam,1
 Nature Versus Nurture,1
 reverse!verse,1
 Meeting the Parents,1
 transgender Impala,1
 Sexual Humor,1
 Major Character Injury,1
 brotherly concern,1
 ATM,1
 Minor Character(s),1
 Urban Fantasy,1
 Castiel was a dick,1
 Child Abuse Mentioned,1
 Nipple Torture,1
 Cum Slut Reader,1
 Wordcount: 30.000-50.000,1
 Kid Castiel,1
 Alternate Universe - Library,1
 unrequited teenage crushes,1
 kind of,1
 Consent,1
 Corporal Punishment,1
 Fledgling Nest,1
 Top Derek Hale,1
 Alternate Universe - 1980s,1
 Overcoming society rules,1
 Adolescent Sexuality,1
 all of the issues that go with Supernatural,1
 Sarcastic Humor,1
 casturbation,1
 Dom Dean,1
 everyone is human,1
 because that should definitely be a tag,1
 Sam is a wanker,1
 Underage Character,1
 Holidays,1
 alternative universe,1
 Healing,1
 Dominant Castiel,1
Smut,1
 mild blood play,1
 Not Underage,1
 Religious Conflict,1
 Sleeptalking,1
 Feelings,1
 Sastiel - Freeform,1
 (sort of),1
 Future Fic,1
 Dancer Dean,1
 slow burner,1
 Very Brief Rimming,1
Dragon Castiel,1
 Dean and Kids,1
 Lube,1
 Meg plays matchmaker,1
 dom!Dean,1
 Foursome - M/M/M/M,1
Episode: s04e17 It's a Terrible Life,1
 Alternate Universe - Genie/Djinn,1
 Licking,1
 Bottom Gabriel,1
 Beware All Who Enter Here,1
 Platonic Cuddling,1
 Minor Canonical Character(s),1
 Alternate Universe - Classical Music,1
Soul Bond,1
 giggly sex,1
 Castiel knows what he wants,1
 Post Season 9,1
 From Sex to Love,1
 Breakfast,1
 Implied Incest,1
 Spitroasting,1
 Dancing,1
Teenagers,1
 Self-Harm,1
 Mildly Submissive Dean,1
 Revenge,1
 Asperger Syndrome,1
Underage Character,1
 Violent Sex,1
 References to Homophobia,1
Female Dean,1
 Chaptered,1
 Silk - Freeform,1
 Implied Bestiality,1
 mentions of dean/other,1
 Awkward Boners,1
 Soulmate-Identifying Marks,1
 Doggy Style,1
 humans being douchebags to merfolk,1
 Angst and Feels,1
 angel!verse,1
 wedding fic,1
 Oral Fixation,1
 Unresolved Romantic Tension,1
 Supernatural references all over the place,1
 Implied/Referenced Cheating,1
 Puberty,1
 Weechesters,1
 some extremely nonconsensual moments,1
 Weecest,1
 Dean is powerless to stop it,1
 Kinda,1
 Universe Alteration,1
 Eating Disorders,1
 wet dreams,1
 Human Sacrifice,1
 Fuck Hole Dean,1
 but I mean it's just Dean being an emotionally constipated idiot not even angst,1
 Alternate Universe - Supernatural,1
 Drunken Kissing,1
 Possessive Behavior,1
 I need more ideas,1
 Love Broken Bottom Sammy,1
 Top Drop,1
 Castiel and Mental Health Issues,1
 Babysitter Dean,1
 Subdrop,1
 Restraint,1
 Dean isn't a hunter,1
 Teenage Troublemakers,1
 I'll add more tags as i go,1
 toothpaste,1
 Beta Gabriel,1
 Coming In Pants,1
 blessing sex,1
 Some Humor,1
 POV Dean,1
 Male Dean,1
 only brief mpreg but it's def there,1
 Humiliation kink,1
BDSM,1
 Domestic Castiel,1
 lack of autonomy,1
 Dean is a mama,1
 Scratching,1
 Texting,1
 Scientific Liberties Taken,1
 sterek,1
 Dean Hates Himself,1
 Secret Relationship,1
 for a little while,1
 Kink Meme,1
 Sex scenes Maybe,1
 all the sex,1
 Masturbation in Shower,1
 unrealistic refractory period,1
 Walmart,1
 Family Feud - Freeform,1
 Flustered Dean,1
 top and bottom!Dean,1
 (Dean has a potty mouth),1
 Nesting Dean,1
  | Russian,1
 Cliche,1
 Tattooed Dean,1
reverse!verse,1
 Odin's A+ Parenting,1
 Canonical Child Abuse,1
 Fluff and Crack,1
 First Love,1
 Ritualistic Sex,1
 Kitchen Sex,1
 Families of Choice,1
 bodice ripper,1
 mild Sam/Jess,1
 Smart Dean Winchester,1
 Blood and Torture,1
 Courtship,1
 Attraction to Fictional Characters,1
Dean/Stiles brotp,1
 watching porn,1
 Matchmaking,1
 Foster Care,1
 Playing Doctor,1
 Alternate Universe - Fairy Tale,1
 Dursley's A+ Parenting,1
 Genderbending,1
 Bathtubs,1
Threesome - M/M/M,1
 Karma is a Bitch,1
 References to Healthy BDSM,1
 Bad BDSM Etiquette,1
 Marriage Proposal,1
 Amputee!Cas,1
 Protective!Castiel,1
 Daughter Dean,1
 Dragon Castiel,1
additional tags,1
 Depressed Dean,1
 sex ensues,1
 Twilight References,1
 69 (Sex Position),1
 Safe Sane and Consensual,1
 Pansexual Castiel,1
 Cribs,1
 Wet Clothing Kink,1
 Sex Tapes,1
 Prompt Fic,1
 The Cage,1
 NaNoWriMo,1
 Bad Parenting,1
 Crossdressing,1
 Slave Sam,1
 Blood Kink,1
 Dysfunctional Family,1
 Shapeshifter Dean,1
 but switching implied,1
 kind of a slow healing process,1
Apocalypse,1
Omega Castiel,1
 Veterinarian Castiel,1
 Lucifer has anger issues,1
 Queer Characters,1
 Hugs,1
 Glacially Slow Romance,1
 ok,1
 Rating May Change,1
 Professionals Being Unprofessional,1
 Castiel and Dean in Love,1
 Porn with Feelings,1
 Cas is not an angel,1
 Home Restoration,1
Porn Battle,1
 Crack Treated Seriously,1
 Thriller,1
 legal guardian,1
 Gay-bashing,1
Community: spnkink_meme,1
 Drug Withdrawal,1
 Translator Castiel,1
 peter is an evil asshole,1
 more fluff than I intended but oh well,1
 Sounding,1
 Fluff and Humor and Smut and Angst,1
 Racism,1
 Actually Awful Sex,1
 Alternate Universe - Police,1
 Language Kink,1
 AU version of season 5,1
 Daddy Jared,1
 Students,1
 beware the almighty moth of God,1
Dom/sub,1
 Stockholm Syndrome,1
 But she and John are divorced,1
 Rougher Sabriel,1
 Suicidal Ideation,1
 Top Michael,1
 Bottom Stiles Stilinski,1
references to healthy food,1
 Castiel and Dean Winchester are Dorks,1
 Come Shot,1
 Alternate Universe - College,1
 Wet Dream(s),1
 Alternate Universe - Medieval,1
 Aftermath of Torture,1
 Angel Sickness,1
 Piercings,1
 Long-Distance,1
 Erectile Dysfunction/Impotence,1
Supernatural/Harry Potter,1
 dean/ofc - Freeform,1
 Alternate Universe - Canon,1
Accidental Curses,1
 Psychologist Castiel,1
 Watersports,1
 Human Balthazar,1
 Pain,1
 Dean Has a Sexuality Crisis,1
 Blood,1
 dub-con,1
Fake/Pretend Relationship,1
 Oral Knotting,1
 Supernatural AU - Freeform,1
 Military Backstory,1
 Starvation,1
 Growing Up Together,1
 Wartime,1
 Love,1
 fabulous drag queen OCs,1
 Anxiety Disorder,1
 Fix-It,1
 mild blasphemy,1
 Implications of Previous Frottage,1
 Toast,1
 alternative universe - has supernatural elements,1
 Segment Producer!Castiel,1
 mild Bobby/Ellen,1
 They're seventeen so YMMV,1
 Monsters,1
 Espionage,1
 I can't be stopped,1
 Cas writes Dean notes,1
 Cunnilingus,1
 Affectionate Sex,1
 Lots of bad things have happened to Dean,1
 Feral Behavior,1
 Vibrator,1
 Manslut Dean,1
 BAMF Gabriel,1
 Merman Castiel,1
Temporary Character Death,1
 radio show au,1
 Alternate Universe - Soulmates,1
 Artist!Dean,1
 Post-Mission,1
 Classic Cars,1
 Alternate Universe - Wolves,1
 Developing Relationship,1
 Gardener Castiel,1
 Marathon Sex,1
 Demon Dogs,1
 barbarian dean,1
 Human!Castiel - Freeform,1
 (but just a little),1
Arranged Marriage,1
 Non-Consensual Bondage,1
 more smut,1
 Groping,1
 Light Angst,1
 emotional breakdown,1
 Possessive Derek,1
 Daddy Dean,1
 Celebrity Dean Winchester,1
 some world building,1
 brat!dean,1
 daddycest,1
Telepathy,1
 TW: hate speech,1
Sam/Jess and Charlie/Gilda are background ships and are not the main focus,1
 Training,1
 (Temporarily),1
 Death,1
 Street & Stage Magic,1
 Racial slurs,1
alternative universe,1
 tw: panic attack,1
 BAMF!Castiel,1
 Pregnant Castiel,1
 Canon Compliant,1
 Gabriel Loves Candy,1
creature!dean,1
Fuck Or Die,1
 Nephilim,1
 Kid Dean,1
 omega verse consent issues,1
 god these tags are a blast,1
 Belts,1
 Resolved Insecurities,1
 bad guy death,1
 Trickster Gabriel,1
 Food Kink,1
 Alternate Universe - Roommates/Housemates,1
 Implied Castiel/Dean Winchester,1
 Childhood,1
 Bela is up to something,1
 leashing,1
 surprisingly there is fluff,1
 Surprise Pairing,1
 depictions of drug use,1
 Chair Sex,1
 Castiel is a genie,1
 Firefighter Dean,1
 Alternate Universe - Coffee Shops & Cafs,1
 Castiel is Dean's boy toy,1
 Soulgaze,1
 Alternate Universe - Supernatural Hunters,1
 HATERS FUCK OFF,1
Hunter!Stiles,1
 Don't forget to give me ideas.,1
 Samandriel - Freeform,1
 Safeword Use,1
 suspenders,1
 Cuddling,1
Morning Sex,1
 canon-divergent,1
 Well Maybe Some Emotions,1
 Foster Kid Cas,1
High School AU,1
 Veteran!Cas,1
Superwho,1
 Trickster - Freeform,1
 wingkink,1
 Escort Service,1
 Past Torture,1
 Genderfluid Character,1
 Top Gabriel,1
 Non-Consensual Somnophilia,1
 Lap Sex,1
 Jealous Dean Winchester,1
 Daddy Kink,1
 Human Trafficking,1
 Son Castiel,1
 Interspecies,1
 Season 4 AU,1
 Dean tries to do the right thing but is hurting from it,1
 artist!Cas,1
Attempted Rape/Non-Con,1
 Gentle Destiel,1
 No Major Character Death!,1
 reckless teenage behaviour or something,1
 Dean has more options than you think,1
 Whipping,1
 strange alien sexual circumstances,1
Crossover,1
 I promise,1
 Bilingual,1
 Cum Eating,1
 non-explicit discussions of previous prostitution,1
 domestiel,1
 explicit male/male sex,1
 Insomnia,1
 switch!cas,1
 mild slut shaming,1
 Breast Fucking,1
 Crying Dean,1
 Dean is a Liar,1
 Trans Character,1
 top and bottom!Cas,1
Blood,1
 attempted rape scene,1
 Advanced Cuddling,1
 Alpha Dean Winchester,1
Alternate Universe - Victorian,1
 dean/cas - Freeform,1
 Writer Castiel,1
 shaming due to status,1
 Grace Bonds,1
 Father/Son Incest,1
 Jealous Dean,1
 Scared Dean,1
 Non-Consensual Violence,1
Porn,1
 Legal Drama,1
 Winged Gabriel,1
 Angelic Grace,1
 flip flop,1
 Love Letters,1
 Former soldier Castiel,1
 NASA,1
 Soulmate-Identifying Timers,1
 Destiel Christmas Minibang 2015,1
 Vaginal Sex,1
 Sparring,1
 Prompt Fill,1
 Trigonometry,1
 Flashbacks,1
 Kinky,1
 porn stars,1
Bakery,1
 Accidental meeting,1
 Pansexual Cas,1
 Prisoner Castiel,1
 Wolf Shifters,1
 Top Dog,1
 Sorry Not Sorry,1
 Omega!Castiel,1
Dean/Cas Big Bang Challenge 2012,1
 Mentions of Rape,1
 Closeted Character,1
 boot licking,1
 Impala Sex,1
 Accents,1
 stammering,1
 Rogue Hunters,1
 mostly comfort,1
 grumpy angel in a trenchcoat,1
 Gender Issues,1
 bitter millenial castiel,1
 Tattooed!Castiel,1
 Castiel has a Panty Kink,1
 cute flirting,1
 Grief/Mourning,1
 Mentions of past abuse,1
 Dean's a Pervert,1
 mischievous dean,1
 NOT CRACK I SWEAR,1
 Food Porn,1
 1980s,1
 Goofy sweet nerds,1
 Graphic Self Harm,1
 Castiel sleeps around,1
 DCBB 2015,1
 DCBB 2013,1
 nuzzling,1
 Grace Bondage,1
 Harm to Children,1
 referenced canon character death,1
 Handcuffs,1
 Social Anxiety,1
 Alternate Universe - Comedy,1
 Canon-Typical Violence,1
 Magical Artifacts,1
 Preseries Dean,1
 Fairy Tale Elements,1
 Sexual Coercion,1
 mentions of RPS and M/F/F threesome (in context of porn),1
 Implied Gabriel/Sam Wesson,1
 Implied Child Abuse,1
 Mild Humiliation,1
 Master/Slave,1
 Booty Calls,1
 castiel will take care of dean,1
First Date,1
 Cum Slut Dean,1
 Vermont,1
 Come Inflation,1
Dark,1
 Castiel Loves Cats (and Guinea Pigs),1
 Sex in a Car,1
Alternate Universe - Roommates/Housemates,1
 College,1
 playing fast and loose with werewolf mythology,1
 1920s,1
 unsolicted dick pics,1
Friendship/Love,1
 Playing Games,1
 heat cycle,1
 Het Sex,1
 mild bloodplay,1
Past Relationship(s),1
 Separation,1
 kinky priest sex,1
 Temporary Amnesia,1
 Carnival,1
 Alternate Universe - Prostitution,1
 Alternate Universe - Arranged Marriage,1
 Uncle Castiel,1
 self help,1
 questionable morality,1
 stiles is benny...kinda,1
 More compliant with s1,1
 Cas does standup,1
 Emotional Dean,1
 FBI Agent Castiel,1
 not really Sam/Castiel,1
Sexting,1
 Alternate Season/Series 10,1
 Sleepless in Seattle,1
 Winchester Brothers - Freeform,1
 Hybristophilia,1
 courting,1
 Manhandling,1
 brief mention of past consent issues,1
 BAMF Women,1
 This is part of a series.,1
 Marriage,1
 Submissive Dean,1
 also some physical violence,1
 Body Worship,1
 Castiel and Dean Winchester are Cute,1
DeanCas Big Bang,1
Kidnapped Stiles,1
 Mary Lives,1
 Possessive Behaviour,1
 Alternate Reality,1
 Creature Dean,1
 Alcohol,1
 Sexual Fantasy,1
 Wincestiel - Freeform,1
 Nurse Dean,1
 What Can I Say? I like Infantilism (And Baby Dean),1
 Alternate Universe - Stripper/Exotic Dancer,1
 Bad Boy Dean,1
 medical AU,1
 graphic birth,1
 Abuse of Angel Powers,1
 Brief homophobia,1
 Gore,1
 NSFW,1
 TOO MUCH SLUTTINESS,1
 Master of Death!Harry,1
 Canon Divergent from Mid Season 9,1
 Curses,1
 Comedian Castiel,1
 Unconscious Sex,1
 Daddy!Sam,1
 Nipple Play,1
Masturbation,1
 Plot Driven,1
POV Outsider,1
 Wee Sam,1
 Crying,1
 Past physical abuse,1
 Team Human,1
 Angel Biology,1
 but not between dean and castiel,1
 Federal Agent Dean,1
 Fallen Angels,1
 Puppy Piles,1
 Strangers to Friends to Lovers,1
 Alternate Universe - Federal Agents,1
 Post-War,1
 Self-Doubt,1
 Cards Against Humanity,1
 omega!Sam,1
 Past Sexual Abuse,1
casturbation,1
 Dialogue-Only,1
 Surgery,1
 Discipline,1
 Owner Dean,1
 PackMom!Stiles,1
five days of tuesday,1
 Unrequited Meg/Castiel - Freeform,1
 Cas has a radio show,1
 Mild Horror,1
 NOT shipper!Charlie,1
 Functional Alcoholism,1
 Babysitter Dean Winchester,1
 Demon Blood Addiction,1
 All the Daphne/Cas occurs behind the scenes and is not shown,1
 Mary Winchester is a BAMF,1
 Strength Kink,1
 Castiel & Sam Winchester Friendship,1
 Hate to Love,1
 Teeth,1
 Rape,1
 Non-Consensual Body Modification,1
 Kissing,1
It has John Winchester in it so I hope that's enough of a warning for emotional abuse,1
Dean looks up Carver Edlund's books,1
 Reincarnation,1
 Blind Castiel,1
 mentions of rape/noncon,1
 Hospitals,1
 via drugs and alcohol,1
 Talk of Fisting,1
 Fantasizing,1
Alternate Universe - Neighbors,1
Alternate Universe - Historical,1
 Slow Romance,1
 Omega Kevin,1
 Winged Dean Winchester,1
 Hiding,1
 LOADS OF ANGST LIKE WOW,1
 Artist Hael,1
 Fallen Castiel,1
 Okay not that slow,1
 Warrior Dean,1
 Prequel,1
 Jealous!Cas,1
Bottoming from the Top,1
 Asexuality,1
 Angel Soulbonds,1
 Teasing,1
 Prince Dean,1
 domesticfic,1
 seriously so much hugging,1
 Again and again and again,1
 Kinky Castiel/Dean Winchester,1
 Awkwardness,1
 Dean is a Sensualist,1
 Plotty,1
 Rit Zien,1
 size!kink,1
 Winchester Coping Mechanisms,1
 Art By Deadpai,1
 Werewolf Sex,1
 Narcissism,1
 Sub Dean Winchester,1
 come dripping,1
 Castiel Likes to Watch Dean Sleeping,1
 Paddling,1
 Past Castiel/other - Freeform,1
 Teachers,1
 Soldier Dean,1
 Angel Blade,1
 Parasites,1
 Spells & Enchantments,1
Magician AU,1
 alpha!cas,1
DCBB 2013,1
 Panties,1
 Autofellatio,1
 Religious Content,1
Ballet,1
 very slight panty kink,1
 bamf!allison,1
 Biblical References,1
 Mental Breakdown,1
 Captivity,1
 Bobby and Jody are a thing,1
 Matchmaker Sam,1
 Protective Derek,1
 Feathers & Featherplay,1
 Sub Castiel,1
 Gas-N-Sip,1
 Author!Castiel,1
 Disguise,1
 Raunchy Dean,1
 Gender Confusion,1
 Big Brother Dean,1
 dirty sex like with actual dirt and mud yes this a thing,1
 Probably a really horribly inaccurate portrayal of the foster care system,1
 Painful Sex,1
 Fluff And Angst parts alternate with Plotty parts,1
 Prostate Exams,1
 Texas,1
 Struggling Dean,1
 Unhealthy Coping Mechanisms,1
 Harvelle's Roadhouse,1
 Past Rape/Non-con,1
 Rivalry,1
 Hunter Dean,1
 Balthazar is a snarky bastard and I love him,1
 Confident Castiel,1
 kind of group sex,1
 Teenage Dean Winchester,1
 dean is lonely,1
 The Wedding Date,1
 Poison,1
 Trauma,1
 Attempt at Humor,1
 POV Stiles,1
 Fever,1
 Wing sex,1
 IT'S FICTION,1
 Comedy Club,1
 Surgeon Castiel,1
 minor character death (canon),1
 Dystopia,1
 Thanksgiving,1
Professor Castiel,1
 Witch Castiel,1
 Depressed Castiel,1
 Breaking The Rules,1
 leash,1
 Ghosts,1
    | Translation in Russian,1
changeling stiles,1
 Castiel is a BAMF,1
 Now it's Dean's time to be a dick,1
 Sam and John are kinda shitty,1
 PWP: Pie Without Plot,1
 Writer Dean,1
 Cars,1
 Did I Mention Angst?,1
 Hellhounds,1
 sexual identity crisis,1
 Murder,1
 beachside setting,1
 Implied Past Child Abuse,1
Disney,1
 Enemies to Lovers,1
 Implied/Referenced Sexual Harrassment,1
Kid Fic,1
 Russian Mafia,1
 Castiel is irritable,1
 Refugees,1
Porn With Plot,1
 Artists,1
 Guilty Castiel,1
 Domestication,1
 magic rings,1
 everybody deals with feelings,1
 physical bondage,1
 brief scene with dubcon oral,1
 srsly,1
 random stucky feels,1
 The New England Coastline,1
 PackDaddy!Derek,1
 Past Drug Use,1
 Djinn Castiel,1
 Silver Fox Lestrade,1
 Which does not proceed,1
 Boys Kissing,1
 corner time,1
 Implied Torture,1
 animalistic/feral/possessive behaviors,1
 Bunny Ears,1
 Painplay,1
 Organized Crime,1
 Inappropriate Erections,1
 Gags,1
Rimming,1
 bottom!Dean (because Cas is physically incapable of bottoming),1
 Elevator Sex,1
 I'm evil,1
 Misconceptions,1
 Alternate Universe - Science Fiction,1
 Dom!Castiel,1
there are more characters - Freeform,1
 Teen Sex,1
 Medical Procedures,1
 Aimless Domestic Fluff,1
Homophobia,1
 Flirting and smut ensues,1
 non con becoming dub con,1
 Autogynephilia & Crossdreaming,1
 Though Not Too Slow,1
vaguely highschool-esque au,1
 No Sex,1
 Top Derek,1
 Mild d/d,1
 Addict Sam,1
 Student Dean,1
 Cock Warming,1
 If you think I need more,1
 post 8.20,1
 King Castiel,1
 Non-Were,1
 Priest!kink,1
 Smuggling,1
 hitman castiel,1
 Blackmail,1
 Telepathic Bond,1
mention of past non-con,1
 Drunk Texting,1
 Teacher-Student Relationship,1
 Horror Elements,1
 Mostly Fluff,1
Established Relationship,1
 Tutoring,1
 Homeless Castiel,1
 Near Death Experiences,1
 Bully Dean,1
 sabriel if you squint,1
 Cultural Bestiality,1
 (cause angel's are always watching over you),1
 Didn't Know They Were Dating,1
Soulmate-Identifying Marks,1
 Past Domestic Violence,1
Dean/Cas Big Bang Challenge 2013,1
 Skype Sex,1
 Emotional Baggage,1
 Restraints,1
 slight supernatural crossover - Freeform,1
 Teacher Dean,1
Fallen Castiel,1
 Disclaimer: Author is an atheist,1
 Blindness,1
 A little bit of plot,1
Alternate Universe - Medical,1
 Bathing/Washing,1
 yes people go to the bathroom in this fic,1
 Alpha Bobby,1
 hospital au,1
 minor character deaths (because this IS Supernatural),1
 Breathplay,1
Slavery,1
 sort of,1
 Wing Headcanon,1
 Doctor Sexy M.D.,1
 Suicidal Castiel,1
 Mentions of Prostitution,1
 Lust Potion/Spell,1
Romantic Comedy,1
 Non-Sexual Bondage,1
 Post-Traumatic Stress Disorder,1
 Omega topping an Alpha,1
 Castiel in the Bunker,1
 Edging,1
 Dominance,1
 Latex,1
 all the feels,1
 Teenage Rebellion,1
 De-Aged Dean Winchester,1
 Overdosing,1
 John likes what he sees,1
Guardian Angels,1
 Dean is Lucifer,1
Pre-Slash,1
AU,1
 Mostly top dean but they do switch,1
 high school AU meets coffee shop AU meets college AU,1
 Comedians,1
 Alternate Universe - alpha/beta/omega weres,1
 Moral Ambiguity,1
 Castiel Has A Daughter,1
 Dean/Alistair (past),1
pornstar!Castiel,1
 Stripper Dean,1
 Human Dean,1
Unrequited Love,1
 poly!pack,1
 Cas POV,1
 Pain Kink,1
 Sam and Cas are buddies,1
 Past Lives,1
 witch!castiel,1
 Aftercare,1
Dean Hates Witches,1
 Toddler Michael,1
 Dean/Aaron (past),1
 Nurses,1
Stand-Up Comedy,1
 Woman on Top,1
 ruby meddles,1
 Anonymity,1
 Cuddly Castiel,1
 meddling!sam,1
 Some slurs,1
 Pre-Slash,1
 Paddle,1
 Sandover,1
 Aromantic Meg,1
 Dom/sub Play,1
 Past Character Death,1
 Theatre,1
 Carpenter Dean,1
 Supernatural AU: Not Hunters,1
 Alternate Universe - Werewolves Are Known,1
 Abuse of a Minor,1
 human!Cas,1
 cute Destiel,1
Alternate Universe - Porn,1
 Dean Needs to Use His Words,1
 Marriage of Convenience,1
 Long Distance Pining,1
 Dean is stuck,1
 Sex,1
 Domestic Dean,1
 Past Infidelity,1
 Minor Angst,1
 It's got barely any comedy in it,1
 Potential blasphemy,1
 Unconditional Love,1
 Do not repost,1
 Angel Wings,1
 POV Alternating,1
Dean with powers,1
 noble Castiel,1
 Foreplay,1
 Accidental Domestic Bliss,1
 you should read it,1
 Come as Lube,1
 Dean Has a Cat,1
 Non-sexual,1
 Heaven,1
 You know where I'm going with this,1
 Kittens,1
 omega/sub dynamics,1
 Mating Marks,1
 One Night Stand,1
 John Winchester Being an Asshole,1
 alcoholic!john,1
 Free Awesome Blow Jobs And No Emotions,1
 Molt Headcanon,1
 biological imperitive,1
 Cas and Dean are both total hooligans,1
 Angel Headcanon,1
 adults being treated like children,1
 Food Sex,1
 Past Abusive Relationship(s),1
 Light Sadism,1
Dysfunctional Relationships,1
 Adopted Sibling Relationship,1
 Aetheling Dean,1
 Libraries,1
 Dom Castiel,1
 Daddy!Cas,1
 Dean is a Tease,1
 Underage Sex,1
 Babysitter Castiel,1
 Implied/Referenced Domestic Violence,1
 Very Brief Infidelity (not an affair/love triangle - literally one scene),1
 Cas purrs a lot,1
 art included,1
Christmas,1
 Alpha Kink,1
 Foot Massage,1
 Running Away,1
 Rope Bondage,1
 Parallel Universes,1
 migraines,1
 Snowballing,1
 Top Lucifer,1
Alternative Universe - Mermaids,1
 Top!Castiel,1
 (specifically marijuana),1
 Medic Angels,1
 Doctor Kink,1
 Autism Spectrum,1
 Coffee Shops,1
 Student Castiel,1
 it's actually a heck of a lot more,1
 Stiles deals with feelings,1
 Scenting,1
 Transformation,1
 Dean deals with feelings,1
 potential OOC,1
 Soldier Castiel,1
 Bad Parent John Winchester,1
 Blood and Gore,1
 Young Sam,1
 omega angel dean winchester,1
 Horror,1
 Gangs,1
 Secret Crush,1
 Chuck is the worst,1
 Superwolf,1
 minor drugs use,1
 Demon!Stiles,1
 mostly unhealthy amounts of schmoop,1
 Cats,1
 All The Tropes,1
 Possessive Dean Winchester,1
 celebrity,1
 nothing graphic,1
 WTF,1
 not with cas tho,1
 Injured Castiel,1
 Canon Divergence,1
 Comfort/Angst,1
 Implied or Off-stage Rape/Non-con,1
 very mild d/s vibes,1
 SRSLY ALL THE ANGST,1
 Writer!Dean,1
 Rough Kissing,1
 unrealistic marathon sex,1
 Bullied Castiel,1
 Femdom,1
 Secretaries,1
 Gang Rape,1
 Brotherly Bonding,1
 not a kidfic,1
 Potentially underage,1
 Alternate Universe - Childhood Friends,1
 violence and assault,1
 Dean in Denial,1
 switch!castiel,1
 mention of prostitution,1
 More Broken Bottom Sammy,1
 Alpha!Peter,1
 this is gonna be one long journey,1
De-Aged Dean Winchester,1
 Feral Dean,1
 Many time stamps at the end,1
 and fluff,1
 new powers,1
 College Student Dean,1
 Omegas are basically slaves,1
 Alternate Universe - Future,1
Castiel & Sam Winchester Friendship,1
 Alteration of s10 lore,1
 References to Knotting,1
 Not compliant with s2-much,1
 Implied/Referenced Homophobia,1
 Domestic destiel,1
 Shaving,1
 Profound Bond,1
 Dean In Love,1
 hairbrush used as discipline,1
 Telepathy,1
 baby!dean - Freeform,1
 Alternate Universe - Children,1
 Masturbation in Bathroom,1
 Judgment,1
 Moaning,1
 Tragic past Castiel,1
 Gay Bar,1
 Dean Winchester - Freeform,1
 Threesome,1
 Puppy Play,1
 POV Third Person Omniscient,1
 seriously,1
 implied wincest,1
sterek,1
 Loving Sex,1
 Cas is basically an animal,1
 but this is cas and dean we're talking about,1
 Gladiator Dean,1
 Timestamp,1
 Cute Castiel/Dean Winchester,1
 only a lil angst,1
 Romantic Fluff,1
 Alpha Lucifer,1
 Romantic Drama,1
 Musicians,1
 Gabriel Lives,1
 Realistic,1
 Long-Distance Relationship,1
 Oblivious and silly boys in love,1
 Very slight dubcon,1
 Wing Kink But A Little Different,1
 Partying,1
 hand stuff,1
 Alternate Canon,1
 Ducks,1
 Pornography,1
 warning tags in notes,1
 sexualized rape for kink purposes,1
 please let me know,1
 Weirdly cute at times,1
 TW: mild abuse,1
 Shy Dean,1
 'Sorry!' is a boardgame of backstabbing and betrayal,1
 sort of love confessions,1
 Infantalism,1
 Bottom Cas,1
 Childhood Trauma,1
 Shota Dean,1
 alpha alpha love,1
 Free Will,1
 Smoking,1
 Past Dean/others - Freeform,1
 Abduction,1
 Sweet Sex,1
 Dean gets a puppy,1
 Melodrama,1
 Fuck Hole Reader,1
 This enough tags?,1
 non graphic abuse,1
 librarian!Dean,1
 shared sensation,1
 surgery AU,1
 Housemates,1
 Pregnancy,1
 but neither is specifically either,1
 Cautious tagging,1
 Identity Issues,1
 Lactation Kink,1
 Public Claiming,1
  | Translation in Chinese,1
Autism,1
 complete work,1
 On the Run,1
 Protective Dean,1
 also don't use this as guide to sounding,1
 Gorgeous fanart by nonexistenz,1
 5+1 Things,1
 Cursed Dean,1
 Lack of Communication,1
 Pancakes,1
 There is a brief non-con scene in later chapters,1
 Non-Sexual Age Play,1
 Literature is Hot,1
 Omega Jess,1
 Sweet,1
 Soldiers,1
 Bartender Dean Winchester,1
 Funny,1
 Wedding Night,1
 prejudices,1
 Double Penetration,1
 Vampire!Crowley,1
 Father Figures,1
 Alternate Universe - Foster Family,1
 Alternate Universe - Creatures & Monsters,1
 No Angst,1
 John comes home though,1
 Hate Sex,1
 Post 10.14,1
 Moving In Together,1
 But Cas Believes Him,1
 Gratuitous amounts of angst,1
Winged Dean Winchester,1
 Hypothermia,1
 not going to be like Twist and Shout,1
 meddling!gabriel,1
 Single-Room Occupancy,1
 Slow Dancing,1
 Outdoor Sex,1
 Traumatized Dean,1
 Other characters are mentioned but only those that actually appear are listed,1
 Alpha Gabriel,1
Bestiality,1
 Belly Kink,1
 Dreamwalking,1
 Alpha fetish,1
 Sam tells embarrassing stories about Dean,1
 45k+,1
 Candy,1
 Trapped In Elevator,1
 discussions of abortion,1
 Webcam/Video Chat Sex,1
 Alternate Universe - Angels Are Known,1
 general adorableness,1
 BAMF Dean,1
 Dream Sex,1
 Plant Castiel,1
 PWP,1
 Married Castiel/Dean Winchester,1
 they are Gross and In Love,1
Sexism,1
 just utter fluff wow,1
 possible sympathy with antagonists,1
 Size Queen Castiel,1
 I know we're all hankering for lawyer aus,1
 Pacifier - Freeform,1
 belly bulge,1
 panty!kink,1
 prostitute!Dean,1
 Astronaut AU,1
 Romantic Friendship,1
 Poverty,1
 Castiel and Dean Winchester are Switches,1
 Some angst,1
 Lesbian Sex,1
 boys being dumb,1
 space,1
 Benny Lafitte & Dean Winchester Friendship,1
 Angelic Soulbond,1
Chris Argent/Sheriff Stilinski/Peter Hale,1
 Past Suicide Attempt,1
 POV Multiple,1
 Other Additional Tags to Be Added,1
 DO NOT TRANSLATE INTO OTHER LANGUAGES,1
 First Meetings,1
Masturbation in Shower,1
 Ridiculousness,1
 Season 2 Fix-It,1
 College AU,1
Implied Dean Winchester/Sam Winchester,1
 Drunkenness,1
 castiel novak - Freeform,1
 accountant!Cas,1
 Pair-Bonding,1
 Spit-roasting,1
Past Child Abuse,1
 Rural Setting,1
 angel brothers,1
 Late Night Conversations,1
brief Dean/Anna,1
 Sleep,1
 Road Trips,1
 Falling Castiel,1
 Alternate Universe - Fantasy,1
 Comfort Food,1
 Whatever shameless stuff you can imagine is here.,1
 beastiality,1
 Reunions,1
 Winged Sam Winchester,1
 Mmmm,1
 hung,1
 Babysitting,1
 Teenage Castiel,1
 Gabriel is a dad,1
 Food Issues,1
 foster dad Cas,1
 Cock Piercing,1
 Bunker,1
 Dean is In Over His Head,1
 Alternate Universe-Fantasy,1
 Implied Cannibalism,1
Bisexuality,1
 Marijuana,1
 Consensual Underage Sex,1
Alternate Universe - Urban Fantasy,1
 top!dean,1
 of demon blood,1
 only Lucifer's Grace was in the Cage,1
 Cooking,1
Attempted Sexual Assault,1
 non-con infantilism,1
 Psychological Trauma,1
 Lists,1
 Season/Series 10,1
 Internet,1
 Dom/sub,1
