 Fluff,28
 Slow Burn,27
 Angst,26
,17
 Hurt/Comfort,17
 Humor,14
 Anal Sex,13
 Pining,13
 First Time,13
 Alternate Universe - Modern Setting,12
 First Kiss,12
 Blow Jobs,12
 Romance,12
 Oral Sex,11
Fluff,11
 Smut,10
 Anal Fingering,10
 Friends to Lovers,10
 Hand Jobs,9
 Masturbation,9
 Inappropriate Use of the Force,9
 Rimming,8
 Explicit Sexual Content,8
 Slow Build,8
 Mutual Pining,7
 Dubious Consent,7
Alternate Universe - Modern Setting,7
 Force Ghosts,6
 Loss of Virginity,6
 OT3,6
 Fluff and Angst,6
 Force Bond,6
 Post-Star Wars: The Force Awakens,6
 Kissing,6
Post-Canon,5
 Enemies to Friends to Lovers,5
 Character Study,5
Soulmate-Identifying Marks,5
 Force Bond (Star Wars),5
Spoilers,5
 Eventual Smut,5
Fake/Pretend Relationship,5
 Spoilers,5
 Sharing a Bed,5
 Canon-Typical Violence,5
Slow Burn,5
 Voyeurism,5
 Minor Character Death,5
 Arranged Marriage,4
 BDSM,4
 Alternate Universe - Soulmates,4
Alternate Universe - High School,4
 Enthusiastic Consent,4
 Dirty Talk,4
 Stormpilot,4
 Falling In Love,4
 Blood,4
 Fix-It,4
 Shower Sex,4
Reylo - Freeform,4
 SPOILERS SPOILERS SPOILERS,4
 Face-Fucking,4
 Redemption,4
 Vaginal Sex,4
 Crack,4
 Torture,4
 Minor Violence,4
Alternate Universe - Canon Divergence,4
 Violence,4
 Rough Sex,4
 Evil Space Boyfriends,4
Modern AU,4
 Plot What Plot/Porn Without Plot,4
 Angst with a Happy Ending,4
 The Force,4
 Biting,4
 Mpreg,4
Pining,4
 Suicidal Thoughts,4
 Stranded,3
 Polyamory,3
 Explicit Language,3
 Unresolved Sexual Tension,3
 Making Out,3
Stormpilot,3
 Unplanned Pregnancy,3
 Bloodplay,3
 Aftermath of Torture,3
 Frottage,3
Humor,3
 Mind Control,3
Alternate Universe,3
 Sexual Tension,3
 Top Hux,3
 Knotting,3
 Family Feels,3
 Emperor Hux,3
 Injury,3
 Alternate Universe - College/University,3
 Self-Harm,3
 Alternate Universe,3
 Soulmate-Identifying Marks,3
 Semi-Public Sex,3
 Podfic Available,3
 Rating May Change,3
 Sexting,3
 Everything Hurts,3
 Fake/Pretend Relationship,3
Angst,3
 Post-Canon,3
 Naked Female Clothed Male,3
 Spanking,3
Post-Movie,3
 Marriage,3
 Implied/Referenced Torture,3
 Mind Reading,3
Alpha/Beta/Omega Dynamics,3
 Orgasm Delay/Denial,3
 Depression,3
 General Hux Has No Chill,3
 Enemies to Lovers,3
 Friendship,3
 Tooth-Rotting Fluff,3
 Asphyxiation,3
 trash,3
 Reader-Insert,3
 Vaginal Fingering,3
 Size Kink,3
 Bottom Kylo Ren,3
 Happy Ending,2
Post-Movie(s),2
 Humour,2
Tumblr fill,2
 Mating Cycles/In Heat,2
 Exhibitionism,2
 Emotionally Repressed,2
PTSD,2
 Soulmates,2
 Grandparents & Grandchildren,2
 Established Relationship,2
 Multiple Orgasms,2
Sex,2
 Memory Alteration,2
 Emotional Hurt/Comfort,2
 Roommates,2
 Public Sex,2
 Glove Kink,2
 Dom/sub Undertones,2
 Panic Attacks,2
 Force-Sensitive Hux,2
 Teen Angst,2
 Future Fic,2
 Choking,2
 Angst and Feels,2
 Gaslighting,2
 Recreational Drug Use,2
 Some Humor,2
 Scratching,2
 Kid Fic,2
 Texting,2
 Masturbation in Shower,2
 Praise Kink,2
 Strung-Out Force Prophecy,2
 Porn with Feelings,2
 Age Difference,2
 Implied/Referenced Suicide,2
 Alien Culture,2
 Discussion of Abortion,2
 Cunnilingus,2
 Physical Abuse,2
 Reylo - Freeform,2
 Canon Compliant,2
 Alternate Universe - Coffee Shops & Cafs,2
 Breathplay,2
 Snark,2
 angsty fluff,2
 Tatooine Slave Culture,2
 Past Torture,2
 Cum Eating,2
 Boys In Love,2
Alternate Universe - College/University,2
 Switching,2
 Mutual Masturbation,2
Hurt/Comfort,2
 Threesome - F/M/M,2
 Han & Leia's A+ Parenting,2
 Aphrodisiacs,2
 Implied/Referenced Child Abuse,2
 Space Battles,2
 Lightsaber Insertion,2
Dark,2
 Action,2
 Post-Movie,2
 Drama,2
 Sexual Fantasy,2
Post-Star Wars: The Force Awakens,2
 Pre-Star Wars: The Force Awakens,2
Character Study,2
 Crying,2
First Time,2
 The First Order Sucks,2
 Confusion,2
 Cuddling,2
 Hate to Love,2
Alternate Universe - Historical,2
Evil Space Boyfriends,2
 Knights of the Old Republic vibes,2
 Facials,2
 Holding Hands,2
Kylux - Freeform,2
 Emotional Manipulation,2
 Power Imbalance,2
 Jealousy,2
 TFA spoilers,2
 Past Rape/Non-con,2
Forced Marriage,2
 Vomiting,2
 Fluff and Smut,2
 Getting Together,2
 Sexual Content,2
 Fingerfucking,2
 Resolved Sexual Tension,2
 Butt Plugs,2
 Porn With Plot,2
 Fingering,2
 Modern AU,2
AU,2
Star Wars: The Force Awakens Spoilers,2
 Overstimulation,2
 Eye Trauma,2
 Angst and Humor,2
 Sex,2
 Huddling For Warmth,2
 Forced Bonding,2
 UST,2
 Love/Hate,2
 Post-Traumatic Stress Disorder - PTSD,2
Implied/Referenced Rape/Non-con,2
 Star Wars: The Force Awakens Spoilers,2
D'Qar,2
 Humiliation,2
 Self-Esteem Issues,2
 Pregnancy,2
 Branding,2
 bottom!Hux,2
 Hate Sex,2
 Angst and Hurt/Comfort,2
 Mind Games,2
 It Gets Worse Before It Gets Better,2
 Manipulation,2
 Fanart,2
Semi-Public Sex,1
 there's been this recent influx of fics in which Poe rides Finn all power-bottomy,1
 mention of execution,1
 Some Swearing,1
 Postpartum Depression,1
 Intercrural Sex,1
 Dick Pics,1
 Comedy Disembowellment,1
 Stable Well-Adjusted Kylo Ren,1
Psychological Torture,1
 Ash Play,1
 this whole 'flirting' thing,1
 Alternate Universe - Office,1
 mentions of decommissioning stormtroopers,1
 Relationship Negotiation,1
#Space Phone Problems,1
force-choke,1
 Sassy,1
 Hamilton Songs,1
 Snoke Was A Pinata All Along,1
 Under-negotiated Kink,1
 Harry Potter is Salazar Slytherin reborn,1
 Touch-Starved,1
 so many baked goods,1
 Ben Solo is messed up,1
 probably,1
 everyone gets therapy,1
Sexual Slavery,1
 conflicted feelings,1
 Light Dom/sub,1
 Mostly just a hot mess of Porn with feelings,1
Dark fic,1
 There is apparently a plot,1
 Sexual Intercourse,1
 Internalized Homophobia,1
 Dysfunctional Relationship,1
 Sex Tutoring,1
Threesome,1
 Finn is a lonely muffin,1
 Violent Sex,1
 Listen it was a prompt,1
 Public Blow Jobs,1
Pre-Canon,1
 Finn is confused,1
 Not Incest,1
 Soft Kylux,1
 ooc,1
 lots of hand holding,1
 Unreliable Narrator,1
 Rebellion,1
 Lots of character studying,1
 jess will mess you up,1
 some sensuality,1
 Forgiveness,1
 Beauty and the Beast Elements,1
 bisexual!reader,1
 starts out with feisty and testy rey,1
 Underage Drinking,1
 suppressants,1
 sub!Reader,1
 but still canon compliant,1
 so does Good Space Mom,1
 Bondage,1
 Force Choke,1
 Drunken Shenanigans,1
 not gonna lie shippy as fuck,1
 jedistormpilot,1
Consensual Mind Control,1
 Dream Violence,1
 Filth just filth,1
 Punching,1
 collaring,1
 Schrodinger's virgin Kylo Ren,1
 (All the eye stuff is non-graphic),1
 hux and kylo are both awful people,1
 Mentioned Character Death,1
 Dubious Morality,1
 Trash!Poe,1
 all they do is bicker with each other,1
 Mind Invasion,1
 Gambling,1
 Shameless Smut,1
 Graphic Depictions of Kylo Ren's Enormous Muscular Body,1
 Deus Ex Machina,1
 sexkitten!rey,1
 Scars,1
U kno this is a bad ship bc of the,1
 but this fic does warrant the E rating so,1
 Tiny Bits of Mind-Reading,1
 Virginity,1
 Droid fetish,1
 Daddy knows something,1
 Kylux Trash Compactor,1
 heavily indebted to Heathers,1
rocks,1
 poe is the ex that is somehow closer to the family than ben is,1
Anal Sex,1
 Mindfuck,1
 Love Triangles,1
 fn-2187 was a storm trooper,1
 Now with added plot,1
 mentions of assisted suicide,1
 Welcome to the pain train,1
 Poe Dameron: flirtatious cinnamon roll,1
 Past Relationship(s),1
 force manipulation,1
 Ballet/Martial Artist AU,1
 Always listen to Chewbacca,1
 violence as romance,1
 Mildly Dubious Consent,1
 Knights of Ren!Rey,1
Force Bond (Star Wars),1
 Force Visions,1
 slightly (read: very) crack-y,1
 sub!Kylo Ren,1
Threesome - F/M/M,1
 hux is incredibly over dramatic,1
 top!KyloRen,1
 Politics,1
 also abusive relationship tw,1
 my poor trash baby,1
Porn with Feelings,1
 demisexual kylo ren,1
 Come Eating,1
 Police Officer Poe,1
 Stormtrooper training,1
 Hux wants to get laid,1
 Save Ben Solo,1
 Stalking,1
Touch-Starved Finn,1
 Mention Of Dub-Con,1
 Some Problematic Behavior,1
 strip-sabacc,1
 Rey and Finn are both terrible at this,1
 Caning,1
 No I'm not implying Kylo is mentally ill,1
 Hux is also a mess but he hides it better,1
 Dissociation,1
 Marking,1
 i am alternate universe caffeinated trash,1
 Friendship/Love,1
 Kylo Ren is a problematic trashcan,1
 Self-deprecating humor,1
 Force4Ham,1
 You Need A Teacher,1
 more to come - Freeform,1
 Royalty,1
 potential temporary hand loss,1
 I don't know how this happened,1
 But not to Kylo Ren,1
 interpreter,1
 Knives,1
 Kylo is a jerk,1
 Riding Crops,1
 Kylo Ren Has Issues,1
 Finn helps other storm troopers,1
the major character death tag is there for a canon death,1
 Protective Hux,1
i'll be the first one here to say,1
sweary robots,1
 Poe is a Dork,1
Serial Killer Ren,1
 kylo ren acts like a cat,1
 Ass-Kicking,1
 Isolation,1
 Poe avoids Finn a lot,1
 TPS Reports,1
 porn shopping,1
 Menstruation,1
 Star Wars - Freeform,1
 Patricide,1
Motherhood,1
 Han is a grouchy History teacher and Leia is the principal,1
 basically i just wanted to write a fic where poe has a huge hard on for the other two i mean what,1
 Just some quickie smut,1
Friendship,1
 Meeting the Parents,1
 Break Up,1
 Poe isn't actually dead obviously,1
 occasional denting of the fourth wall,1
 Character Development,1
 finn is trying very hard to make things less awkward,1
 Kylo Ren is Not Nice,1
 Kylo Ren is really just an emo teenager tbh,1
 Drinking,1
 This Is Obviously Good for No One,1
 Dead Dove: Do Not Eat,1
 i mean we dont know for sure but come on they are related,1
 Kylo Ren: Maybe Okay Guy,1
 no why is this sad why am i sad,1
 Fucked Up,1
 grappling hooks,1
 Fix-Everything,1
 Blasphemy,1
 One-Sided Attraction,1
 and then gets angsty like i don't know what happened,1
 Alpha Hux,1
 This is pure crack,1
 Technically Public Sex,1
 Mild Medical Kink,1
 Re-indoctrination,1
 I'm right,1
 Fix-It of Sorts,1
 Bottom Poe,1
 Emotional Constipation,1
 and the Kylo/Snoke is only a couple of scenes,1
 Nightmares,1
 Healing,1
 Mitaka didn't sign up for this,1
Mind Rape,1
Smut,1
 Dildos,1
 attempted humor,1
 author must pay for transgressions,1
 Cock Cages,1
BB-8 is an adorable child,1
 Kylo and Hux are not very nice people,1
 Feelings,1
 the Resistance finds him again,1
 and general badstuff right,1
 Fever Dreams,1
 Discussion of Assisted Suicide,1
 this is probably gonna be rated M in later chapters if I ever get there,1
 Chains,1
 Background Slash,1
 Kylux - Freeform,1
 it's basically a West Wing AU,1
 it's a little sad but not super sad,1
 Pre-OT3,1
 My powerful space bro Phasma,1
 Size Difference,1
 Chewbacca is Han's dog,1
 For Days,1
 Hux POV,1
 Sickfic,1
 Library,1
 Regret,1
 From Sex to Love,1
 River Song is awesome,1
 Dom Hux,1
 Dancing,1
 a lot of bodily fluids,1
 Misunderstandings,1
 very slight Hux/OMC,1
 Finn POV,1
Accidental Marriage,1
 Hot Mess Hux,1
 Blue is Owen's daemon,1
 cracky angst,1
 the woes of a stormtrooper childhood,1
 Darcy was a companion of the Doctor,1
 Orgy,1
 kylo is a mess,1
 Mind Link,1
 not really because Hux really believes it's Matt,1
 And yet,1
 kind of lightside Kylo AU because of who his friends are,1
 companion piece/sequel,1
 Pass it on,1
 Linguistics,1
 Dry Humping,1
 millicent the cat comes along for the ride,1
 Solitary Confinement,1
 Sickness,1
 Feels,1
 some descriptions of gore but they're as a result of aforementioned canon-typical violence,1
 Kinda,1
 One-Liners Aplenty,1
Based on a Tumblr Post,1
Pre-OT3,1
 drunk! kylo,1
 Possessive Behavior,1
 Stoner Luke,1
 Dark!Rey,1
First Meetings,1
 and hux suffering,1
 ben is the estranged artist son,1
 Consent Issues,1
silliness,1
 will most likely contain smut at some point,1
 Coming of Age,1
 but they fall in love anyway,1
 Subdrop,1
 the first order are dicks,1
amnesia!fic,1
 Kylo Ren becomes Ben Solo again,1
 rey in darkside training,1
 Sexual Frustration,1
 Prince!Finn,1
 Virgin Kylo Ren,1
 Silly,1
 minor gambling,1
1990s AU,1
 Snoke is Miss Havisham,1
 Fighting Kink,1
 Professor Ren,1
 Mild Cursing,1
 Post-Series,1
 because he is a wonderful trash can,1
 he keeps drunk dialing rey via the force,1
this is so self indulgent and ridiculous,1
 Eventual Romance,1
 Hux Does Things,1
 some drunkenness,1
Mission Fic,1
 Force-Sensitive Reader,1
 kisses,1
Kylo Ren Has Issues,1
 Felching,1
 Badass Finn,1
 more like Poe DAMNeron am i right,1
 Porn,1
 Canon Typical Violence,1
 Hux Isn't Always As Chill As He Seems,1
 Compassion/Empathy for the Enemy,1
 Time Travel,1
Speculation,1
 Families of Choice,1
 Dialogue Heavy,1
 Force-Sensitive Finn,1
 sexual tension jellyfish,1
 SPOILERS HERE,1
 Bullying,1
 seriously so much fluff,1
 Boypussy,1
 like super slow burn,1
 I asked Hux if it was OK to just leave him in that AT AT for 3 days and he said it was,1
 Accidental Marriage,1
 sabacc rules are terrible,1
 we're in this for the long haul,1
Alternate Universe - Coffee Shops & Cafs,1
 its gonna get weird,1
 Established OT3,1
 Sugar Daddy,1
 Kylo has issues,1
 Bad BDSM Etiquette,1
 Marriage Proposal,1
 Period-Typical Homophobia,1
 Inspired by Horror Movies,1
 the plot here is pretty thin on the ground,1
additional tags,1
 ben solo redemption arc,1
 Finn Has Negative Chill,1
 Orgasm Delay,1
 Verbal Humiliation,1
 evesdropping,1
 Kylo Ren is terrible,1
 Past Underage,1
 Bad Parenting,1
 smut heavy,1
 feels kind of weird to be tagging sex since it isn't a huge focus,1
 tw: attempted rape mention,1
Biting,1
 Snoke is a dick,1
 Wordcount: Over 100.000,1
 Hugs,1
 September Issue AU,1
 poe is a huge dork,1
 but mostly it's character and world building,1
Love Confessions,1
 Survival,1
 Tattoos,1
 Brief Subspace,1
 Crack Treated Seriously,1
 Kissing 101 with Poe Dameron,1
 but it isn't loving either,1
 these boys are idiots,1
 harder than it sounds,1
 Miscommunication,1
 Anxiety,1
 that this is fucking ridiculous,1
 Corpses,1
 bad analogies,1
 Non-Consensual Drug Use,1
 Socialist Kylo Ren,1
 Angsty Schmoop,1
 Xeno,1
 The Next Generation,1
 Drug Use,1
 wanton murder,1
 Dathomir,1
 Explicit hand-holding,1
 Possession,1
 poe dameron actual horny teenager,1
 Nurse Phasma,1
 it's kind of sweet in the sadness i guess?,1
 Stockholm Syndrome,1
 Slow Build?,1
 Revolution,1
Meet-Cute,1
 Bickering,1
 Finn is captured by the First Order and forgets everything,1
 Dark,1
 Alternate Universe - Canon,1
 fluff if you squint,1
 College AU,1
 An attempt at an IN-character romance,1
 finn is a perfect cinnamon roll,1
 Awkward Conversations,1
 Also a lot of Phasma,1
 probably more accurate to describe him as Kylo Ben,1
 dub-con,1
That Postcanon fic that takes place a few months after TFA,1
 Psychological Trauma,1
 Luke Skywalker supermodel,1
 just a drabble for now because im working on some longer stuff but,1
 Platonic Relationships,1
 Finn is a poet,1
 also some pining,1
 Gentle Sex,1
 Unsanitary Sex Location,1
 Species Swap,1
 Gunshot Wounds,1
 Padm ships it,1
 my 'on the run verse' Star Wars AU series,1
 i think,1
 Mental Health Issues,1
 i don't even know what i'm doing,1
 erotic crying,1
 matt the radar repair technician,1
 kylo ren needs to chill,1
 Slave Kylo,1
 BB-8 is Poe's daughter,1
 I'll tag as I go,1
 Sub Ben,1
 But Sweet,1
#doyoulikebuttstuffandmonsters,1
 Yavin 4,1
Force-Sensitive!Reader,1
 crying kylo,1
 True Love,1
 Morning Sickness,1
 stealth Hamilton reference,1
 Omega Kylo Ren,1
 elaborate exploration of psychological effects of torture and isolation,1
 Playing in the Garbage,1
 Oral,1
 Pre During and Post TFA,1
 droid!Hux,1
 Kylo Ren Pain Train,1
 Developing Relationship,1
 Poe gets a lil mouthy,1
 PTSD,1
 Not Actually Unrequited Love,1
 Recovery,1
 that's what she said,1
 Join me in my descent to the depths of Hell,1
 Coworkers to lovers,1
 devil wears prada au,1
 Ben's return to the light,1
 Light Angst,1
 Touch-Starved Ren,1
 Angst and Fluff and Smut,1
 will not end as dark rey though,1
jealous!kylo,1
 unexpectedly updated with a brand new chapter!,1
 Slight fluff,1
 Self-Discovery,1
 Smuggler!Ben,1
 Accidental Bonding,1
 Figging,1
 Ben Solo - Freeform,1
 Child Death Mention (Unnamed Minor Character),1
 but just with soulmate marks,1
 Master-Apprentice Dynamics,1
 Alternate Universe - Hawaii,1
 leia is a troll,1
Recreational Drug Use,1
 indoctrination,1
 You Need A Boyfriend,1
 implied polyamory,1
 Knitting,1
 They're both terrible,1
 Implied/Referenced Brainwashing,1
 Doctor/Patient,1
 can you tell,1
 Secret Identity,1
 finn is beautiful and poe dameron never had a chance,1
 command shuttle sex,1
 lightside tendency!kylo,1
 Masochism,1
 Finn and Rey are teachers,1
 Dealing With Dragons fusion,1
 Everyone thinks Rey and Finn are dating but they're just friends,1
will have explicit content in later chapters,1
 Cum feeding,1
 Mild Language,1
 Implied/Referenced Drug Use,1
 Rey is figuring some things out,1
 Post-The Force Awakens,1
 Stabbing,1
 Coming Out,1
 Human Experimentation,1
 Mentions of sex work,1
 Police Officer Finn,1
 Backstory,1
 prompt,1
 Language,1
Emperor Hux,1
 Alternate Universe - Royalty,1
 finn and rey are best friends 2kforever,1
 Someone's a sociopath,1
 Weddings,1
 Sex In A Cave,1
 but that's a thing that happened,1
 kiss,1
 Rey is an unproblematic goddess,1
 Galactic war after all,1
 but you cannot deny the way poe looks at finn :),1
 Cis People,1
 obviously,1
 Touching,1
 theres some slapdash medical work,1
 and lots of happy fluff in between,1
 Adventure,1
 Watch me make up a bunch of stuff about engineering,1
 Female Reader,1
poe is pining,1
 that's not how the force works,1
 Snoke Ships It,1
 Denial of Feelings,1
 Fake Relationship,1
 Bedtime Stories,1
 Trash Sex,1
 Southern Gothic,1
 Insomnia,1
 Warring for Dominance,1
 Alien Biology,1
 Solo family feels,1
 Trolling,1
 Attempted Kidnapping,1
 Team Unrelated Rey,1
 Drabble Sequence,1
 hux is fearoused,1
 Sexual Experimentation,1
 rey has a lowkey cute mechanic gf,1
 I am almost completely sure this isn't incest,1
Memory Loss,1
 Come for the fucking--stay for the feels,1
 Main pairing is Stormpilot,1
 i dunno man its complicated,1
PWP,1
 Dom!Kylo Ren,1
 this story is half retelling of canon so SPOILERS AHEAD,1
 handjobs,1
 Jedi Hux,1
 so are rey and poe,1
 Inappropriate use of a Lightsaber,1
 hux is the workaholic best friend,1
 Sparring,1
 the other pilots ship poe and finn,1
 Prompt Fill,1
 Evil Snoke,1
 Flashbacks,1
we're not even sorry,1
 gratuitous use of the word 'buddy',1
 bartender!Kylo,1
 Painplay,1
 queer space nerds,1
 Pre-Femslash,1
 Sorry Not Sorry,1
 (mostly),1
 anti-sap,1
 NOTE: THIS FIC IS MOSTLY T-RATED,1
 Robophilia,1
 Rape Aftermath,1
 (let's make this a thing),1
 Suicide Mention (Unnamed Minor Character),1
 Anal,1
 Kylo needs a hug,1
 Time Skips,1
dreamed this up while under the influence,1
 written before TFA's release soooooo,1
 bicepbite2k16,1
 Dreams and Nightmares,1
 inappropriately violent thank you gifts,1
Kink Meme,1
Sex Pollen,1
 featuring fan art inside,1
 Jedi Training,1
 monster!kylo,1
 Trolling Poe Dameron,1
 Sex Toys,1
POV Second Person,1
 god these tags are getting out of hand,1
 Evil Space Mom wants her kids to be happy,1
 Daddy Kink,1
 Aggressive Snuggling,1
 pre-movie fic,1
 finn is the patron saint of revolution,1
 Hux is a sleeper agent,1
 mentions of consensual somnophilia,1
 Accidental Kid Acquisition,1
 Fairy Tale Elements,1
 Hux attempts to be rude and indifferent,1
 Sexual Coercion,1
 Slightly Slow Build,1
 Poe Needs A Hug,1
Attempts at being fancy,1
 Clothed Sex,1
 Music AU,1
 Alternate Universe - Celebrity,1
 Timeline What Timeline,1
 a little bit of trashy bareback kink oh god I'm sorry (I'm not sorry),1
 Some Self Harm? Not Really?,1
Post-Traumatic Stress Disorder - PTSD,1
 for all of TFA,1
 slow burn until it's not,1
 Non-Consensual Touching,1
 cannot emphasize blood enough guys,1
 Bodyguard Ren,1
 Resistance,1
 I can't believe there's a freeform tag for welcome to hell oh my god,1
 Body Horror,1
Alternate Universe - Roommates/Housemates,1
 Snoke was an asshole,1
 so much blood,1
 Nipple Clamps,1
 horrible no good snoke,1
 Grey Jedi,1
 Graphic Description,1
 Temporary Amnesia,1
Voyeurism,1
 RAILING KILL,1
 I will drown you in it,1
 overly poetic descriptions of nature,1
 Kylo thinks it's weird role play,1
 Death of sex worker,1
 everyone does karaoke,1
 Pre Concurrent and Post TFA,1
 Resistance!Reader,1
 Non-Consensual Manhandling,1
 People With Long Hair,1
 Surrogate Pregnancy,1
 and makes fun of ben a lot,1
 Hux pretends he isn't interested in Kylo,1
 Drugged Sex,1
 Slavery,1
 He's trying to rebel by becoming his grandfather,1
 Luke makes jokes,1
 Skysolo is slight,1
 This Is Why We Can't Have Nice Things,1
 speculative fic,1
 these dorks are too adorable,1
 Hux Has Issues,1
 jessika pava is a great wingman,1
 vague dub-con,1
 movie science,1
 hurt!hux,1
 Fashion World AU,1
 Lilo is a Young Wizard,1
Praise Kink,1
 Poe is a sweetheart,1
Slight spoilers,1
 pre tfa,1
Corporal Punishment,1
 so many reunions,1
 friendships,1
Bed-sharing,1
 some blood,1
 (soon to be drastically AU),1
Redemption,1
 psych evaluation,1
 poe dameron is a little shit,1
 Anxious Hux,1
 The Force Awakens,1
 Nipple Play,1
 Poe Is a Good Bro,1
Absolute Trash,1
 there's no room for guilt when you open your heart to sin,1
 Kylo Ren may or may not have thrown the reader away,1
 mentions of dark!rey,1
Pre-Star Wars: The Force Awakens,1
 Top!ben,1
 Past Sexual Abuse,1
 Trust Issues,1
 Artist Hux,1
 Surgery,1
 disembodied hand,1
 So fair warning,1
 Discipline,1
 probably gonna happen,1
all aboard the trash train,1
 Sacrifice,1
 she's running but he's coming for her and he lets her know it,1
 rey and finn are Bros,1
 Rape Recovery,1
 I did not expect my life to involve making up strip versions of star wars card games,1
 LITERALLY,1
 and hux is in charge,1
 but for the greater good I guess,1
 but he does get better,1
 Finn is a bucketful of angst,1
 and its awful,1
 Mind Sex,1
 force-choke kink,1
 Dismemberment,1
Plot What Plot/Porn Without Plot,1
 Loss of Control,1
 Grief/Mourning,1
 Alcohol Abuse/Alcoholism,1
 challenge,1
 now a fic,1
 he eats people,1
 Shenanigans,1
 Against a Wall,1
Intercrural Sex,1
 Asexuality,1
 Sexual Situation with Mitaka,1
 Poe Dameron: literal cinnamon roll,1
 Original Character Death(s),1
 Finn gets his last name from Poe too,1
 Hux-centric,1
 i dont write romance but this is the exception,1
 Inheritance,1
 Evil Gay Idiots Don't Know How to Feel,1
 AU,1
 there's some sex sure,1
 bb-8 is a little shit,1
 Canon-Typical Character Outbursts/Anger Issues,1
 gay space babies,1
 the prologue is tame,1
 Romantic Comedy,1
 Burns,1
 An Absence of Freewill,1
 Anonymous Sex,1
 so sweet so soft,1
 redemption (sort of),1
 doggy,1
 Rey Has Jedi Superpowers,1
 ashgate 2k16,1
 Hux is a manipulative bastard and he saves the world,1
 Ritual Sex,1
 if thats what does it for you,1
 lashes for lashes,1
 Murder,1
 Loss of Limbs,1
 I'm shipper trash not even sorry,1
 and then finn wakes up,1
 Drunk Texting,1
Established Relationship,1
 storm trooper defection,1
 maybe?? - Freeform,1
 poorly constructed plumbing,1
Dubious Consent,1
 Slight Politics,1
 cosmic custody battle,1
 major spoilers for the movie,1
 Obsession,1
 They clearly belong together,1
 Poe is a Han Solo fan,1
 Implied/Referenced Abuse,1
 Implied/Referenced Alcohol Abuse/Alcoholism,1
 so much scoffing,1
 Unhealthy Coping Mechanisms,1
 My soul's value decreases with every chapter,1
 Rivalry,1
One-Sided Relationship,1
 gay people,1
 showdown,1
 Skywalker Family Feels,1
 Infidelity,1
Teacher-Student Relationship,1
 Barista Finn,1
 Incest,1
 ultimate power!,1
 Ensemble - Freeform,1
 Family Secrets,1
 sarcastic narrator,1
 the first order has Hello magazine,1
 Finn is sad and confused,1
 angry space boyfriends,1
 Attempt at Humor,1
 snoke is in here somewhere,1
 A Kylo Ren fic with a side dish of Huxilicious,1
Deepthroating,1
 needless to say it's all a bit Fucked Up,1
 Now Post-TFA!,1
 the skywalker family tragedy,1
 The Force Ships It,1
 Family Bonding,1
 Headcanon,1
 some mentions of suicidal ideation and suicide baiting,1
 poor Mitaka,1
 It's all about Power,1
 Comedy,1
 Kylo is bad at talking about his feelings :(,1
 pity,1
 the lightsabers are a metaphor,1
 Rey Kenobi,1
 Knights of Ren - Freeform,1
 romance doesn't play a part in this,1
 Mentions of Cancer,1
 Not to be confused with real science,1
 Alternate Universe - High School,1
 Surprisingly Gentle!Hux,1
 Assault,1
Missing Scene,1
 Rape/Non-con Elements,1
 Supernatural Elements,1
 rating will eventually go up,1
 (of sorts),1
 Fake Dating,1
 every time i write a porny chapter,1
 leia wants everyone to get along,1
 Self Confidence Issues,1
Alternate Universe - Soulmates,1
 Gray Jedi,1
 Sex Education,1
 han is a dick (unsurprisingly),1
 coming in your pants because why the fuck not,1
Curses,1
 Military Academy,1
 but we tolerate him anyways,1
 Martial Artist!Kylo,1
 and possibly ships the ot3 a bit,1
College,1
 War,1
 Of sorts?,1
Teasing,1
 headless corpses,1
 Suicide Attempt,1
 Love Confessions,1
 watch as I take Kylo's powers and use them in a completely inappropriate way,1
Slow Build,1
 Mild Hurt/Comfort,1
 Rey is a badass,1
 Alternate Universe - Human,1
 okay satan okay,1
 luke is a troll,1
 AU where Ben is not Force sensitive,1
 seal screaming as loud as it can GAAAAAAAAY,1
short mention of poe/rey,1
 Gags,1
 Hux Is A Smol Anxious,1
" ""gaaay"" seal",1
 Minor Character Deaths,1
 really though,1
 A LOT OF CHEESE,1
 lawyer!hux,1
 Undead,1
 Sadism,1
 some actual fluff coming,1
 Non-Penetrative Sex,1
Trauma,1
 I'm so sorry,1
 title from a song,1
Tags to be added as necessary,1
 this isn't angry hate sex,1
 no cats were harmed in the making of this fic,1
 5 Things,1
Costume Kink,1
Face Slapping,1
you can say what you want,1
 I mean,1
 Minor Poe Dameron/Finn,1
 the noncon isn't between Hux and Kylo,1
 Slight Kylux,1
 Gratuitous Application of Sunscreen,1
 Additional Warnings In Author's Note,1
 possible threesome?,1
 Virgin Finn,1
 if you kinda squint a little bit,1
 Major Spoilers,1
 Post-Episode VII,1
 secretly protective!hux,1
 mid-pace burn,1
 Near Death Experiences,1
 sequel but stands alone,1
 just a kind of fluffly bit of nonsense really?,1
 character injury,1
 Queer Themes,1
 More Space Texting,1
 Anger,1
 Abuse of Authority,1
 People with Moles,1
Alternate Universe - Medieval,1
 belts and bolts,1
 Mmm...Vibrations,1
 Coffeeshop AU,1
 the knights of ren are dorks,1
 Naked Cuddling,1
 Snoke is creepy,1
 Past Abuse,1
 Hux is a double agent,1
 unethical relationship,1
 or not so stealth,1
 Child Neglect,1
 backhands will happen,1
 Hux isn't a good person,1
 Surfing,1
Pseudo-Incest,1
 teeth might be lost,1
 weeeeh,1
 Why Does Everyone Want to Go Back to Jakku?,1
 sort of,1
 My Crush on Phasma is So Real,1
Jedi Training,1
 Hux is manipulative,1
 Edging,1
 Gun Violence,1
 Or Is It?,1
 Rey totally ships it,1
 Alternate Universe - Politics,1
 possible Rey/Jessika Pava hints,1
 Plot With Smut,1
 Somewhat disturbing content,1
 Orgasm Denial,1
Fluff and Mush,1
 he fails,1
 hidden agendas,1
 Poe/Finn/Rey,1
 Bodily Fluids,1
 Drunk Sex,1
 Dad Poe,1
 Moral Ambiguity,1
 postcanon,1
 the author had to duct tape the mouth of her conscience shut to write this,1
 Kylo Ren uses the force to read Hux's mind,1
 Semi-Violent Sex,1
 Hurting Ben Solo for Fun and Pleasure,1
Cognitive Recalibration,1
 Mostly porn,1
 Mechanic Poe,1
 Non-binary character,1
 grey rey edging on dark as it goes on,1
never met an ot3 I didn't love,1
 Non-Graphic Torture,1
 sad kylo,1
 Blind Date,1
 he's not very subtle,1
 Pre-Slash,1
 these precious idiot fluffballs,1
 Fellatio,1
 Past Character Death,1
 Terraforming,1
 let's assume there will be major TFA spoilers,1
 the Galaxy is run on gossip,1
jessika and temmin are so done with these oblivious assholes,1
 Lightside au,1
 Genderfluid Loki,1
 Hux your life is a joke,1
implied use of Outlook Express,1
 Marriage of Convenience,1
 General,1
Consensual,1
 gotta pay what you owe,1
 Names,1
 translation to French available,1
 Cis!Kylo Ren,1
 title from Hamilton bc I am trash of the thing,1
 POV Alternating,1
 Alpha Kylo Ren,1
 At least that was my intent,1
 romance does happen,1
 seriously the slow-burn is strong,1
 Sharing Clothes,1
 Betrayal,1
 College Republican Hux,1
 bones might be broken,1
 So much angst,1
 scaroused?,1
 Not Even the Universe,1
 Forced Marriage,1
 screwed up dysfunctional kylux,1
 Really A Lot Of Crying,1
 Antagonistic Relationship,1
 Rope Bondage,1
 Cuddle,1
 Punishment,1
 based on that snl skit,1
spoilers ish for the Before the Awakening book if you haven't read it,1
angry space boyfriends,1
 so much porn,1
kid stormtroopers,1
 sorry Mum,1
 blowjob,1
 Still not incest until proven guilty in a court of law,1
 Supreme Leader Kylo Ren,1
 it IS a star wars au,1
 Dark Comedy,1
 Natural Disasters,1
Angst and Feels,1
 historical fiction - Freeform,1
 Evil,1
 but also lots of angst,1
 Speciesism,1
 soulmate situation??,1
 Stormtrooper Rebellion,1
 Flogging,1
 30 Day OTP Porn Challenge,1
 Gore,1
 Shibari,1
 because why not,1
 Wordcount: 1.000-3.000,1
 ot3 of the travelling jacket,1
 Ambiguous Relationships,1
 Force Choking,1
 tumblr trash,1
 Redheaded People,1
 Reader-chan makes poor decisions,1
 Past Sexual Assault,1
 general warnings for the First Order,1
 Slow AF Burn,1
 white people,1
 Ridiculous,1
 Sign Language,1
 Unhealthy Relationships,1
Stormtrooper Culture,1
 hux wants to be king,1
 Prophetic Visions,1
 Wasted Candy,1
 Coffee Shops,1
Poe's a dork,1
 Meet the Family,1
 Interrogation,1
 Languages and Linguistics,1
Caves,1
 Forced Orgasm,1
 shameless stormtrooper murdering,1
 Action/Adventure,1
 Fake Marriage,1
 Threesome,1
 basically just post-film finn waking up and poe being a flirt,1
 Femslash,1
 i swear this is a happy fic,1
post ep vii,1
 Omega Hux,1
 now with podfic,1
 Belonging,1
 this thing gets more tags,1
 Understanding,1
 Jedi Mind Trick,1
 Emotional/Psychological Abuse,1
 Happy Sex,1
 Force Sex,1
 Self-Hatred,1
 Ben Solo Pain Train,1
 Sass,1
 jessika pava is the best,1
 Same-Sex Marriage,1
 Flimsy Character Motivation,1
 Periodplay,1
 if that makes sense,1
 Poe is trying very hard not to objectify these two babes,1
 hux's pov,1
 not descriptive,1
 Consensual Sex,1
 Deepthroating,1
 kylo is a gentle beast,1
 To be fair it's really loud in an AT AT,1
 Cis!Hux,1
jedistormpilot,1
 Sexual excesses,1
 But that's just a dirty rumor,1
stories,1
 DP with Kylo and Lightsaber,1
 Depictions of warfare,1
 Dom!Kylo obviously,1
 Squirting,1
 Bottom Ben Solo,1
Dreams and Nightmares,1
 sort of crack,1
 Uniform Kink,1
 Face Slapping,1
 Stranded Together,1
 Eye Gouging,1
 Finn's first time,1
 Identity Issues,1
 Probably off-canon,1
 the bloodlust will be very real,1
 stupid dark space stalkers stranding you both in inhospitable places is always a chore,1
 Topping from the Bottom,1
 Erotic Fighting,1
 Forcegasm,1
 overworked hux,1
 kind of?,1
 Tongue-in-cheek,1
 Beard Burn,1
 NOT Bloodline compliant,1
 Slight Angst at times,1
 Play Fighting,1
 Injury Recovery,1
 Poe plays lacrosse,1
 Poe is a wreck,1
 Propaganda,1
 starts off light rey,1
 They Don't Actually Have this Holiday in Space But,1
 Oblivious Finn,1
 Gender-Neutral Character,1
 Funny,1
 Dean!Michael,1
 Group Sex,1
 discussion of abuse,1
 Keep the Mask On,1
 But He's Also A Dick,1
possible Rey/Finn/Poe Dameron hints,1
 post-trilogy,1
 Kissing Lessons,1
Action/Adventure,1
 We aren't crazy,1
 stormtroopers - Freeform,1
 Artoo is a dirty Reylo,1
 Comeplay,1
 I find him endearing,1
Sleeping Together,1
 Plot,1
 this is Star Wars someone had to lose a hand,1
 Just Regular Crying,1
 Blood and Injury,1
 they're both idiots is the point,1
 Doctor Hux,1
 Pre-TFA AU,1
 Webcam/Video Chat Sex,1
 Oblivious,1
 Ben Solo Is A Mama's Boy,1
Fluff with Angst,1
 there is actual mental health care in space,1
 Hux is Not Nice,1
 Alternate Universe - Canon Divergence,1
 welcome to hell - Freeform,1
 Planetary Destruction,1
 Ballet!Hux,1
 if you can think of it,1
 Cousins,1
 Vibrators,1
 Meet-Cute,1
 Memory Loss,1
 but here i am attempting to make you feel sorry for them,1
 No Aftercare,1
 Force Sensitivity,1
 Cannibalism,1
Crack,1
 Interpreting,1
 Inspiration from The Secret Garden,1
 I've decided to embrace this burgeoning fandom Thing,1
 Consensual,1
 that's it that's the fic,1
 She doesn't get a romance arc but she's very much there doing Phasma things,1
 The First Order,1
 more tags as they become relevant- nobody likes spoilers!,1
 past dub-con,1
 Total Trash,1
 Other Additional Tags to Be Added,1
 Ginger Babies,1
 Kylo that's not how you do that sweetie,1
 but there are hints of OT3,1
 Rey and Finn are wizards on Ordeal,1
 DFAB but gender neutral reader,1
Tickling,1
 Drunkenness,1
 Spoiler alert: he does poorly,1
 Loss,1
 finn is more than a little bit broken,1
 perhaps too much cheese?,1
 Codependency,1
Valentine's Day Fluff,1
 Doctor!Reader,1
 otp: it suits you,1
 Past Kylo Ren/ Poe Dameron,1
 JediPrompts,1
 Loki has lots of issues,1
 Alternate Universe - Fantasy,1
 rey is the adopted sister,1
 we all knew this was going to happen,1
 Objectification,1
 it's probably not reflective of canon,1
 Reunions,1
 Frenemies,1
Soulmate AU,1
 Mitaka Doesn't Deserve This,1
 No One Is In Character & Everything Hurts,1
 what the hell is this mess,1
 Finn doesn't mind so much,1
 these boys are gonna be insatiable,1
 Snoke Being a Dick,1
 Pining Poe,1
this is all about the stormtroopers,1
 just put hux down as scared and horny,1
 Mentions of choking,1
 implied future Poe Dameron/Finn/Rey,1
 Paranoia,1
 Crylo Ren,1
 i dunno man,1
 Rey has even more issues,1
 some violence,1
 JUST KISS ALREADY,1
 grey force,1
