 First Time,38
 Romance,36
 Angst,35
 Hurt/Comfort,24
 Humor,24
 Tarsus IV,22
,20
 Pon Farr,18
 Bonding,17
 Fluff,15
 Alternate Universe,15
 Emotional Hurt/Comfort,14
 T'hy'la,14
 Sexual Content,14
 Alternate Universe - Canon Divergence,13
 Slow Build,12
 Mind Meld,12
 Friends to Lovers,11
First Time,10
 First Kiss,10
 Starfleet Academy,10
 Academy Era,10
Alternate Universe,9
 Established Relationship,9
 Star Trek: Into Darkness Spoilers,9
 Gay Sex,9
Romance,8
 Telepathy,8
 Soul Bond,8
 Falling In Love,7
 Slash,7
 Possessive Behavior,7
 Kid Fic,7
 Drama,6
 Rough Sex,6
 Blow Jobs,6
 Fluff and Angst,6
Angst,6
 Rimming,6
 Protective Spock,6
 Jealousy,6
Alternate Universe - Canon Divergence,6
 Vulcan Kisses,6
 Pining,6
Kid Fic,6
Hurt/Comfort,6
 Anal Sex,6
 Angst and Humor,5
 Family,5
 Oral Sex,5
 Child Abuse,5
Starfleet Academy,5
 Angst with a Happy Ending,5
 Friendship,5
 Mpreg,5
 Explicit Sexual Content,5
 Vulcan,5
 Mutual Pining,5
Pon Farr,5
 Happy Ending,4
 Unrequited Love,4
 Matchmaking,4
 Aliens Make Them Do It,4
Minor Character Death,4
 Love,4
Academy Era,4
 Knotting,4
 Character Study,4
Telepathy,4
 Action/Adventure,4
 Alternate Universe - Movie Fusion,4
Alternate Universe - Canon,4
Tarsus IV,4
 Oblivious Jim,4
 Slow Burn,4
 Mating Cycles/In Heat,4
 Star Trek: Into Darkness,4
 Misunderstandings,4
Established Relationship,4
 Angry Sex,4
Fluff,3
 BAMF Spock,3
 All Roads Lead to Spirk,3
Action/Adventure,3
 Bondage,3
 Space Husbands,3
 POV Female Character,3
 Ensemble Cast,3
 Teenagers,3
Humor,3
 Mental Health Issues,3
 K/S Advent Calendar,3
 Post-Traumatic Stress Disorder - PTSD,3
 Character Death,3
 Orgasm Delay/Denial,3
 PTSD,3
 Past Child Abuse,3
 Accidental Bonding,3
 Biting,3
 Weddings,3
 PWP,3
 Alien Biology,3
 Bottom Kirk,3
 Love Confessions,3
 Sex Pollen,3
 Flashbacks,3
Alternate Universe - Movie Fusion,3
 Schmoop,3
 Grief/Mourning,3
 Flirting,3
 Blanket Permission,3
 Alternate Universe - Royalty,3
 Christmas,3
 Arranged Marriage,2
 Possessive Spock,2
 Survivor Guilt,2
Bodyswap,2
 Cute,2
 First Love,2
 Translation Available,2
 Pre-Slash,2
 Psychic Bond,2
 Smut,2
Crossover,2
 Bottom Spock,2
 Alternate Universe - Fairy Tale,2
 Cuddling & Snuggling,2
Marriage,2
 Marriage Proposal,2
 Unresolved Sexual Tension,2
 Missing Scene,2
 Dysfunctional Family,2
POV Outsider,2
 Unplanned Pregnancy,2
 Underage Sex,2
 Post-Star Trek: Into Darkness,2
 Survival,2
 Parallel Universes,2
 Violence,2
 Aftermath of Torture,2
 AU,2
 Past Sexual Abuse,2
 Wooing,2
 Mirror Universe,2
 perceived death,2
 UST,2
 Minor Violence,2
 Sexual Tension,2
 h/c,2
 Everyone Thinks They're Together,2
 Community: ksbigbang,2
Post Star Trek: Into Darkness,2
 Hurt Jim,2
 Spock POV,2
Alternate Universe - Modern Setting,2
 Teasing,2
 Aliens Made Them Do It,2
 Divorce,2
 Romantic Comedy,2
Alpha/Beta/Omega Dynamics,2
 Alternate Universe - Soulmates,2
 Friends With Benefits,2
 Alternate Universe - Teenagers,2
 Work In Progress,2
 Background Relationships,2
 Protectiveness,2
 Protective!Spock,2
 Female Protagonist,2
 Friendship/Love,2
 Canon Compliant,2
 Minor Character Death,2
Presumed Dead,2
 Public Sex,2
 Romulans,2
 Chair Sex,2
 Trauma,2
 Gorgeous fanart by cannedebonbon,2
 eventually,2
 Break Up,2
 Love denial,2
Friendship,2
 Interspecies,2
 Panic Attacks,2
 Gay,2
 spirk,2
 Holidays,2
 Hate Sex,2
T'hy'la,2
 Kissing,2
 Alternate Universe - Modern Setting,2
 a bit of angst,2
 BAMF Sulu,2
 Vulcans,2
 Aliens,2
 Star Trek Big Bang Challenge,2
 Sickfic,2
Mpreg,2
 Self-Harm,2
 Homophobia,2
 Mystery,2
 References to Child Abuse,2
 Pre-Relationship,2
 Dubious Science,2
 Allergies,2
 Post Star Trek: Into Darkness,2
 Emotional Baggage,2
 Chess,2
 Empathy,2
Star Trek: Into Darkness Spoilers,2
 Consent Issues,2
 One Shot,2
5+1 Things,2
 Implied/Referenced Child Abuse,2
AU,2
 Cooking,2
 Semi-Public Sex,2
 Dubcon Kissing,1
 The continuing adventures of Jim trying to solve things by sleeping with them,1
 so much sass,1
 Graphic Description,1
 D/s themes,1
 Stubborn Vulcans,1
 Kink Meme,1
 Getting hit on by your best friend because he thinks you're someone else,1
 Chekov: Wedding Planner Extraordinaire,1
 Paranoia,1
 Vulcan Bonds,1
 Jim and Spock are being ridiculous,1
 BAMFJIM,1
 Miscarriage,1
 Suicidal Thoughts,1
 Chekov is a troll,1
Spoilers,1
 Bondage lingerie,1
 culture clash,1
 Gratuitous Hand-Holding,1
 but Pike lives,1
 Off-Duty Shenanigans,1
 Forniphilia,1
 Episode Reboot,1
 Action,1
Exchange Student,1
Broken Hearts,1
 Public Nudity,1
 Blindfolds,1
 Golf,1
Post-Beyond,1
 can be TOS or AOS,1
 Explicit Language,1
 Nurses,1
 Guilt,1
 Woman on Top,1
 Kitchen Sex,1
 Time Travel,1
 Children,1
 Community: gulf_aid_now,1
 Families of Choice,1
 Poetry,1
 Homesickness,1
 Top McCoy,1
 Assassination,1
 Badass Vulcan is Badass,1
 d/s competition,1
 Dialogue Heavy,1
Sexting,1
 Jim POV chapter 1,1
 Crack,1
 dominant spock,1
Extremely Dubious Consent,1
 POV:Chekov,1
 Mildly Dubious Consent,1
 Semipublic Sex,1
 Pseudo-Incest,1
 Adorkable,1
 Academy,1
 Genetically Altered,1
 Stiles is a Gratuitously Underage Ensign,1
 Chocolate,1
 Rape/Non-con References,1
 mind-meld,1
 sick reader,1
 kirk forced to be a grownup,1
 Off-key Singing,1
 Blood and Torture,1
 Courtship,1
 Bruises,1
 Tarsus IV reference,1
 Accidental Marriage,1
 badassery,1
 Rescue Missions,1
 Marriage,1
 Lies by omission,1
 traumatized!Jim,1
Meeting the Parents,1
 Touch-Starved,1
 Stress Relief,1
 Body Worship,1
 Podfic Available,1
Post-Movie(s),1
 Sex,1
 Imprisonment,1
 Kitty - Freeform,1
 SO MUCH FLUFF,1
Genius!Kirk,1
 Famine - Freeform,1
 Suspense,1
 This is basically a K/S love story,1
 Movie Night,1
 affection-starved,1
Sexual Slavery,1
Fanart,1
 Alternate Reality,1
 old married spirk,1
Pre-Slash,1
 Domestic Fluff,1
 POV Bisexual Character,1
 Sass,1
 KSBB 2013,1
 Soulmate AU,1
 Wordcount: Over 10.000,1
 Epic,1
 Gratuitous Star Trek References,1
 protective crew,1
Alternate Universe - Always a Different Sex,1
 Begging,1
 Princes & Princesses,1
New Vulcan,1
 Arguing,1
 Playing chess via comm,1
 Character Analysis,1
 Band Fic,1
 Exhibitionism,1
 Orgasm Control,1
additional tags,1
 Drunken Confessions,1
" ""Kidnapping"" roleplay",1
 kiddie bondmates,1
 Star Trek Beyond,1
Age Difference,1
Implied Child Abuse,1
  | Russian,1
Mirror Universe,1
 Loneliness,1
 Massage,1
 Public Blow Jobs,1
 introspective,1
 Spreader Bars,1
 Fantasy,1
Accidental Engagement,1
 girl!Kirk,1
 Prince fic,1
 Known!Sentinels,1
 Awkwardness,1
 Abject Silliness,1
 past abusive relationship,1
 Mild D/s,1
deep friendship,1
 Insomnia,1
 Enemy Within reboot,1
 Klingons quoting Shakespere,1
 Electrosex,1
 Bottoming from the Top,1
 Alternate Universe - Arranged Marriage,1
 vulcan makeouts,1
 Professors,1
 submissive jim,1
 prompted fic,1
 there's no porn i'm so sorry,1
 Watching your parents flirt,1
 Sneaky Ensign is Sneaky,1
Alternate Universe - Royalty,1
 Sports,1
 Libraries,1
 Character of Color,1
 jim is a bibliophile,1
 Prince Spock,1
 Other Additional Tags to Be Added,1
Post Movie,1
 T for swearing,1
 Pike ex Machina,1
 gorgeous cover by usscamelot,1
 69 (Sex Position),1
Camping,1
 Star Trek VI Reboot,1
 Vulcan Sass,1
 Sensory Deprivation,1
 Porn with Feelings,1
 rape mention,1
 Getting Together,1
 K/S Advent Calendar 2014,1
major character deaths,1
 Bloodplay,1
Christmas,1
 Military Ranks,1
 adorableness,1
 First Meetings,1
 Anxiety,1
 References to Underage Rape/Non-con,1
 Drunken Shenanigans,1
 Spock sort of has a religious crisis,1
 Logic,1
Gore,1
 Age Difference,1
 So Married,1
 Sexting,1
Hurt!Jim,1
 Implied/Referenced Domestic Violence,1
Stranded,1
 Bukkake,1
 Crew as Family,1
 revival,1
 Evil Masterminds who are Evil,1
 Crossover,1
 Science Officer Kirk AU,1
 Verbal Foreplay,1
 Intercrural Sex,1
 Personal Favorite,1
 warning: the hobbit killed the dog,1
 Protective Bones,1
 Vulcans have Katras,1
De-Aged Spock,1
 abductions,1
 Tentacles,1
 Fuck Or Die,1
 Death Threats,1
 a lil bit of angst I think,1
 Accidental Voyeurism,1
 Christmas Parties,1
 Medical Kink (sort of),1
 Wedding Planning,1
 and bones patching jim up because he's an idiot sometimes,1
 Sexual Slavery,1
 knitting as therapy,1
 Implied/Referenced Dubious Consent,1
One Shot,1
 Klingons,1
 Pseudo Science,1
Alternate Universe - Fairy Tale,1
 Disassociation,1
 Betazoid,1
 Alpha!Bones,1
 Extreme Vulcan stoicism,1
 Cunnilingus,1
 I am not great at plot,1
 VirginKirk,1
 Implications,1
 Soulmates,1
 Big Bang,1
 Canon Retelling,1
 Season/Series 01,1
 Mission Fic,1
 non-con mind meld,1
 secret genius,1
 Telepathic Sex,1
 In-Laws,1
 Enemas,1
 POV Kirk,1
 dying,1
 Age Regression/De-Aging,1
 kirk and spock being adorable,1
 The Crew Doesn't Know What It Thinks It Knows,1
 Double Penetration,1
 Turbolift confessions,1
 my funny brain,1
 Uhura is not a bitch,1
 Omega!Jim,1
 The use of every Trek trope...ever,1
 Andorian Ale,1
Space Husbands,1
 Hero Jim,1
 Domestic Bliss,1
 Enhancements,1
Bisexual Character,1
 Past Abuse,1
 Trying to talk like a hobgoblin,1
 general geekery,1
 Darcy Lewis Fluff Week,1
 Strategy,1
 McCoy at least has the sense his mother gave him,1
 Derek is a Scowly Vulcan,1
 Homophobic Aliens,1
 Spock Prime needs his Kirk,1
 Attempted Rape/Non-Con,1
 Alternate Universe - Canon,1
 Alcohol Abuse/Alcoholism,1
Gay For You,1
 Physical Abuse,1
Anal Sex,1
 Post-Star Trek (2009),1
 Asexual Character,1
 bottom!Kirk,1
 Chastity Device,1
 Grief,1
 dark!Spock,1
 humans have daemons,1
 Love Triangles,1
 Tiny Spock,1
 star trek big bang,1
 brief disturbing imagery,1
 Sex in a Car,1
 Special Abilities,1
 academy au,1
 Big Bang Challenge,1
 Mental Coercion,1
 Women Being Awesome,1
 Implied/Referenced Underage Relationship(s),1
 We are not alone,1
 Shenanigans,1
Vulcan,1
 Starvation,1
 Growing Up Together,1
 Hurt!Jim,1
 Bones is so done with Jim's shit,1
 Alpha/Beta/Omega Dynamics,1
 Twee,1
 Fairytale of Sorts,1
 Slice of Life,1
 Domestic,1
 Nexus - Freeform,1
Prison Sex,1
 Female Friendship,1
 Tiny Kirk,1
 oblivious!Kirk,1
 Darcy Lewis Week,1
 Femdom,1
 Inheritance,1
 Warning: jerk!Kirk,1
Slash,1
 Plotty,1
 Adolescence is Both Awkward and Awful,1
 Genius!Kirk,1
 Epic Bromance,1
 there's just pining all around,1
 Brief Spock/OMC,1
 Shower Sex,1
 Werewolf Sex,1
 Vaginal Fingering,1
 Team as Family,1
 Kidnapping,1
 Christmas Party,1
 Car Sex,1
 much like their thirst for each other,1
 Ridiculous,1
 smart!Kirk,1
Royal Family-Vulcans,1
 Threesome - M/M/M,1
 Feminist Themes,1
Angst and Humor,1
Temporary Character Death,1
 Rebounding,1
 Washable Markers,1
 no one really gets together in this one,1
 Sulu is insane,1
 Hand porn,1
 Violent References,1
 Communication Failure,1
 Desk Sex,1
 Intellectuals,1
 Car Accidents,1
 Mental Breakdown,1
 Uhura is a BAMF,1
 The Bed,1
 mental illness recovery,1
Future Fic,1
 Facials,1
 This is essentially fluff,1
 Perhaps an overabundance of winking nods to TOS,1
 Developing Relationship,1
 Plot What Plot/Porn Without Plot,1
Major character death - Freeform,1
 Cock leash,1
 Marathon Sex,1
 Implied non-con (offscreen),1
 Infidelity,1
 Broken,1
Swearing,1
 Jim being a good husband and bringing Spock soup,1
 Inception - Freeform,1
 One Night Stands,1
 a lot of bar brawling,1
 storytelling out of order,1
 Sharing Body Heat,1
 Community: st_xi_kink_meme,1
 Christmas Sweaters,1
 Panties,1
Alternate Universe - Fusion,1
Kidfic,1
 references to past non/dubcon,1
 Hot Chocolate,1
 Rape Recovery,1
 Probably non-con,1
 Convenient regulations,1
 Light Angst,1
 ENT: Stigma,1
 Episode: s01e12 The Conscience of the King,1
 Rebound Sex,1
 fuck misogyny,1
 TOS References,1
 Languages and Linguistics,1
 Post-Break Up,1
 Alternate Universe - Children,1
Sickfic,1
 Themes of dubious consent,1
 Accidental Relationship,1
 I have too many tags lol,1
 Angst and Fluff and Smut,1
 BAMF Uhura,1
 Cadet Jim Kirk,1
 Genealogy,1
 Science,1
 Getting back together with your ex,1
 Alternate Canon,1
 Medical Procedures,1
 About to Die,1
 Their Love Is So,1
 Roommates,1
 Figging,1
 Mental Illness,1
 convenient bed sharing,1
 Mention of abuse,1
 Gaila plays matchmaker,1
 Past Underage Sex,1
 Vulcan Space Marriage,1
 Drug Use,1
meet as kids,1
 insecure spock,1
 Step-parents,1
Dubious Consent,1
 Kobayashi Maru,1
 slavery is legal,1
 Interspecies Sex,1
 Agoraphobia,1
 Casual Sex,1
 Rationalized Cuddling,1
 mostly angst,1
 Books,1
 Gratuitous Firefly References,1
 Fun Facts,1
 Stealth!Marriage,1
 Five Year Mission,1
 Vacation,1
 Realizing You Have Been An Idiot,1
 Comfort Sex,1
Star Trek: Into Darkness,1
 Knitting,1
 Kirkian Diplomacy,1
 Spoilers,1
 Relationship Manuals,1
 what makes Jim--Jim,1
 Dirty Talk,1
 Valentine's Day,1
Threesome - Slash,1
 Abuse,1
 BAMF Kirk,1
 Glasses are sexy,1
 Rivalry,1
 Dramedy,1
 Past Relationship(s),1
 Verbal Abuse,1
 so much UST,1
Character of Color,1
 Playing Doctor,1
 Epistolary,1
 and Cardassians oh my,1
 BottomKirk,1
 Original Character(s),1
 Auction,1
 Dominance/submission,1
 First Date,1
 Wordcount: 5.000-10.000,1
 and this is a warning,1
 purple vegetarian meatloaf,1
 Childhood,1
 Gratuitous rip of a line from Clueless,1
 Podfic Welcome,1
 jim is fucked-up,1
 Knifeplay,1
 Board Games,1
 Wordcount: 5.000-15.000,1
 pleasure slave,1
 Mind Meld Sex,1
 a little plot,1
 Recovery,1
 Extinction,1
 POV: reboot!Kirk,1
 Jane the Virgin au,1
 aliens are to blame,1
 Mild Language,1
 McCoy torture (comical),1
 Love recognition,1
 Epic Romance Through the Universe,1
 Cadets,1
 how long can we go without telling Spock hmm,1
 No Starfleet,1
 attempted genocide,1
 Seduction,1
 pining!Spock,1
 Siblings,1
 lil bit of angst,1
 Coming Out,1
 Alternate Universe - Coffee Shops & Cafs,1
 Self-Destructive Behavior,1
 Office Sex,1
 Popping the Question (Because It's Too Late for Jim's Cherry),1
 References to Past Child Abuse,1
Plotty,1
 Shore Leave,1
 Kodos - Freeform,1
 Running away is the better part of valor,1
 Snark,1
 Steamrolled,1
 Burns,1
 Cutting,1
 Hospitalization,1
 Pre-Reform,1
 Somnophilia,1
 Interrogation play,1
 slightly AU,1
 Amputation,1
Plot What Plot,1
 Chatting & Messaging,1
 Fighting,1
 Awesome!Crew,1
 Royal Wedding,1
 angsty fluff,1
 Difficult Pregnancy,1
 Self-Lubrication,1
brief mention of torture,1
 Alternate Ending,1
 The Bridge Is Dangerous,1
 Freckles,1
 jealous!Spock,1
 BAMF McCoy,1
 Love at First Sight,1
 Unadulterated silliness,1
Morning Sex,1
 Shame,1
 Alternate Universe - Role Reversal,1
 Hey Sweetheart Challenge,1
 Cultural Misunderstandings,1
 vulcan rituals,1
 Boys In Love,1
 Brief Spock/T'Pring,1
Mind Meld,1
 Tropes,1
 Soulmate-Identifying Timers,1
 Major Character Injury,1
 Brotherhood,1
 movie compliant,1
 Public Claiming,1
 Vulcan Biology,1
 Sick Spock,1
 A different kind of Doom crossover,1
 Prince Jim,1
Bottom!Khan,1
Aging,1
 Teen Pregnancy,1
 Gay Romance,1
 Attempted Murder,1
 POV Outsider,1
 Touching,1
 Slave to Prince,1
 5+1 Things,1
 Formal Bonding Ceremony,1
Love,1
" Though Spock Calls it ""Analingus"" lol",1
 Drinking,1
 One Shot Collection,1
 Feral Spock,1
 Queening Stool,1
 BAMF Bones,1
 Pregnancy,1
Missing Scene,1
 Fandom fic,1
 no sexual abuse,1
 Sort of Savage Vulcans,1
 Professor Spock,1
 Virgin Castiel,1
 Alternate Universe - Dystopia,1
 Anchors,1
 Tentacle Sex,1
 Zero-gravity sex,1
 Bullying,1
Rough Sex,1
 Biology what Biology,1
 straight Jim,1
Alternate Universe - Soulmates,1
 mostly dialogue oops sorry,1
 Gossip,1
 Venn diagrams,1
 lets just say this spun wildly out of control,1
 Domestic Violence,1
 Blackmail,1
 Boners,1
 Phone Sex,1
 Heartache,1
 Tickling fetish,1
 gary mitchell is an asshole,1
 Making Admirals Cry,1
 McCoy/Kirk Platonic Soulmate-ship,1
 spones - Freeform,1
 Stilted Emotions,1
 Top Spock,1
 I'm making this up as I go,1
 Smart Kirk,1
 aliens made them (not) do it,1
 Alcohol,1
 surprise pon farr,1
 Spock has issues,1
 past meeting future,1
 Family Issues,1
 Uncomfortable air mattresses,1
 Star-Crossed (Quite Literally),1
 Paris (City),1
 Getting tipsy on chocolate,1
 Jim has issues too,1
 Nightmares,1
Community: startrekbigbang,1
Chess,1
 Silver Fox Lestrade,1
 tarsus,1
Marriage of Convenience,1
 Temperature Play,1
 Kid Jim,1
 Past Spock/Nyota Uhura,1
 Xenophobia,1
 The Crew Knows,1
Bread and Circuses,1
Slow Build,1
Innocent Jim,1
 Spock with long curly hippie hair,1
 Mild Hurt/Comfort,1
 and an attempt at humor,1
 Also Bones is telepathic,1
 mild dubcon,1
 Didn't you know that Jim Kirk can cook?,1
 Eating Disorder,1
 sap,1
 Post Into Darkness,1
 rawr,1
 Diplomacy,1
 Sexual Experimentation,1
Genderswap,1
 Movie Spoilers,1
Chekov playing matchmaker,1
 Science Fiction,1
Fingerfucking,1
 Possessive Vulcan,1
 they meet as kids and then grow up and stuff happens and it's cute,1
 buying the space farm (again),1
 Implied/Referenced Underage Prostitution,1
 Gags,1
 Teenage Hormones,1
Alternate Universe - College/University,1
 Blood,1
 Almost Public Sex,1
 Fighting for Dominance,1
 Genius!Spock,1
 But That's Not the Point,1
 Obliviousness and Paranoia,1
 Reaper!Bones,1
 Hunters & Hunting,1
 Werewolf Symbolism (But Without the Werewolves),1
 Shore Leave Planet,1
 Frottage,1
 References to Sexual Harassment,1
Fake Marriage,1
Misunderstandings,1
 I know nothing about Klingons,1
 Novel,1
 TopSpock,1
Teen Angst,1
 Slave to Lover,1
 Accidental Pregnancy,1
 gratuitous Tumblr post reference,1
 drunk!Spock,1
Sharing Clothes,1
 Chess Metaphors,1
 Prompt Fill,1
Alternate Universe - Children,1
 Lots of Sex,1
 Hurt Kirk,1
Eventual Kirk/Spock,1
 Oneshot,1
 Bones is a hypo-ninja,1
Big Bang Challenge,1
 Fake Marriage,1
 Spanking,1
 Internalized Homophobia,1
 The Mysterious Absence of Winona Kirk,1
 Opposites Attract,1
 Wordcount: 10.000-30.000,1
 can be read as a oneshot,1
 chess then sex,1
 Bigotry & Prejudice,1
 No infidelity I promise,1
 Post-Mission,1
 domestic fic,1
 Vibrators,1
 Threesome - F/M/M,1
 feelings of love and acceptance,1
 Royal Weddings,1
    | Russian Translation Available,1
 Amanda lives,1
 Dubious Consent,1
 Some Fluff,1
 Adoption,1
Love Triangles,1
 Fluff without Plot,1
 Self-Pity,1
 jim's childhood,1
 but jim and bones go ice skating and it's super cute!,1
 Smuggling,1
Accidental Marriage,1
 Telepathic Bond,1
 trigger warning,1
 Oblivious Spock,1
 Wall Sex,1
 Romantic Friendship,1
 Drinking bourbon (and lots of it),1
 Motorcycles,1
 Teacher-Student Relationship,1
 New Vulcan,1
 one day i'm going to write a fic about a sentient bed,1
Kink,1
 Sam Kirk - Freeform,1
 Soulmate-Identifying Marks,1
 Human kisses,1
 Popcorn,1
 Fingerfucking,1
Star Trek Beyond,1
 Forced co-habitation,1
 bdsm club,1
 bamf!kirk,1
alien cocks,1
 Future Fic,1
Alternate Reality,1
 bad language,1
 Alternate Universe - Slavery,1
 Episode Tag,1
 Resolved Sexual Tension,1
 Bones rolls his eyes too many times to count,1
 Teenaged Jim,1
 Tooth-Rotting Fluff,1
Dom/sub Undertones,1
 Pike is Amused,1
 Implied/Referenced Cheating,1
 unexpected plot,1
 The Crew Thinks It Knows,1
Kirk/Uhura Friendship,1
 POV Multiple,1
 Dry Humping,1
 Masturbation,1
Prostitution,1
 Cock Worship,1
 BAMF!Kirks,1
Hand porn,1
Sex Pollen,1
 Riverside,1
 Vulcan Science Academy,1
 Roleplay,1
 Hero Spock,1
 Hope,1
 George Kirk Never Died,1
 Fanfiction of Fanfiction,1
 Tarsus IV aftermath,1
 underage sex(18/17),1
 rocks,1
 Feels,1
 Picnics,1
 Sex Toys,1
 Vulcan-centric,1
 Eventual Spirk,1
 Separations,1
 Feral!Spock,1
 Post-Star Trek Beyond,1
 Emotional Trauma,1
 Codependency,1
Crash Landing,1
 Erotic Hide and Seek,1
 Boys Kissing,1
 Color-coordinated tablecloths,1
 Childhood Sweethearts,1
 Gladiators,1
 Canonical Character Death,1
 Original Character Death(s),1
 Spock in glasses,1
 Spock playing matchmaker,1
 First Dates,1
 Vulcan Raised Jim,1
Friends With Benefits,1
 Crossovers & Fandom Fusions,1
 Canon-Typical Violence,1
 Hot Tub,1
 Magical Artifacts,1
 slightly cracky,1
 Dominance/submission contract,1
 Lust Potion/Spell,1
Romantic Comedy,1
 Destiny,1
 References to Suicide,1
 Attention Deficit Hyperactivity Disorder,1
 Post-Traumatic Stress Disorder,1
 Sylar! Spock,1
 Dating,1
 Spock POV chapter 2,1
 Dominance,1
 Jim thinks Spock is weird but Spock is just trying to fit in and not be discovered as Vulcan,1
 Shibari,1
 Dimension Travel,1
 New York City,1
Jealousy,1
 Marking,1
First Date,1
 sunset,1
 Makeup Sex,1
Mildly Dubious Consent,1
 non-consensual kink (there's NO non-con; just a kink),1
 Thinking your only friend in the world is dead,1
 Bottom Jim,1
 Sewunteen,1
Post-Star Trek: Into Darkness,1
 Porn with some plot,1
non-con NOT between main pairing,1
Character Study,1
Dark,1
 Branding,1
 Some Bottom Spock too,1
 star-crossed lovers,1
 Scarlettmoon7's Erotic Suit,1
 Drunken Accidental Telepathy,1
 Minor Original Character(s),1
 Teenaged Spock,1
Time Travel,1
 there will be more tags later,1
 They fall in love of course,1
 Bond hide and seek,1
 So I fix that shit,1
 brief mention of non-con,1
 'Til Death Do Us Part,1
 Implied Sexual Content,1
 Omega John,1
 Vain Jim,1
 Triggery chapters will be warned,1
 Drunk Sex,1
 (you'll know it when you see it),1
 Sneaky Vulcan is Sneaky,1
 top!spock,1
 Pop Culture,1
 1920s,1
 Near-Death Experience,1
 Destiny Conspires to Bring Us Together,1
 Pike Lives,1
 Moral Ambiguity,1
 Young Love,1
 bones has a magical healing cock,1
 Petulant Spock,1
 Dom/sub,1
sexwiki,1
