 Fluff,25
 Angst,21
,19
 Friendship,16
Alternate Universe - Human,13
 Alternate Universe - Canon Divergence,12
 Alternate Universe - Human,11
 Smut,9
 Gem Egg Hell,9
Fluff,8
 Oral Sex,8
 Hurt/Comfort,8
 Sexual Content,8
 POV Second Person,7
 human AU,7
 Slow Burn,7
 Humor,7
 Other Additional Tags to Be Added,7
 Canon-Typical Violence,7
 Alcohol,6
 Slice of Life,6
 Vaginal Fingering,6
 Romance,6
 Kissing,6
Friendship,6
 Gem Fusion,5
 Violence,5
 Mental Health Issues,5
 Fluff and Angst,5
 Friendship/Love,5
 Suicide Attempt,5
 Alternate Universe - College/University,5
 Explicit Sexual Content,5
 Alternate Universe,5
 Oviposition,5
 Sex Toys,5
 Future Vision,4
 Crystal Gems,4
 Pre-Series,4
 Polyamory,4
 Implied/Referenced Suicide,4
 Character Study,4
 Past Abuse,4
 Family,4
 Porn With Plot,4
 homeworld remains the worst,4
 Gemlings,4
Alternate Universe - High School,4
 Homeworld Hierarchy,4
 Alternate Universe - High School,4
 Redemption,4
 Vibrators,4
Crossover,4
 Episode Tag,4
 Homophobia,4
 Recreational Drug Use,4
 Pearl Solidarity,4
 Happy Ending,3
 Drama,3
 Slow Build,3
pearlmethyst - Freeform,3
Pre-Canon,3
 Awkward Flirting,3
 Rebellion,3
 Anxiety,3
 rupphire,3
 Male-Female Friendship,3
 Implied Sexual Content,3
 Sexual Tension,3
 Post-Traumatic Stress Disorder - PTSD,3
 Soulmates,3
 First Time,3
 Minor Original Character(s),3
 Teasing,3
 Female Friendship,3
 Cunnilingus,3
 Non-binary Ruby,3
Episode Related,3
 Swearing,3
 Depression,3
 Light Angst,3
poly cool kids,3
 Light Bondage,3
lapidot - Freeform,3
Pre-Series,3
 Masturbation,3
 Past Pearl/Rose Quartz (Steven Universe),3
 Sharing a Bed,3
 Comedy,3
 Fusion,3
Baby Steven,3
Family,3
 Friends to Lovers,3
 Pre-Canon,3
Alternate Universe - College/University,3
 Origin Story,3
Drabble Collection,3
 Team Dynamics,3
 Flirting,3
 Eating Disorders,3
 Redemption AU,2
 Eventual Romance,2
 NSFW,2
 Action,2
 Vomiting,2
 Pearl/Space,2
 Bullying,2
 Crushes,2
 Slavery,2
 Egg Laying,2
 Sex,2
 Cuddling & Snuggling,2
Character Study,2
 Internalized Homophobia,2
 Master/Pet,2
 Safe Sane and Consensual,2
 High School AU,2
 Crying,2
 Age Difference,2
 Highschool AU,2
 Strap-Ons,2
 Ambiguous Relationships,2
 Restraints,2
 Comfort,2
 Rough Sex,2
 Minor Violence,2
 Enemies to Friends to Lovers,2
 Implied/Referenced Torture,2
human AU,2
 Nonbinary Character,2
 Fan Offspring,2
 First Kiss,2
 Garnet's the boss,2
 Shibari,2
 Anxiety Disorder,2
 Awkwardness,2
 Loss of Virginity,2
 Kidnapping,2
 Pink Diamond Theory,2
 Unhealthy Relationships,2
 Non-Linear Narrative,2
 Knotting,2
Gem Egg Hell,2
 Illustrated,2
 Barn Arc,2
 Family Fluff,2
Alcohol,2
 Leadership,2
 Emotional Manipulation,2
 Drabble Collection,2
 Emotional Hurt/Comfort,2
 Action/Adventure,2
 Death,2
 cool kids,2
 Implied/Referenced Abuse,2
Self-Harm,2
Gemitals,2
 Canon Compliant,2
 Abuse,2
 Royalty,2
 Episode Related,2
 poly cool kids,2
 Consensual Sex,2
 Complete,2
 Angst with a Happy Ending,2
 Tropes,2
Alternate Universe - Canon Divergence,2
 terrifying renegade pearl,2
 Drinking,2
 One Shot Collection,2
 Implied Past Abuse,2
 Sweet,2
Eggpreg,2
 The Answer,2
 PearlRose Bomb 2015,2
 Panic Attacks,2
 Healing,2
 Love Confessions,2
 Trans Character,2
 Eggpreg,2
 Adorable,2
 Alternate Universe - Modern Setting,2
 One Shot,2
 Size Difference,2
Hurt/Comfort,2
 Worldbuilding,2
 Spaceships,2
 lapidot - Freeform,2
 Mother-Son Relationship,2
 Self-Harm,2
 Romantic Friendship,2
 Soulmate-Identifying Marks,2
 Fingerfucking,2
 Lesbian Sex,2
 Threesome - F/F/F,2
 First Meetings,2
 Falling In Love,2
 Feels,2
 Corrupted Gems,2
POV Second Person,2
 Awkward Crush,2
 Fluff and Humor,2
 Master/Slave,2
 Manipulation,2
Homeworld au,2
 Steven Universe - Freeform,2
 Meta,2
 Body Horror,2
 Transphobia,2
 Implied Relationships,2
 Moving On,1
 Light Swearing,1
 but there were no fics about LAYING the eggs IN someone,1
 haha idk how to tag things,1
 background jaspidot,1
 Secret Relationship,1
 Steven is the secondary Wingman,1
Gem Kindergarten,1
 Jasper adjusts to earth life after whatever's about to happen,1
 Gyms,1
 Roaring 20s,1
 Gay Male Character,1
 Revelations,1
 Underage Drug Use,1
 Too Far,1
 however the hell you wanna interpret their relationship,1
 Baby Dragon,1
 Implied Past Relationship(s),1
 Dirty Talk,1
 it's not super angsty but it still is a bit,1
 that's pretty much it,1
 there's some background alphyne in there too,1
platonic pearl/rose,1
 kisses,1
 Domestic Violence,1
 multiple personalities disorder,1
 Platonic Romance,1
 save for canon ships,1
 this story has no plot its just fluff smothered in honey sugar,1
 Fire,1
 Aftercare,1
 Arranged Marriage,1
 Lesbians in Space,1
background rose/greg,1
 Cute,1
 jaspis - Freeform,1
 Drug Addiction,1
 Porn,1
 Canon Typical Violence,1
 Explicit Language,1
 Fluff and Crack,1
 Phone Sex,1
 Spoilers for Too Far,1
 Aki is an Addams,1
 Renegade Pearl,1
 or so you think,1
 Quadrant Vacillation,1
 POV Female Character,1
 Peridot is so cute when she's flustered,1
 Children,1
 Canon Nonbinary Character,1
 I Will Force All of My Headcanons Upon the World,1
Character Development,1
 Homeworld is terrible,1
 Lots of arguments,1
 but hey,1
Size Difference,1
 Dialogue Heavy,1
 Mostly Peridot though,1
 Pearl adopts a bunch of children spur-of-the-moment,1
 Gemslash,1
Talking,1
 Implied/Referenced Homophobia,1
 agender!Sapphire,1
 and ultimate wingman,1
 They respect eachother,1
 Peridot Does Not Want Your Human Friendship Disease,1
 Growing Up,1
 Plus some non canon fusions,1
 Speakeasies,1
 very little shipping,1
 Eye Trauma,1
 Adorkable,1
 sardonyx has occasionally been known to smash,1
 M for mild sex later,1
 Sunsets,1
Romance,1
 Forbidden Love,1
 Drug Abuse,1
 it some how got a bit painful in parts,1
 Courtship,1
 DO NOT TAG POSTS ABOUT THIS FIC AS LAPIDOT,1
 Steven Takes the Place of Frisk,1
 Lots of Fusion Talk,1
 Angst and Humor,1
 Orphans,1
 you know its good because two people have ripped off some of these,1
lots of gay,1
Alternate Universe - Student/Teacher,1
Oral Sex,1
 Alpha/Beta/Omega Dynamics,1
 M for smut in later chapters,1
Depowered,1
 Jaspidot - Freeform,1
 Heteronormativity,1
 Indie Film AU,1
ovipos,1
Scars,1
 Alternate Universe - Supernatural Hunters,1
 Praise Kink,1
Gender-Neutral Frisk,1
 Steven is a 14 year old boy and he's gone through a lot and he needs hugs,1
Garnet is awkward,1
Documentation,1
 Also Connie will forever be taller than Steven and you can fight me if you disagree,1
 or technician pearl both work,1
 Lies,1
 Platonic Female/Male Relationships,1
 Pearl is overprotective,1
Marriage,1
Fusion Dance,1
 Homeworld is Horrible,1
 but she tries and thats important,1
 probably,1
 true rolemodels,1
 there's some really background Rupphire and Rose/Pearl but not worth tagging,1
 Lapis is a shitty life coach,1
 kinda?? maybe idk,1
Drama,1
 Basketball,1
 will have a good ending I promise,1
 Popular!Lapis,1
 all hail the lesbian space rocks,1
 Original Fusions,1
 Long,1
 SO MUCH SHIT GOES DOWN,1
 amethyst likes pearl's pies almost as much as she likes pearl's face,1
 the Gems freak out,1
Scratching,1
 Week of Sardonyx,1
 nerd peridot,1
 possibly a bit of smut later,1
 Princes & Princesses,1
 Mating Cycles/In Heat,1
 Pre-Poly,1
 Alternate Universe - Ballet,1
Body Image,1
 Toddlers,1
 Costume Parties & Masquerades,1
additional tags,1
 Log Date 7 15 2: The Series,1
 many fluffs later on,1
 dumb fluff,1
 ace!amethyst,1
 Sexual Roleplay,1
 Lapis has a crush,1
 Forced Fusion,1
 Cigarettes,1
 servant pearl,1
 falling in love slowly,1
 Wet Clothing Kink,1
Relationship(s),1
 aka children,1
 Attempted Mind Control,1
Chaptered,1
 Peridot Redemption,1
 Single Parents,1
 pearl's thirst knows no limits,1
 Missing Scene,1
 Suicidal Thoughts,1
 Fish out of water Pearl,1
 lapidot is actually my life,1
 Past Drug Use,1
 Ballet,1
 Alternate Universe - Dance,1
 complete with a playlist,1
 gayyyy,1
 Premature Birth,1
 Sleeping Together,1
 IF YOU POST ANYTHING ABOUT THIS FIC ON TUMBLR TAG IT AS SHATTERED REFLECTIONS,1
 Implied abuse,1
 Monster Hunters,1
AUs a plenty,1
 pearl is being rebellious,1
Alternate Universe - Pirate,1
 Nightmares,1
 Dancing,1
 Canon Dialogue,1
 the homophobia is only in chapter 9,1
 Juno - Freeform,1
 Short-Term Memory Loss,1
 Hilarious,1
 Hugs,1
 but no OCs,1
Will add tags as fic updates,1
Set in the sixties,1
 little bit of teenage angst,1
 Breasts,1
 Drunken Confessions,1
 Amethyst is jealous,1
 Bulimia,1
 please,1
 Outcast!Peridot,1
 wow this is going to be one of those cheesy fanfics where lapis and peri fall in love wow,1
 Conversations,1
 Porn with Feelings,1
 Very similar to the premise of Log Date 7 15 2,1
 polymorphic sentient space rocks,1
 awkward crushes,1
 Clones,1
Alternate Universe - Fantasy,1
 flappers and gangsters,1
Homeworld caste system,1
 can you resist adorable garnet taking care of adorable steven,1
 stranded on earth,1
Past Abuse,1
 amethyst uses a lot of innuendos,1
 Also Steven's old,1
Arguing,1
 Blushing,1
 Ask Blog Fic,1
Not Suitable/Safe For Work,1
 smut will involve female parts,1
 Cookies,1
 Pearl-centric (Steven Universe),1
 Corpses,1
lots of pearls,1
 Past Sexual Abuse,1
 Space Flight,1
 Hair-pulling,1
 but are still enemies,1
 Citchen Calamity,1
 We Kept Amethyst,1
 no more so than Ruby and Sapphire,1
 Empire City,1
 Parenthood,1
 Autism Spectrum,1
 sfw,1
Dr. Maheswaran has a lot to learn,1
Post-Canon,1
 Pre-poly cool kids,1
 Sleep Over Fun,1
 I Ship It,1
 im not sorry,1
 Peridot being a cheeky bastard,1
 Aromantic Character,1
 no actual oviposition/eggpreg though,1
 Psychic Abilities,1
 Affairs,1
 Wall Kink,1
 post-redemption arc Jasper,1
 many years later,1
 scream away,1
 Gambling,1
 Misgendering,1
 Temporary Character Death,1
 Stevonnie only barely remembers they're a fusion,1
 Sexual Slavery,1
 Jasperdemption,1
 science AU,1
 Johnlock - Freeform,1
 cliche high school fanfic,1
 early awkward cotton candy Garnet,1
 Teacher/Student Roleplay,1
One Shot,1
 it's all really gay,1
 Runaways AU,1
Amnesia,1
 Time Travel,1
 Rape Recovery,1
 Aftermath,1
Lapidot Bomb,1
Back to the Barn,1
 rose is best mom,1
 Baby Fusions,1
 Rope Bondage,1
 Sleepy Cuddles,1
 strict homeworld hierarchy,1
 commissions,1
 cracked gem,1
Body Horror,1
Kissing,1
 Lapidot Bomb,1
 grim,1
 Sexual Identity,1
 Light-Hearted,1
Awkward Romance,1
 Jasper doesn't know how to deal with tiny humans,1
 Reconciliation,1
 Office,1
 Female Relationships,1
 Protective Bill Cipher,1
Post-Full Disclosure,1
 Secret Crush,1
polygems - Freeform,1
 Science Fiction,1
Peridot's fanfiction,1
 Character Death,1
At least mentioned,1
 pearl doesnt get human emotions sometimes,1
 Comic,1
 Steven Universe Adopts Everyone,1
 Cheesy,1
 Historical Jasper,1
 Rumors,1
 Everyone Has Issues,1
Mother-Daughter Relationship,1
 tonsil hockey,1
 aftermath of Rose's death,1
 an-actual-demon-Asami,1
 Established Relationship,1
 Alternate Universe - Vampire,1
 Just gals being pals,1
 bill is low-key a good dad i will fight you,1
 Fish out of Water,1
 Alien Cultural Differences,1
corrupt au,1
 no dangly bits,1
 Jasper's hatred for weakness is actually just her inherent fear of breaking things,1
Alternate Universe - Grocery Store,1
Series Spoilers,1
 Grief/Mourning,1
 Pearl Rebellion,1
 Redemption Arcs For Everyone,1
 ??:/,1
 drug mention,1
Humor,1
 Loose Plot Structure,1
i'll update the characters as they come,1
 Asexual Character,1
 Were-Creatures,1
 (heavily implied and mentioned),1
 Adult Themes,1
 Robots,1
 canon until friendship,1
 Not Canon Compliant,1
Human Garnet,1
 Accidental Self-Harm,1
 Awkward Conversations,1
 Marijuana usage,1
 lapidot is background,1
 aro!peridot,1
 Awkward Romance,1
 Body Image,1
 G!P,1
 Large Breasts,1
Alternate Universe - Modern Setting,1
 Psychological Trauma,1
 Mental Coercion,1
 Original Character(s),1
 Bartender!Aki,1
 Asexual Lapis Lazuli,1
 Past Relationship(s),1
 may be triggering,1
 Jail,1
 Platonic Relationships,1
 And it turns out to be really weird for everyone,1
Baby,1
 Gratuitous Uses of 'Fuck',1
 Asexuality,1
 All of the Fusions - All of Them,1
 Garnet panicked,1
 i repeat: poly cool kids,1
 roadtrip au,1
 Underage Smoking,1
 Steven Universe AU,1
writing this kind of killed me inside,1
 Love/Hate,1
 dragon!akihito,1
Threesome,1
Fluff and Angst,1
 Tentacle Dick,1
 Peridot makes poor life choices,1
 Coming Out,1
 end of the world AU,1
 Child Abuse,1
 kinda Adult Dipper Pines,1
 Alternate Universe - Mythology,1
5 Times,1
 Pearl's POV,1
Alternate Universe,1
 Alternate Universe - Hospital,1
 Homeworld Pearls - Freeform,1
Pearl/Space,1
 Bickering,1
 pearlmethyst is implied lmao,1
 some of these are gonna be poly,1
Comic,1
 she's actually pretty smitten herself,1
 Shower Sex,1
 gem dramabomb,1
 you go repressed nerd,1
 and that is MY SHIT,1
Canon-Compliant (as of time of writing),1
Amethyst has issues,1
not kinky so don't get your hopes up,1
 corrupt peridot,1
 blood tw,1
 puns,1
 amedot - Freeform,1
 You don't have to read past the first chapter not really,1
 Dreams,1
College AU,1
 probably the most ooc is Jasper,1
 Garnet ships Pearl and Amethyst,1
 water tw,1
 Mentions of Suicidal Thoughts,1
 please dont read this,1
 THIS STORY DOES NOT REALLY HAVE AN END BUT THE HIATUS ENDED,1
Implied/Referenced Underage Sex,1
 Blues Life Goals Or Wife Goals Crisis,1
Bullying,1
 multi-chapter,1
 Gem War,1
 Alternate Universe - Soulmates,1
 Family Fun Time,1
Beach Summer Fun Buddies,1
Mutual Pining,1
 Friends With Benefits,1
 Tenuous Gem MagiScience,1
 Last One Out Of Beach City,1
 I intended it to be more pearlnet,1
Multiplicity/Plurality,1
 Pearlapis,1
 Period-Typical Homophobia,1
 Orgasm Delay/Denial,1
 so many puns,1
 Plot What Plot/Porn Without Plot,1
 illegal levels of cute,1
 Genderfluid,1
 Canon verse,1
 everyone gets a chance at a normal life,1
 Pearlnet,1
 bisexuals,1
terrifying renegade pearl,1
Everyone's gonna show up eventually,1
 Cuckolding,1
 trans!Pearl,1
 Co-Written,1
 Recovery,1
 relationship,1
 it's triggering,1
 Jasper is Neglected by Her Parents,1
Sexual Content,1
 conflict of interest,1
 Shipping,1
 Anxiety Attacks,1
 tw: anxiety,1
 But Pearl has a lot of supportive roommates who end up helping her raise her kids,1
 Scopophobia,1
 this tag is real its reAL,1
 peridot ponders what she's learned,1
 there are a lot more fantasy elements than i had first planned,1
 Summer,1
 Murder,1
 So Does Pearl,1
 mild swearing,1
 Background Relationships,1
 gratuitous Paulette Bashing,1
 Memory Alteration,1
 So not canon,1
 Interrogation,1
 Space Marines,1
 Self Harm,1
 Trigger warning mentions of past abuse in some chapters,1
Transgender,1
 Out of Character,1
 Pearl has to learn the language,1
 Family Dinners,1
 Garnet loves the baby,1
 now with 70 percent more smut,1
 sincere talks in the car,1
 Alcohol Usage,1
Episode Tag,1
 Joy Ride,1
 Mentions of miscarriage,1
 Attempted Rape/Non-Con,1
 Electrocution,1
 Roommates,1
 Jasper develops protective instincts and doesn't know how to deal,1
 injuries,1
 Sorceresses,1
 Garnet is Pearlmethyst trash,1
 Poly if you squint,1
 Technically Single Mom Pearl,1
 Reader is an engineer,1
 Steven Has The Best Alien Warrior Moms,1
Amethyst is the Ultimate Wingman,1
 Peridot is Almost Nice,1
 Hot Pursuit AU,1
 Holding Hands,1
 First Crush,1
 Single Mom Lapis,1
 Forced coming out,1
Steven and Connie's relationship can be seen as either romantic or platonic however you're inclined,1
Roommates,1
 super duper sappy,1
 fluffy fusion,1
 Alternate Universe - Grocery Store,1
 I'm Sorry,1
 Casual Sex,1
 Hijinks & Shenanigans,1
 Slurs,1
 self harm warning,1
 Gets darker later on,1
 Greg Universe Best Dad,1
 Implied/Referenced Alcohol Abuse/Alcoholism,1
 No really Jasper becomes the ultimate mom just watch,1
 Isn't This Fun?,1
 Alcohol Abuse,1
 this was supposed to be funny,1
 Spoilers for Back to the Barn,1
 Illustrations,1
 holy shit MORE eggfic someone stop me,1
 Taken For Your Word,1
 Power Play,1
Explicit Language,1
 Cutesy,1
 bless my filthy heart,1
 Fluff and Smut,1
 Temperature Play,1
 Rivalry,1
 Dramedy,1
 Ownership,1
 Canon Nonbinary Characters,1
 Childbirth,1
 But baby fusions are cute okay,1
Disabled Character,1
 it'll all make sense,1
 Gender Identity,1
 Cuddles,1
 Ableism,1
 Secrets,1
gemlock,1
 Protectiveness,1
 legend of korra - Freeform,1
 i'm not really sure where some of these are going,1
 but also a lot of rich snooty people,1
 onesided lapidot on peridot's side,1
 Workplace,1
 Earth Pearl AU,1
 Gems In Heat,1
 Public Sex,1
 Heel Face Turn,1
 Scissoring,1
 takes inspiration from Welcome to Hell,1
Alternate Universe - Monster Hunters,1
Alternate Universe - Angels & Demons,1
 Sardonyx aftermath,1
 Nudity,1
 Idk it's probs just gonna be hella gay,1
 Psychological Warfare,1
 long story,1
 Angel/Demon Relationship,1
 Beach Day,1
 nonbinary!Ruby,1
 Human Fusions,1
 Self-Esteem Issues,1
 President of the United States,1
 Homeworld - Freeform,1
 Underwater,1
 Cheating,1
 Tip-toe Kisses,1
Fanfiction of Fanfiction,1
 Canon Universe,1
 jasper is amethyst's big sis,1
 poly!Rose Quartz,1
 the fluff will balance out the angst i promise,1
 Suicide,1
 slowly and awkwardly patching things back up,1
 Self-Insert,1
 Trauma,1
 Stabbing,1
 kinda Human Bill Cipher,1
Underage Drinking,1
 Homeworld caste system,1
 Alternate Universe - Coffee Shops & Cafs,1
 Implied/Referenced Self-Harm,1
Baby!Steven,1
 Implied/Referenced Underage Drinking,1
 Canon divergent,1
 not fusion as in 'a kind of crossover',1
 Backstory,1
 Not Pearlmethyst,1
 Gem Monsters,1
 Camp Pining Hearts,1
 YouTube,1
 i dont know what im doing,1
 Lost fusion,1
Crystal Gem Origins,1
 Baby!Steven,1
 All girls school,1
 Moaning,1
 Cutting,1
 allusions to substance abuse,1
 elitism,1
 School,1
 Geode Genitalia,1
 Relationship(s),1
 Magic,1
 Jasper May Have Some Issues,1
 poly!Lapis Lazuli,1
 Opal has short-term memory loss,1
 bath bombs,1
 Biting,1
 Gem Pearl,1
 Rose's Barbie Car,1
 Menstruation,1
 amethyst works at a tattoo parlor accross the street,1
 somewhat of a redemption,1
drug AU,1
 Squirting,1
 Resentment,1
 racial profiling,1
 Angsty Schmoop,1
 sorta past jaspis they had a one night stand,1
 Alternate Universe - Fantasy,1
 Hell,1
 Superheroes,1
 Family Bonding,1
 Pregnancy,1
 Rational Fiction,1
 canon until sardonyx,1
 tiny humans,1
Stevenbomb Spoilers,1
 Sexual Humor,1
 dont ask me to explain im sweating here,1
 drabbles,1
 pearlamethyst - Freeform,1
 Identity Issues,1
 Steven's Birthday Week,1
 Spies & Secret Agents,1
Gem Fusion,1
 mostly it's just Lars and Sadie assuming they're married,1
 guys its fine I'm an adult,1
 relationship dynamics,1
 almost every character,1
 this is not a distinct ship fic,1
 Sirens,1
 Come for the fluff stay for the feels,1
 theres probably gonna be a bunch of aus too,1
 Mystery girl remains nameless,1
 Prohibition,1
Alternate Universe - Restaurant,1
 tfyw,1
 nsfw eggpreg sex thats all yall need to know,1
 Documentaries,1
 Mistaken Identity,1
 POV Outsider,1
 mystery girl isn't quite as cool as she seems on the surface,1
 Selkies,1
 one shots,1
 Multi Chapter,1
 Assault,1
 Mother-Daughter Relationship,1
 Garnet has a lot of work ahead of her,1
 Also Ruby and Sapphire are the best grandparents,1
 Some angst here and there,1
 very fluff,1
 Cold War,1
 now with,1
 ???idk,1
 slow burn Pearlmethyst,1
 mine,1
 Rape/Non-con Elements,1
 Spoilers for The Answer,1
 peridot is an insomniac in like all of the shorts,1
 Fpreg,1
 Tentacle Sex,1
 Trigger warning transphobia in some chapters,1
 Consent,1
 And I'm not sorry,1
warlord au,1
 Self Confidence Issues,1
Opal AU,1
 Polyamorous Rose,1
Trans Male Character,1
 One-Sided Attraction,1
 Pubic Hair,1
 Sloppy Makeouts,1
 Homeworld (Steven Universe),1
 Funny,1
Future Vision,1
 silly beach city adventures,1
 Companion Aki,1
Aged-Up Character(s),1
 Peridot backstory,1
5000 years of slow burn,1
Spoilers for Message Received,1
 what's the damn difference?,1
 Post-Malachite Recovery,1
 Mostly Dialog,1
 pearlmethyst - Freeform,1
 some very dark themes,1
 War,1
 Reader-Insert,1
more characters to add - Freeform,1
 cursing,1
 SU - Freeform,1
 Coffee,1
 Future vision doesn't work on babies,1
 Family Issues,1
 Flashbacks,1
 pov switch every two chapters,1
 Maybe 2 years or so,1
 Lapis Lazuli Is Not Your Perfect Cinnamon Roll,1
Female-Centric,1
 her parents are trying to understand,1
 half Gem!John,1
 drowning tw,1
 Edited to be canon compliant,1
 Virginity,1
 I love them so much,1
 Gem Dipper,1
 Morning After Cuddling,1
 So yeah,1
 Hate Sex,1
 (eventually lol),1
 Adulthood,1
 Lots of References to Other Episodes,1
 Forced Orgasm,1
 Depowered Gems,1
Smut,1
 Dildos,1
 Sexuality,1
 misconstrued blackrom,1
 Bruises and scratches,1
 no physical contact between anyone but definitely sexual things going on here,1
 body piercings,1
 i appreciate that a lot,1
 Pining,1
 Pearls as sentient iPhones,1
 President Maheswaran,1
 pearl makes all the pastries,1
 no one is white and no one is straight,1
 Reincarnation,1
 polygems - Freeform,1
Other Additional Tags to Be Added,1
 Alternate Universe - Theatre,1
 Unrealistic Depictions of 3D Printers,1
 there's also psychological stuff later on,1
Memory Loss,1
 steven is cuddly and adorable,1
 Human,1
 Bisexual Female Character,1
 Zoo,1
 Drabble,1
Vaginal Fingering,1
 you know what they say about revolutions and dancing,1
 Abusive Relationships,1
 Short Stories,1
 Plot,1
 binding,1
 rusa is only a minor plot though lol,1
 Lots of Arguing,1
 Choking,1
 I will post the playlist when this ends,1
 Blood,1
 okay,1
 Jasper's Awful Backstory Does Not Excuse Her Being Dreadful,1
 so is Steven,1
 Alternate Universe - Summer Camp,1
 The Children Will Cry,1
 Pink Diamond,1
 but also kinda happy,1
Alternate Universe - Mythology,1
 Father-Son Relationship,1
 Futanari,1
 Connie's a possessive toddler,1
 Mutual Masturbation,1
 Kid!Fic,1
 pearls,1
 First Day of School,1
rupphire,1
 Prosthesis,1
 Birth,1
 Brief Character Appearance,1
Homophobia,1
 Female Homosexuality,1
 Also she's super flirty because yes,1
to make things clear,1
 Pearlrose Week 2015,1
 I need your tears to fuel the prequel,1
 brightly coloured lesbians,1
 Trans Male Character,1
 Connie Maheswaran Is Not Your Damsel In Distress,1
 Suggestive Themes,1
 Sparring,1
 Ambiguous/Open Ending,1
 Food,1
 Prompt Fill,1
 Alternate Universe - No Powers,1
Last One Out Of Beach City,1
 selectively mute lapis,1
 Oneshot,1
 cute cuddles,1
 Fights,1
 Post-Season/Series 01,1
 Spanking,1
mute!Lapis,1
 Kinks,1
 Gem Rebellion,1
 This is The Cheeto Mom Chronicles,1
Femslash,1
 Implied Pearl/Rose Quartz (Steven Universe),1
 and her and pearl schedule a date,1
 fusion as in 'two beings becoming one',1
 garnet and amethyst are in a band,1
 Breakfast,1
 Fame,1
Alternate Universe - Bar/Pub,1
 Bad Brain Stuff,1
 not-an-actual-demon-Asami,1
 Femslash February,1
 redemption fic,1
 awkward people being awkward at each other,1
 i actually have no idea what im doing but yall seem to like it,1
 implied jaspidot - Freeform,1
 Poetry,1
 angel!akihito,1
Basically the Whole Cast - Freeform,1
 Almost entirely fluff actually,1
 idk - Freeform,1
 Reading,1
 Adoption,1
 Teenage Parents,1
 Gem Bill Cipher,1
Slight Age-up,1
 trigger warning for mild homophobia,1
 Family Dynamics,1
 Dubious Consent,1
 Closeted Character,1
 Drunken Kissing,1
POV Outsider,1
 Broken Bones,1
 Diamond Authority - Freeform,1
 lesbians,1
 adorable gem mamas,1
 THE FEELS ARE STRONG WITH THIS FANFIC,1
 Demons,1
 Other tags would give it away,1
 same with the Cool Kids,1
 Ficlet Collection,1
Dating,1
 tons of kisses,1
 Get Hype for Steven Bomb 2,1
 Mild Gore,1
 Thanks to LonelyTurret182 for beta reading!,1
 Sad,1
 Orgy,1
 also set during the series,1
 but peridot gets over it,1
 Guilt,1
 Implied/Referenced Abortion,1
 Sardonyx arc,1
Rebellion,1
 Lesbian Character,1
Football,1
 Art,1
 Miscarriage,1
 shape shifted phallic,1
 Connie is a BAMF,1
 Mystery Girl has no canon name yet so her name is Mystery Girl,1
 Pre-Relationship,1
NSFW,1
 Underage Sex Mention,1
 Captain Tightpants,1
 trans!Jasper,1
 Steven is a baby,1
 the song title that inspired the chapter will be written somewhere in the chapter,1
 First Gentleman Steven,1
 Lapis has been through some stuff,1
 Male Homosexuality,1
 Selectively Mute Frisk,1
 there is so much communication and consent in this,1
 Romantic Frustration,1
 Based on a Tumblr Post,1
 not de-aged,1
 Peridemption,1
Bartender AU,1
 Middle School,1
 POV Multiple,1
 Dreams and Nightmares,1
 Lapis being a major flirt,1
 Fusion Shenanigans,1
Asexual Character,1
Feral Behavior,1
 Accidental overdose,1
 Yes I Mean Everyone - Freeform,1
 Teaching,1
AU,1
 I just want Jasper to be good,1
 im not though,1
 Homeworld Is The Actual Worst,1
 pearl and rose is the cheesiest pairing but i like cheese sometimes,1
 Drugs,1
 Jigsaw Puzzle Plot,1
 blame tumblr,1
 Consensual Objectification,1
 Hero Worship,1
 Originally Posted on Tumblr,1
 Hilarity Ensues,1
Alternate Universe - Boarding School,1
 My First Work in This Fandom,1
Asexuality Spectrum,1
this is so gross im sorry,1
 Harm to Children,1
 Why did I continue this?,1
 this is a year old now,1
 Gem!Sherlock,1
 ha,1
 Many more - Freeform,1
 Guns,1
 Social Anxiety,1
Minor Emotional Abuse,1
 let the Cluster be happy,1
 Connie needs to figure out this whole honesty thing,1
 Trigger warning homophobia in some chapters,1
 18th Century,1
 not me,1
 Interplanetary Travel,1
 Body Swap,1
 Biking,1
 Homophobic Language,1
 Peri's the big spoon,1
Epistolary,1
 Autistic Pearl,1
 Who knows where this is going,1
 Canonical Character Death,1
 Girl Peen,1
 Tags will be updated as I write the chapters,1
 each chapter is inspired by a song,1
Slavery,1
 Late Night Conversations,1
 First Dates,1
 sorry - Freeform,1
 Coda,1
 Crossovers & Fandom Fusions,1
 MMA,1
 Pearl is G A Y,1
steven is in this for like two seconds,1
 Anorexia,1
 Gem Sex,1
 Gem Corruption,1
 Gay Space Rocks,1
 Road Trips,1
 Insecurity,1
 Graduate School,1
 pearlmethyst and rupphire in the background yo,1
 Peridot's Worst Day Ever,1
 overworked and overstressed peridot,1
 Touchy-Feely,1
 Mental Breakdown,1
Homophobic Language,1
 Peridot is a Nerd,1
 Non-Human Genitalia,1
 Period-Typical Racism,1
 Female Ejaculation,1
 details below,1
 baby malachite later,1
Generic coffee shop au,1
 Sexual Experimentation,1
 My First Fanfic,1
Reader-Insert,1
 oh the inevitable betrayal,1
 lapis is a killer barista,1
 no-chill sapphire,1
 it will be nsfw eventually tho,1
Soulmate AU,1
 Queen Rose,1
 Sans and Steven will be in the same room we will drown in puns,1
 ongoing,1
 Enthusiastic Consent,1
 Mom Jasper,1
 hoodie sharing,1
 implied eating disorder,1
 popular lapis,1
 Sapphire and Ruby are useless when it comes to babies,1
 Lapis-centric,1
 Make Outs,1
 Garnet ships Pearlmethyst,1
 Non-Chronological,1
 Relapsing,1
 blatant disregard of speed limits,1
 dark themes coming soon,1
Post-Catch and Release,1
 the Pearl/Rose in this one is more of 'precocious unrequited crush' on Pearl's part,1
human reader,1
 Hugging,1
 so i'll up the rating if i have to,1
 Alternate History,1
 Teen Romance,1
 Roleplay Logs,1
Egg Hell,1
 Homeworld Gems - Freeform,1
 Paranormal,1
 steven questions his existence,1
 heheheh,1
not really super shippy but implied I guess?,1
 Alien Genitals,1
discussion of polyamory,1
 garnet is a tattoo artist,1
 Little Miss Sunshine - Freeform,1
 College,1
 This is mostly fluff not gonna lie,1
 Gem Fusions,1
 especially Sapphire,1
Gemlings,1
 Crying Breakfast Friends,1
 Phone Calls & Telephones,1
 suicidal idealization,1
 god that looks weird compared to the six previous tags,1
QVC is like gem porn,1
 Parent-Child Relationship,1
 Tags May Change,1
 Dom/sub,1
Multiple Orgasms,1
