 First Time,34
 Fluff,33
 Pining,24
 Slow Build,23
 Angst,22
Alternate Universe,21
 Rimming,20
 Hurt/Comfort,19
 Alternate Universe - Human,17
 Blow Jobs,15
 Frottage,15
 Knotting,15
 Humor,15
 Fake/Pretend Relationship,15
 Oral Sex,14
 Happy Ending,13
 Misunderstandings,13
 First Kiss,12
 Hand Jobs,12
 Fluff and Angst,12
 Romance,12
 Pack Dynamics,12
 Alternate Universe,12
 Anal Sex,12
 Canon-Typical Violence,12
 Werewolves,11
 Scent Marking,11
 Pack Feels,11
 Alternate Universe - Werewolves Are Known,10
 Loss of Virginity,10
 Future Fic,10
 Alpha Derek,10
 Established Relationship,9
Alternate Universe - Human,9
Alternate Universe - College/University,9
 Alpha/Beta/Omega Dynamics,8
 Omega Stiles Stilinski,8
 Alternate Universe - No Hale Fire,8
 Barebacking,8
 Angst and Humor,7
 Mating Cycles/In Heat,7
 Oblivious Derek,7
 Alive Hale Family,7
 Masturbation,7
Alternate Universe - Canon Divergence,7
 Dubious Consent,7
 Oblivious Stiles,7
,6
 Underage Drinking,6
 Violence,6
 Alternate Universe - Canon Divergence,6
 Oblivious,6
Fake/Pretend Relationship,6
 Soul Bond,6
 Mates,6
 Marking,6
 Miscommunication,6
 Magic,6
 Soulmates,6
 Alternate Universe - Modern Setting,6
 Mutual Pining,6
 Bottom Derek,6
 Possessive Behavior,6
 Kid Fic,6
 Intercrural Sex,5
 Bottom Stiles Stilinski,5
 Stilinski Family Feels,5
 Kidnapping,5
Alpha/Beta/Omega Dynamics,5
 Alternate Universe - Soulmates,5
 Alive Laura Hale,5
 Mating,5
Future Fic,5
 Comeplay,5
 Mystery,5
 Alpha/Omega,5
 Alternate Universe - Celebrity,5
 Dirty Talk,4
Fluff,4
 Wolf Derek,4
 Bullying,4
 Anal Fingering,4
 Cuddling & Snuggling,4
 Tattoos,4
 Pack Family,4
 Hale Family Feels,4
Humor,4
 POV Derek Hale,4
 BAMF Stiles,4
Knotting,4
 Angst with a Happy Ending,4
 Panic Attack,4
 Snark,4
 Courtship,4
Alternate Universe - Werewolves Are Known,4
 BAMF!Stiles,4
Alternate Universe - High School,4
 Minor Character Death,4
Crack,4
 Tropes,4
Kid Fic,4
 Face-Fucking,4
 Phone Sex,4
 Panic Attacks,4
 Mpreg,4
 Alternate Universe - College/University,4
 Emotional Hurt/Comfort,4
 Alternate Universe - No Werewolves,4
 bottom!Derek,4
 Canonical Character Death,4
 Jealousy,4
 Detective Stiles,4
 Families of Choice,3
 Mildly Dubious Consent,3
 Sex,3
 Domestic,3
 Friends to Lovers,3
 Bigotry & Prejudice,3
 Family,3
 Awkward Sexual Situations,3
 Virginity,3
 Eventual Smut,3
 Alternate Universe - Coffee Shops & Cafs,3
 Car Sex,3
 Sheriff Stilinski's Name is John,3
 Developing Relationship,3
 Explicit Sexual Content,3
 Love Confessions,3
Alternate Universe - Fraternity,3
 Stalking,3
Alternate Universe - Porn,3
 Alternate Universe - Everyone Lives/Nobody Dies,3
 Failwolf Friday,3
 oblivious!Stiles,3
 Derek is a failboat at feelings,3
 Bonding,3
 Biting,3
 Self-Lubrication,3
 Sharing a Bed,3
 Comedy,3
 Voyeurism,3
 Top Derek Hale,3
 Getting Together,3
 Feelings,3
 Slow Burn,3
 Switching,3
 Friendship,3
 Feels,3
 Post Season 2,3
 Sexual Content,3
 Wall Sex,3
 Deliberate Badfic,3
 Soulmate-Identifying Marks,3
 Schmoop,3
 Fingerfucking,3
 Sex Toys,3
 Rutting,3
 Nightmares,3
 Derek POV,3
 Recreational Drug Use,3
 Bottom Stiles,3
 New York City,3
 Babysitting,3
AU,3
 Fanart,3
 Crush,3
 Semi-Public Sex,3
 Christmas,3
 Shotgunning,2
 Arranged Marriage,2
 nerd!derek,2
 Smut,2
 Aftercare,2
 Alternate Universe - Werewolf,2
 Pre-Slash,2
 Alternate Universe - Office,2
 Crack,2
 Growing Up,2
 Papa Stilinski is literally my favorite,2
 Crushes,2
 Stilinski feels,2
Mpreg,2
 Drama,2
 Podfic Available,2
 Flirting,2
Alternate Universe - Coffee Shops & Cafs,2
Pre-Slash,2
 Mating Rituals,2
 Exhibitionism,2
 Flowers,2
 Scent Kink,2
 Awkwardness,2
 Sharing Clothes,2
 Emotional Constipation,2
 Parenthood,2
 Teen Wolf Reverse Bang,2
 Permanent Injury,2
 Porn with Feelings,2
 POV Sheriff Stilinski,2
 Canon Typical Violence,2
First Time,2
 Aftermath of Torture,2
 Rough Sex,2
 UST,2
 Scenting,2
 Blind Stiles,2
Slow Build,2
 Top!Stiles,2
 Scars,2
 Rape,2
 Secret Identity,2
 Overstimulation,2
Original Character(s),2
 Love,2
 Alternate Universe - Canon,2
 Alive Claudia Stilinski,2
Alternate Universe - Modern Setting,2
 Witches,2
 Single Parents,2
 Hurt Stiles,2
 Coming Untouched,2
 AU,2
 Stiles Has Panic Attacks,2
 Mating Bond,2
 Found Families,2
 Alternate Universe - High School,2
 Sassy Peter Hale,2
 Accidental Relationship,2
 Near Future,2
 Protectiveness,2
 The Alpha Pack,2
 Accidental Bonding,2
 Threats of Rape/Non-Con,2
 Professor!Derek,2
 Alternate Universe - Fusion,2
 Car Accidents,2
 Slow Build Derek Hale/Stiles Stilinski,2
 Derek Has Issues,2
 Modeling,2
 Actor Derek Hale,2
 Werewolf Stiles Stilinski,2
 Public Sex,2
 Barista Stiles,2
 Dom Derek,2
 Coming Out,2
 Office Sex,2
Alternate Universe - Prostitution,2
 Somnophilia,2
 Enemies to Friends to Lovers,2
 Sexual Assault,2
 Communication Failure,2
 Indie Music,2
 Pack Bonding,2
 Sub Stiles,2
 Bottom Derek Hale,2
 Epilepsy,2
Alternate Universe - Soulmates,2
 The Hale Family,2
 Amnesia,2
 Coffee,2
 jock!Stiles,2
 Serious Injuries,2
 Wolf Pack,2
 Dildos,2
Alternate Universe - Coffee Shop,2
 Alpha Derek Hale,2
 Additional Warnings Apply,2
Pack Dynamics,2
 Undercover as a Couple,2
Soul Bond,2
 Spanking,2
Mating Cycles/In Heat,2
 Adoption,2
 Plot What Plot/Porn Without Plot,2
 Teacher-Student Relationship,2
 Angry Sex,2
 Magic!Stiles,2
First Kiss,2
 Harlequin,2
Pack Feels,2
 Past Abuse,2
 Everyone Is Alive,2
 Alternate Universe - Magic,2
 Prom,2
 sort of,2
 BDSM,2
 Crimes & Criminals,2
 Babies,2
 Truth Serum,2
 Prank Wars,2
Time Travel,2
 Minor Isaac Lahey/Scott McCall,2
 Online Relationship,2
 Texting,2
 Omega Verse,2
 Derek Hale is Bad at Feelings,1
 University,1
 hallway lawn bowling,1
 Fire,1
 (kind of),1
 background Scott/Allison,1
 Spooning,1
 Love/Hate Relationship,1
 Derek is an artist,1
 Kink Meme,1
 Revelations,1
 College Student Stiles,1
 Feral Derek Hale,1
 a little bit,1
 Alternate Universe - Library,1
 oh and,1
 Neckz 'n' Throatz,1
 Getting Back Together,1
 Makeup,1
 Pheromones,1
 Hale family watches too much A&E,1
 dubcon,1
 So many tropes,1
 publicly though,1
 Sheriff Stilinski Finds Out About Derek/Stiles Relationship,1
 Alternate Universe - Prostitution,1
 Domestic Violence,1
 Unrequited Love,1
Violence,1
 Cliche,1
 Praise Kink,1
 Nipple Piercings,1
 temporary memory loss,1
 kidnap,1
 Polyamory,1
 Cute,1
 Dubiously Consensual Soul Bond,1
 Spies & Secret Agents,1
 Charity Auctions,1
 Explicit Language,1
 Emissary Stiles Stilinski,1
 Fluff and Crack,1
 Dick Pics,1
 Tattooed Derek,1
 Non-Evil Peter,1
 Top Derek,1
 ugly duckling Derek Hale,1
 Creeper Peter,1
 Kidfic,1
 Translation Available,1
 Scott and Stiles bromance,1
 Children,1
 I Forgot To Tag So Much Before So Here's Updated Tags Yo,1
 Emotional/Psychological Abuse,1
 also this is just me being self indulgent because soulmate fics aw,1
 No Wolves Tho,1
 for the greater good,1
 Unsafe Sex,1
 self improvement,1
 actor!derek,1
 Negotiated kink,1
 Worldbuilding,1
 dogfuck rapeworld,1
 Dead Sheriff Stilinski,1
 Were-Creatures,1
 Anal Play,1
 Monster of the Week,1
 Make-Your-Own Family,1
 Homelessness,1
 LYDIA GIVES DANGEROUS ADVICE,1
 Alternate Universe - BDSM,1
 hooker!Derek,1
 Deputy Allison Argent,1
 kink meme fill,1
 The Hales are basically the Kardashians,1
Halloween,1
 Slave Trade,1
 Bad Friends,1
 accidental feels,1
Alternate Universe - Police,1
 Fantasy,1
 pecan pie,1
 just to be clear,1
 so is Derek but don't tell anyone,1
AU Post Season 2,1
 New Year's Eve,1
 Listener!Derek,1
 Marks,1
 Slavery,1
 Orphans,1
 there's a happy ending,1
 Marriage,1
 musician!stiles,1
 And sarcasm,1
 laundry service,1
 Human Derek Hale,1
 Safewords,1
 Derek in a pink tie,1
 Post 3a,1
The Sheriff is a total matchmaker,1
 this is not mpreg,1
 Werewolf Mates,1
Car Accidents,1
 Comforting!Derek,1
 Minor Angst,1
 Diapers,1
 alphas have more fun,1
 Fox!Stiles,1
 Returning Home,1
 Radio,1
 so much more like,1
 War,1
 Some descriptions of lambing/animal birth,1
Bodyswap,1
 werewolf adult magazine,1
kink meme fill,1
Hypothermia,1
 Light Dom/sub,1
 Alcohol,1
 Drunk Stiles,1
 Marriage Proposal,1
 Disability,1
 pack puppy pile,1
 Found Family,1
 Fingering,1
 Broken Family,1
Suspense,1
 Derek in a sweater,1
 Finger Sucking,1
 Sheriff Stilinski Feels,1
 Trauma,1
 puppypuppypuppy!,1
 Feral Stiles Stilinski,1
 POV Alternating,1
 forced bedsharing,1
 Begging,1
 Case Fic,1
 Hair Braiding,1
 (but no mpreg),1
 Alternate Universe - Stripper/Exotic Dancer,1
 where do babies come from?,1
 Internalized Homophobia,1
 Alternate Universe - Professors,1
additional tags,1
 Time Travelling Derek,1
 Facebook,1
 Undercover as Married,1
 massively oblivious Derek,1
 not even sorry about the POV,1
 Jennifer is a mean girl,1
 69 (Sex Position),1
 assbabies,1
 Mentioned Isaac/Scott/Allison,1
 stiles is not yet 18,1
 Safe Sane and Consensual,1
 Fox's and Wolves,1
 Started before S2,1
 President's Kid Stiles Stilinski,1
 POV Multiple,1
 Massage,1
 so much foolishness,1
Alternate Universe - No Werewolves,1
 Derek Hale - Dog Walker,1
 outsider pov,1
 Community: hc_bingo,1
 brief passing reference to kate/derek,1
 Curses,1
 Crossdressing,1
 Communication,1
 boys are terrible at talking about their feelings,1
 Past Drug Use,1
 Jewish Stiles Stilinski,1
 stilinkski feels,1
 Nipple Play,1
 Derek is the CEO of Hale Publishing,1
 Alternate Universe - Neighbors,1
 Intense,1
 Werewolf Conferences & Conventions,1
 Oblivious!Derek,1
 post s3a,1
 Alternate Universe - Dragons,1
Family,1
 past and future,1
 Cock Rings,1
 teenagers being teenagers,1
Implied Mpreg,1
 Derek is generally crabby,1
 Allusions to sexual trauma,1
 Childhood,1
 Fisting,1
 Crying,1
 Mentions of Mpreg (None in story),1
 Other Additional Tags to Be Added,1
 Dodge Ball,1
 Not Gonna Tag Every Sex Act Just Trust Me There's Plenty,1
 Underage Sex,1
 but Stiles mistakes him for a hobo,1
 Derek Hale is a Good Alpha,1
Dog!Derek,1
 Panties,1
Action/Adventure,1
 Misunderstanding,1
 werewolves do not respect boundaries,1
all werewolf AU,1
 Cubs,1
Alternate Universe - Fantasy,1
 Tooth Rotting Fluff,1
 the sheriff is a canny dude,1
Tumblr,1
Sleepwalking,1
 assistant!stiles,1
cooking a/u,1
Alternate Universe - Disney's Beauty and the Beast,1
 Bondage,1
 Anxiety,1
 magic! stiles,1
 hints to unrequited Isaac/Scott,1
 Nipples Are Funny,1
 oblivious idiots,1
 immature behaviour in an airport,1
 Genghis Khan was the most badass omega of all time.,1
 Identity Porn,1
 Punishment,1
 Age Difference,1
 Past Coercion,1
 Alternate Universe - Beauty and the Beast,1
 Sexting,1
 Confessions,1
 Derek!POV,1
 Threats of sexual violence,1
 Lydia is done with Stiles,1
 too much Lonely Island in my life i guess,1
 Derek and Isaac big brother feels,1
Napping,1
 Alternate Universe - Hogwarts,1
 Seriously So Many Tropes,1
 Getting to Know Each Other,1
 First Love,1
 Riding,1
 stiles and the hales are tight,1
 Firefighter Derek,1
 love spells,1
 Sheriff Stilinski Finds Out,1
 Stiles is secretly Derek's favorite,1
 just a little angst though,1
 Wooing,1
 neckz n throatz,1
 Comfort,1
 Police,1
 magically bound,1
 Witch Stiles Stilinski,1
 Derek is a semi-famous author,1
 Neckz 'n Throats,1
 background Lydia/Jackson,1
 Fuck Or Die,1
 Shower Sex,1
 Non-Graphic Violence,1
 Stalker-Suitors,1
 Lots of sarcasm,1
 Minor Violence,1
 Compulsion,1
 Sexual Tension,1
 Corruption,1
federal agent!Derek,1
Ensemble Cast,1
 Past Sexual Abuse,1
 angst angst angst,1
 implied underage (past),1
 Horses,1
 Omega Stiles,1
 professor/student,1
 Wolf Derek Hale,1
 A romantic comedy between idiots,1
 Possessed Stiles,1
 Bodyguard!Derek,1
 Alternate Universe- Medievalesque,1
 characters who are unaware of their actions,1
Dom/sub,1
Amnesia,1
 Episode AU: s01e04 Magic Bullet,1
 Time Travel,1
 Stockholm Syndrome,1
 Pack feelings,1
 Young Derek,1
Alternate Universe - Historical,1
Harry Potter AU,1
 BAMF Erica,1
 Post-Apocalypse,1
Virginity,1
 Stiles is not Bella Swan,1
 Past statutory rape (not depicted),1
 Musician Stiles,1
 Secret Service Agent Derek,1
 Mistaken for Being in a Relationship,1
 boys in suits,1
Deputy Stiles Stilinski,1
 Incubus Stiles,1
 Awesome Sheriff Stilinski,1
 Canon levels of violence,1
 Music feels,1
Blood,1
 Stiles Has Feels,1
 Transgender Child,1
 so many pack feels!,1
 Sleepovers,1
 Outdoor Sex,1
 post breakup,1
 Teenagers,1
dub-con,1
 Emotionally Constipated Derek,1
Mating,1
 Sex In A Grocery Store,1
Temporary Amnesia,1
 Vaguely Future,1
 Derek Hale is the Saddest Werewolf,1
 Kanima Jackson Whittemore,1
 Emotionally Repressed,1
 Dark,1
 Nipples,1
 gratuitous dialogue,1
Plot What Plot/Porn Without Plot,1
 magic!Stiles Stilinski,1
 Fuckbuddies To Lovers,1
 Ableist Language,1
 names have power,1
 peter doesn't suck,1
 OFC - Freeform,1
 Travel,1
 Romantic Comedy,1
 This Was Only Supposed to be a Drabble,1
 Suicide,1
 Road Trips,1
 Non-Graphic Torture,1
 (though not really all that casual),1
 and other things I know nothing about,1
 Stiles and Erica are bros,1
puppy!,1
 Lydia is not allowed to do magic without Stiles anymore,1
 Witch!Stiles,1
 all human a/u,1
 Senior year,1
 Triggers,1
 Ennis is a bully,1
 Oral Knotting,1
 Derek is a history professor,1
 semi-graphic depictions of injuries,1
 injured!Stiles,1
 Shenanigans,1
 Omega Jackson,1
 Touch-Starved,1
 Attempted Rape,1
 Past Relationship(s),1
 Blowjobs,1
 Alternate Season/Series 03,1
 latte art,1
 Animalistic,1
 Tattooed Stiles,1
 Dreams,1
 Alpha Allison,1
 Bodyguard AU,1
 Alpha Danny,1
 Stiles-centric,1
 Puppy Piles,1
 Slice of Life,1
 Personal Assistant Stiles Stilinski,1
 Deputy Derek Hale,1
 past stiles/omc - Freeform,1
 lots and lots of cock,1
Minor Character Death,1
 Non-penetrative sexual activity between two underage boys,1
Fluff and Angst,1
 Usual Kate warning,1
Mistaken Identity,1
 Child Abuse,1
 Pack Politics,1
 unhealthy relationship,1
 Anniversaries,1
 STILINSKI/HALE FEELS,1
 Rape Aftermath,1
Christmas fic,1
 semen - Freeform,1
 fake science for the win,1
 Skype,1
 Derek is a dorkstar,1
 intimacy issues,1
 Post-Traumatic Stress Disorder - PTSD,1
 Stiles looks bangable in black,1
POV Second Person,1
 Ridiculous,1
 but without werewolves,1
 Physical Abuse,1
 hey why not HAHA,1
 angsty,1
 Sassy Peter,1
 Not your typical time travel fix-it fic,1
 Demisexual Derek Hale,1
 Erica is informative,1
 fluff and nonsense,1
 Florists,1
BAMF Stiles,1
 Domestic Discipline,1
top!stiles bottom!derek,1
 mentions and flashbacks of abduction and torture by electricity,1
mysterious child,1
 Isaac is adorable,1
 The Sims 3,1
 Touch of Crackiness,1
 Derek is the hottest,1
 Seriously I don't even know WHAT this is,1
 Oral,1
 Sterek Campaign,1
 (due to PTSD),1
 Hale fire,1
 Laura Hale is a dick,1
 Power Bottom Derek,1
Protectiveness,1
 Multiple Orgasms,1
 Marine Derek,1
 Gun porn,1
TWCP,1
 Secret Santa,1
 Mental Abuse,1
 Forced Marriage,1
 Erica and Boyd are TAs,1
 Family Feels,1
 Spells & Enchantments,1
Holidays,1
 Sex Against A Firetruck,1
 Abusive Relationship,1
 Acceptance,1
 Past Kate Argent/Derek Hale,1
 bassplayer!Derek,1
 Plot sneaks in,1
 Five Times,1
 Past Exploitation,1
 Anxiety Attacks,1
 Human Hales,1
 Cop!Derek,1
 Ritual Sex,1
 Autofellatio,1
 Pranks,1
Pretend Boyfriends,1
 daddy!stiles,1
 Sequel,1
Epistolary,1
 Murder,1
 Elevator Sex,1
outsider pov,1
 Groping,1
 damaged!Derek,1
 Character death (before fic begins),1
 Sad pandas,1
 Hand Kink,1
 Stiles has a skateboard,1
 too many feelings,1
 Safer Sex,1
 blatant couple-y behavior,1
 Comic Book Artist!Derek,1
Gift Fic,1
Healing,1
 Tumblr-Speak,1
 Past Injuries,1
 Erections,1
Underage - Freeform,1
 Stiles is hurt but not by Derek,1
Angst,1
 Very brief nongraphic background Stydia,1
 Slight Violence,1
 Elevators,1
Dubious Consent,1
 No Character Death,1
 novelist!Stiles,1
 stiles is the pack mom,1
 Alternate Universe - Historical,1
 Mostly Pwp,1
 Magic Curse,1
 parenting is hard,1
 boss!derek,1
 Stilinski Family,1
 human AU,1
Major Original Character(s),1
sterek,1
 Sleepy Sex,1
 Actually Adorable Derek Hale,1
 Top Stiles Stilinski,1
Stiles & Cora Friendship,1
 Teamwork,1
Getting Together,1
Cora Hale & Stiles Stilinski Friendship,1
 aged-down characters,1
 Stiles POV,1
 massage bait,1
 Omegas,1
 Canon-Type Violence,1
Alternate Universe - Reality Show,1
 Canon Compliant,1
 Flirting everywhere,1
 Video & Computer Games,1
 Seductive Stiles,1
 Derek Hale Can Have Nice Things,1
 Professional Dom Derek Hale,1
 Creeper Derek,1
Demons,1
Emotionally Constipated Boys,1
 Puppy pile,1
 Punk Music,1
Babies,1
 Curly Fries,1
 Fox Stiles,1
 Episode Related,1
 Mantisfuck Consentworld,1
 Secrets,1
 Alternate Universe - Farm/Ranch,1
 Minor Allison Argent/Scott McCall,1
 Writer Stiles,1
 Canon compliance is for sissies,1
BDSM Lite,1
 First Date,1
Woke Up Married,1
 Alternate Universe - Mutants,1
 Video Cameras,1
 Podfic Welcome,1
Magic,1
 Partying,1
Miscommunication,1
 secretly pining!Derek,1
BAMF!Stiles,1
 Libraries,1
 Humans,1
 Just Add Kittens,1
 Consent is Sexy,1
 If Jeff Davis can create a fictional town i can make up colleges,1
 12 Days of Christmas Presents,1
 Discussion of Abortion,1
 Everyone Is An Asshole,1
 Grumpy Derek Hale,1
 Emotional Hurt,1
 SERIOUSLY IT IS FLUFFY,1
 secret feelings,1
 Coffee Shops,1
 Alternate Universe - Zombies,1
 FBI Agent Stiles,1
Alternate Reality - Post Season 2/Disregards Season 3,1
 it's really all about how this is Stiles pack and the FEELS,1
 Magical Stiles Stilinski,1
 Porn Watching,1
 Kid Stiles Stilinski,1
Dragons,1
 Asexual Derek,1
 Mistletoe,1
Stiles is a homeless doctoral student,1
 Baseball Player Derek,1
 Barista Derek,1
 Attempted Murder,1
Canon-Typical Violence,1
 POV Stiles,1
 Kissing Booths,1
 Alpha Males,1
 Transmisogyny,1
 Australia,1
 Complete,1
 Single Parent Derek Hale,1
Unrequited Love,1
 Foundling,1
 Vomiting,1
 Protective!Pack,1
 where the Hale family are just a little like the Addams family,1
 Alpha Lydia,1
Alternate Universe - Bodyguard,1
 derek has no social skills,1
 Unseen Relationship,1
 Food Blogger!Derek,1
 actualwolf!derek,1
 Epic Friendship,1
 Stiles Has a Crush,1
 no sex (sorry),1
Rescue,1
 Hanukkah,1
 Stiles works in the mail room,1
 Landscape Designers,1
 And then Derek sleepwalks into Stiles' bedroom,1
 Claiming,1
 Thanksgiving,1
 Boss/Employee Relationship,1
 Accidental Baby Acquisition,1
 Barista!Derek,1
 seriously so much snark,1
College AU,1
 YouTube,1
 hints of Steter,1
 Hybrids,1
 they clash,1
 Actual competent Alpha Derek Hale,1
 sex surrogate,1
 terrible attention spans,1
High School AU,1
 Shepherd Derek Hale,1
 Veela,1
 mentions of mpreg,1
 Actor Derek,1
 Fluff and Humor,1
 Impregnation,1
Supernatural Elements,1
 Allison is a Disney Princess,1
 Implied Switching,1
 Magical Accidents,1
 Baking,1
 Boys Being Boys,1
 dating without knowing it,1
 Bisexuality,1
 research montage,1
 a non-con touching scene,1
 Alternate Universe - Law Enforcement,1
 Abuse of Italics and Parenthetical Asides,1
 and neither Jackson nor Mr. Harris are given redeeming qualities,1
 alpha/beta/omegaverse,1
 Stiles is the worst receptionist in the world,1
 Pre series,1
 Book Publishing AU,1
 Past Torture,1
 Father-Son Relationship,1
 Stiles is a nerd who should not even go here,1
 Eventual Happy Ending,1
 Werewolf Control Issues,1
 Polyamory Negotiations,1
 tropes galore,1
 Woke Up Married,1
 Budding relationships,1
 Aww,1
 POV Outsider,1
 Stiles is Derek's Anchor,1
Neckz 'n' Throatz,1
 Shamanism,1
 Declarations Of Love,1
 Bookstore owner Derek,1
 Twisted and Fluffy Feelings,1
 Derek and Stiles are Mates,1
 accidental wooing,1
 Fake Marriage,1
 Rape/Non-con Elements,1
Pack Mom Stiles Stilinski,1
 Peter is Wilhelmina,1
 Injury Recovery,1
 Alone for the Holidays,1
 Derek and Laura are Twins,1
 Eventual Romantic Pairing,1
 video game designer Derek,1
 Barista!Stiles,1
 soulbonds,1
 Stiles' first name,1
 Student Stiles,1
 trope primer,1
 Fluff and Smut,1
 Alternate Universe - Rock Band,1
 Kate Argent has no existence here,1
 Werewolf Courting,1
 Jury Duty,1
 Light Angst,1
 Hostage Situation,1
 Derek is terrible at communicating,1
 florist!Derek,1
 Scott McCall & Stiles Stilinski Friendship,1
 stiles is pack mom,1
Magic Ruins Everything,1
 Artist Stiles,1
 Dreamsharing,1
 President Sheriff Stilinski,1
 Inspired by Jane the Virgin,1
 Blind Horse,1
 Lydia is judging you,1
 Mild Transphobia,1
 Use your words Derek,1
 Hangover,1
 Topping from the Bottom,1
 implied versatile!sterek,1
Alternate Universe - Summer Camp,1
 Hunting,1
 The Time Traveler's Wife AU,1
 Daddy!Derek,1
 Reverse Big Bang Challenge,1
 Cohabitation,1
 Spark Stiles Stilinski,1
 Alternate Universe - Western,1
 Cheese,1
 time-wasting,1
 panties!kink,1
 Insomnia,1
 Holidays,1
 Werebabies,1
 Kissing Lessons,1
 Failwolf,1
 Hate Sex,1
 5+1 Things,1
 the lacrosse uniforms are hot,1
 maybe there's a little plot,1
Truth or Dare,1
 Webcomic Artist!Stiles,1
 Everyone's a werewolf,1
 Workplace Sex,1
 Brain Damage,1
 cock - Freeform,1
Frottage,1
 Derek is a Failwolf,1
 Scratching,1
 Trueform,1
 soul bonding,1
 Diabetic Coma Inducing Fluff,1
 universe fix it,1
 Harlequin Big Bang,1
 and trolling everyone,1
 Coming In Pants,1
 Hypothermia,1
 Spring Break,1
 Demisexuality,1
 werewolf appropriate violence,1
 Post Season 3,1
 Post-breakup,1
 Fighter!Derek,1
 Blindfolds,1
 Mermaids,1
 Mentions of Past drug related death,1
 seizure disorder,1
 Subdrop,1
stiles is a werewolf,1
 but they don't really know it themselves before it's too late,1
 Eventual Sex,1
 kid!Lydia,1
 Hunters,1
PWP,1
 Gags,1
 Artificial Insemination,1
Alternate Universe - Fusion,1
 top!Derek/bottom!Stiles,1
 Unresolved Sexual Tension,1
 Warning: Kate Argent,1
 Omegaverse,1
 magically enhanced orgasms,1
 Slash,1
 Protective Derek,1
Canon Divergence,1
 Morning Sex,1
 Adorable,1
 Learning to be a parent,1
 Sharing Body Heat,1
Confrontations,1
 Alternate Universe - Writing & Publishing,1
 werewolf mojo,1
 five times fic,1
 Alpha Laura,1
 tags will change,1
 Not Werewolves,1
 Depression,1
 Trapped In Elevator,1
Photography,1
 ish,1
 Lydia Martin & Stiles Stilinski Friendship,1
 Everyone's alive,1
 creeping,1
 Tattoo Artist Derek,1
Hurt/Comfort,1
 Mechanic Derek,1
 But an awesome dick,1
 but that really doesn't matter to the plot,1
 Arson,1
 Deaton is the Giles,1
 Derek is a creeper,1
 Accidental Pregnancy,1
 stiles is a nerd,1
 self lubricating,1
 Full Shift Werewolves,1
 Insecure Stiles Stilinski,1
 Magical Realism,1
 Supernatural Elements,1
 well-earned detentions,1
 Shy Derek,1
 Rituals,1
 PWP,1
 Action/Adventure,1
 Fights,1
 Kid!Erica,1
Fake Marriage,1
 Laura is awesome,1
 Body Dysphoria,1
 Additional tags apply - please see notes,1
 Clubbing,1
 Stiles' life is hard since werewolves,1
 Fatal Illness,1
Band Fic,1
 Asthma,1
 Vibrators,1
 also Derek plays the viola,1
 Research,1
 Everyone lives,1
 Dancing,1
 Gunshot Wounds,1
 Self-Harm,1
 derek is still a werewolf,1
 deputy!Derek,1
 Single Parent Stiles Stilinski,1
 Strippers & Strip Clubs,1
 Wordcount: 50.000-100.000,1
 lab rat!Stiles,1
Soul Mate AU,1
 The boys are dense sometimes,1
 Heat Cycles,1
 Subspace,1
 but it's short,1
 literally no redeeming value to this installment at all SORRY,1
 Alpha law,1
 intimidating Polish grandma,1
 Single Parent Derek,1
 Doctor Who References,1
 Torture,1
 (but not actually),1
 minor non-con,1
 I Don't Even Know,1
 and is awkward about it,1
 Mentions of past slave trade,1
 Gender Issues,1
 Stiles kind of likes him anyway,1
 dating show,1
 no!fire,1
 Beacon Hills,1
 just a little bit,1
 oblivious boys,1
 secretly pining Derek,1
 Diverges canon after 2.06,1
 Sweet,1
 everything I write is fluff,1
Submission,1
Alternate Reality,1
 Sexual Harassment,1
 Abandonment,1
Pining,1
 Masterbation,1
 Good Peter,1
 Omega Erica,1
 Pining Derek,1
 Blind Character,1
 Domestic Fluff,1
 It's very hard not to have Stiles speak in front of Derek ok,1
Underage Sex,1
 Single Dad!Derek,1
 Magical Claudia Stilinski,1
 Lots of Oblivious!Trope,1
 Dry Humping,1
 sorry I'm not sorry,1
Prostitution,1
Feral Behavior,1
 Aromantic Peter,1
 First Meetings,1
 Emotional Baggage,1
 Erica means well but doesn't get it,1
Sex Pollen,1
 seriously so much UST,1
 Social Networking,1
 future!fic,1
 Watersports,1
 Alternate Universe - Twins,1
Online Dating,1
 College Radio Presenter!Stiles,1
 Derek is Not a Failwolf,1
 Meeting Through Technology,1
 So many cliches,1
 Kind-of Feral Derek,1
 (Derek's just unobservant and self-sabotaging),1
Ugly Betty AU,1
 No Hale Fire,1
 Nesting,1
 Derek has difficulty being a proper alpha,1
Work In Progress,1
 aka my religion,1
 alpha pack,1
 Handcuffs,1
 Social Anxiety,1
 Jackson is a jackass,1
 stiles has an awesome dad,1
 Police Officer Derek Hale,1
 mute!Stiles,1
 Casual Relationship,1
 Friends With Benefits,1
 Supernatural Crossover,1
 rationing,1
 Dorks,1
Bottom Stiles Stilinski,1
 Disabled Character,1
 Misuse of Fire Alarms,1
 Lydia is a BAMF,1
 questionable mathematics,1
 Multiple Pov,1
 Clothed Sex,1
 shifting during sex,1
 Tropes Everywhere,1
Alternate Universe - Magic,1
 kate argent happened,1
 15 Years I've Been Slashing and I've never written Mpreg!,1
 Bad Touch,1
 Mage Stiles Stilinski,1
 Consent Issues,1
 Episode: s03e08 Visionary,1
 There's A Tag For That,1
 Scent-Marking is Disconcerting Yet Hot,1
 Non-Sexual Slavery,1
 unprotected sex,1
 Lots of Cuddling,1
 Political Campaigns,1
 I love that Accidental Baby Acquisition is a tag,1
 Alternate Universe - Royalty,1
 Impregnation Kink,1
 Murder Mystery,1
Wolf!Derek,1
 Alternate Universe - Fantasy,1
 mentions of Xenophobia,1
 Strangers to Lovers,1
 Gun Violence,1
Teen Wolf Superbang,1
 Past exploitation and torture of a minor,1
 Objectification,1
 Rogue Werewolves,1
 Or Is It?,1
 and a cat,1
 What-If,1
 The Hale Pack - Freeform,1
 Sappy,1
 with a dash of Derek/Stiles for fun,1
 Aphasia,1
 and they would be awesome and awful,1
 Negative Zero Knowledge of Pie,1
 Bittersweet,1
 But Mostly Hurt,1
 mute character,1
 Flash Fic,1
 the betas are children,1
 One Shot,1
deaf!derek,1
 Non-Consensual Touching,1
5+1 Things,1
 Silly,1
 Truth Spells,1
 Awkward Co-Parenting,1
This is 80000 words of fluff and Doctor Who references so don't say that I didn't warn you.,1
 Neighbors,1
 Hale Family Memories,1
 Pack Mom Stiles Stilinski,1
 derek has angst,1
 Marijuana,1
 WIP,1
 Derek is a grump,1
 Meta,1
 corporate setting,1
 Derek doesn't help matters through his behaviour,1
 College,1
 In Other Words Canon!Derek,1
 Transphobia,1
 Drunk Sex,1
 Abduction,1
 shy!Derek,1
 Pop Culture,1
 Discrimination,1
 Fake Character Death,1
 Deputy Derek,1
 Protective Derek Hale,1
 Big Bang Challenge,1
 Falling In Love,1
 Omega Scott,1
 Mail Order Brides,1
 Stiles is den mom omg,1
 Artist!Derek,1
 Dom/sub,1
