 Romance,35
 Angst,33
 Humor,22
Crossover,20
,16
 Gwen Bashing,16
 Hurt/Comfort,14
 Crack,12
 Crossover,12
 Alternate Universe - Canon Divergence,12
 Fluff,12
 Time Travel,11
Children of Earth Fix-It,9
 Drama,9
 Children of Earth Fix-It,9
 Fix-It,8
 Family,7
 Aliens,6
 Mpreg,6
 Friendship,6
 Violence,5
 Season/Series 01,5
Alternate Universe,5
Gwen Bashing,5
 Jealousy,5
 Magic,5
 Telepathy,5
 Canonical Character Death,5
 Dragons,4
Fluff,4
 Humour,4
 Rough Sex,4
 First Time,4
 Established Relationship,4
Immortality,4
 Immortality,4
Humor,4
 Threesome - M/M/M,4
Temporary Character Death,4
 Developing Relationship,4
 Action/Adventure,4
Angst,4
 Episode Related,4
 Episode: s01e06 Countrycide,4
Hurt/Comfort,4
 PWP,4
 Episode Tag,4
 Alternate Universe - Canon,4
 janto,4
 Alternate Universe - Fantasy,4
Time Travel,4
 back from the dead,3
 Crossover Pairings,3
 Episode: s02e04 Meat,3
Family,3
 Comfort,3
 Mind Control,3
 Blow Jobs,3
 AU,3
 PTSD,3
 Fluff and Angst,3
Series,3
 Emotional Hurt/Comfort,3
 Threesome,3
 Timey-Wimey,3
 Rimming,3
 Spoilers,3
 Alternate Universe - Movie Fusion,3
 Episode: s01e04 Cyberwoman,3
Fix-It,3
 Weddings,3
Friendship,3
 Adventure,3
 Torchwood One,3
 Supernatural Elements,3
Alternate Universe - Soulmates,3
 Future Fic,3
 Slash,3
 Threesome - F/M/M,3
Crack,3
 Sexual Content,3
 Anal Sex,3
 Canon-Typical Violence,3
Jealousy,3
 Dom/sub,3
 White Privilege,2
 Polyamory,2
 Jack Harkness: Future Version,2
 Pre-Slash,2
 Mildly Dubious Consent,2
 Time Lord Ianto Jones,2
 COE Fix-it,2
 War,2
Drama,2
 Alcohol,2
 Epic,2
 Torture,2
Character Death Fix,2
 Immortal Ianto Jones,2
 Crossdressing,2
 Reunion,2
 breaking up,2
 Bondage,2
Alternate Universe - Vampire,2
 Sexual Abuse,2
 Dialogue-Only,2
 Bottom Dean,2
 Racism,2
 Alien Culture,2
 Innuendo,2
 Horror,2
Mpreg,2
 Dark,2
 Character Death Fix,2
 Blowjobs,2
 Episode Fix-It: The House of the Dead Audio Drama,2
Time Lord!Ianto,2
 Knotting,2
 Infidelity,2
 One Night Stands,2
 Jack Harkness: Past Version,2
 Canon Backstory,2
 Emotional Manipulation,2
Alternate Universe - Superheroes and Villains,2
 Post-Episode: s02e04 Meat,2
 Medical,2
 Alternate Canon,2
 Time Agency,2
 Sequel,2
 Tragedy,2
Alternate Universe - Canon,2
 Slow Build,2
Alternate Universe - Canon Divergence,2
 Episode: s02e09 Something Borrowed,2
Dragon-Verse,2
 5+1,2
 Drinking,2
 Communication Failure,2
 Panic Attacks,2
 Amnesia,2
Implied Relationships,2
 Master of Death Harry Potter,2
 Kissing,2
 Episode: s01e05 Small Worlds,2
 Pre-Canon,2
 Dirty Talk,2
 Top Jack,2
 Spanking,2
 Internalized Homophobia,2
 Dubious Consent,2
 Season/Series 02,2
 Alternate Universe,2
 Mystery,2
 Fingerfucking,2
 seriously,2
 Falling In Love,2
 Flirting,2
 Past Abuse,2
 Drunkenness,2
 Soul Bond,2
 Friends With Benefits,2
 Episode: s01e03 Ghost Machine,2
 Time Travel Fix-It,2
 One Shot,2
 Pre-COE,2
BDSM,2
 Meta,2
 Unrequited Love,2
 Kid Fic,2
Backstory,2
 Semi-Public Sex,2
 Deaf Clint Barton,1
Age Regression,1
 Necrophilia,1
 Spoilers- Meat,1
 Fandom history,1
 so much fucking fix-it,1
 Bottom Owen Harper,1
 Hurt,1
 Tissues optional,1
 Children of Earth Compliant,1
 Kink Meme,1
 Immortal!Ianto,1
 alpha/beta/omegaverse,1
 Created Family,1
 but there's a mostly happy ending okay?,1
 Anal Fingering,1
 Child Soldiers,1
 (Really - so much angst),1
 THAT'S HOW THINGS ARE,1
 Manipulative!Gwen,1
 Fuck the Joker,1
 just the tiniest slightest hint of Het,1
 kisses,1
 cause it's kinda hard to balance between crack and seriousness,1
 There is some torture of a child in this,1
  | Russian,1
 possibly owen bashing,1
 Past Alcohol Abuse/Alcoholism,1
 NSFW,1
 every time i try to fix the tags i just fuck them up even more,1
 Sassy Steve,1
 Aftercare,1
crackish,1
 Outer Space,1
 Blindfolds,1
 Nurses,1
 Fluff and Crack,1
 assplay,1
 Acrchive accident,1
 Woman on Top,1
 Vulcans mate forever,1
 Kitchen Sex,1
 1990s,1
 i should not be permitted to promote my own works,1
Community: reel_torchwood,1
 Translation Welcome,1
Q is a Holmes,1
 Community: mpregbigbang,1
 Fem!Harry,1
 A lot of kissing,1
 Older Ianto,1
 Smut,1
 Steve Rogers is Not a Virgin,1
Magical Realism,1
 Sam at Stanford,1
Romance,1
 Bullying,1
 Present Tense,1
 Geeky,1
 Dom! Khan,1
 Post-Break Up,1
 Oliver is Jealous,1
 Unrequited Castiel/Dean Winchester,1
 Bonding,1
 Top Khan,1
 Angst and Humor,1
Male Friendship,1
 archaic coffee rituals,1
 JACK'S BACK,1
 Ianto's dad sucked,1
 Marriage,1
 Knifeplay,1
 Alternate Universe - Merpeople,1
 Alien Planet,1
 Little ball of Wales,1
 Non-Consensual,1
 huh?,1
 Top Sherlock,1
 Stress Relief,1
 Body Worship,1
 gwen kind of sucks,1
 Podfic Available,1
 Regeneration,1
 Happy,1
Non-Consensual Drug Use,1
 BAMF Loki,1
 Gwen unfriendly,1
 Jack Ships Stucky,1
 Parties,1
 Cuddles,1
 Spoilers: seasons 1-4,1
 post-end of the world,1
 semi-apocalyptic,1
 Paris (City),1
 Steve Can't Get Drunk,1
 Soulmate AU,1
 Implied Intercourse,1
 Soulmates,1
 date,1
 POV Alternating,1
 Mating Cycles/In Heat,1
 slight Gwen Bashing,1
 RPF,1
additional tags,1
 Season/Series 02-03 Hiatus,1
 Knotting wink wink,1
 Torchwood Season 1-3,1
 POV Original Character,1
 Object Insertion,1
 Wordcount: Over 50.000,1
 Hurt Tony Stark,1
 Identity,1
 Dragon-Verse,1
 Hank's nerdiness,1
 1900s,1
 mentions of drug use,1
 Loneliness,1
 Kisses on crack,1
 Magical Ianto Jones,1
 Public Blow Jobs,1
 Magical Ianto,1
 Interplanetary Travel,1
 Fantasy,1
 Prompt Fic,1
 Multiple Pairings,1
 outsider pov,1
 bottom!Ianto,1
 redo,1
 Omega/Beta,1
Domesticity,1
ooc,1
 Community: scifibigbang,1
 but jack makes it better,1
 Episode: s01e13 End of Days,1
 Sexism,1
 Cardiff,1
 Awkward Flirting,1
 Archaeology,1
 Man Out of Time,1
 (so to speak),1
 Jack talks about his feelings,1
Vampires,1
 Alternate Universe - Vampire,1
 Dawn as Buffy's kid,1
 fight me,1
 Cock Rings,1
 Owen is a dick but tries not to be,1
 Captains,1
 Baby Ianto likes to bonk people on the nose,1
 Hugs,1
 Stopwatch,1
 Episode: s02e06 Reset,1
 dp,1
Community: Reel Torchwood,1
 Flat Holm,1
 Implied/Referenced Domestic Violence,1
 Sub!Ianto,1
COE Fix-it,1
Action/Adventure,1
 Misunderstanding,1
 Podfic Welcome,1
 Parenthood,1
 Stealthy Minions,1
 Top Spock,1
 Jack and Ianto are a bundle of hurt,1
 Alternate Universe - Mob,1
 Boss Man - Freeform,1
 I just adore this ship,1
 Virgin Spock,1
 Protective Steve,1
 FIx It,1
Mentions of various other characters - Freeform,1
 Year That Never Was,1
 cannibals,1
 Forever Ianto,1
Torchwood: Rules & Procedures,1
Torchwood Cliche Fest,1
Reborn Ianto,1
 Coats,1
 Comment Fic,1
 Canonical Gay Relationship,1
Stopwatches,1
 Pudding,1
 Embarrassed Dean,1
 Kid Loki,1
 Ianto POV,1
Miracle Day,1
 Trust Issues,1
 stark parties don't stop,1
Character turned evil,1
 Also FIILE Stich'n'Bitch Wolfie,1
 new york is a mess,1
 Jack's Missing Years,1
 scary things,1
 AU!humanverse,1
 if there are logic holes or you have problems with cracky logic,1
Car Sex,1
 Psychic Abilities,1
 Angsty Schmoop,1
Canon Compliant,1
 Stanford Era,1
 oh god I can't believe I added a relationship tag,1
Jack Harkness/Steve Rogers - Freeform,1
 wibbly wobbly timey wimey,1
 Pre-s3,1
 Episode AU: s06e01 The Impossible Astronaut,1
 Transformation,1
 blowjob,1
 h/c,1
 Eunice Bakely,1
 Time War,1
 Sick Jim Kirk,1
 Deus Ex Machina,1
Fanvids,1
 Confusion,1
 Torchwood Season Two Doesn't Happen,1
 Time Lord Rose,1
 The Problem of Susan,1
 HISTORICAL EVENTS COUNT AS CROSSOVERS OKAY,1
 Mobsters,1
 Gore,1
 RPS - Freeform,1
 Jack Harkness Flirts,1
 Series 5,1
 freaking out,1
End of the World,1
 Maccas Merlin,1
 Episode: s02e01 Kiss Kiss Bang Bang,1
 child endangerment,1
 He just plays video games and snarks,1
 Season/Series 04,1
 Video Format: Streaming,1
 Between Seasons/Series,1
 how is Wincest not a tag,1
 Military,1
 Families of Choice,1
 Body Parts Everywhere (in a sexy way),1
 Telepathic Sex,1
 Terrible Metaphors,1
Torchwood Fic Week,1
 Loki fucks inanimate objects,1
 Double Penetration,1
Post-Traumatic Stress Disorder,1
 Omegaverse,1
 Insanity,1
 Strong Language,1
 Hermann Gottlieb is Owen Harper,1
 the character 'Trey MacDougal' is an alias but he is not an OC either just fyi for those reading,1
 Ianto's Coffee,1
 Community: cottoncandy_bingo,1
 Concussions,1
Meantion of off screen character death,1
 Episode: s02e13 Exit Wounds,1
 Alien Cultural Differences,1
 Implied Torture,1
 Fake Science,1
 Faeries - Freeform,1
 Service,1
 Alpha/Omega,1
 Sass,1
BAMF Merlin,1
 Ianto's Family,1
 rationing,1
 Ianto leaves Torchwood,1
 lots of crossovers here,1
 i mean LOOK AT THE RELATIONSHIP TAG,1
 Robots,1
 Mutant,1
 Torchwood: Rules & Procedures,1
 not a kid!fic,1
 Award Winners,1
 Grief,1
Alternate Universe- Daemons,1
 Avengers realm,1
 Canon Divergence,1
Jack and Merlin as immortal bffs who fuck sometimes,1
 Sex in a Car,1
 original footage,1
 fake season,1
 I swear updating the tags is one of my favorite parts of this fic,1
 Big Bang Challenge,1
 artistic disclaimer right here,1
 Women Being Awesome,1
 Pranks and Practical Jokes,1
 Adoption,1
Hurt,1
 sleepy Ianto,1
 Fivesome,1
 Prequel,1
 Past Relationship(s),1
 Alternate Timelines,1
 cloning,1
 Oral Sex,1
 Dick Jokes,1
 Teasing,1
 Love,1
 Canon Temporary Character Death,1
 questionable DNA information,1
 lol,1
 Dragopus,1
 Slice of Life,1
 suddenly angst,1
 Mental Health Issues,1
 Community: great_tales,1
 Alive Owen,1
 MoD!Harry,1
 Superfamily (Marvel),1
Children of Earth Compliant,1
 Femdom,1
Alternate Universe - Steampunk,1
 John Hart being John Hart,1
 Child Abuse,1
 Genetics,1
 Divorce,1
 Tailoring,1
 kirk teaches Spock how to play,1
 Love Confessions,1
Slash,1
 Plotty,1
 Melody Malone - Freeform,1
 Natasha is scary when someone threatens her family,1
 Outdoor Sex,1
 Loki - Freeform,1
 Shower Sex,1
 Werewolf Sex,1
 Vaginal Fingering,1
Explicit Sexual Content,1
 sub!jack,1
 Cunnilingus,1
 Angsty Undertones,1
 Car Sex,1
 Kory Anders the Supermodel was ACTUAL COMICS CANON,1
 Top Jim,1
 Top Sam,1
Male Slash,1
 Secretly a Time Lord,1
Episode: s03e13 Last of the Time Lords,1
Episode Related,1
 Time Lords and Ladies,1
 Sub!Dean,1
Alpha/Beta/Omega Dynamics,1
 All Seven Circles of Hell,1
Spoilers for whole Series,1
 Drunken Flirting,1
Fairies,1
Suicide of Original Characters,1
 Implied Sexual Content,1
 I Love You,1
 its a problem for me,1
 Beta/Beta,1
 Character Death,1
 Drinking & Talking,1
 Ianto Jones: Alien,1
 Confusing Jack Harkness,1
 Jack will never love Gwen like he does Ianto,1
 Car Accidents,1
 Swearing,1
 Post-Children of Earth (Season 3),1
 Post - Countrycide,1
Women Being Awesome,1
 Alternate Universe - Fusion,1
 Orgasm Delay/Denial,1
 Plot What Plot/Porn Without Plot,1
Zombies,1
 Politics,1
 Depression,1
 Fairy Tale Influences,1
Swearing,1
 Recovery,1
 Ianto and Phil Are Not Who They Seem To Be,1
 archivists,1
 Five Times,1
 Embedded Video,1
 accidental mild Gwen bashing,1
Alcohol,1
 Come Eating,1
 Banter,1
 Light Angst,1
 Memory Alteration,1
 Explicit Sexual Content,1
 Rebound Sex,1
 Hogwarts,1
 Hand Jobs,1
 Alive Ianto,1
 Tumblr Prompt,1
 Steve and Thor like Tumblr,1
 Disturbing Themes,1
 consenting somnophilia,1
Episode Tag,1
 No Other Tags Cause It Would Spoil the Story,1
 Bisexuality,1
 Owen is a bad boy,1
 Cannibalism - mentioned,1
 Military Fetish,1
Telepathy,1
 Somnophilia,1
Time Lords and Ladies,1
 strange happenings,1
 i mean seriously,1
Community: eleventy_kink,1
References to Suicide,1
 Tyra Shaw,1
 but it gets better?,1
 he was only saying hello,1
 I'm Sorry,1
 Work Contains Fan(s) or Fandom(s),1
 Casual Sex,1
descriptions of blood/gore,1
 Bottom Khan,1
 Sherlock does expiriments,1
 Camping,1
Wingfic,1
 Nightmares,1
 hints of ships but not really - Freeform,1
 Alcohol Abuse,1
 Comfort Sex,1
 dub con snogging due to drunkenness,1
Retcon (Torchwood),1
 Friendship/Love,1
 Fairies,1
Drinking,1
 Brotherly Affection,1
Medical Procedures,1
 My basic writing technique was to ask myself,1
 shower,1
 Rivalry,1
 Dog Tags,1
 alien stuff,1
Jack fights for Ianto,1
 Mob Bosses,1
 Post-Canon,1
 Too much fun had writing this,1
 Loki discovers Midgard swears,1
 Playing Doctor,1
 But I do give a hint,1
 Secrets,1
 seriously can someone for once read my crossovers?,1
 Protectiveness,1
 Female Character of Color,1
 Not COE compliant,1
 Government Agencies,1
 Alternate Universe - Dragons,1
Drunkenness,1
 implied dub-con,1
brief dubcon,1
 Implied Castiel/Dean Winchester,1
 i don't like either of them so it's hard to tell but the bashing isn't intended sorry,1
 Masturbation,1
 Sick Tony Stark,1
 Eleventh Doctor Era,1
 Mutual Masturbation,1
 I'm so sorry Ianto,1
" ""How could this be crackier?""",1
 Gratuitous Abuse of Arthurian Legend,1
 i updated the relationship tag,1
 Torchwood 4,1
 Incest,1
 feeeeelllls,1
Alien!Ianto,1
 Fatherhood,1
 wayyyyyyyy too many characters here,1
 I really loathe her,1
 So fluffy it hurts,1
 SHIELD,1
 Two great tastes,1
 Chair Sex,1
Coda,1
Harry gets booted off a planet - literally,1
 Dean Winchester is a touch slut,1
 Shy Dean,1
 Siblings,1
 desk porn,1
 Alternate Universe - Coffee Shops & Cafs,1
 Australia,1
 Jack's Past,1
 Office Sex,1
Hurt No Comfort,1
 Ianto is just as broken as Tony,1
 no flames,1
 Non-Consensual Bondage,1
 Snark,1
 Not Beta Read,1
End of Days,1
 Twincest,1
 AU (impliedly),1
 Post - Deathly Hallows,1
Plot What Plot,1
Fem!Ianto,1
 because torchwood,1
 Female Harry Potter,1
 possibly gwen bashing,1
 I really love crossovers why do you not share this love with me?,1
Random Wholock,1
 Biting,1
 Sub! Kirk,1
 spirk,1
 Alternate Ending,1
 Alive Tosh,1
 Angst with a Happy Ending,1
drabbles,1
Morning Sex,1
 Canon compliant to end of Season 3,1
 Dom!Jack,1
 Eye Candy,1
 Community: Jantolution,1
 Alive Toshiko,1
Team,1
 Break Up,1
 Alternate Universe - Modern Setting,1
 Suspence,1
 kinda foodplay?,1
 Slash Goggles,1
 Magic bonds,1
 Pining,1
 Alternate Universe - Time Travel,1
 Alternate Universe - Bar/Pub,1
 Still not my fault,1
 still haven't seen s4,1
 Illness,1
 Wincest - Freeform,1
 Post-Episode: s01e04 Cyberwoman,1
 service submission (in the newest chapters),1
 5+1 Things,1
 excessive introspection,1
 THIS IS CRACKY SO PLEASE DON'T USE TOO MUCH LOGIC INTO IT,1
 Hopefully people don't mind the craziness in here,1
 fluff and porn,1
Missing Scene,1
 Paternity,1
 Stargate Makes An Appearance,1
 Rape/Non-con Elements,1
Kid Fic,1
 Pneumonia,1
 like he imagines boobs,1
 Woman stuff,1
 Virgin Castiel,1
 fun with dr who references,1
 Reunions,1
Captivity,1
 Friends to Lovers,1
 Baby Ianto has the Avengers wrapped around his finger,1
 younger Ianto,1
 Season/Series 03,1
 Owen swearing,1
 1930s,1
 Thorki - Freeform,1
 terrible attempt at Chekhov's accent,1
 multifandom vid,1
 we love Tosh,1
 Captain Bad Touch,1
 Phone Sex,1
Illness,1
Humour,1
 Military Academy,1
 thugs - Freeform,1
 Leadership,1
 Con Artists,1
five things,1
 Jealous Bucky,1
 i looked up what maccas means and apparently it's Australian slang for McDonalds strange,1
 Artist Steve Rogers,1
 hurt ianto,1
 Resurrection,1
 Alien Biology,1
 1970s,1
 Robot Sex,1
 Silver Fox Lestrade,1
 BDSM,1
 Bottom Kirk,1
Male-Female Friendship,1
 Hate Sex,1
 Kirk is self doubting,1
 Hijinks,1
 Battle of the Department of Mysteries,1
Truth or Dare,1
 Handlers,1
 Genderswap,1
Smut,1
 sterek,1
 Offensive Humor,1
 spot the references,1
 Team Bonding,1
 Beware: written under the influence of insomnia,1
Adventure,1
Season/Series 03-04,1
 controlling Sam,1
Pheromones,1
 Community: fan_flashworks,1
 Sexual Experimentation,1
Other Additional Tags to Be Added,1
Crossover Pairings,1
Memory Loss,1
 Angry!Ianto,1
 Inflicting Pevensies on People,1
Alien Planet,1
 Consensual Infidelity,1
 Canon-Rewrite,1
 Abusive Relationships,1
BAMF!Toshiko,1
 Angst and Hurt/Comfort,1
PWP,1
 Gags,1
Mythical Beings & Creatures,1
Alternate Universe - Fusion,1
 Sad Ianto,1
 Asphyxiation,1
 preslash,1
 and everyone's a badass,1
 Drunk Dean,1
 Light Bondage,1
 Owen secretly cares about our little teaboy,1
 Adorable,1
 Fixing Children of the Earth,1
 I'm dying,1
 Melancholy,1
 Hunters & Hunting,1
 Original Character(s),1
character death (not Ianto),1
 Rules,1
 Superstition,1
 Foursome - M/M/M/M,1
Homophobia,1
 I'm so sorry,1
 Novel,1
 Worldbuilding,1
 Knot the way you think it means,1
 external stimulating of prostate,1
 Download Available,1
 Community: rounds_of_kink,1
 all the avengers are basically big babies and can't take care of themselves,1
 suspect latin,1
soul mates,1
 Thor - Freeform,1
 sequel to And I Wake Up,1
 Kinky,1
 i just really cant write her nicely,1
Post Episode: s03e13 Last of the Time Lords,1
Big Bang Challenge,1
 Past Torchwood,1
 Tentacles,1
Post-Episode: s01e04 Cyberwoman,1
Ianto Jones: Alien,1
 Baby Ianto,1
 Post-Mission,1
 Alt Verse,1
 Alien Character(s),1
 taste great together,1
 Fivesome - M/M/M/M/M,1
Bad Wolf fixes everything,1
 Team Dynamics,1
 Feels,1
 will update more tags later,1
 These are pretty much my OTPs people,1
 basically everyone shows up at one point or another,1
 Misunderstandings,1
 Even Sealand,1
 Tooth-Rotting Fluff,1
 Beyond the Rift,1
 Ianto Jones rules every Universe,1
 m/m - Freeform,1
 Smuggling,1
 Relationship(s),1
 Tenth Doctor Era,1
 Telepathic Bond,1
Episode: s03e01 Children of Earth - Day 1,1
 Alternate Universe - Harry Potter Setting,1
 Episode AU: s04e17-18 The End of Time,1
 Children of Earth,1
 19th Century,1
 Omega Verse,1
 Young Ianto,1
 Grief/Mourning,1
 Soulmate-Identifying Marks,1
 Ianto's family a secret,1
 Schmoop,1
 Torchwood Radio Play: The Dead Line,1
 Guilt,1
 Angry Sex,1
 oh my goodness,1
 they swear a lot,1
 Kirk is vulnerable,1
post-hogwarts,1
 Multiple Crossovers,1
 Toshiko is one of the best female characters in this show,1
5 Things,1
 Abandonment,1
 Queer Themes,1
 onsided Gwen/Jack,1
 canon minor character death,1
 Anger,1
 Dom!Cas,1
 Temporary Character Death,1
 and I don't like Gwen,1
 Implied/Referenced Cheating,1
 Pon Farr,1
 Episode: s04e17-e18 The End of Time,1
 multi-fandom - Freeform,1
 Nests,1
 Darcy plans on teaching Ianto how to use a taser,1
 Alchemy,1
 Het and Slash,1
 First Meetings,1
 Emotional Baggage,1
 SO MANY ADDITIONAL TAGS,1
 fixing RTD's shit for him,1
 Multiple Partners,1
 Body Horror,1
 Immortals in Space,1
 Will probably make you cry,1
 Protective Jack,1
 Gwen Bash,1
Infidelity,1
 Drugs,1
 Hurt Ianto Jones,1
 Revenge,1
 Alien Mythology/Religion,1
Long ass story,1
 Immortal Merlin,1
 conquest of heaven,1
 Episode: s01e07 Greeks Bearing Gifts,1
 this one isn't my fault I swear,1
 The TARDIS and Loki are friends,1
 Suit Porn,1
Valentine's Day,1
 Sex Toys,1
 Sexy Loki Sarcasm,1
 Like,1
 Porn With Plot,1
 Superwholock,1
Lists,1
 Codependency,1
 but we love him anyway,1
 this is all tumblr's fault,1
 Name-Calling,1
Slavery,1
 sort of,1
Faeries - Freeform,1
Alternate Universe - Magic,1
Female Harry,1
 repeated death,1
 mentions of abuse,1
 Tony Stark Has Issues,1
 Sex Games,1
 Magical Artifacts,1
 warnings for Jack Harkness having sex,1
Mirrors,1
 Lust Potion/Spell,1
 Alpha/Beta,1
 Het,1
 Bottom John,1
 Restraint,1
 knots,1
 Magic Realism,1
 Tissues suggested,1
 allusion to sex,1
Outrageous Flirting,1
 Employment-related sexual harassment,1
 Post-Episode: s02e01 Kiss Kiss Bang Bang,1
 Hank McMasters,1
 Minor Injuries,1
 TARDIS Coral,1
 Sappy,1
 Tony Stark Needs a Hug,1
 Doctor Who References,1
 Missing Scene,1
 Some Humor,1
Conversations Universe,1
 like a TON,1
5+1 Things,1
 Self-Esteem,1
 Canon Crossover,1
 Minotaurs,1
 Sadness,1
 Possessive Behavior,1
 Ending Relationship,1
 Pon Farr fics are harder than they look,1
 Kissing It Better,1
Immortal Ianto Jones,1
Team Dynamics,1
AU,1
Blink And You Miss It Slash,1
 Walk Into A Bar,1
 Drunk Sex,1
 That's it,1
 BAMF Ianto,1
 References to Suicide,1
 top!Jack,1
 1920s,1
 Wibbly Wobbly Timey Wimey... Stuff,1
 Thunderfrost - Freeform,1
 Christmas,1
 Owen doesn't actually work,1
Artificial Intelligence,1
 Ridiculous Amounts of Crack,1
