 Angst,30
 Hurt/Comfort,29
 Anal Sex,29
 bottom!daryl,22
 Rickyl,22
 First Time,22
 Smut,19
 Slow Burn,18
 Fluff,17
 First Kiss,16
Rickyl,15
 Slow Build,15
 Bottom Daryl,15
 Emotional Hurt/Comfort,14
 Anal Fingering,14
 Blow Jobs,14
 Alternate Universe - Canon Divergence,14
 top!rick,13
 Oral Sex,13
 Explicit Sexual Content,13
 Alternate Universe - No Zombies,13
 Eventual Smut,12
,11
 Explicit Language,11
 Top Rick,11
 Masturbation,11
 Plot What Plot/Porn Without Plot,11
 Past Child Abuse,10
 Rimming,10
Alternate Universe - No Zombies,10
 AU,10
 Romance,10
 Sexual Tension,9
 Falling In Love,9
 Alternate Universe,9
 Rough Sex,9
 Awkward Daryl,9
 Domestic Fluff,8
Angst,8
 Fluff and Angst,8
 Friends to Lovers,8
 Shameless Smut,7
 Established Relationship,7
Smut,7
 Minor Character Death,7
Fluff,7
 Hand Jobs,7
 Pining,7
 Rape/Non-con Elements,7
 Sexual Content,7
 Violence,7
 Rickyl Writers' Group,6
 Virgin Daryl,6
 Love,6
 Protective Rick,6
 Canon-Typical Violence,6
 Alternate Universe - No Zombie Apocalypse,6
 Fluff and Smut,6
 Omega Daryl,6
 Alpha Rick,6
 Dom/sub,6
 Blowjobs,5
 Prison,5
 Possessive Behavior,5
 Dirty Talk,5
 Protective Daryl,5
 Cunnilingus,5
 bethyl,5
 Alexandria Safe-Zone,5
 Drama,5
 Teasing,5
 Orgasm Delay/Denial,5
 Depression,5
 Kissing,5
 Mpreg,5
 Zombie Apocalypse,5
 Mating Cycles/In Heat,4
 Internalized Homophobia,4
 Frottage,4
 Knotting,4
 Daryl In Love,4
 Self-Harm,4
Alternate Universe - No Zombie Apocalypse,4
 Alpha/Beta/Omega Dynamics,4
 Shower Sex,4
 Developing Relationship,4
 Implied/Referenced Rape/Non-con,4
 Implied/Referenced Self-Harm,4
Hurt/Comfort,4
 Spanking,4
 Gay Sex,4
 Sex Toys,4
First Time,4
Slow Burn,4
Alpha/Beta/Omega Dynamics,4
 Threesome - M/M/M,4
 spit,4
 Beth Lives,4
Alternate Universe - Canon Divergence,4
 Friendship,4
 Past Abuse,4
 Zombies,4
 Hurt,4
 POV Daryl,4
 Oblivious Rick,4
 Post-Traumatic Stress Disorder - PTSD,4
 Character Death,4
 Outdoor Sex,4
 Humor,4
 Other Additional Tags to Be Added,4
 One Shot,4
 Anal Play,3
 Light Dom/sub,3
 Bondage,3
 Scars,3
Alternate Universe,3
 submissive Daryl,3
 Public Sex,3
 grixon,3
 Feelings,3
 Choking,3
 Implied/Referenced Child Abuse,3
 rick grimes - Freeform,3
 Porn with Feelings,3
Dom/sub,3
 Hair Pulling,3
 Dark,3
 Psychological Trauma,3
 virgin!Daryl,3
 Bottom Rick,3
 Light Angst,3
 Angst and Fluff and Smut,3
 Daddy Kink,3
Alexandria Safe-Zone,3
Alternate Universe - College/University,3
 Mutual Masturbation,3
 Dubious Consent,3
First Kiss,3
 Daryl Has Issues,3
 daryck,3
 Homophobic Language,3
 Torture,3
 Community: twd_kinkmeme,3
 Horny Rick,3
 Past Rape/Non-con,3
 Cheating,3
 Sexual Violence,3
 Love Confessions,3
Slow Build,3
 gagging,3
 Alternate Universe - Modern Setting,3
 Shy Daryl,3
 Fingerfucking,3
 Porn With Plot,3
AU,3
 Cute,3
 Sex,3
 Blood and Gore,3
 Horror,3
 Gore,3
 Vaginal Fingering,3
 Hurt Daryl,3
 Biting,3
 Survival Horror,3
Fanart,3
 Grinding,3
 Bethyl Week,3
 Horny Daryl,3
 Canonical Character Death,3
 Alternate Universe - Werewolf,2
 alpha!Rick,2
 Mildly Dubious Consent,2
 Suspense,2
 Finger Sucking,2
 Unresolved Sexual Tension,2
 Protective Merle,2
 Family,2
 Bathroom Sex,2
 Accidental Voyeurism,2
 Rickyl Writers' Group Bingo 2016,2
 Season/Series 02,2
Mpreg,2
 Parent Rick,2
 Step-siblings,2
 Child Abuse,2
 Psychological Horror,2
 Sign Language,2
Shaving,2
 Multiple Orgasms,2
 Family Fluff,2
Sex,2
 Reunion Sex,2
 Disturbing Themes,2
 Mates,2
 Marking,2
 Abuse,2
Canon-Typical Violence,2
 Threats of Rape/Non-Con,2
 Insecure Daryl,2
 Prostitution,2
 Alternate Universe - College/University,2
 Licking,2
 Doggy Style,2
 Oral Fixation,2
 Unresolved Romantic Tension,2
 Dry Humping,2
 Feels,2
 Friends With Benefits,2
 Coming of Age,2
 Male Slash,2
 Warm and Fuzzy Feelings,2
 Semi-Public Sex,2
 Eventual Romance,2
 Kink Meme,2
 Families of Choice,2
Romance,2
 Bonding,2
 Bruises,2
 Mentions of Shane,2
No Apocalypse,2
 Survival,2
 Top Daryl,2
 Drug Use,2
 Domestic Bliss,2
 Pain,2
 Bossy Daryl,2
 Fix-It,2
 Loss of Virginity,2
Daddy Kink,2
 Violent Thoughts,2
Gang Rape,2
 PTSD,2
 Recovery,2
 Deaf Character,2
 Death,2
 Magic,2
 Canon Compliant,2
Werewolf AU,2
 Food Kink,2
 Communication Failure,2
 Touching,2
 poncho sex,2
 domestic Daryl,2
 Male-Female Friendship,2
 Light Bondage,2
 handjobs,2
 Hallucinations,2
 Prompt Fill,2
 Flashbacks,2
 Rape Aftermath,2
 Handcuffs,2
 Master/Slave,2
Daryl Has Issues,2
 Barebacking,2
 Action,2
 Unsafe Sex,2
 slight D/s,2
 Drama & Romance,2
 Praise Kink,2
 Slow Burn Daryl Dixon/Rick Grimes,2
 Nipple Play,2
 Obedience,2
 Parent Daryl,2
 Crying,2
 Mechanic Daryl,2
 Minor Violence,2
 prompts,2
 sweet smut,2
Plot What Plot/Porn Without Plot,2
 Grief/Mourning,2
 Attempted Sexual Assault,2
 Versatile!Rickyl,2
Established Relationship,2
Dubious Consent,2
 Incest,2
 Cop Rick,2
 Idiots in Love,2
 Prison Sex,2
drabbles,2
 Muteness,2
 Comedy,2
 Voyeurism,2
 Wall Sex,2
 Enemies to Lovers,2
 Getting Together,2
 Suicide Attempt,2
 Brain Damage,2
 omega!Daryl,2
 Thumb-sucking,2
 Slash,2
 Tooth-Rotting Fluff,2
 Fluff and Humor,2
 Cuddling & Snuggling,2
 Implied/Referenced Domestic Violence,2
 Parenthood,2
 Hair-pulling,2
 Crossover,2
 Age Difference,2
Alternate Universe - Modern Setting,2
 Love/Hate,2
 Femdom,2
 Swearing,2
 Underage Kissing,2
 Dominant!Rick,2
 Drabble Collection,2
 Childhood Sexual Abuse,2
 Humiliation,2
 drool,2
 Protective!Rick,2
 drabbles,2
 Sweet,2
 Love at First Sight,2
 Dream Sex,2
 Mystery,2
 Suicidal Thoughts,2
 First Meetings,2
 daryl dixon - Freeform,2
 Caring Rick,2
 Christmas,2
 Non-Canonical Character Death,1
 But Not a Story ABOUT Mpreg,1
 Fire,1
 Arranged Marriage,1
 Fanfiction,1
 Cockwarming,1
 Python named Rick,1
 Lots of bad language,1
 A wild feel appears,1
 Kinkmeme,1
Eventual Carl/OC,1
 dominate Rick,1
 Birthday Smut,1
 Jealous Sirius,1
 Post-Season/Series Finale,1
whoops,1
 Intercrural Sex,1
 Michonne is having a blast,1
Military,1
 Birth Control,1
 DarylisNOTavirgin,1
 rickxdaryl - Freeform,1
 Bucky Barnes Returns,1
 Happy Ending,1
 vest porn,1
 Alternate Universe - Slavery,1
 Life Debt,1
 Alternate Universe - Domestic,1
 Strawberries,1
 In which Jeremy Renner's characters are The Brothers Grimm,1
 Weasley twins,1
 Prostate Massage,1
 Under-negotiated Kink,1
 meaning there will be smut almost immediately,1
 Knifeplay,1
 I have a thing with the weapons in TWD,1
 Stress Relief,1
 some explicit scenes that may bother people,1
 Chandy,1
 There will be Plot,1
 Rick & Michonne as bros,1
 Major character death! kinda not sorry though,1
 Cum shot,1
 Lots of Angst,1
 Daryl is Rick's Prince,1
 Daryl Dixon is secretly a very nice guy,1
 Making Out,1
 Exhibitionism,1
 Close call,1
 pyrokinesis,1
Daryl Wump,1
 Past Attempted Rape/Non-Con,1
 No Smut,1
 Werewolves,1
 Public Blow Jobs,1
 Healer Harry,1
 She will slap a ho,1
 Gratuitous Smut,1
Chaptered,1
 Top!Jesus,1
 Non-ZA/AU,1
 Missing Scene,1
 POV George Weasley,1
Resurrection,1
 Car Accident,1
POV Daryl,1
 well meaning!Rick,1
 Rick POV,1
 If you're looking for plot this ain't it,1
 and Maggie joins forces,1
 nipple nibbles,1
 Fisting,1
 Daryl is going to be an awesome dad,1
 69 (Sex Position),1
 Chapter 41 for RWG Bingo for fresh coffee,1
 BDSM,1
 Daryl with Judith,1
 Zombies are still around,1
 Wingman!Shane,1
 Underage Drinking,1
 Chapter 65 RWG Bingo for needle marks,1
 epic journey,1
 Public Transportation,1
 Euthanasia,1
 Sane-but-Seems-Crazy Rick,1
 Affairs,1
 Tail Play,1
 Bethyl Secret Santa,1
Family time,1
 spoilers through season 6,1
 follows timeline until it doesn't,1
 Feather Play,1
 Consensual Possession,1
 Daryl is inexperienced,1
 Undressing,1
 seriously SO much masturbation,1
 Aftermath,1
 Enemies to Friends to Lovers,1
 Awkward Sexual Situations,1
 lots of smut,1
 Non-Explicit Canon-Typical Abuse,1
 Season/Series 04,1
 Season/Series 05,1
 Season/Series 01,1
 Rick loves Daryl,1
Domestic Violence,1
 Gifted!Darcy,1
 POV Sirius Black,1
 a hell of a lot of swearing,1
 preslash,1
 Hurt!Rick,1
 worried!protective!Daryl,1
 Sex Work,1
 NSFW Art,1
 And resolution!,1
Anal Sex,1
 Aaron/Daryl Bromance,1
 Rick Totally Has Permission to Waltz,1
 Omega Clint Barton,1
 walking dead - Freeform,1
 Explicit Non-Sexual Violence,1
 My First Fanfic,1
 Love Triangles,1
 Injured!Daryl,1
 Jtunn Loki,1
 sleeping Rick,1
 Between Season/Series 03-04,1
 now do the fuck,1
 and Rick is the full spectrum of human emotion,1
 Light BDSM,1
 Alpha - Freeform,1
 Witches,1
 Anal Beads,1
 TW: Self Harm,1
 Sexual Confusion,1
 Sleigh Ride AU,1
 hints of D/s,1
 Worried!Daryl,1
 Trust,1
 30 Day OTP Challenge,1
 Wet Dream,1
 Cupcakes,1
 Discussion of self harm,1
 Romantic Soulmates,1
 Shane Walsh - Freeform,1
 Self Tail Insertion,1
 Merman!Daryl,1
 Kidnapping,1
 ice cubes,1
 Alexandria - Freeform,1
 Rick and Daryl love,1
Physical Disability,1
 Alternate Timelines,1
 Prison Family,1
 but it all works out in the end,1
Food Sex,1
 Zombie apocalypse levels of mess,1
 Confident!Daryl,1
 Don't panic- still lots of smut,1
 Slight Rimming,1
Friends to Lovers,1
 Mentions of Merle Dixon,1
 Implied Rick Grimes/Lori Grimes,1
 but the ladies of twd don't give a crap,1
 Belligerent Sexual Tension,1
 I feel that's important,1
 Bruce Banner & Tony Stark Friendship,1
 First Time Blow Jobs,1
 Possible Mpreg,1
Slow Burn Daryl Dixon/Rick Grimes,1
 Bottom!Rick but I see them as being versatile in the future,1
 Tickling,1
 Isn't a hoe a garden tool?,1
 Sex Worker Daryl,1
Oh My God,1
 very very mild (hinting) D/S element,1
 Sibling Incest,1
 Scent Kink,1
 Character Study,1
 The Rick and Jessie stuff is so far off it's not even in this hemisphere yet,1
ShanelivesAU,1
 Wakes & Funerals,1
 season five,1
 Now not-so-slight canon divergence,1
 desparation,1
 AU but with zombies and Governor,1
 everyone is bi,1
 Harry potter in the walking dead,1
 Roommates,1
 Rick to the Rescue,1
 Truth or Dare,1
 BAMF Harry Potter,1
 a little touch of fluff,1
 i love how self-facial automatically becomes all caps,1
 Sexual Harassment,1
 Ain't nobody kidnapped,1
 Interspecies Sex,1
 Psychological Drama,1
Alternate Universe - Werewolf,1
 Buckets of Emotion,1
post-apocalyptic dystopian,1
 Power Play,1
 Friendship/Love,1
 Daryl Dixon is in love,1
 The place is a horny hotbed,1
 Animal Abuse,1
 Ownership,1
 STFU Carl!,1
 major feels alert,1
 butt plug,1
 First Date,1
 Pack Dynamics,1
 Filming Spoilers,1
 Merle's nice-ish,1
 Post prison no Terminus,1
 candy coated sex,1
 Submissive!Daryl,1
 Beth Greene Lives,1
 but it is after all,1
 Merle is a pimp,1
 Human Sex,1
 Firefighter auction,1
 Alpha Males,1
 Shapeshifters - Freeform,1
 Trickster!Rick,1
 sassy ladies sassing,1
 Don't blink or you'll miss him/her/them/it,1
 Cutting,1
 Moody Daryl,1
 Is it hoe or ho?,1
 overprotective!merle,1
 Team Family,1
 Its canon till its not,1
 Sexual Assault,1
Embarrassed Daryl,1
Alternate Universe - High School,1
 Morning After,1
 Follow up,1
 Menstruation,1
 The Cahill Project,1
 Infertility,1
 So you're korean,1
 spanking for the sake of spanking,1
 based in no reality,1
 Major Character Injury,1
 Sex on a Car,1
 Dom/sub Undertones,1
 This shit is fluffy,1
 daryl is a bottom but he's more dominant here,1
 Lori Grimes - Freeform,1
 I swear,1
 Drinking,1
 Beth Greene lights shit on fire,1
 These boys are not good with feelings,1
 Cumplay,1
 Avengers - Freeform,1
 holycross,1
 but it will happen,1
 prostitute!Daryl,1
 The Brothers Grimm were cloned,1
AU- no zombies,1
 unstable!rick,1
 Panic Attacks,1
 Fury's Angels are BAMF Chicks (but don't call them that),1
 Care packages,1
 unusual lubes,1
 militant dystopian,1
 Gift Giving,1
 Injury,1
 these boys need some sleep,1
 rick realizing he's maybe not straight,1
Alternate Universe - Regency,1
 Shorts,1
 Spans through seasons 3-5,1
 Bisexual Bucky Barnes,1
 Nightmares,1
 Xenophilia,1
 Dom!Rick,1
 Dildos,1
 From Sex to Love,1
 not really - Freeform,1
 Teen Angst,1
 Demisexuality,1
 Chapter 62 and 63 for RWG Bingo prized possession,1
 Alternate Universe - Different First Meeting,1
 soul mates,1
 Bad Decisions,1
 Apologies,1
 just porn,1
 Future Fic,1
 POV Rick,1
 Introspection,1
 Rick is Carl's Dad and Daryl's Daddy,1
 Mutual Pining,1
 Google translation is awesome!,1
 Platonic Cuddling,1
 so many feels,1
I literally have no idea what this is,1
 The Unusual Avengers Legacy Protocol,1
 I'm Not Kidding About Dirty Talk,1
 Daryl is a musician,1
 Gratuitous Song Lyrics,1
 cum as lube,1
 Yes there's a plot,1
 Homecoming,1
 Confessions,1
 Asperger Syndrome,1
 Cock Ring,1
 Not really a cure,1
 Demon!Maggie,1
 Pedophilia,1
 Omega Verse,1
 Soulmate-Identifying Marks,1
 Not following the show's plotline,1
 Derogatory Language,1
Drinking,1
 Alpha Shane,1
 Dubious Science,1
 some homophobic language,1
 Implied/Referenced Cheating,1
 AU after Purgatory,1
 Accidentally High,1
 Set in a magical happy world where nothing major happens after the Saviors,1
 but still happy ending,1
 Winter Romance,1
 Universe Alteration,1
 Wolf Violence,1
 Why Did I Write This?,1
 Canon Universe,1
 Hannibal is a Cannibal,1
 Carl is gonna wish he was blind,1
 Disabled Character,1
 Sadistic/Masochistic undertones,1
 Jealous Daryl,1
 Sort of shy Daryl,1
Mental Instability,1
 Student Daryl,1
 And then the light,1
 Mistletoe,1
 Sleepy Sex,1
 All the Cameos!,1
 dominant daryl (sorta),1
 So Much Feels!,1
 deployed servicemember,1
 Subdrop,1
 Shane is a dick,1
 But Just Bromance,1
 Hannibal is Hannibal,1
 Spoilers for s03e15 This Sorrowful Life,1
Puppy Play,1
 Whipped Cream,1
 snake - Freeform,1
 daryl has a filthy mouth,1
 Mixed Signals,1
 Sexual Frustration,1
 Some Humor,1
 ayyy,1
 Couch Sex,1
 winter soilder,1
 and there will be emotions,1
 no spoilers for s6,1
 Scratching,1
Fix It Fic,1
 Kid Fic,1
 which is cute,1
 Texting,1
 i'm gonna stop tagging now,1
 shifter!Steve,1
 Powerful Harry,1
 Because Angst.,1
 Set between Season 2 and 3,1
 Masturbation in Shower,1
 Rick's background,1
 Spiders,1
bethyl,1
 Fucking on watch duty,1
 bartender jesus,1
 Felching,1
 In which Daryl is socially inept,1
 kind of a lame plot device,1
 but not too much,1
 Attempted Sex,1
 Porn,1
 gummy worms,1
 Skinny!Steve,1
 Kitchen Sex,1
Grief/Mourning,1
 Travel,1
 Gentle Dom,1
 first time fic,1
 But I imagine them as versatile in the future,1
 Jailbait!Daryl,1
 Established Friendship,1
 mostly gentle,1
 Guest Stars,1
 and smutty,1
 fuck plots,1
 Why do I love hurting Daryl?,1
 Non-Consensual,1
 Rick and Daryl bang bang,1
 Implied Slash,1
 No really a dumbass,1
 Shane Bashing,1
 Clint Barton is severely hearing impaired,1
 Daryl hates Rick,1
 And Some Fluffiness,1
 Sugar Daddy,1
 Platonic Soulmates,1
 Okay maybe not that many feels,1
 Bruce Banner - Freeform,1
 set in the Walking Dead TV-verse,1
 smut with hella plot,1
 Spaghettios,1
additional tags,1
 fighting settlements,1
 Post Episode AU: s04e10 Inmates,1
 Dirty Dancing,1
 Anger,1
 Bathing/Washing,1
 daryl has a sweet tooth,1
 Bad Parenting,1
 Crossdressing,1
 non-graphic references to corrective rape,1
 a little fluff,1
 Alpha Sam Winchester,1
 Still,1
 an excuse to write a lot of smut,1
 Divorced!Rick,1
 shoulders,1
 protective,1
 Season one canon compliant,1
 S-L-O-W,1
 top!Daryl,1
 Rickyl Writers' Group December 2015 Challenge,1
 Racist Language,1
 Kittens,1
 yes will and hannibal are in this,1
 while being all daryl-y about it,1
 Dursley Bashing,1
 like if you're not into that just nope right out of here,1
 cat!Daryl,1
 Naive!Angel Daryl,1
 Alternate Universe - The Last of Us,1
 Sexual Abuse,1
 Sexting,1
 Alpha Wade,1
 Daryl loves sucking cock,1
 God!Michonne,1
 grouchy mermaids,1
 Implied/Referenced Suicide,1
 Forced Feminization,1
 Protective Carl,1
 insomniac!Rick,1
 Wet & Messy,1
 spoilers for s06e03,1
 Racism,1
 Angsty Schmoop,1
 Killing,1
 sort of angsty,1
Male Pregnancy,1
 BAMF Will Graham,1
 Stockholm Syndrome,1
 Fake/Pretend Relationship,1
 Pregnant,1
 greedy bottoms,1
 Jeremy Renner is the Hawtness!,1
 Psychosis,1
 Paddys Day,1
Smutt with no real plot,1
Post-Series,1
 Broken men,1
 patience please,1
 That's only relevant if you read this,1
 Rick is a Horndog,1
 Alternate Universe - Beth not kidnapped,1
 Alternate Universe - Zombie Apocalypse,1
Alternate Universe - Dystopia,1
 Watersports,1
 Young Daryl,1
 mating cycles/ruts,1
 Blood,1
 Awkward Conversations,1
 Alpha!Rick Grimes,1
 werewolf!Daryl,1
 There's really a lot of sex in this,1
 dub-con,1
Fake/Pretend Relationship,1
 And angst!,1
 Pranks and Practical Jokes,1
 Smut for later chapters,1
Post-Terminus (Walking Dead),1
 Basset is Dwight's brother,1
 I am not a garden tool,1
 i'm so mean to daryl,1
 jerking off,1
 Merle's kind of a dick too,1
 Coming Untouched,1
 Mentions of Jessie,1
 seriously they're all gonna snuggle like fucking puppies,1
 slave!daryl,1
shameless porn,1
 Physical Abuse,1
 Random order one shots,1
 Rick is a carpenter now,1
 rick is a very very bad boy,1
 Older Man/Younger Woman,1
 Mating Bond,1
 sorta premature ejaculation,1
 WTF am I writing?,1
 Daryl Whump,1
 paul rovia is serious about some legit consent y'all,1
 Daddy Issues,1
 Underage - Freeform,1
 Daryl as bargaining chip,1
deaf!Daryl,1
Inspired by The Walking Dead,1
 Exhaustion,1
 god there's a lot of angst,1
 Daryl doesn't know what he wants,1
 Beta Merle,1
 grimescest,1
 Revenge is Sweet,1
 and not even realizing it,1
 Sensitive Nipples,1
Episode Tag,1
 past(?) humiliation,1
 RickGrimes!Mpreg,1
 The Governor is a major dick,1
 Sadistic Governor,1
 Cute Teenagers,1
 cuteness,1
 Barbecue,1
 Showers,1
 Camping,1
M/M/M,1
 Season 4 - AU,1
 Younger Daryl,1
 Fingering,1
 Consent Issues,1
 werewolves!Grimes,1
 Carl is a Little Shit,1
 Rick is a dumbass,1
 Protective Castiel,1
 really hope can add a threesome tag someday lol,1
 not exactly pwp,1
 badly written sex,1
 Jesus pursues Daryl,1
 Miscommunication,1
Violence,1
 potent aphrodisiac,1
 Rick is stubborn,1
 Cold/Warm,1
 Openly-Gay!Daryl,1
 Implied/Referenced Drug Use,1
 background Gleggie,1
 Service Submission,1
 Self-Denial,1
 Pablo Neruda should probably get a writing credit for this,1
 Symptoms of PTSD,1
 Breathplay,1
 Car Ride,1
 Maggie has terrible timing,1
 Daryl's an amazing human being,1
jeryl,1
 Uncle Merle,1
 Language,1
 The girls are too curious for their own good,1
 very tight Rick/Shane friendship,1
 Bisexual Steve Rogers,1
 Because of course he is,1
 Alpha Loki,1
 Teasing Rick,1
 Pep talks,1
 drunk people,1
Master/Slave,1
 Verbal Abuse,1
 rick doesn't know what he's doing,1
 Jealous and dominant Rick,1
 At least they don't think they're a couple,1
 Don't forget the sex part,1
 actual wolves,1
 Lori Bashing,1
 Gratuitous amounts of walker killing,1
 So many cameos its ridiculous!,1
 But then don't we all,1
 Birthday Sex,1
 One Shot Collection,1
 dominant/submissive undertones,1
 Carl Grimes - Freeform,1
 fast burn,1
 warm blankets,1
 ass grabbing,1
 Avengers: Age of Ultron (Movie) Spoilers,1
 Daryl loves Rick,1
 cross dressing,1
 Face-Fucking,1
 Rick's got secrets,1
 Crisis,1
 Hansel & Gretel have spent the last century on ice,1
 Literal Sleeping Together,1
 Michonne is a little shit,1
 Whipping,1
 Rick in the new uniform,1
 Pervert Governor,1
 season four,1
 Cum Eating,1
 facial,1
 Daryl really hates cops,1
 BAMF Harry,1
 omega - Freeform,1
 mentions of mpreg,1
 Writing on Skin,1
 But also,1
"Episode s06e11: ""Knots Untie""",1
 Attempted Kidnapping,1
 thigh kissing,1
Blood,1
 Alpha Dean Winchester,1
 domestic-ish,1
 lots of violence like whoa,1
 Public Humiliation,1
 Omega!Daryl Dixon,1
 Picks up at Episode 5X13,1
 safe!Alexandria,1
 Devil!Carol,1
 And Rick's a little slow on the uptake,1
 officer eyefuck,1
 it's a sort of happy ending so please don't hate me,1
 Father-Son Relationship,1
 Daryl is a pretty princess okay,1
 Love Letters,1
 Shane Being an Asshole,1
 Alpha Castiel,1
 alpha deadpool,1
 so much you could drown in it,1
 Daryl is all about Rick (and also poetry but mostly Rick),1
 Bucky Barnes Remembers,1
 widow!Rick,1
 Dreams vs. Reality,1
 shaming,1
 Coda fix-it,1
 Oneshot,1
 Halloween,1
 mentions of parental incest,1
 casual blasphemy,1
 Walkers (Walking Dead),1
 slow building,1
 Threesome - F/M/M,1
 Rape,1
 Hurt No Comfort,1
 daryl has a rooftop nest,1
 Homophobia,1
 I swear there's a happy ending,1
 It's tragic how much it still embarrasses me,1
 Manipulative Hannibal,1
 There is BAMF brotherness,1
 A lot of sex,1
 m/m - Freeform,1
 Subspace,1
 please be kind,1
Season 3/4 Gap,1
 slowest burn in the history of slow burns,1
 Teacher Rick,1
 Guilt,1
 Anal,1
 OT3,1
 Smart!Daryl,1
 I'm adding tags,1
 Betrayal,1
Ricktatorship,1
 Daryl feeds Jesus,1
 I think Bethyl might have a sex addiction,1
 Mentions of past abuse,1
 season 4,1
 Protective!Morgan,1
 but seriously weapons kink,1
 Brownies,1
 Morning Sex,1
 Tony Does What He Wants,1
 some internalized homophobia,1
Kink Meme,1
 Teaching,1
 First Time Bottoming,1
 Tony Stark Has A Heart,1
 Insanity,1
 Innocence,1
 Battle,1
 Sub!Daryl,1
 Sexual Content (Eventually),1
 see Lost 'N Found for chronologically ordered into an actual story,1
 Rutting,1
Werewolf Harry Potter,1
 Worried!Shane,1
 Jokes,1
 Background Het,1
 chaoticgood!Merle,1
 Virgin!Rick,1
 this is kind of kinky,1
 Hand Job,1
 elements from comics,1
 Cock & Ball Torture,1
 Transgender Toni Stark,1
 Insecurity,1
 Alternate Universe - Bakery,1
 genuis,1
 Happy Ending for All!,1
 Beth is a Bad ass,1
 Angel!Merle,1
Beth Lives,1
 mention of alcoholism,1
post episode: s05e01 no sanctuary,1
 Michonne ships it,1
 What-If,1
 aggressive!Daryl,1
 Timeline What Timeline,1
 I didn't think it would end up this smutty,1
 Underage Masturbation,1
My First Work in This Fandom,1
 Sad,1
 WIP,1
 Body Horror,1
 Daryl is an Angel,1
 College,1
 Implied Death Threats,1
 Discrimination,1
 a smidgen of plot,1
 Nipple Clamps,1
 Yaoi,1
 Graphic Description,1
 Spooning,1
 Daryl pov,1
 Alternate Universe - Angels & Demons,1
 Companion Piece,1
 Officer Sexy,1
 Based on show and I dip my toes into the comics,1
 Badass Beth,1
 Beth and Negan,1
 other... things,1
 S&M,1
 TWD kinkmeme,1
 Very AU,1
 Still at the prison,1
 Unbeta'd,1
 Rape/Non-con References,1
 Author is comma happy,1
 Kitchen fires galore,1
 Slavery,1
 Post-Terminus,1
 Kink,1
 But Then Again When Is He Not,1
 But enough to up the angst factor,1
 Slapping,1
 Post All Out War,1
 like a cotton ball's worth,1
 Racing thoughts,1
 Sexual Fantasy,1
 Post Terminus,1
 Woodbury vs. The Prison,1
 Mental Instability,1
 super soldier secret agent master assassiny goodness,1
 Solo,1
Praise Kink,1
 mostly just porn,1
 Come on...we all know they're a couple,1
 like for real,1
 Kate Bishop is Clint Barton's Daughter,1
 Minor Maggie Greene/Glenn Rhee,1
 Merle Dixon's A+ Parenting,1
 Survival of the Fittest,1
 but my brain won't leave me alone,1
 hence all the awkwardness,1
 even when sex is on the table,1
 Emotional Abuse,1
 Rick is still a cop,1
Masturbation,1
 Public Sex (sort of),1
Kinky,1
 Oh god,1
 High School AU,1
 scratches,1
 Daryl has dark fantasies,1
 I prefer my addiction to brownies,1
 Suggested Dubious Consent,1
 Select characters met up after prison fell but did not go to Terminus,1
 Lover's spat (with fists),1
 Daryl Misses Rick's Beard,1
 seriously the fluff is abundant,1
 spoilers for the comics kinda since I shamelessly stole plot points,1
 Minor Clint Barton/Phil Coulson,1
 light fluff,1
 Erik Lensherr - Freeform,1
 Frotting,1
 i shouldn't tag things at 3 a.m.,1
 Lapdance,1
 Gun Violence,1
 Past Sexual Abuse,1
 BDSM Scene,1
 Alternate Universe - Firefighters,1
 Waffles,1
 schmoopy,1
Lori!Bashing,1
 Nude baking,1
 I suck at killing characters unless I can't stand them,1
 anal penetration,1
Past Sexual Assault,1
Flustered Daryl,1
 Time Travel,1
 Rape Recovery,1
 Cuddling,1
 regretful daryl,1
 Sloppy Seconds,1
 Awkward Kissing,1
 Russian-speaking character,1
 Daryl's feelings,1
 the boys play with stuff and things,1
 smart,1
 Hospitals,1
 Lost is an angstwhore,1
 Someone stop me,1
 can be interpreted as dub-con,1
 Seriously Rickyl will be the end of me,1
 Loss of Control,1
 Alcohol Abuse/Alcoholism,1
 Sex Kitten!Rick,1
 Sex Kitten!Daryl,1
 IT'S A DATE RICK,1
 unprotected sex,1
 Darcy Lewis is Tony Stark's Daughter,1
Darcy Lewis Crossover Challenge,1
 Implied/Referenced Character Death,1
pre-series AU,1
 Bisexual Clint Barton,1
 Because of Course He Is Too,1
 Sexy Times,1
One Shot,1
 Drooling,1
 Original Character Death(s),1
 Alternate Universe - Pacific Rim,1
 Non-zombie au,1
 Flagging,1
 dark themes,1
 Awkwardness,1
 Bromance to Romance,1
 Tears,1
 Avenger Loki,1
 Younger Merle,1
 Daryl's a dirty pig bottom,1
 mastubation,1
 NotInsane!Shane,1
 Creepy!Pete,1
 Domination,1
 Romantic Comedy,1
 Inordinate amount of poetry,1
Master of Death Harry,1
 Strangers to Lovers,1
 Daryl is gruff but a teddy bear at heart,1
 working up to rickyl,1
 transsexual!Daryl,1
 Ok more like Rick is a sociopath but he's trying,1
 non versatile character,1
AU - age difference,1
 I really hope my Gramma never finds this,1
 Rick and Daryl keep getting interrupted,1
Self-Harm,1
Zombies,1
 anger fucking,1
 Season 2 throwback,1
 Panties,1
Reunion,1
 Drunk!Shane,1
 you - Freeform,1
 Double Anal Penetration,1
 Shane's brother is a dick too,1
 Possesive!Daryl,1
 Alpha!Merle,1
 Rain,1
 Avenger Deadpool,1
 Wingman!Merle,1
 Gratuitous Poetry,1
 Hoodie!Daryl,1
 POV Sam Winchester,1
 There's also kissing,1
RPF,1
 neck nibbles,1
 Internal Conflict,1
 past(?) feminization,1
 like a sexy bird,1
 gratuitous internet meme references,1
 Mermen,1
 Jealousy,1
Emotional Hurt/Comfort,1
 Dothraki!Pietro,1
Not Endverse,1
Other Youtubers,1
Threesome - M/M/M,1
 hints to daddy kink,1
 Abusive Dursley Family,1
 gosh I almost forgot to tag that one,1
 Minor Blood and Gore,1
One-Shot,1
mentions of self harm,1
 Post-Coital Cuddling,1
 Baby!Judith,1
 Beth Sings,1
 Possessive Nigel,1
Kitchen Sex,1
 Supportive Merle,1
 Nudity,1
 true story,1
 A lot of feels,1
 Deadpool Thought Boxes,1
 symptoms and descriptions of panic attacks,1
 Suicide,1
 zombie apocalypse canon verse,1
 Trauma,1
 Sharickyl,1
 ASL,1
 Unashamed Flirtations,1
 perineum massage,1
 Fighting,1
 submissive!Rick,1
 touch-shy daryl,1
 Pt,1
 abraham is everything,1
 cross-dressing!Daryl,1
 i don't usually like or do dominant daryl but these are special circumstances,1
 filming kink,1
 What Have I Done,1
 Eventual Happy Ending,1
 Face-Sitting,1
 hardly a plot,1
 Gratuitous use of Firefly/Serenity Quotes,1
 Defiant yet submissive Daryl,1
 Post-Outbreak Reconstruction,1
 Assault,1
 Changed!Merle,1
 Mr. Dixon - Freeform,1
 Daryl's PoV,1
Werewolves,1
 Emotional Rollercoaster,1
There's sex in this,1
 Minor Clint Barton/Natasha Romanov,1
 bring the tissue,1
 Sex Education,1
 Phone Sex,1
 New girl is a bitch,1
 Hangover,1
 And Daryl Waltzes the Heck Out of Him,1
 Body Exploration,1
 Because obviously this is out of control,1
 War,1
 wing fic,1
 You Guys Asked for a Trope Fic and You're Getting a Trope Fic Y'all,1
 Sister-Sister Relationship,1
 Sand Snake!Darcy,1
Slash,1
 Boys Kissing,1
 Risk Aware Consensual Kink,1
 I Mean There's Plot Sort Of?,1
 domestic fluff and smut in the zombie apocalypse,1
 Wolf Sex,1
 I swear that theres a happy ending,1
 They have to give Rick a kick in the arse to make him do something,1
 so here it is,1
 This is gonna hurt.,1
 actual walking dead characters in chapter 5,1
 man-feels,1
 M/M/M,1
 Virgin!Boys,1
 Gags,1
 At least in Judith's eyes,1
 Bucky Barnes Recovering,1
Confusion,1
 no zombies,1
Older Man/Younger Woman,1
Ficlet Collection,1
 Hickeys,1
 Indulgent!Rick,1
 werewolves integrated into society,1
 Daryl in lingerie,1
 brief suggestions of rick/shane,1
 Confrontations,1
Hands,1
 Walkers,1
 majorly sharyl smut lol,1
 Fights,1
 batshitcrazy!Rick,1
 Making Love,1
 darus - Freeform,1
 zombies are still present,1
 Established Rickyl,1
 Sorry Not Sorry,1
 Judith is a cute little shit,1
 Mother-Son Relationship,1
 past noncon,1
 some cute shit too,1
 Tumblr Ask Box Fic,1
 basically everyone is a badass,1
 Psychopaths In Love,1
 Mean Shane,1
 Bottom!Rick,1
 dirty dirty sex,1
 Near Death Experiences,1
 Darcy Lewis' verbal diarrhea,1
 Excuse me while I practice the smut,1
 Team Delusional,1
 Blind Character,1
 Male Homosexuality,1
canon character death,1
Underage Sex,1
 withdrawals,1
 Past Domestic Violence,1
 Nervous Daryl,1
 Eventual Sex,1
 Emotional Baggage,1
 Riding,1
 Shane's an evil bastard,1
 Both Characters are Seventeen,1
 set around the time they still were at the prison,1
 Alpha Dean,1
 Blindness,1
 Child Neglect,1
Tumblr fills,1
 Leather,1
 Also zombies,1
Christmas Fluff,1
 darylxrick,1
 who may or may not bump uglies,1
 mpreg!Rick,1
 Multiple Pov,1
 Daryl surviving,1
 Rick is a Demon,1
 Crossovers & Fandom Fusions,1
 Regression,1
 Modern AU,1
 Daryl is a little slow on the uptake but it's alright in the end,1
 phonesexoperator!rick,1
 Back Scratching,1
 Eventual Rickyl,1
 Prison setting,1
 Dominance,1
 Rickyl fluff,1
 twd kink meme,1
Season/Series 02,1
 Daryl is a Softie,1
 Submission,1
 Because fuck angst,1
 Vampire!Pietro,1
 Seriously these two are dumb,1
Pre-Slash,1
 Ballroom Dancing,1
 BAMF Hannibal,1
 Drunk Sex,1
 trigger warning: the Saviors,1
 Prison hooch,1
 bildungsroman,1
Doggy Style,1
 Possessive Will,1
 Deaf Clint Barton,1
 fluff (believe it or not),1
 Eating,1
 Shotgunning,1
 kink in general,1
 extremely nsfw,1
 Reunion,1
Biting,1
 Do You Get to Come Back From This?,1
 Spacedogs Appreciation Week,1
 mild D/s themes,1
 Little bit of blood,1
 Pushy Bottoms,1
 rop!rick,1
 Moonshine,1
 growly!daryl,1
kink prompt,1
 Some serious Rick angst,1
 Rape/Non-con is not Daryl/Rick,1
 the gov is fucked up,1
 reader - Freeform,1
Kissing,1
 mild spanking,1
 domestic AU,1
 Cowgirl Position,1
 Alternate Universe - Shapeshifters,1
 Dark Will Graham,1
 Team Free Will,1
 Only partly following the storyline,1
 i blame jlm for everything,1
 Angst and Humor,1
 Ravioli,1
 Magic Mike - Freeform,1
 broccoli and potato soup,1
Funeral Home,1
 lovesick!Rick,1
 fuck each other,1
 Valentine's Day Fluff,1
 Eugene is really fun to write,1
 touching without consent,1
 Molasses Burn Really,1
 this whole story is weapons kink,1
 Disability,1
 American Sign Language,1
 Runner!Daryl,1
Tumblr Prompt,1
 Did you know she likes incredibly dirty songs?,1
 POV Alternating,1
 Like GAG Boys Stop It,1
 Underage Sex,1
Age Difference,1
 Glenn has a bad dad,1
 Also there will be (probably bad) poetry by yours truly,1
 set post-escape from Terminus,1
 Based on my Beth being with Negan theory,1
 Alpha Phil Coulson,1
 Dub-conish?,1
 Handkerchief Code,1
 Hair,1
 SO FLUFFY,1
 Awkward Flirting,1
 So much angst,1
 Lots of people are OOC,1
 Mentions of childhood abuse,1
Spanking,1
 uh how do we do this,1
 The Monroe in this story is NOT a certain well-loved character whose name is Biblical in nature!,1
seriously I don't even know,1
A little bit of plot,1
 not really a couple,1
 and some people who survived on the show may die in my fic,1
 the nasty nasty,1
 Past Rick/Lori,1
 Good Loki,1
 Retroactive Continuity,1
 Parallel Universes,1
 POV Third Person,1
 really grossly happy actually,1
 Mentions of Daryl's past abuse,1
non-fanon alpha-beta pack dynamics,1
 Brotherly Love,1
 exhibicionism,1
 Snowballing,1
 Punishment,1
 Marina is not a Mary Sue,1
 Dubious Ethics,1
 Who's the arsonist?,1
 Aggressive Rick,1
 questionable bedrooms,1
Failed Relationships,1
 Shane just wants someone to love,1
 oh the feels!,1
 Darcy Lewis is Blaine Anderson's big sister,1
 so much pining,1
 even Merle,1
Rape,1
 spoilers : s5e12,1
 Hershel's kind of awesome,1
 on the road,1
 Daryl talks about sex,1
 Ensemble Cast,1
 Daryl loves his smokes,1
 Hershel is still alive because I can't kill him,1
 Child!Judith,1
 belt,1
 Weasley Family,1
 Secret Crush,1
 Mentions of Hershel,1
 Photographer!Rick,1
 so is gossiping,1
OFC - Freeform,1
 Smoking is bad,1
 The Saviors are homophobes,1
 hint of non-con,1
 Attempted Rape/Non-Con,1
 rick discovers he is not,1
 Complicated Relationships,1
 Flogging,1
 AU after Terminus/s4,1
 Hershel is still alive,1
 Canon Divergence,1
 Comfort/Angst,1
 dead,1
 Blind Reader,1
The Rest of the Cast Too,1
 Post Episode AU: s04e12 Alone,1
 Rick wants it all,1
 Technically Richonne,1
 Gang Rape,1
 Past Sexual Assault,1
 Blushing Daryl,1
Fluff and Smut,1
 Tail Insertion,1
 hints to mpreg,1
 Because these are horny college boys of course there's gonna be sex,1
 Non-Linear Narrative,1
 Bisexual Darcy Lewis,1
 Non-Consensual Drug Use,1
 in this case,1
 More tags to follow,1
 SaraiVe is basically the only reason this gets written,1
Alpha/Omega,1
 Infidelity,1
On the Run,1
 Destiel - Freeform,1
 Sorta non-con since the slaves don't have a choice about what they are raised for,1
 Angst with a Happy Ending,1
 darick - Freeform,1
 Past Non-Con,1
 Drunk blowjobs,1
 Awkward Romance,1
 Au from about mid season 2,1
 Drowning,1
 I actually use the word thang,1
 but mostly blowjobs,1
 Alternate Universe - Urban Fantasy,1
 Threesome,1
 Caramel,1
 Discussion of past F/F Relationship,1
 shameless sex,1
 Elks,1
 werewolfhunters!Dixons,1
sleeping problems,1
 Eventual Fluff,1
 I'm Sorry,1
 Claiming,1
 Merle is a Good Brother,1
 Graphic Violence,1
 SELF FACIAL,1
 Ball Fondling,1
please read the warnings,1
 dominant rick,1
 Emotional/Psychological Abuse,1
 Versatile Sexual Positions,1
Oral Sex,1
 Angel wings vest is now a jacket,1
 Nonverbal Communication,1
 Soap Dropping,1
 Alternate Universe - Non-Canon Pairings,1
 Mating,1
 D/s undertones,1
 Possessive Hannibal,1
 constructionworker!daryl,1
 lots of hickeys,1
 (kind of) Rough Sex,1
 Lori is a psycho bitch,1
Alternate Universe - The Little Mermaid,1
 Consensual Sex,1
 snooping is bad,1
 So some people may survive my fic that died on the show,1
 apologies in advance,1
 Self-Lubrication,1
 Cheetah Candy,1
 bang bang - Freeform,1
 References to Past Child Abuse,1
 i know truth or dare is,1
 attempted prostitution,1
 Ok there ended up being a plot,1
 Daryl Dixon/Rick Grimes Smut,1
 Somnophilia,1
 Did I mention there's sex?,1
 bakery au verse,1
 But Angst Teenagers Too,1
 Character Bashing,1
 Post-Episode: s05e08 Coda,1
 Loki Feels,1
 Pregnancy,1
 External Prostate Stimulation,1
 Public Claiming,1
 Canon Characters make cameo appearances - Freeform,1
 Zombies Are the Ultimate Wingmen,1
 Size Kink,1
 Rick wants it on record that he is not a half-assed kisser,1
 Fate Brought Us Here,1
 Bad headspace,1
 Ephebophilia,1
 Strippers & Strip Clubs,1
 Beard Burn,1
 Protective Sam Winchester,1
 attempted non-con,1
 dominant!Daryl,1
 Greene Farm,1
 Whump,1
 jealous deadpool,1
 Domestic Violence,1
 mostly clothed,1
 oblivious!Rick,1
Self-Esteem Issues,1
 fail sleeping pills,1
 discussion of abuse,1
 Food as a Metaphor for Love,1
 Intoxication,1
 No Angst,1
 Oblivious Daryl,1
 Heartfelt Professions,1
 Redo!,1
 Heavy Angst,1
 Illnesses,1
 Bartender Daryl,1
 Protective Dean Winchester,1
 Daryl is smitten,1
 Alpha Gabriel,1
 Angst and Hurt/Comfort,1
 Smart Harry,1
 First base is for sissies,1
 Original Character(s),1
 Dub-con in chapter 7,1
 How many chapters can I add smut to?,1
 Mentions of Suicide,1
 graphic depictions of death,1
5.07 spoilers,1
 Dermatillomania,1
 internalized ableism,1
 because duh they should already,1
 A look inside Daryl's head,1
 Did I Mention Angst?,1
 Claims,1
 Because I can lol,1
 Jesus Being Jesus,1
 CluelessOnHealth!Rick,1
 kinkmeme prompt lol,1
 Shush I have a thing about hair okay,1
 daryl initiates,1
 Glenn lives AU,1
 daryl naked in the shower bc come on we all want that right,1
 Stranger Sex,1
 Some Fluff,1
 Memory Loss,1
 Alive Shane,1
 Woodbury,1
 There will also be sex!,1
 gratuitious wet hair,1
Episode: s05e01 No Sanctuary,1
 Possible lemons,1
 Pool Table Sex,1
 Rick is Daryl's Princess,1
 public displays of goddammit yer mine,1
 Sexy Wings,1
 POV Multiple,1
 Doodles,1
 lap dance,1
 non-graphic mentions of a miscarriage,1
 versatile rickyl,1
 The sex,1
 Flirting,1
 Drugs,1
 Daryl is grumpy in the morning,1
Muteness,1
 Season 5 Interlude,1
 Because these are horny college boys of course there's gonna be angst,1
 Equal opportunity bottoming,1
 Rick's Face Is Art,1
 Sex in a lake,1
 Codependency,1
 daryl being very cute when he's annoyed and paul noticing,1
 love making,1
 Not Sure How Long It'll Be,1
 Buttons is Alive and Fixes Everything,1
 Rick is bitten by a walker,1
 trigger warning: Negan,1
Silly,1
 Daryl is homeless,1
 No one is a villian,1
 Sick Judith,1
 Homophobia on the part of other characters (not Rick or Daryl),1
 ratings vary but they go up to E,1
 Marauders' Era,1
 internal ejaculation,1
 farm,1
 Clint Barton & Natasha Romanov Friendship,1
 Alternate Universe - Fantasy,1
 Mental Breakdown,1
 Possessive Rick,1
 Mentions of Lori,1
 Objectification,1
 Hulk - Freeform,1
 beastiality,1
 Reunions,1
 Wade Has Issues,1
 collared,1
 daryl discovers he's a needy lil bottom,1
 Minor Character Suicide/Drug/Alcohol Abuse (Off Screen),1
 rick totally down,1
 feral!Daryl,1
 a little bit of porn,1
 Everyone ships Rickyl,1
 Weapons Kink,1
 Merle is Arrested,1
 Daryl is quite a slutty bottom in this one,1
 Historical Inaccuracy,1
 Chapter 64 RWG Bingo wishes and vacation,1
 Kinda?,1
 when it wants something,1
 Consensual Underage Sex,1
 Abe gets the bat,1
 Cold Weather,1
 Duke!Daryl,1
 Fanart,1
 because Denmark isn't easy to research and I got lazy,1
 landlord Dale,1
