 Fluff,58
 Angst,48
 Reader Is Not Frisk,38
 Slow Burn,35
 Hurt/Comfort,29
 Eventual Smut,28
 Reader-Insert,27
 Post-Pacifist Route,25
 Smut,24
 Depression,20
 Fluff and Angst,20
 Oral Sex,19
 Female Reader,18
 reader is female,18
 Violence,16
 Bad Puns,15
 Eventual Romance,14
 Spoilers,14
 Alternate Universe - Underfell,14
 Implied/Referenced Suicide,12
 Blood,12
Slow Burn,12
 POV Second Person,12
Reader-Insert,11
 Soul Sex,11
 Rough Sex,11
 Gender-Neutral Frisk,11
 Suicidal Thoughts,11
 Cunnilingus,10
 Slow Build,10
 Angst with a Happy Ending,10
 Biting,10
 Bondage,9
 Sibling Incest,9
 Fontcest,9
 Vaginal Fingering,9
 Post-Traumatic Stress Disorder - PTSD,9
 Humor,9
 Family,8
 Reader Is Frisk,8
 Panic Attacks,8
 Dirty Talk,8
Fluff,8
 Teasing,8
 Friendship,8
 Sexual Content,8
 Underfell Sans,8
 Other Additional Tags to Be Added,8
 Nightmares,7
 Sensitive bones,7
 Anxiety,7
 Porn With Plot,7
 Death,7
 Ecto-Tongue,7
 Tentacles,7
Alternate Universe - Underfell,7
 Body Horror,7
 Ecto-Penis,7
 Domestic,6
 Multiple Orgasms,6
 Emotional Hurt/Comfort,6
 Abuse,6
 Romance,6
 Adoption,6
 Racism,6
 Possession,6
 Implied/Referenced Child Abuse,6
 Daddy Kink,6
 Canon-Typical Violence,6
 Underfell,6
 Selectively Mute Frisk,6
 Masturbation,6
 Suicide Attempt,6
 Nonbinary Frisk,6
 Past Abuse,6
Eventual Smut,6
 Found Family,6
 Comfort,6
 Blow Jobs,6
 Mute Frisk,6
 Female Frisk,6
 Polyamory,5
 Sexual Tension,5
 Praise Kink,5
 Magic,5
 Dubious Consent,5
 Body Worship,5
 Alcohol,5
Underfell,5
 Jealousy,5
 Incest,5
 Spanking,5
 Child Neglect,5
 Sex,5
 Alternate Universe - Underswap,5
 Eventual Relationships,5
 Dom Papyrus,5
 Swearing,5
 Second Person,5
 Self-Hatred,5
 Monster Heat,5
 No Smut,4
 Post Game,4
 Gender-neutral Reader,4
 Sub Sans,4
 Skeleton Ghost Penis,4
 Self-Harm,4
 Minor Alphys/Undyne,4
 Dry Humping,4
 Falling In Love,4
 Dark,4
 Undertail,4
 Post Pacifist Ending,4
 Dom Sans,4
 Porn with Feelings,4
 Temporary Character Death,4
 PTSD,4
 Language,4
 Minor Character Death,4
 Explicit Sexual Content,4
Hurt/Comfort,4
 Threesome - F/M/M,4
 Social Anxiety,4
 NSFW,4
 Crying,4
 Character Death,4
 PTA Sans,4
 Awkwardness,4
 SO MUCH FLUFF,4
 Non-Binary Frisk,4
 Voyeurism,4
 Rape/Non-con Elements,4
 Master/Pet,4
 Protective Papyrus,4
 Sans Has Issues,4
 Underswap Papyrus,4
 puns,4
 Threesome,4
 Gender-Neutral Pronouns,4
 Emotional/Psychological Abuse,4
 Double Penetration,4
 Possessive Sans,4
,3
 Happy Ending,3
 Frisk Uses Sign Language,3
 Exhibitionism,3
 Bloodplay,3
Slow Build,3
 Unethical Experimentation,3
 Monsterphobia,3
 Child Abuse,3
 Dom!Sans,3
 Reader Is Chara,3
 Cinnamon Roll Papyrus,3
 Dissociation,3
 Friendship/Love,3
 papyton,3
 floweypot au,3
 Post pacifist,3
 Drinking,3
 BittyBones,3
Smut,3
 Choking,3
 Families of Choice,3
 Alternate Universe,3
 HorrorTale,3
 Gaster Blasters,3
Female Reader,3
 Growling,3
 Dadster,3
 Semi-Public Sex,3
 Skeleton Puns,3
 underswap - Freeform,3
 Night Terrors,3
 Domestic Fluff,3
 Undertale Spoilers,3
 POV Sans,3
 Drug Use,3
 Body Sharing,3
 Awkward Conversations,3
 Monsters,3
 Developing Relationship,3
 Fluff and Hurt/Comfort,3
 Mild Language,3
 Breathplay,3
 Magical appendages,3
 cursing,3
 Redemption,3
 Light Bondage,3
 Vaginal Sex,3
 Flashbacks,3
 Reader is gender neutral,3
 Guilt,3
 Anal,3
 No More Resets,3
 Genocide Run,3
 Anal Sex,3
 Babybones,3
Post-Traumatic Stress Disorder - PTSD,3
 Underfell Papyrus,3
Gender-Neutral Pronouns,3
 Drama,3
Reader Is Not Frisk,3
 Torture,3
 Sharing a Body,3
 Multiple Timelines,3
 Murder,3
 Pregnancy,3
 Comedy,3
 Fluff and Smut,3
Alternate Universe - Bittybones,3
 Skeleton Boyfriends,3
 Fingerfucking,3
 Underswap Sans,3
 Fingering,3
 Dominance,3
 Present Tense,3
 First Time,3
 First Kiss,3
 Gore,3
 Comfort/Angst,3
 Sign Language,3
 monster racism,3
 Female Protagonist,3
 Mentions of Suicide,3
 Alternate Universe - Canon Divergence,3
 Flirting,3
 undertale - Freeform,3
 Named Reader,3
 Soul Bond,3
 Ecto-Genitalia,3
 Ambiguous-Gender Frisk,2
 Suits,2
 Mildly Dubious Consent,2
 will add tags as i write,2
 Light Dom/sub,2
 Anatomy,2
 Gratuitous Smut,2
 Flowey Is A Dick,2
 Explicit Language,2
 Aftermath of Torture,2
 Non-Binary Chara,2
Ensemble Cast,2
 Shameless Smut,2
 Quantum Mechanics,2
 I Don't Even Know,2
 My First Fanfic,2
Fluff and Smut,2
 sans x reader,2
 Alternate Timelines,2
 Sad Sans,2
 dubcon,2
 Family Feels,2
Genocide Route,2
 Family Fluff,2
 Anxiety Attacks,2
 Nonverbal Frisk,2
 Reader has a vagina,2
 Past Child Abuse,2
 Public Sex,2
 Taboo Relationships,2
 monster bonding,2
 Sans Needs A Hug,2
 Cutting,2
 Mobtale - Freeform,2
 kind of,2
 Healing,2
 Angst and Fluff and Smut,2
 soul mates,2
 ectodick,2
 Big Brother Papyrus,2
 Regret,2
 Reader Insert,2
 Misunderstandings,2
 Angst and Feels,2
 Alphyne,2
Sibling Incest,2
 Disabled Character,2
 Time Loop,2
 Transphobia,2
 Kitchen Sex,2
 Time Travel,2
Romance,2
 Crushes,2
 Big Brother Sans,2
Second Person,2
 Ecto-Vagina,2
 Rating May Change,2
 Alternate Universe - Mob,2
 Brotherly Love,2
 I'm Going to Hell,2
 Bara!Sans,2
 Feels,2
 Pain,2
 Love,2
 Mental Health Issues,2
 Fantastic Racism,2
 Physical Abuse,2
 Plot Twists,2
 Recovery,2
 Groping,2
 Sex Magic,2
 Underswap AU,2
 gender neutral frisk,2
Angst,2
 Existential Angst,2
 Post-Canon,2
 Misgendering,2
 Implied/Referenced Self-Harm,2
 Foul Language,2
 Medical Experimentation,2
 Double Penetration in One Hole,2
 Slow Sex,2
 Souls,2
 sans/reader - Freeform,2
 Mutual Masturbation,2
NSFW,2
 Kinky,2
 Awkward Kissing,2
 Graphic Depictions of Illness,2
 Mentions of past abuse,2
 Dreams and Nightmares,2
POV Second Person,2
 Post-Neutral Route (Undertale),2
 Sexual Coercion,2
 Implied/Referenced Incest,2
 Soul Magic,2
 Discrimination,2
 DFAB reader,2
 Self-Sacrifice,2
 Interspecies Relationship(s),2
 Undertale AU,2
 Pacifist Route,2
 Anal Fingering,2
 AU,2
 Implied Sexual Content,2
 Protective Sans,2
 Alcohol Abuse/Alcoholism,2
 Grief,2
 Shenanigans,2
 Asexuality Spectrum,2
 Slice of Life,2
 Control Issues,2
 Attempted Sexual Assault,2
 Bad Jokes,2
 Alternate Universe - Baby Blasters,2
 slowburn,2
 Tragedy,2
 ASL,2
 Fighting,2
 Queerplatonic Relationships,2
 Petplay,2
 Headcanon,2
 I'm Bad At Tagging,2
 Character Study,2
 Wall Sex,2
Adult Frisk,2
 Growling!Sans,2
 My First Undertale Fanfic,2
 BDSM,2
 Origin Story,2
 Dark Humor,2
Non-Binary Frisk,2
 Riding,2
 Dating,2
 Houseplant Flowey,2
 Asphyxiation,2
 Overstimulation,2
 Heavy Petting,2
 Demonic Possession,2
 Friends to Lovers,2
 American Sign Language,2
 idk - Freeform,2
 Tattoos,2
 POV Papyrus,2
 So much angst,2
 reader identifies as female,2
 Skeleton Heat,2
 POV Third Person,2
 Hair-pulling,2
 Blood and Gore,2
 Bitty Bones,2
 Attempted Rape/Non-Con,2
 Canon Divergence,2
Post-Pacifist Route,2
 Plot What Plot/Porn Without Plot,2
 Spoilers - Pacifist Route,2
 Skull Fucking,2
 Awkward Romance,2
 um,2
 Primal!Sans,2
 handjob,2
 Humiliation,2
 Family Issues,2
 Mommy Kink,2
 Angst and Hurt/Comfort,2
 Original Character(s),2
 PWP,2
 Some angst,2
 Mystery,2
 Plot happens,2
 Horror,2
 Soul stuff,2
 commitment issues,2
 Codependency,2
 Objectification,2
 Skeleton dick,2
 Manipulation,2
 Evil W. D. Gaster,2
 Asexual Relationship,2
 Triggers,2
 some violence,2
 Awkward Dates,2
 Dom/sub,2
 Reverse Harem,1
 Fire,1
 bad days ahead for our cool friend,1
 Hand & Finger Kink,1
 body prase,1
 Chara (Undertale) - Freeform,1
 Evil blueberry,1
 slight AU,1
 Pun-ishment,1
 Soul-Sex,1
 I love you canon but the plot bunnies are calling,1
 Agender Chara,1
 mentions of suicide/suicide attempts,1
 I know where this is going finally,1
 Reader is They/Them with female parts,1
 POV Female Character,1
 Here There Be Nerds,1
 smol undertale Sans,1
 Penis In Vagina Sex,1
 Thaumatale AU,1
 Head-canons everywhere,1
 Alternate Universe - Slavery,1
 head cannons,1
 Angry fish is angry,1
 Brother/Brother Incest,1
 So Much Awkwardness,1
 aka the best kind of fic maybe??,1
 mettasans,1
 Light Masochism,1
 Brotherhood,1
Fontcest,1
 sansby - Freeform,1
 mute!Frisk,1
 Obsessive Behavior,1
 No Warnings,1
 Papyrus Is Spoiled,1
oh god what have I done,1
Masturbation,1
 Knifeplay,1
 Genocide/No Mercy Spoilers,1
 fear me,1
 but yeah you hurt the skele,1
 Humour,1
 Sexual Assault,1
 smol murder babe,1
 depression is considered a sickness to monsters??,1
 probably,1
 Reader has a vagina but isn't referred to as either gender,1
 Mental Illness,1
 you know,1
 blue tongue,1
 Underfell AU,1
 friendship antics,1
 nonbinary blooky,1
 Kneeling Fox (sex position),1
 Unresolved Sexual Tension,1
 Love/Hate,1
 Emotional Roller Coaster,1
 Mating Cycles/In Heat,1
 It would be embarrassing if they both weren't kinda into it,1
 But seriously please don't kill me because,1
 Finished,1
 Trans Mettaton is the only Mettaton,1
 bad time run mention,1
 Past Attempted Rape/Non-Con,1
 Nicknamed Readers,1
Pre-Canon,1
 Lime,1
 Panty Raid,1
 Soul Touching,1
 Drug Addiction,1
 Wordcount: 1.000-5.000,1
 Warning: humans are fucked up,1
 slow foreplay,1
 On Hiatus,1
 smut with feelings,1
 Post-Undertale,1
Spoilers for the Genocide Path,1
 Switch in Point of View,1
 everyone crying,1
 pet kink,1
 Fisting,1
 69 (Sex Position),1
 Inspired By Tumblr,1
 Alternate Universe - Dark,1
 Dominant Masochism,1
 Giant monsters,1
 Surprise Kissing,1
 Spooky Secrets,1
 no damsels here,1
 Sanster,1
 mild depictions of violence,1
 smut in chapter three to be precise,1
Female POV,1
 undertale nsfw,1
 Sexual Humour,1
 choking warning in chapter 19,1
" Apparently ""the fucking slowest of tragically adorable burns"" as said by AofRandD",1
" Cowgirl Position (Basically the normal ""riding the dick"" position)",1
 reader dances colorguard,1
 Old Gods,1
 Alternate Universe - Dancetale,1
 Bathroom Sex,1
 tons of fluff,1
 Kinktober,1
 Frottage,1
 Sans is poly,1
Reader-centric,1
 reader is a wage slave,1
 two smuts how did i ever,1
 Loss of Virginity,1
 noncon,1
 kinda clich-ish,1
 some good shit with terrible grammar,1
 but some damselling,1
 Coercive persuasion,1
 Accidental Voyeurism,1
 Sans/Toriel are the ultimate margarita bros,1
 Power Exchange,1
Sequel,1
Underfell AU,1
 Apparently a terrifying one too,1
 Male Napstablook,1
 Crack,1
Body Worship,1
 Awkward Sexual Situations,1
 Scars,1
 fake dating trope sort of,1
 salty the saltshaker,1
 Voice Kink,1
 I am really,1
oneshots,1
 Car Sex,1
 Frisk and Sans are both half-assed loser wannabe doms,1
 basically humans have this crazy culture of magic,1
 Quickie,1
Light Bondage,1
 skelepreg,1
 True Lab (Undertale),1
 Kama Sutra,1
Bittersweet,1
 Sin trash,1
 Established Relationship,1
 big plans for linda js,1
 it gets shut down pretty quick tho,1
 Positive Reader,1
 uhhhhh,1
 Reader slowly overcomes anxiety,1
Humor,1
 The Void,1
 this is not a fic where things happen quickly,1
 Plot Happened Anyway,1
 Character Redemption,1
 Love Triangles,1
 INDEFINITE HIATUS,1
 Bob has issues,1
 Mind Control,1
 i write sins and tragedys XD,1
 Light BDSM,1
 is this what you want?,1
 Past Relationship(s),1
 I'm sorry but I have BIG PLOTTY things planned and it will involve angst,1
 attempted suicide,1
 Emotional Hurt,1
 Emotional,1
 Non-Graphic Violence,1
 Affection,1
Developing Relationship,1
 Unrequited Crush,1
 Mention of Past Abuse,1
 aphrodisiacs are fun right,1
Inspired by Fanart,1
 it's gonna be a good time,1
 Interspecies Romance,1
 And Shitty Puns,1
 hints of depression,1
 Punk reader,1
 Psychological Horror,1
 against chara,1
 refers to past domestic violence,1
I'm lazy so uh,1
 Bukkake,1
 Scary British Children's Program,1
sin - Freeform,1
 Pre-Canon,1
 a little bit of a body horror mention?,1
 experiment gone bad,1
 Partial dismemberment,1
 and stop being so nervous and anxious,1
 AU - Underfalling,1
 Reverse Harem?,1
Alternate Ending,1
 soft core,1
 Holding Hands,1
 Sans is everyone's big brother,1
 possible additions in the future - Freeform,1
 Will not leave you with fuzzy feelings,1
 There's a bunch of weird kinks listed but it's actually plot driven,1
 the smollest sans that ever smolled,1
 Knotting,1
 Slurs,1
 Belligerent Sexual Tension,1
 sexual self shaming,1
 Frisk Gets Sick,1
 First Time Blow Jobs,1
 Undertale Monsters on the Surface,1
 Tickling,1
 Teacher!Reader,1
 kinda friskxoc (not reader),1
 i suck at everything,1
 sorry sinners,1
 i will be back,1
 There are a lot of fluids,1
 pansexuality,1
 Up to interpretation whether relationships are platonic or not,1
 Self Harm,1
 Soulmates,1
 Soriel,1
 Disturbing Themes,1
 also love and fluff,1
 Please be gentle,1
 Medical Procedures,1
 Popularity Clicks,1
 No bone zone here,1
 Medication,1
 One-Sided Relationship,1
 More Fluff,1
 Sexual Harassment,1
 POV Alternating,1
 First Crush,1
 Rimming,1
 hick life?,1
 gene splicing,1
 Brother Feels,1
pairings will be added as I go,1
 Fucked Up Little Love Story,1
Dancetale AU,1
 Marking,1
 Chara and Frisk Share a Body,1
 Non-Chronological,1
 Chubby Reader,1
 Adding Tags On The Way,1
 rated for language and future violence,1
 Timeline Shenanigans,1
 But it's worth it fam,1
 Skeleton Boning,1
 Collar,1
 Self-Insert?,1
 possible violence typical of Underfell,1
 Reader is basically an OC,1
 The general consensus is that Sans is getting weird as shit,1
 terminal illness,1
 I don't have butt coverage,1
 Ambiguous-Gender Reader,1
PTA!Sans,1
 Sans and Frisk are in a ROMANTIC relationship in this AU,1
 Sans is a cinnamon roll,1
 Undyne is your bestie,1
 basically reader is a mentally ill anti social,1
 also,1
 nightmares/terrors,1
 minor character development,1
 Reader dies a lot,1
 Lemon,1
 The Story Where Frisk has a Visceral Reaction to Sans's Jokes,1
 Self-Insert,1
 Autistic Frisk,1
 10-foot-tall papyrus,1
 Developing Friendships,1
 Because there is a shit ton of it,1
 Office Sex,1
 mafiatale,1
 more characters to be introduced - Freeform,1
 Post-Endgame,1
 fluff for centuries,1
 Adorable Papyrus,1
Rated for Sans's mouth,1
 My First Fanfic in a Long Time,1
 Frisk - Freeform,1
 French Kissing,1
 Papyrus Being Papyrus,1
 Soft Chara,1
 basically more angst,1
 really sorry I wrote this,1
 Sort of Suicidal Thoughts,1
 ok i'm pretty sorry about ch 17,1
 goodness me,1
 slight masterbation,1
 Cum everywhere,1
 Established friendship between the skelebros and reader,1
 Prompt-Inspired,1
Friendship,1
 Pet/Owner,1
 Reader has a bad relationship with their parent,1
 Sexual Humor,1
 a bit of language here and there,1
 It's weird writing like this now,1
in which mettaton has a huge crush on you,1
Memory Alteration,1
 edgeberry,1
 wrote multiple versions of chapter 13 so story can be kept fluffy if you prefer :),1
 Frot,1
 REALLY slow,1
Unhealthy Relationships,1
 based on tumblr aus and my real life woes,1
 Chapter 25 has a scene with noncon elements,1
Magic power,1
 protective and possessive sans,1
 don't know what to tag here,1
 Slow To Update,1
 reader has sad past,1
 platonic fluff,1
 Consent,1
 Aromantic spectrum,1
 slowest of burns,1
 disproportionate ratio of hurt to comfort,1
 One-Sided Attraction,1
 Child Papyrus,1
 but seriously this story focuses heavily on family,1
 Greyscale-sexual Reader,1
 but not too gentle i like it rough,1
 Reader has a potty mouth,1
 elements of dubcon/noncon,1
 Mom!Reader,1
 Pretty much any tag in TMFF,1
 Sickfic,1
Medical Kink,1
 bad words galore,1
 will put more tags as I go,1
 Gaster!Sans doesn't give up,1
 alternative universe,1
 madcuddles,1
 no smut until the end for all of you sinners,1
 5+1 Things,1
 Mutilation Kink,1
 more characters later - Freeform,1
 sans uses magic hands,1
 ohh yeah,1
 Reader has undefined gender,1
 Not everything is awful,1
 Some Dubcon elements,1
 just read the summary,1
 Can be read alone even though it's in a series,1
 Runaway,1
 suicide mention in chapter 22,1
 telephone sex,1
 Fever Dreams,1
 Bad Decisions,1
 or continued romantic depending on how you viewed it last story,1
 Future Fic,1
 SO IS CHAPTER EIGHT I AM SO SORRY,1
 just an excuse for me to write fluffy angsty sin tbh,1
 When the plot comes it'll hit you like a bag of rocks,1
 dont like it then fight me,1
 Reader Guides Frisk,1
 Reader Likes To Swear,1
 which makes them hate themselves almost,1
 Soulsex,1
 sad stuff,1
 Angst and Porn,1
 no longer a one shot,1
 Size Difference,1
 adding tags as we go,1
 lotsa lotsa robot tears,1
 Reader is so boned,1
 mostly angst i guess,1
 Mutual Pining,1
 Suggestive Themes,1
 Reader Has Issues,1
 No idea if there will be pairings,1
 Female Chara,1
Not for the faint of heart,1
 brassy,1
 Science,1
 Depressed Sans,1
 Sugar Baby Sans,1
 Reader is not.,1
warning angst afoot,1
 Forced,1
 Take Me to the Bonezone,1
Mating Cycles/In Heat,1
magic kink,1
 Eventual Plot,1
 Blind Frisk,1
 Child Sans,1
 Dancing,1
 lots of meandering thoughts,1
 Revenge,1
 Pacifist Frisk,1
 some sci fi shit,1
 Reader in non-binary,1
 less of a Reader fic more I'm really into second-person right now,1
 PapySans,1
 Awkward Boners,1
 It's a witch thing,1
 cavity inducing sweetness,1
 Orgy,1
 Mind Rape,1
 Doggy Style,1
 Sensual Play,1
 It's a surprise - Freeform,1
 some sads,1
 and he remains a sunshine baby throughout the entirety of this fic,1
 Tribadism,1
 Nobody talks enough about the route where Sans becomes Mettaton's agent,1
 but good crack,1
 Dry-Humping,1
 phantom dick,1
 Watching Someone Sleep,1
 it's pretty open ended as far as Frisk goes,1
 Flowey!Reader,1
 will be added to,1
 Sorry but they're all important? to plot and characterisation and thiiings,1
 reader is a scientist intern that ends up working with gaster,1
 Multi - Freeform,1
 sanswich,1
 Lemons,1
 Self Insert,1
 was not expecting that,1
 Jumping Right Into the Story,1
 Vanilla,1
 Implied/Referenced Sex,1
 Shy Flowey,1
 Loooooots of swearing,1
 You're going down with me,1
 Sans Is Somewhat Reluctant,1
Underswap Sans,1
 Accidental Feel Fest,1
 Consent Issues,1
 alcohol use,1
 And Determination,1
 THIS IS MOSTLY METTATON sans has a scene later but its MOSTLY Mettaton,1
 Autistic Reader,1
 gender neutral characters,1
 Minor character suicide: Skippable,1
 you're dating your professor i mean thats a kink right there am i right,1
 mentions of social anxiety and depression,1
 Racism to monsters,1
 pacifist,1
 Monsters don't use HP,1
 still-alive Gaster,1
 things get sad,1
 Silly,1
 author has issues,1
 wretched disaster you,1
 implied past Kingdings,1
 chapter numbering will be thrown off from additional side story chapters,1
 silght gaster blaster!skeletons later on,1
Choose Your Own Adventure,1
 loving family,1
 minor self-harm,1
 technically a slow burn,1
 Submit Original Characters,1
honeymustard - Freeform,1
sweetheart Gaster,1
 just go for it,1
 Scarring,1
 everything is purely consensual,1
 possessive marking/biting,1
all characters are 18+,1
 Alcohol Misuse,1
 Angst?,1
 Dry Orgasm,1
 later on i guess,1
ooo scandalous,1
 Weed,1
 but they still turn into dust when they die.,1
 But those are few and are mentioned at the beginning of the chapters.,1
 Morality,1
 Reader has bad past,1
 SCIENCE!,1
 but might be heavily implied,1
Spoilers,1
 No Genitals,1
 Child Abuse/Neglect implied,1
Reader is a Silky,1
 Face-Riding,1
 Fun,1
 Attempted Sex,1
 Canon Typical Violence,1
 Understanding,1
 First Love,1
 i mean not heavy angst but,1
 Rape,1
 i may be dirty sans trash but this will not be dirty btw,1
 the siblings are gender neutral too,1
 Gang AU,1
 Suspension,1
 Vines,1
 Frisk has a gender,1
 body image issues,1
 Heavy BDSM,1
 Having A Bad Time,1
 Possible skippable smut later,1
 Pillow Talk,1
 Mild descriptions of violence,1
 Which AU next?,1
 Premonitions,1
 Brotherly Affection,1
 not just blood-related family either but like friend family too,1
 Blue Eyes,1
 Non-Consensual,1
 Hurt and comfort,1
 Nonverbal Communication,1
 weiner with a side of ketchup,1
 but mostly sin,1
 gendered Napstablook,1
 Best Friends,1
 Flavour Text Chara,1
 Movie Night,1
 Choose Your Own Ending,1
 sans' puns,1
 or at least exchange bad memes in these trying times,1
 semi dry humping,1
 G!Sans is basically a casanova,1
 Things get weird,1
 Bonding,1
 I'm not nice to my characters,1
 this is a bunch of romantic/platonic one-shots,1
 Reader Replaces Frisk,1
 minor dub-con,1
additional tags,1
 some angst maybe idk,1
 bone daddy,1
 Flowers,1
 True Pacifist Spoilers,1
 Reader is occasionally Frisk for plot purposes,1
 y'know i'm real bad at these tag doodads,1
Diary/Journal,1
Post-Pacifist Ending,1
 Fluffy,1
 god fucking damn it,1
 self harm mention,1
Self-Insert,1
 Character Deaths,1
 sans has a blue dick,1
 Aged-up Frisk,1
 Bleeding Timelines,1
 Road Trip,1
 Collars,1
 Undermafia,1
 Intrusive Thoughts,1
 Bad Things Happen To Everyone,1
 awkward first date,1
 Hugs,1
 possible triggers so b careful,1
 pillow-humping,1
 ASL Frisk,1
 Tension,1
 Feel-good,1
 Cigar Use,1
 Unsanitary,1
goofy shipfic for no real reason,1
 reader is unnamed but does have a personality,1
 basically sans fills in for Tori at the PTA meeting for Frisk's school,1
 Age Difference,1
 yknow,1
Tags will be edited as the story continues,1
Interuniversal shenanigans,1
 Request Meme,1
 Filthy Papyrus,1
 shipper!papyrus,1
 Drug Withdrawal,1
 also sinning,1
 it's like ridiculously long and look at all these kudos and comments,1
 u love skelz,1
 Baby Papyrus,1
 Mentions of No Mercy Route,1
 SkeleFontFamily,1
 Chara Being An Asshole,1
 Male Frisk,1
 Possessiveness,1
 Puns & Word Play,1
Child Abandonment,1
 PanRomantic!Reader,1
 That shouldn't be taken seriously,1
 My first fic in years,1
 behind the scenes of the slowest burn,1
 Mild Smut,1
 Stockholm Syndrome,1
 Fluffy Ending,1
 Puzzles,1
 Suicidal Ideation,1
 Takes place mostly in the Underswap Universe,1
 if you read tpi and dont read this you're missing out on some real gems lmao,1
 well it happens so,1
 School Uniforms,1
farm au,1
 mafia,1
 so. much. fluff.,1
 Light-Hearted,1
 slow relationship build,1
 like seriously sans wont even show up until like the 4th chapter,1
 you weirdo,1
 It all sounds really boring I know but it's really not,1
 Show Creator's Style for Full Effect,1
 mindfuckery,1
 Teacher Kink,1
 even for me,1
 Posessive?Sans,1
 Battle Scenes,1
 Papyrus has stamina for days,1
 Slight twist on Underfell,1
 we'll see how things go,1
 Reader and Grillby find comfort in each other,1
 Party,1
 Kinda,1
 Frisk/Gaster Cuddles,1
 angry houseplant flowey,1
 the blue dick only comes after act 1,1
Mute Frisk,1
 ya'll ready for some feels,1
 Deep throat,1
 pacifrisk,1
 though thats to be expected from a sans/reader fic,1
 someone's having a bad time,1
 hard sex,1
 frisk is genderless,1
 sharing emotions and feelings and stuff,1
 dub-con,1
 Teen Frisk,1
 Why would you read this?,1
 Psychological Trauma,1
 Platonic Relationships,1
 Brotherly Sans,1
 and frisk and monster kid,1
 Good Natured Reader,1
 Gentle Sex,1
 Dad Asgore,1
 UF Pap redemption,1
 Premature Ejaculation,1
 Fix-It,1
Fluff and Angst,1
 and the main badster,1
 Brainwashing,1
 Frisk has they/them pronouns,1
 Started out as a one shot but then story happened,1
 I'm so sorry but long hiatus,1
 Reader Has A Name,1
 but a sexy dick,1
 Heart Play,1
baby blaster au,1
 you should probably skip this one,1
 I Came in like a wrecking ball with FEELS,1
 Third Person POV,1
 dongs4sure,1
 relationship games,1
 violent impulses,1
 Not Romance,1
 reader/UF sans - Freeform,1
 skippable graphic depictions of violence,1
 Shame is for wimps,1
 post-game world,1
 soul play,1
 reader is a socially awkward dork,1
 Oral,1
 Excited to go to hell for this,1
 There will be more tags,1
 Soo,1
 Madness,1
 Awkward Blow Jobs,1
 MythiTale,1
 more tags will be added,1
 Time/Space Fuckery,1
 Swapfell,1
 honey nut feelios,1
 Addition: Sorry I accidentally plot anyway,1
 sexual introduction,1
 Dubious Morality,1
 Passion,1
 I'm so used to 2nd POV,1
Epistolary,1
 Familial Relationships,1
 Light Angst,1
 suggestive speak,1
 Alphynecentric,1
 Medical stuff,1
 Autistim,1
 Deaf Character,1
 Skeleton Pregnancy,1
 Underfell sans/fem reader,1
 All Kinds of Fluff,1
 Extremely Dubious Consent,1
 cuteness,1
 very sfw despite the implication of the summary,1
 Machines,1
 Insane Amounts of Fluff,1
 humans have magic but it's more like miracles then monsters everyday uses of magic,1
 R&G are dead,1
 scar/body worship,1
 Sans Is A Dick,1
 dunkle sans - Freeform,1
 split roast,1
Plot What Plot/Porn Without Plot,1
 The plot bunny that wouldn't die,1
 Sans is conplicated,1
 ectodong,1
 in an 'Everything would be better if I didn't exist' way,1
 Alternate Universe - Roommates/Housemates,1
 and he tried to teach reader to live a little,1
 Masochism,1
 Gaster is kind of a jerk,1
 Scissoring,1
 Miscommunication,1
 Chara Has Issues,1
 also Gaster,1
 Assisted Suicide,1
 Seizures,1
 Waterfall,1
 Sans-centric,1
 Stabbing,1
 i'm seriously winging this,1
 Funeral,1
 But mostly fluff,1
 Gaster Blasters act like Doggies in this,1
Wizard AU,1
 Enemies to Friends to Lovers,1
 literal trash,1
 Soul merging,1
 Skeleton Family Backstory,1
Child Abuse,1
bittyreader,1
 but then he's not,1
 deadnaming,1
 there's always hope,1
 empathic communication,1
 Escape,1
 Public Display of Affection,1
 Verbal Abuse,1
 headed towards F-thatville,1
 Sugar Baby Papyrus,1
 This entire story is seen through UF Pap's eyes,1
 well angst happened,1
 Oh,1
 Not Your Doll AU,1
Female Frisk,1
 mutual feelings,1
 Teeny Sans,1
Overstimulation,1
 drop in a prompt or request if you have an idea,1
 Sans x Frisk,1
 Past Torture,1
 Touching,1
 Where does he get that shit from,1
 Happy Ending?,1
 Resets,1
 everyone is happy hoorayyyyy,1
 sorry I'll do nonbinary and male later,1
 Penguins,1
 Alternate Universe - Chara has their own body,1
 You know why you're here,1
 love triangle or even square,1
 Face-Fucking,1
 Tentacle Sex,1
 Experimentation,1
 censored language,1
 undyne will be the worst offender,1
 ectopenis,1
Reader has no defined gender,1
 slow romance and sexual exploration,1
 I hope,1
 Request Fill,1
 Is this a high school au? Kind of,1
 tit fuck,1
 i've basically crossed the dresden files with bloodborne and also a little umineko,1
 Foursome,1
 mentioned agenderphobia,1
 How Do I Tag,1
 Past Teen Pregnancy,1
 facial,1
Au where Undyne is a mermaid and Alphys is a marine biologist,1
 Boys In Love,1
 Ice Play,1
 speaking of dicks - GHOST DICK,1
 Gaster Blaster AU,1
 lime at ch. 12,1
 reader is hella smart,1
Alcohol Abuse/Alcoholism,1
 Papyrus x Frisk,1
 jesus I never thought I would have to write that LMAO,1
 Clones,1
 reader is blind,1
 Gaster Blaster Sans,1
 I probably should have added in those tags a long time ago,1
Skeleboning,1
 Angry flower monster,1
 is that a spoiler?,1
 Eating Disorder,1
 Reader is Female with all female parts,1
 Demisexual Mettaton,1
Memory Loss,1
 Flowerfell,1
 Soul fondling,1
 POV Asriel,1
 Submission,1
 He likes to curse in his thoughts,1
 I mean you're here for the skeleton romance I'm sure you guys know what to expect,1
 Characters Are At The Age Of Concent,1
 Switching,1
 Undyne and Alphys are implied to be dating,1
 i can't pun to save my life,1
 Psychological Torture,1
 firefighter papyrus,1
 so much crying,1
 its in chapter 8 in case you were wondering,1
 angst with crude humor,1
 Cuddles of every kind,1
 Reader is very messed up,1
 Have I mentioned angst in these tags?,1
 i'm a sinner,1
 Papyrus and Undyne have an impromptu cooking lesson,1
 Hospitals,1
 sans is a bit of an asshole,1
 human/monster experimentation,1
 heavy depression in chapter nine,1
 Gay Sex,1
 Halloween,1
 SOME Pseudo-Fluff,1
 Sadism,1
 independent call girl/escort,1
 Sorry Not Sorry,1
Houseplant Flowey,1
 Homophobia,1
 Mentions of Rape,1
 Science Boyfriends,1
 oh well,1
 Genocide Route,1
 Broken Bones,1
 Please Don't Hate Me,1
 void grandpa gaster,1
 I'm changing the rating to T just in case,1
 Implied/Referenced Alcohol Abuse,1
 The fluff is going downhill into sin,1
 We're all going to HELL,1
 what can i tag without it being spoilery,1
 It will be happy guys trust me,1
 Dub!Con,1
 scary stuff,1
 reborntale,1
 angst swamp,1
 reader is confused about sans,1
 Grief/Mourning,1
 soft dominance,1
 fear kink,1
 Science Experiments,1
 Sanscest - Freeform,1
 ectodongs,1
 They're just non-verbal and stim via hand gestures,1
elements of noncon,1
 Disordered Eating,1
 Frisk keeps dying and coming to life,1
 Gaster fucks up a lot,1
 manipulative,1
 Reader has female parts,1
 I mean seriously lots of swearing,1
 sparkly ecto genitalia,1
 reset,1
 sexual favors,1
 Abandoned Work - Unfinished and Discontinued,1
 Harm to Children,1
 I tried to apply actual logic to the dial guys,1
 Rutting,1
 Sexual Exhaustion,1
 more of a self insert to deal with shit but whatever,1
" use of ""quiet hands""",1
 Genocide-Ending references (spoilers),1
 boner,1
 Impact Play,1
 mentions of self harm,1
 Chara Being Chara,1
 homeless,1
 First Dates,1
 Forced Exhibitionism,1
 sin - Freeform,1
 Departure from Genocide Route,1
 massively self-indulgent,1
 Skippable porn,1
 sans has grabby hands,1
 reader lives in a park and talks to birds,1
 Sexual Abuse,1
 Undertale Saves and Resets,1
 Master/Slave,1
 Dad W. D. Gaster,1
Heterosexual Sex,1
 Big Bitty,1
 Then less Shy reader,1
 new monster babies,1
Selectively Mute Frisk,1
 POV First Person,1
Gaster!Sans - Freeform,1
 Longing,1
 kinda soul-mate au,1
 Awful Puns,1
 monsters adjust to the surface,1
 Ecto-Vagina (Undertale),1
 all aboard the nope train,1
 Possessive Behavior,1
 Overwhelmingly cute,1
reborn!tale,1
Sans please make these people shit their pants,1
 hohohoho - Freeform,1
 Selective Mute Frisk,1
 Thanks,1
 wizard reader,1
 Don't ask why a state university has uniforms,1
 Player-Insert,1
 im a student so updates are rare but trust me i am trying here,1
 Tree punching,1
 Mentions of self-harm,1
 mute character,1
Experimentation,1
 Prejudice Towards Monsters,1
One-Sided Platonic Frisk/Flowey,1
 Chara is a brat,1
 You know how I roll,1
 even tho they dnt act like it,1
 Demisexual Reader,1
 single mom,1
 Witch!Reader,1
 cosmic horror,1
 First attempt at smut sorry,1
 Slight Naivety,1
 Fivesome,1
Death from Old Age,1
 i'm calling the ship nicepants ok fight me,1
 Action,1
Heterosexual Pairing,1
 openly at that,1
 Gaster Loves His Boys,1
 Gift Fic,1
 Fear Play,1
 these tags will work for now,1
 now with pictures as of chapter 5!,1
 Mild Body Exploring,1
 Sans - Freeform,1
 Body/Soul/Mind Sharing,1
 im tagging at 1am,1
 Forced Puns,1
 Deaf Frisk,1
 Flustered Sans,1
 Lots of dark stuff,1
 angst (if i do it well),1
 established relationship between frisk and mk,1
 especially in early chapters,1
 Threats of Violence,1
 Big/Little,1
 Slapping,1
 dysfunctional family relationships,1
 gasters a basterd,1
 it only took a million years but we finally made it to the bone zone,1
 Nsfw in chapter 30,1
 Female!Chara - Freeform,1
 Spaghetti,1
 I swear this does belong in the Undertale section,1
 hella fluff,1
 Tags will be updated as needed,1
 Insults,1
 angst angst and more angst,1
 ok so,1
 Orgasm Control,1
 raunchy,1
 Once again rated for Sans being a fucking potty mouth,1
 Fear leads to hate,1
 Asexual Reader,1
 bone-fondling,1
 Comdey,1
Female Protagonist,1
 talks of child abuse,1
 Bittersweet Ending,1
 reader had a shitty surface life,1
 no sadness,1
 Insomnia,1
 Nipple Play,1
 some self harm,1
Implied/Referenced Self-Harm,1
Reader Insert,1
 flowey has a very reluctant mmo avatar,1
 Neutral Route,1
 slowish burn,1
 No Angst,1
 Brothers,1
 brassberry - Freeform,1
 This is going to get heavy before it gets better,1
 motorized accident,1
 Pap knows whats going on,1
Nonbinary Frisk,1
 Underlust,1
 fresh,1
Public Sex,1
 Sad Ending,1
 Post-Pacifist Ending,1
 Adult Situations,1
 sensitive skelebones,1
 Please forgive me :(,1
 Hate Sex,1
 Lactation,1
 Occasional and slight Suicidal Ideology,1
 Gaster is a big crybaby,1
 don't worry though this is going to be fluffy and positive overall,1
 the punniest puns you'll ever hear,1
 Underswap!,1
 Non-Consensual Groping,1
 Just ridiculous fun,1
 still not awesome at these tags,1
 self hatred,1
 Claustrophobia,1
 as well as highly psychopathic,1
 ahhh,1
Sans is 21 Frisk is 18 and Papyrus is 16,1
 Gaster isn't that shitty of a scientist,1
 Alcohol Usage,1
 Minor Violence,1
 Puddin',1
 All the Smut,1
 im just a smol bab,1
 Mobsters,1
 smol sans - Freeform,1
 Other tags will be added eventually,1
 The talking to we all wanted,1
 we all sin sometimes :3,1
 An alternate title to this story would be,1
 will include warnings at beginning of each chapter,1
Crack Treated Seriously,1
 Skeleton Ghost Vagina,1
 Historical,1
 this is total crack,1
 sort-of romance on the side but it's with sans so what can you do,1
 possibly autistic! Frisk,1
 like glacial,1
human AU,1
 dying,1
 Minor Monster Death,1
 Height Kink,1
 tiny buff reader,1
 Implied/Referenced Rape/Non-con,1
 actually dont fight me,1
 mad chara,1
 Everyone Has Issues,1
 Reader is asexual,1
 Implied Violence,1
 DiSTorTed TeXt,1
 potted Flowey + Frisk wanting to save Asriel + logical conclusion,1
" alternate title is ""Papyrus Brightens Up Everyone's Lives""",1
Bad Puns,1
 sans is just sin,1
Gender-neutral Reader,1
 Slow Romance,1
 pre game,1
 Science!Sans - Freeform,1
 A heaping bowl of Honey Nut Feelios,1
undertale - Freeform,1
 More tags as the story goes on,1
 Smutt,1
 they can't all be wrong,1
 Magic Bondge,1
 Innocent Papyrus,1
 slow pacing,1
 the whole relationship thing will probably be slow to develop bc theyre,1
 Background characters - Freeform,1
 I'm fairly tired and these tags are becoming silly,1
 and Linda and Helen are bitches,1
 References to War,1
 Dorm Apartments,1
 Tentacle Dick,1
 Daddy Sans,1
Female!Reader - Freeform,1
 no real plot right now tbh,1
 Scarily cute monsters,1
 Possession AU,1
 Lapdance,1
 Peaceful,1
 im sry,1
 Breeding,1
 Insults galore,1
 Just UGH read something else,1
 Hints of child abuse,1
 Domination,1
 Romantic Comedy,1
 Burns,1
 Frisk is Reader's Child,1
 Past Character Death,1
 Optional Smut,1
 all the Gaster,1
 Lack of Sleep,1
 gross violence,1
 Hand Jobs,1
 References will be made to the typical Frisk Backstory,1
 Orgasm Delay/Denial,1
Self-Harm,1
 Illustrated,1
 CHAPTER FIVE IS REALLY FING LONG,1
 magic use,1
 Multiverse,1
 reader's gender not defined - if i do I Fucked Up,1
 Not all what it seems,1
 unfortunate bachelor,1
 Past Fellcest,1
 im doin' it,1
 Panties,1
 im undertale trash,1
 No Mercy Route,1
 themes of isolation and depression,1
 what am I doing with tags,1
 you - Freeform,1
 Sensation Play,1
 Some badass fight scenes,1
 I'm finally delivering on what I promised,1
 And now so is UnderswapSans,1
 Grey!W.D. Gaster,1
 Emotional Manipulation,1
 We're All Sinners,1
 Monster History,1
 some sad,1
 Developing Romance,1
 artstudent!reader,1
 Fluffity Fluff Fluff,1
 maybe not?,1
 skeledong,1
 broken past!Reader,1
 Internal Conflict,1
 Adult Frisk,1
 dark humour,1
 Papyrus' quilting circle,1
Sexual Coercion,1
 Reader likes to curse a lot,1
 Metafiction,1
 There is so much self-loathing in here,1
 Insults aimed at reader,1
 Some kinky shit,1
 Implied/Referenced Abuse,1
Emotional Hurt/Comfort,1
 nonbinary chara,1
 past mafia G!Sans,1
 soul dynamics,1
 Past Rape/Non-con,1
 kind of???,1
 Mental Development,1
 Mostly Gen,1
" but not in a ""kill all the people!"" way",1
 NSFW in Chapter 23,1
 An ungodly amount of puns,1
 smut at ch. 15,1
 smut only comes after the birth so buckle up your sin belts,1
 Alternate Universe - Flowerfell,1
 Rehabilitation,1
 Drug-Induced Sex,1
 but not too slow I hope,1
 Nudity,1
 chill reader,1
 Alcohol and bad Decisikons,1
 Sans is easily embarrassed,1
 Gastersans is a pervy perv,1
 Cock Tease,1
 Suicide,1
 flowey x reader,1
 Swap Pap has been through shit too,1
 Attempt at Humor,1
orphan! Frisk,1
 Reader has a past,1
 Colorful Language,1
 Vomiting,1
 Heartbreaking,1
 (for alphys),1
Adult Frisk AU,1
 More tags to be added as we go,1
 Tons of magic,1
 dad!Sans,1
 honeymustard - Freeform,1
 Roleplay,1
 I mean it this is a really slow burn,1
 intercourse,1
 Human has magic,1
 and knows a lot about people while not really able to fully connect with them,1
 There are some very intensive fight scenes that are not for the faint,1
 High school crushes,1
 Asexual Sans,1
 Constantly confused Sans,1
 why am i writing this,1
 go to hell with me,1
 a virgin writing smut,1
 Demisexual Sans,1
 eventually,1
 Alternative Perspective,1
 Muteness,1
 Pining,1
 like real bad,1
 Genocide,1
 bone puns,1
 Ambiguous Gender,1
 reader POV,1
 Mistaken Identity,1
 Mentions of Cancer,1
 Alternate Universe - High School,1
Pretty much the entire town,1
 gross love stuff,1
 Enemies to Lovers,1
 Sibling Love,1
 sex outside,1
 Pacifist Spoilers,1
 Green eyed Sans,1
 what is sansy thinking,1
 stay determined,1
 Self Confidence Issues,1
 insomnia fueled writing,1
 Psychologists & Psychiatrists,1
 True Ending Spoilers,1
 Reader not Frisk,1
 Multiple Endings,1
 Sex Education,1
 Phone Sex,1
 So many Papyruses,1
 a stab at Grillby's history,1
 smut free,1
 edgylord and lover boy,1
 Possessed Sans,1
 Flowey Being a Fucking Horrible Bastard,1
 non-con,1
 After 'Mother and Child',1
 and the rating may change,1
 Papyrus is a Sinnamon Devil,1
 Ghost Tongue,1
 Because that deserves to be a tag,1
 Discussions about boobs JFC,1
 Boys Kissing,1
 dork humor,1
 Love Confessions,1
 verbal references to rape/noncon,1
 Sex Talk,1
 Stranger make out,1
 the author is crying too,1
 baby bones au,1
 and a lot of fluff,1
 Reader does not have the power to SAVE,1
 Alternate Universe - Human,1
 Pacifist-Ending (spoilers),1
 romanticism mental illness?,1
 sorry I suck lol,1
 and they gain.. feelings?? for each other,1
 Mama Bear Papyrus,1
 Magic and Science,1
 Gags,1
 Slash,1
 Sans can make someone shit their pants when he's pissed,1
 Over-protectiveness,1
reader is female,1
poor/lazy writing,1
 It's gunna get worse from here,1
 oh god am I really sinning? Yeah I'm sinning,1
 Brotherly Frisk/Sans,1
 Ethics,1
 Death Scare TW,1
 mention of a character death,1
 Bike Accident,1
Self Insert Fic,1
 The reader isn't Frisk,1
 Gender Neutral Pronouns,1
 Poisoning,1
Family Feels,1
 Check Up,1
 mental health,1
 oooooo damn things are steamy,1
 Disfigurement,1
 people on quotev can be so annoying sometimes tbh,1
 Asexual Sans/Frisk,1
 help him,1
 mermaid au,1
 i made the reader female,1
 Additional Warnings In Author's Note,1
 Mother-Son Relationship,1
 Unrealistic Police,1
 Don't stare into the void,1
 u can't dodge a feel,1
 Mouth Kink,1
trash can garbage friends,1
Narcoleptic Sans,1
 PTA!AU,1
 Gangsters,1
 i'mma just add stuff and characters as they are added to the story,1
 closet feels,1
 Drunk Sans,1
Blind Date,1
Sans Needs A Hug,1
 Abandonment,1
 Tags Subject to Change,1
 Resolved Sexual Tension,1
 Retelling,1
 reader is really motherly,1
 Related to the Dreams of the Past and Present series,1
 Blind Character,1
 Autumn,1
 All for a reason,1
Undertail,1
 Eventual Sex,1
 Emotional Baggage,1
 Shapeshifting,1
 Sans will probably have mommy-kink I dunno,1
 fantasy play,1
 Harem,1
 Sans is protective,1
 will update tags as I go,1
 Doomed Timelines,1
 Poor Frisk,1
 reader hates shoes,1
 magicpackage,1
trying to keep this all as gender neutral as possible,1
 Creepy,1
 Skeleheat,1
 Spoilers - No Mercy Route,1
 Frisk is not your character,1
 Imaginary Friends,1
 Awkward Crush,1
 mentions of animal death,1
 sort of,1
 also an artist,1
 mild voyeurism?? maybe??,1
 Sadist Sans,1
 romance starts later,1
Gaster Blaster AU,1
um,1
 this literally shameless,1
 Fluff and Humor,1
 PTA monster squad,1
 Edging,1
 Reader can sing,1
 Bodyswap,1
 terrible puns,1
Asexual Relationship,1
 boob fixation,1
 Frisk is gender-neutral,1
Suicidal Thoughts,1
 Magical Pregnancy,1
 Mr. Bones Wild Ride,1
 NO FONTCEST,1
 Orgasm Denial,1
 Sort of????,1
 Goopster,1
 Mentioning/hinting at death,1
 Like can we discuss??,1
 Worried Papyrus,1
 sofa sex,1
 readers a dom,1
 Unhappy Sans :(,1
 Maybe I'll Add Something 4 u,1
 is that really what we're calling it well ok then,1
 to be blunt,1
 unreality,1
AU,1
 Small Determined Child Ships Goatmom/Skeleton,1
Alternate Timelines,1
 Tsundere Sans,1
 with the experiments there's no sex,1
PTA Sans,1
 Professor!Sans,1
 Tags May Change,1
One-Sided Attraction,1
 i'm sorry mom,1
 Sudden 3rd POV,1
 Hurt,1
 Chara Redemption,1
 self inflicted pain,1
Gasterblaster AU,1
 rated for language,1
 Survivor Guilt,1
 Hopeful Ending,1
 gotta love nicknames,1
 Not Really Spooky,1
 Unrequited Love,1
 Platonic Romance,1
 reader is sans,1
 Resets and nightmares,1
 Aftercare,1
 Cute,1
 Desperation,1
 don't fall off your chair reading,1
 Coffee Shop Trope,1
 reader - Freeform,1
 sweet reader,1
 first fanfic :),1
 Tags Will Be Added As Plot Happens,1
 general sex stuff,1
 ghost dickerooni,1
 anyway on to the actual tags:,1
 i need to learn how to tag in ao3 bc i dont know,1
Sadism,1
 most of the gang has split,1
 shy reader,1
 school stress,1
 Eye Trauma,1
 Word Searches,1
 does not take place in the underground,1
 Language of Flowers,1
 you brave,1
 Angst and Humor,1
 Mettaton-Shaped Everything,1
 catcalling,1
 kinda slow burn,1
 skele-smooches,1
 Reader-centric,1
 Female!Reader - Freeform,1
 someone might die,1
 A lot of bad shit happened to UF!Pap and UF!Sans,1
 mentions of past rape/non-con,1
 Cuddling & Snuggling,1
 Soul Touch,1
 Souls Resonating,1
 Sibling Bonding,1
 Guilty Pleasures,1
 and is pretty chill about it,1
 Personal Growth,1
 Long,1
Autistic Papyrus,1
 OC-centric,1
 and there's tons of discussions about human magic vs. monster science,1
 Family Drama,1
 Sorry guys,1
 Non-Verbal Frisk,1
 yes there are ocs in this story,1
 She just has really bad luck,1
 job searching,1
 Degradation,1
soul bonding,1
 Handplates,1
 shitty english,1
 Loneliness,1
 Flowey Redemption,1
 I don't know what else to put here yet??,1
 death mention in chapter nine,1
 BLUE GLOWING DICK,1
 Rated for Sans's language,1
 in retrospect this wasn't that slow of a burn,1
 Love is a big word,1
 Pumpkin - Freeform,1
 Suicide mention,1
 Surprise party gone wrong,1
 Yes actual magic system and all,1
 and other stuff,1
 why not,1
 science sans!,1
 Skeletons,1
 More tags to be added,1
i can't believe this is an actual fic that exists,1
 Frisk POV,1
 Light Sadism,1
 Adopted Sibling Relationship,1
 in which finn tries to write smut,1
 A tonne of it,1
 I'm trying to do a bit of plot but it's mostly just gonna be cute,1
 lots of fluff,1
 Double Penetration in Two Holes,1
 Pet Play,1
 A LOT of Angst,1
 flowey pot,1
 Too many relationship tags,1
 IT'S WORTH IT,1
 Sit back and enjoy,1
 you bang the small skeleton,1
 except kinda not - see previous tags,1
 Undertale References,1
 cross-dressing,1
 Security Guard Sans,1
 a bit angst,1
 let's be honest they can both help keep each other afloat,1
 monster hate groups,1
 Disabled Reader,1
Female Homosexuality,1
 Punishment,1
 Undyne's cooking lessons,1
 Befriending everyone,1
 and has anxiety issues,1
 Gaster stuff,1
 Frisk eats garbage,1
 Oralsex,1
 Death Threats,1
 May be gore/blood later on,1
 hopelessness,1
 Both Frisk and the Reader have no defined gender,1
 Alternate Universes,1
 Guns,1
 Love for the unknown,1
flowey being his usual edgelord self,1
 Science Kink,1
 Soul Rend,1
not even a little bit sorry,1
 Drug Use (Only happens once),1
 Ensemble Cast,1
 Epilogue,1
 post soulless pacifist,1
 Reader isn't clumsy,1
 Worried monsters,1
 homeless! Frisk,1
 seriously dont read this if you arent 18,1
 vaginal bleeding,1
 Drugs,1
 Implied/Refrenced Suicide Attempt,1
 Gangs,1
 Secret Crush,1
 cuz it feels dishonest having them here if they haven't even made an appearance yet,1
 Awkward First Times,1
 Like a ridiculous amount,1
 Add more later - Freeform,1
 reader is kinky,1
 Bonezone,1
 Threats,1
 Bara Sans,1
 Heartbreak,1
Love,1
 Sexting,1
 probably lots of smut,1
 Complicated Relationships,1
 POV Flowey,1
 booty shorts,1
 sans can't people properly,1
 self harm mention in chapter nine,1
 just a metric ton of cum,1
 Multiple Sex Positions,1
 Frisk and Chara fight over who gets to narrate,1
 Chara x Frisk,1
 Blind Reader,1
 Rough Kissing,1
 Spoilers for various other game secrets,1
 but really it is severe,1
 No Saves,1
 youre the one on the farm,1
 Magi Tech,1
 Pet Names,1
 you beautiful soul,1
 15 years post pacifist run,1
 Sans is a charming creep,1
 Femdom,1
 dusttale,1
 Hate,1
 Brotherly Bonding,1
 NSFW in Chapter 16,1
 Might cause tooth ache,1
 Please just don't read this,1
 tough sans,1
 It's Okay,1
 chara,1
 Veteran!Grillby,1
 Weird Sex,1
 Implied/Referenced Past Abuse (Frisk),1
 Protective fire uncle,1
 Don't take it seriously,1
 Some thoughts about self harm,1
 Horrible Puns,1
 Subplots,1
 angsty fluff basically,1
 1920s beliefs,1
 Unicode Trickery,1
 i swear a lot im sorry,1
 I AM SO SORRY SANS I KNOW YOU ARE NOT LIKE THIS,1
 pacifist run,1
Bookstores,1
 humans adjust to monsters,1
 True Pacifist Timeline implied,1
 Gender open to interpretation,1
 hoh boy,1
Major Illness,1
 more tags to be added later,1
 Angels,1
 Sloppy Seconds,1
 Brotherly Papyrus,1
 Mom Toriel,1
 excessive cum,1
Pregnant Reader,1
 erotic asphyxiation,1
 May change rating later,1
 More tags as I go,1
Unethical Experimentation,1
 Occult,1
 total fiasco,1
 Monsters on the Surface,1
 so basically lots of angst,1
 yes you heard me,1
 Workplace Relationship,1
 Second-Hand Embarrassment,1
 Canon-Typical Character Death,1
 hint of Sansby,1
pta undertale,1
 Psychological Thriller,1
 I'm Sorry,1
 soul molesting,1
 he is so reluctant about it at first but will enjoy himself later,1
 human AU,1
 ghost dick,1
 Goat Mom Is Best Mom,1
 bc that should be a thing,1
 I'll add more tags as i go,1
 Ectobiology,1
BDSM,1
 So much smut,1
 Years in the future,1
uh the OCs arent that much of a bother i promise,1
 but not too much,1
 so warning for that i guess,1
 OC can be read as Reader since it is first person,1
 Big Sans,1
 Veteran!Gerson,1
 Consensual Mind Control,1
 Romantic Fluff,1
 No seriously this shit gets pretty angsty from time to time,1
 charisk,1
 Child Abandonment,1
 Magic using human,1
 Eventual sinning probably,1
 maybe a little angst now and again,1
 Mirror!Sans,1
 Storyline,1
Not Beta Read,1
 not sure how coherent this is; it's kinda disjointed on purpose,1
 Male Monster Kid,1
 its gonna take a while for shipping to start,1
 And angst,1
 tiny reader,1
 actually might not be a slow burn at all,1
Swapfell AU,1
2nd POV,1
 dicks too,1
 Personal headcanon about Sans,1
 total therapist trash,1
 Smoking,1
 Dom/sub Undertones,1
 Past not nice things.,1
 Left out,1
 Somnophilia,1
 except relationship edition,1
 Death play??,1
 Sans is great at flirting,1
 t00t t00t,1
 shared magic,1
 Adoptive Daddy Gaster is my new jam,1
 Ambiguous gender Frisk,1
 Papyrus is so adorable,1
 Impregnation Kink,1
 Slight Alternate Universe,1
 soul-touching,1
 Uniform Kink,1
Gaster Sans,1
 Face Slapping,1
 COMMENTS AND THAT STUFF POWER ME,1
 most likely to mainly consist of fluff,1
 Minor OC - Freeform,1
Sugar Daddy AU,1
 No seriously lots of blood,1
 crashboombanger,1
 Identity Issues,1
 Lactation Kink,1
 GB!Sans,1
 Reader gets around...platonically,1
 country life,1
 Incestuous feelings,1
 Sans can be rude,1
 Food,1
 First Fanfiction,1
 baby's first fic,1
 fighter!Reader,1
 Determination,1
 trigger warning,1
 Hunted,1
 Skelebro Angst,1
 Soul Violence,1
 very kinky,1
 My ticket to hell,1
Alternate Universe - Canon Divergence,1
 most of this is relevant later on,1
 Co-workers,1
 Curious Sans,1
 Ugh,1
 Branding,1
 This is really really plot heavy btw,1
 timeline shit,1
 No Blood,1
 papyrus is a precious cinnamon roll,1
 Sciency talk kinda thing,1
 so much plot,1
 Steamy,1
sans days,1
Polyamory,1
 tags will be updated as i progress but i won't post tags on spoilers sorry chums,1
 Cage Play,1
 so many skeletons,1
 submissive sans,1
 Amnesia,1
 Male Monster Heat,1
 Rating may change.,1
Reader Is Frisk,1
 gast is smooth af,1
 reader is female with female parts,1
 Sexually frustrated Sans,1
I'm not good at coming up with story names,1
 Reader is Pan,1
 sans is shy about dancing,1
Frisk x Chara,1
 Heavy Angst,1
 Kissing,1
 if you can dodge a wrench,1
 Illnesses,1
 Broken Families,1
 Strong sexual themes,1
 Plot,1
 -Isms,1
 Demisexual! reader,1
 Missing Limbs,1
 Grinding,1
 Physical Disability,1
 blindfold,1
 Microphilia,1
 Just stick with me guys,1
 Eventual Smut?,1
 so much fluff you wouldn't believe it,1
 it's just not something i write,1
 Because who doesn't love hugs,1
 WE CAN'T GET ENOUGH ANGST,1
 UF Pap and US Pap is best pals,1
 Food Issues,1
 Kids,1
 this story is also anime af,1
 POV Third Person Limited,1
 THIS ISNT EVEN MY FINAL FORM,1
 Ambiguous/Open Ending,1
 bittybones au,1
 It Gets Worse Before It Gets Better,1
 colorful gestures,1
 Other characters only briefly mentioned,1
more tags to come,1
 Aww,1
 also smut in chapter six,1
 Slight soriel,1
 lots of good things,1
 AU and will get more AU,1
 Demons,1
 Some Fluff,1
 Memory Loss,1
tiny!sans,1
 Shy Sans,1
 Reader is a slob and skeleton trash enjoy,1
 pap is a sunshine baby,1
 some fuzzy moments,1
 A fuck ton of Anxiety from Frisk,1
 lots of feels,1
 Toriel as mom,1
 Autistic Papyrus,1
 mentions of cannibalism,1
 Papyrus is mean,1
 Shyness,1
 gendered Monster Kid,1
 The smut is skippable!,1
 Hidden truths,1
 Eventual Dubcon,1
 Sad with a Happy Ending,1
 No resets,1
 Lots of Crying,1
 and stuff,1
 reader has female body parts,1
 Gift Work,1
 Frisk is Reader,1
 Ectogenitals,1
 Unrequired Love,1
 POV Multiple,1
 this is an AU so resets never happened,1
 First Meetings,1
 min-maxing,1
Drabble,1
 Big!Sans,1
 No stop that,1
 Beware There Will Be Puns,1
Rape,1
 Reader Is A Cyborg,1
 but not in a 'I'm going to go kill myself' way,1
 Hilarity Ensues,1
 like really slow burn,1
 Head Injury,1
 my first story,1
 persistant Gaster!Sans,1
 Surprise Main Villain,1
 Like,1
 Happy Sans,1
 I'm gonna be going into my opinion on what happened in Sans's past,1
 Absent Parents,1
 Agender Frisk,1
Past Child Abuse,1
 Game Spoilers,1
 Canonical Character Death,1
 Eventual Fluff,1
 perspective switches,1
How Do I Tag,1
 and a wild chase scene to come,1
 Fellcest - Freeform,1
 of frisk,1
 but yeah definitely some charisk up in here enjoy,1
 Hella dubious morality,1
 Slow Build Up To Real Plotline,1
The OTHER talking to everyone wanted to see,1
 Threesomes,1
 Spitroast,1
school au,1
 pillow biting,1
 more Gaster,1
 Mental Breakdown,1
 Reader and OC are one,1
 UT,1
 Did I say there's not much plot,1
 Knife Mention,1
 OC not Frisk,1
 RomCom tendencies,1
 Babysitting,1
 Ante-Monster Incorporation to Society,1
 Chill,1
 Spoilers - Genocide Route,1
 Ecto private parts,1
 Drama Llama,1
 This is my first time writing in second person.,1
 Reader has boobs,1
Anxiety Disorder,1
 Don't read this just no,1
 might get a little anxty,1
 winter holidays,1
 Marijuana,1
 alternate endings,1
 seriously guys this fic has very very iffy consent please be aware,1
 Maybe a one-shot,1
 Cooking,1
 Memories,1
Child Neglect,1
 Lots of Cursing,1
 Panty Kink,1
 Sushi v toaster,1
 Arguments,1
 MULTIPLE ENDINGS!,1
 Attempt at Complex Characters,1
