 Fluff,53
 Smut,37
 Angst,27
 Hurt/Comfort,24
Fluff,18
 Friends to Lovers,18
 Slow Build,16
 Phan - Freeform,15
 Hand Jobs,15
 Masturbation,15
 Blow Jobs,15
 Getting Together,14
 Alternate Universe,14
 Phanfiction,14
 Alternate Universe - High School,13
 Dirty Talk,11
 Fake AH Crew,11
 Anal Sex,11
 Pining,11
 Violence,11
 Rimming,10
 Panic Attacks,10
 Anal Fingering,10
 Fluff and Angst,10
 Fluff and Smut,9
 First Time,9
 Romance,9
 One Shot,9
 Frottage,8
Alternate Universe,8
 YouTube,8
 Eventual Smut,8
 First Kiss,8
 Light Dom/sub,7
Alternate Universe - High School,7
Phanfiction,7
 Slow Burn,7
 Bullying,7
 Daddy Kink,7
 Spanking,7
 AU,7
Alpha/Beta/Omega Dynamics,7
 Humor,7
 Suicidal Thoughts,7
 Bondage,6
 Shameless Smut,6
 Established Relationship,6
Smut,6
 Mutual Pining,6
 Blood,6
 Light Angst,6
 Angst and Fluff and Smut,6
Angst,6
 Explicit Sexual Content,6
 Sex Toys,6
 Alpha/Omega,6
 Depression,6
 BDSM,6
 Kissing,6
 Dom/sub,6
Phan - Freeform,5
 Knotting,5
 Alternate Universe - College/University,5
 Drug Use,5
 Oral Sex,5
 Love,5
 Alternate Universe - Teenagers,5
 Coming Out,5
 Minor Character Death,5
 GTA AU,5
 Homophobia,5
 Minor Violence,5
 Mutual Masturbation,5
 Anxiety Attacks,5
 Suicide Attempt,5
GTA AU,5
 Unrequited Love,5
 Sex,5
 Rough Sex,5
,4
 Making Out,4
 DAN AND PHIL - Freeform,4
 Alternate Universe - GTA,4
 Domestic,4
 Nightmares,4
 Falling In Love,4
 NSFW,4
 phanfic,4
 Domestic Fluff,4
 Implied/Referenced Suicide,4
 Mild Smut,4
 Fake/Pretend Relationship,4
Fake AH Crew,4
 Implied Sexual Content,4
 Rape Recovery,4
 Threesome - M/M/M,4
 Orgasm Delay/Denial,4
 Cheating,4
 Friendship,4
 Orgasm Denial,4
 top!phil,4
 Bottom!Dan,4
 Phan AU,4
 Hair-pulling,4
 Swearing,4
 Plot What Plot/Porn Without Plot,4
 Grinding,4
 Phan Smut,4
 Septiplier - Freeform,4
Alternate Universe - Soulmates,4
 Explicit Language,3
 implied depression,3
 Mental Health Issues,3
 Exhibitionism,3
 Underage Drinking,3
 Implied/Referenced Rape/Non-con,3
 Wet Dream,3
 Kidnapping,3
 Slurs,3
 Tickling,3
Soulmate-Identifying Marks,3
 Abuse,3
 Dom/sub Undertones,3
 Drinking,3
 Chaptered,3
 Omega Verse,3
 Misunderstandings,3
 Dry Humping,3
Septiplier - Freeform,3
 Rape,3
 Age Difference,3
Fake/Pretend Relationship,3
 Shower Sex,3
 Cunnilingus,3
 Alternate Universe - Soulmates,3
 Alternate Universe - Coffee Shops & Cafs,3
 Face-Fucking,3
 Subspace,3
 Rape Aftermath,3
 High School AU,3
Mavin,3
First Time,3
 Punk Phil,3
Slow Burn,3
 Emotional Manipulation,3
 Suicide,3
 Phan Fluff,3
 Voyeurism,3
 Face-Sitting,3
 Love Confessions,3
 Sexual Content,3
 Past Abuse,3
AU,3
 OT6,3
 Comfort,3
 Anxiety,3
 Crossdressing Kink,3
 Asexual Character,3
 Porn Watching,3
 Non-Consensual Drug Use,3
 Angst with a Happy Ending,3
 Fighting,3
 alpha!Phil,3
 Smoking,3
 Omega!Dan,3
 Size Kink,3
 Mpreg,3
 Denial,3
 Vibrators,3
 Other Additional Tags to Be Added,3
 First Meetings,3
 Flirting,3
 Happy Ending,2
 Egobang - Freeform,2
 Fanfiction,2
 Existential Crisis,2
 Soulmate AU,2
 Polyfidelity,2
 Begging,2
 Mating Cycles/In Heat,2
Coming Out,2
 developing relationships,2
 Getting to Know Each Other,2
 Sexuality Crisis,2
 Accidental Voyeurism,2
 Enemies to Friends to Lovers,2
 Mentions of Death,2
 Female Reader,2
 Body Image,2
 Past Relationship(s),2
 Blowjobs,2
Friends to Lovers,2
 Multiple Orgasms,2
 Self Harm,2
 Stalking,2
PAX Prime,2
 Friendship/Love,2
 Highschool AU,2
 Lemon,2
 power bottom dan,2
 Morning After,2
 Phandom - Freeform,2
 TATINOF,2
 Choking,2
 Bisexuality,2
 Anal Fisting,2
 Adoption,2
 Self-Harm,2
 Phil Lester - Freeform,2
 Kinda,2
 Friends With Benefits,2
 Possessive Behavior,2
 Neck Kissing,2
Reader-Insert,2
 Implied/Referenced Child Abuse,2
 Secret Relationship,2
 Bonding,2
 RPF,2
 Crossdressing,2
 Collars,2
 Rating May Change,2
GTAV AU,2
 Riding,2
 Stockholm Syndrome,2
 Sleepy Cuddles,2
 Watersports,2
 Triggers,2
 Alpha/Beta/Omega Dynamics,2
 Mental Illness,2
 Anxiety Disorder,2
 Phan Comfort,2
 ace!phil,2
 sort of,2
alternative universe,2
 Birthday Sex,2
 dom!Phil,2
 Ice Play,2
 Abusive Relationships,2
 Flashbacks,2
 Oneshot,2
 Threesome - F/M/M,2
 Dubious Consent,2
 First Time Bottoming,2
 punk!phil,2
 Homophobic Language,2
Friends With Benefits,2
 Barebacking,2
 RageHappy,2
 College,2
Voyeurism,2
 Drugged Sex,2
king AU,2
 Body Worship,2
 Mental Instability,2
 minecraft au,2
 Child Abuse,2
 Implied/Referenced Torture,2
 Original Character Death(s),2
 Strangers to Lovers,2
 Facials,2
 Panties,2
rt hybrid AU,2
 Biphobia,2
 Jealousy,2
 Alternate Universe - Flower Shop,2
 Murder,2
 Tour Bus,2
 actor!dan,2
Slow Build,2
 Gay Panic,2
 mental health,2
Tronnor,2
 Sleeping Together,2
 Suicide mentions,2
 Skype Sex,2
 Porn With Plot,2
 Fluff and Humor,2
 Edging,2
 Markiplier - Freeform,2
 Drunk Sex,2
 Cute,2
 Overstimulation,2
 Darkiplier - Freeform,2
 Neglect,2
 Cuddling & Snuggling,2
 Scenting,2
 Guns,2
 Sexual Abuse,2
 Pet Names,2
 Gang Rape,2
 sub!dan,2
 Alternate Universe - Boarding School,2
 Self-Hatred,2
 Deepthroating,2
 Biting,2
 Strippers & Strip Clubs,2
spooky scary au,2
Polyamory,2
 Funny,2
 Gay,2
 Boy x boy,2
 a/o/b,2
 Non-Consensual Touching,2
 Supernatural Elements,2
 PWP,2
 Homesickness,2
 Drunkenness,2
 Hotel Sex,2
 YouTubers - Freeform,2
 self discovery,2
 Manipulation,2
Soulmate AU,2
 Christmas,2
 Raychael is a side pairing,1
 Hand & Finger Kink,1
 Tags to Follow,1
 jeck - Freeform,1
 Cute boys in love,1
book character!au,1
 So many tropes,1
 Some Swearing,1
 Japhan,1
 hole spanking,1
 kinda kinky?,1
 Polyamory,1
 boosh,1
 Blindfolds,1
 Intercrural Sex,1
 does anyone even have canapes for christmas/new year's,1
 (like seriously dont read if that triggers ya),1
 danisnotonfire - Freeform,1
 Docking,1
 because there aren't enough stories showing how they actually get together,1
 Implied/Referenced Homophobia,1
 Alternate Universe - Superheroes/Superpowers,1
 Game Grumps - Freeform,1
Superpowers AU,1
 Kissing in the Rain,1
 Under-negotiated Kink,1
 merk,1
 Phan-Freeform,1
 HIV/AIDS,1
 Miscarriage,1
 Safewords,1
 Python named Rick,1
 Sensuality,1
 i think,1
 Michael Being A Dick,1
 or basically just post apocalyptic AU,1
 Omega Dan,1
 Finger Sucking,1
 badboy!Phil,1
 Princes & Princesses,1
 Pre-OT6 - Freeform,1
 Spooky Week,1
 Internalized Homophobia,1
 Master/Pet,1
 friendstolovers,1
Spies & Secret Agents,1
 kitten play,1
 Youtube!Au,1
 Interior Decorating,1
Drugs,1
 MARK NUUUUUUUT,1
 Werewolves,1
Chaptered,1
swearing because michael,1
 parental death (talks about it),1
 Pegging,1
 Car Accident,1
 On Hiatus,1
Vampires,1
 Cock Rings,1
 Mark is a masochist,1
 Unplanned Pregnancy,1
 Epic Fail,1
 Making Up,1
 Inspired By Tumblr,1
 accent kink,1
 Morning Kisses,1
 Power Bottom,1
 Protection,1
 hell yeah,1
 stereotyping poly people,1
 Hospitalisation,1
 Eventual OT6,1
 Christmas fic,1
 Bottom Dan,1
 PAX Seattle,1
 Family,1
 nothing too bad,1
 Bandits & Outlaws,1
 Amateur Pornography,1
 Dirty Pictures,1
 collaring,1
Hybrid AU,1
 this is basically a bad porno,1
 Gambling,1
 Questioning,1
 Teacher/Student Roleplay,1
 selectively mute dan howell,1
 Undressing,1
 Probably just fluff,1
 Las Vegas,1
 kidnapper kink,1
 Genderfluid Character,1
 Tyler Oakley ships it,1
 Voice Kink,1
 Strip Tease,1
Light Bondage,1
Mpreg,1
Drunken Confessions,1
 Roughness,1
 Occasional swearing,1
 Awkward First Times,1
 Throat Fucking,1
 Omega Jack,1
 Alternate Universe - Slavery,1
 sometimes it doesnt,1
 Light BDSM,1
 more of a criminal AU,1
 Witches,1
 Master/Servant,1
 live show,1
 Cold Phan,1
 Trust,1
 i dont even know what im doing anymore,1
 For Once It Wasn't Phil,1
useless fluff,1
 Brief Mention of Blood,1
 (it's implicit leave me alone),1
 But not quite,1
 Bukkake,1
 Phan Everything,1
 Auditory Kink,1
 Sexual Tension,1
 theres SO MUCH SMUT,1
 mentions of past abuse/torture,1
 Alternate Universe - Pet Store,1
 Alternate Timelines,1
 Smutt,1
 ice kink,1
 Jock!Dan,1
 heat - Freeform,1
 sort of freewood centric in terms of the pairing,1
 dubcon,1
 cute loving sex,1
 Unsubtle Symbolism,1
 self destructive behavior,1
 Found Families,1
 Infidelity,1
 phil is 18,1
Highschool AU,1
 cat!Michael,1
 phan texting,1
 Open Relationships,1
 Gang Bang,1
 this was fucking impossible to write first time I've written actual smut longer than a few sentences,1
 Werewolf Pack Feels,1
 Come Eating,1
Alternate Universe - Grand Theft Auto Setting,1
injury cw,1
 Reader has a vagina,1
Tumblr request,1
 Emetophobia,1
 If You Only Read One Work By Me- This Is Probably The Most Respectable,1
 Disturbing Themes,1
 A little bit of violence,1
 whoops,1
connorfranta,1
 Emotional Hurt/Comfort,1
 Phil is deaf,1
 so many wounds,1
 injuries,1
 Junior High AU,1
 Medication,1
 Truth or Dare,1
 people like grapes,1
 So many OCs,1
 don't ask me how i did that okay idk,1
 phil is a fan girl,1
 Hanging Out,1
 Marking,1
 Plantboy Phil,1
 Power Play,1
 Shy Dan,1
dom!dan,1
 no actual suicide though don't worry,1
 Gunplay,1
 jacksepticeye - Freeform,1
 Forced Prostitution,1
 Exposure,1
 Bottom!Jack,1
 Medieval AU,1
 Tongue Piercings,1
 Pack Dynamics,1
 (hopefully),1
 Tickle Fights,1
 dom!reader for like one chapter,1
 the pair of them,1
 Sleep Groping,1
 Inspired by Fanart,1
 tattoo parlor,1
 Wales,1
 phil is nice,1
 Bisexual Character,1
 shit load of kinks,1
Alternate Universe - Prostitution,1
 iPhone apps,1
 I Can't Believe I Wrote This,1
 The holy trinity god bless,1
 philisnotonfire - Freeform,1
 vampire AU,1
 Non-Consensual Oral Sex,1
 Vampires,1
 Hybrids,1
 Conventions,1
Michael-centric,1
 Butt Plugs,1
 Meeting the Parents,1
 Break Up,1
 dan plays piano,1
 Sexual Humor,1
 Fluff and Hurt/Comfort,1
 Alternate Universe - Teachers,1
 like half fisting,1
 Trans Male Character,1
 Teenage Lads,1
 probably contains sexy stuff,1
 Teen Pregnancy,1
 Alternate Universe - Sugar Daddy,1
 I swear,1
 watching kink,1
m/m - Freeform,1
 DDR,1
 Alternate Universe - Library,1
 Cumplay,1
Alternate Universe - GTA,1
 (and a lot of kissing),1
 Alternate Universe - Normal High School,1
 Prostitution,1
 Tumblr,1
 Non-Sexual Intimacy,1
 Aggressive,1
 Light Masochism,1
Schizophrenia,1
 parent!phan,1
 Gift Giving,1
 Omorashi,1
 based on the heist world sort of,1
 Danny is subby af,1
 Dildos,1
 Rabbit!Ray,1
 Teen Angst,1
 Phils mum is a gem and should be protected at all times,1
 physical and verbal harassment,1
 Professor Brian,1
Google IRL AU,1
 tbh this is gonna be wild,1
 Multimedia,1
 teeny weeny tiny bit of angst,1
 Bets & Wagers,1
 Capitalism unfortunately,1
 fluffy sex,1
 Top Phil,1
 Licking,1
 esp. internalized homophobia,1
 Suggestive Themes,1
 Breeding Kink,1
 famous!dan,1
 Lingerie,1
 Harry Potter References,1
 Team Nice Dynamite,1
 idk yet,1
 dan is 14,1
 Jealous Phil,1
 Drunk Blow Jobs,1
 Spitroasting,1
 Arcade,1
 cow!Ryan,1
 Spankings,1
 Facebook,1
 Wet Clothing,1
 don't know where I'm going with this,1
 Street Michael,1
 Inspired by Art,1
 Florist!Dan,1
 Soulmate-Identifying Marks,1
 Angst and Feels,1
 Jack cries a lot,1
 septipler - Freeform,1
 Everyone Thinks They're Together,1
 Every Youtuber Ever,1
 Gaslighting,1
 Amazingphil - Freeform,1
 Alternative Universe - Soulmates,1
 cliffhangers galore,1
 Rich!Phil,1
 like bucketloads,1
 Cleaning,1
 Eating Disorders,1
 i guess,1
 Lumberjack Ryan is dangerously hot,1
Alternate Universe - Dark,1
 Enderdan,1
 Plushophilia,1
 Oblivious Dan,1
 alcohol use,1
Bounty Hunter,1
background Michael/Ray,1
 phil crying,1
Alcohol Abuse/Alcoholism,1
Puppy Play,1
 top!dan,1
 Enthusiastic Consent,1
 snake - Freeform,1
 loads of kissing,1
 YOLO,1
 Unrequited,1
 Teen!Phil,1
 lion,1
 pastel!dan,1
 Humiliation kink,1
 Papa Geoff,1
 first time together i mean,1
Dreamsharing,1
 loveandstuff,1
flower shop,1
 Meta,1
 mild drug use,1
Fallout AU,1
 Fear,1
 Texting,1
 a lot of tears,1
 but no really it's fluff,1
 bdsm suggested,1
Random Kissing,1
 Kink Meme,1
 and Dan is having a hard time to resist,1
Organized Crime,1
 hurt Dan,1
 almost,1
 I need to stop w/ the soulmate au,1
 Felching,1
 Cliche,1
 this is just me practicing smut!,1
 Porn,1
 Lots of Cliches,1
 Slut Shaming,1
 reader is poly,1
 Gang AU,1
 Possessive Sex,1
 Date Rape Drug/Roofies,1
 Crushes,1
 Defiance,1
 antisepticeye,1
Non-Consensual Oral Sex,1
 Napping,1
 #shovelallthezombies,1
 Non-Consensual,1
 photographer!dan,1
 Drinking Games,1
 Imprisonment,1
 Genderbending,1
 Best Friends,1
Alternate Universe - Coffee Shops & Cafs,1
 Patronizing Disabled People,1
 but nothing super bad,1
 Bioshock - Freeform,1
 Case Fic,1
 besides me ofc,1
 Non-Sexual Kink,1
additional tags,1
 Dan and Phil are oblivious,1
 model!phil,1
 hunter manipulations,1
 chaptered story,1
 a medley of humor and schmoop and confusion and angst that ends in happiness,1
Mad King Ryan,1
 Alabama,1
 Tronnor,1
 Minor Injuries,1
 bi!Dan,1
 BAMF Phil,1
 rubberdoop,1
 awkward kitchen metaphors,1
 mercenary!ray,1
 youtuber reader,1
 disability!dan,1
 Driving,1
 umm yeah,1
 Fetish,1
 awkward crushes,1
 which doesn't even slow them down,1
 and basically background gavin/everyone but it's gen,1
 Drunken Confessions,1
 Swearing Occasionally,1
 a very dom!Mark,1
 drinking game: take a shot every time jack's eyes are mentioned,1
 Hobbit Hair,1
 Sexting,1
 bachelorette au im watching a season of the bachelorette and writing as i go look at my cOmiTtMenT,1
 Demon AU,1
 Forced Feminization,1
 so gay tbh,1
 post-orgasmic torture,1
 it's exactly what you think,1
 sex on a belfry,1
 I'm Going to Hell,1
 lumberjack!ryan,1
 Students,1
 Fluffy Ending,1
 Bite Bonding.,1
 Demon!Dan,1
 Come Shot,1
 Snuggling,1
 Strong Language,1
 also dan cries because it feels good,1
 Punk Jack,1
Mutual Masturbation,1
 albeism,1
 Oral Knotting,1
 Pranks and Practical Jokes,1
 Blood Drinking,1
 video games - Freeform,1
 SO GAY,1
 teen!Dan,1
 LEEEEEEEEEEEEEEEEEEEEEEEEEEETS READ,1
 Trust Issues,1
 Domestic Phan,1
 art fic,1
5 Times,1
 Coming Untouched,1
 Nobody Gets It,1
 tiny bit of swearing,1
 enjoy the ride,1
Tumblr,1
 has this been done? probably,1
 Lots of references to Fight Club,1
 Florists,1
 Teen Drama in Twenty-Something-Year-Olds,1
 Also bloody long chapters,1
 that's a first,1
 it has nothing to do with plot lmao,1
 Developing Relationship,1
 for once in my life i have no idea how to tag a fic,1
 PTSD,1
 roller skating,1
 Recovery,1
 shy!Dan,1
Pet Store,1
 dan is phil's new pet,1
 Groping,1
 sound porn,1
 so does the BBC,1
 I'm Sorry It's Another Chapter Fic,1
 Deaf Character,1
 Accidental Bonding,1
 Fluff without Plot,1
 First Meeting,1
 No Character Death,1
 ok the angst was intentional i lied,1
 Showers,1
 Freewood - Freeform,1
 Magic,1
 Canon Compliant,1
 Mentions of Blood,1
 Temperature Play,1
 fluff and eventual smut,1
 Imprinting,1
HSAU,1
Drunkenness,1
 atleast i think so,1
 Meta as hell,1
 I'm so sorry Tyler,1
 Boarding School,1
 Librarian!Phil,1
 Daddy!Kink,1
Phandom - Freeform,1
 Implied/Referenced Self-Harm,1
 lots of friendship - Freeform,1
 Basically every smut tag,1
 Role Reversal,1
 prompt,1
 Drugs,1
 Language,1
 Past Brainwashing,1
 Tronler Friendship,1
 Safeword Use,1
robot!au,1
 Help,1
 kinda??????????,1
High School AU,1
 Sharing a Bed,1
 creeperboy,1
 Verbal Abuse,1
 duck-related bickering,1
 Escort Service,1
 minor self punishment,1
Death,1
 Mavin,1
 Polyamory Negotiations,1
 Growing Up AU,1
 Soulmates,1
 if you do not want smut you can totes skip it,1
 brief mention of alcohol,1
 First Time Topping,1
 like every smut related tag fucking bye,1
 Author doesn't know what the hell she's doing,1
 True Mates,1
You've Got Mail AU,1
 Literal Sleeping Together,1
 Whipping,1
 (wow spoiler much),1
 Cum Eating,1
 cursing,1
 Boys In Love,1
Creeper,1
 also dan is kinda a bamf too?,1
 an unlikely friendship between a slut and an innocent bean,1
 mainly a septicplier fic,1
 Male-Female Friendship,1
 ALL OF IT,1
 don't actually you will die,1
 multi-chapter,1
 Sweet Muffin Demon!Dan Has Some Self-Esteem Issues,1
 its mostly fluffy but i'll probably add smut later,1
 Daddies,1
 kind of like x-men but different,1
 also lots of swearing,1
 Sexual Experimentation,1
Dan Howell - Freeform,1
 etc etc - Freeform,1
 Public Humiliation,1
 Implied/Referenced Underage Prostitution,1
PWP,1
 Maids,1
 lion!Jack,1
 implied mavin,1
 famous!Phil,1
 sorta again??,1
 called a pet,1
 dan is 5'4,1
 handjobs,1
 this is pre-ot6,1
 Psychological Torture,1
 dubcon acting,1
 Rape/Non-con - Freeform,1
 Phil just really needs a hug,1
 some serious miscommunication,1
 So some smutty-ish things happen but don't expect very much from me,1
 gamingvideo,1
 Hallucinations,1
 Stereotypes,1
 Online Chatroom,1
 explicit - Freeform,1
 Prompt Fill,1
Alternate Universe-Super Powers,1
 alternate universe - dan's an actor,1
 Humans with supernatural abilities,1
 reluctance,1
 Halloween,1
 Unwanted Sexual Advances,1
Hangover,1
Original Character(s),1
YouTuber!Dean,1
 tws for the obvious,1
 roommates au,1
 Bioshock Spoilers,1
 oh well,1
 Closeted Character,1
 Partner Betrayal,1
 theres a lot of focus on death and dying,1
 Genetically Engineered Beings,1
Blind Character,1
 BBC,1
 Angry Sex,1
 ALL THE GAY,1
call boy verse,1
 Post Mpreg,1
 5 Times,1
 Dan Is Really Just A Misunderstood Cinnamon Roll,1
 always a boy!Holly,1
 mix,1
 Mentions of past abuse,1
Asexual!Dan,1
 Phil doesn't hurt Dan,1
 but that's nothing new,1
 Autocorrect Is Useless,1
 hints of sex,1
A/B/O,1
 Alternate Universe - Grand Theft Auto Setting,1
 Rutting,1
 Handcuffs,1
 Male Solo,1
 Background Het,1
 Content Warnings per chapter,1
TATINOF US 2016,1
 Twitter,1
 First Dates,1
 Video,1
 Canon-Typical Violence,1
 sin - Freeform,1
 Oh Dan,1
 Insecurity,1
 insecure,1
 modern!Alpha/Omega,1
 Appendicitis,1
 making fun,1
Crisis,1
 rom - Freeform,1
Boys Kissing,1
 Dan is oblivious,1
 freewood-centric OT6,1
 gavin isn't actually underage he's 17 but just in case,1
 ongoing,1
 Michael doesn't play well with others,1
Shorts,1
 dan has ptsd,1
pjs in here for like a second,1
 Drawing,1
 sub!Phil,1
5+1 Things,1
 and also really stubborn,1
 Slightly angsty fluff,1
 passing notes,1
 Mild Kink,1
City Kid Ray,1
 Body Horror,1
 Sleep Deprivation,1
 who am I kidding everything I write is cheesy as all hell,1
 Discrimination,1
 and the entire universe,1
 mild violence,1
 mute character,1
 idk how to capitalize,1
 Implied Relationships,1
 like diamonds in the sky,1
 Spooning,1
younow,1
 Creampie,1
 Prince!Gavin,1
 Future Married Life,1
 Knot Fondling,1
 Short,1
 sub Dan,1
 AU in which Arin has not met Suzy yet,1
 or so you think,1
 Poor!Michael,1
 welp first jackarooney and markimoo fanfic,1
 Ninja Ship Party,1
 Cringe Attack,1
 Mark's kind of an asshole,1
 Crack,1
 Sexual Confusion,1
 a lot of dirty talk,1
 brief instances of physical torture,1
 We Just Love Each Other,1
 I'm sorry if you cry,1
 vague themes of torture,1
jaspar,1
 Kink,1
 Lovers to Friends,1
 It's about sexual slavery,1
 rt,1
 The Amazing Tour Is Not on Fire,1
 slight D/s,1
 Freeform,1
 Sexual Fantasy,1
 anyways enjoy full on nsfw phil in panties and powerbottom dan up ahead,1
 when did this become a fucking novel someone help me,1
 smut mention?,1
 Insults,1
 Not My Fault,1
 friends with benefits (kind of),1
 Youtube RPF - Freeform,1
 how do tags work,1
 Sex on Furniture,1
 Domesticity,1
HomeHunters,1
Lore - Freeform,1
 Anime,1
 minor injury,1
 Spiders,1
Alternate Universe - Zombie Apocalypse,1
Masturbation,1
Reader Insert,1
 Alternate Universe - Creatures & Monsters,1
 Sexual Identity,1
 Short & Sweet,1
 THERE IS PROBS MORE ANGST THAN SMUT THO,1
 Sex Addiction,1
 coffee shop fluff,1
 High School,1
 it's got fluff too,1
 this is me trying to capture dan and phil's entire relationship in 6k,1
 Paddys Day,1
 hiv/aids scare,1
 mythological creatures,1
The word babygirl gets used a lot,1
 Past Sexual Abuse,1
 Mark is Demi,1
 mentions of homocide,1
 serious angst,1
 and art~,1
 florist phil,1
 Again,1
Phan and Zalfie friendship,1
 nekos are treated poorly,1
 so they start getting together in pairs in this one,1
 bratty dan,1
 Jack is Bi,1
 Cuddling,1
 Outing,1
 No one knows how to use their words,1
 Hate to Love,1
 Psychoteeth,1
 Boys In Denial,1
 pain play,1
 Omegaverse,1
 but it's ADAM,1
 body horror cw,1
 Connor Franta - Freeform,1
 FIIIIIIIIIIIIIIIIIIIIISSSSSSHHHHH,1
 Implied Violence,1
 Attack,1
 Grief,1
 Baby,1
 well more like fwb to lovers but ok,1
 Minor Original Character(s),1
 Mistress,1
 may be triggering,1
 Pastel Dan and Punk Phil,1
 Teasing,1
Drama,1
 swearing and lots of it,1
 and a Whole Lotta Gay,1
 Sexual Roleplay,1
 Smile,1
 Awkwardness,1
 a very sad roadtrip,1
 Lapdance,1
 erotic audio,1
 Breeding,1
 Papa Geoff Ramsey,1
 third person,1
 Going betaless,1
 Romantic Comedy,1
 In case it wasn't clear before,1
 slow relationship build,1
 Genderplay,1
acting like dub con,1
Witch!Phil,1
 size queen,1
Swearing,1
 SO MUCH FLUFF,1
 British English,1
 this will be a series and they'll get together later in it,1
 eventual domesticity,1
 Psychic AU,1
 Guild Grumps,1
Alcohol,1
 Demiromantic Character,1
 Car Accidents,1
 Prostate Milking,1
 Mental Breakdown,1
OT6,1
 Ray gets lost in the woods and hurts his ankle like a damn fool and Ryan helps him,1
 burning out,1
 casual ableist language,1
 artist!Phil,1
Dubious Consent,1
 Alternate Universe - Historical,1
 Growing Up Together,1
 Alcohol Mentions,1
 Obsession,1
 Dan has a voyeurism kink,1
 I APOLOGIZE,1
 Implied/Referenced Abuse,1
 cheesy as all hell title,1
 Tags Contain Spoilers,1
Other Youtubers,1
 Unhealthy Coping Mechanisms,1
 its a marshmallow spread okay,1
 Past Rape/Non-con,1
 picking on others,1
 Established!Phan,1
 Epistolary,1
 Typos,1
 Post-Coital Cuddling,1
 Alpha Mark,1
 Mark doesn't really mind,1
 Drug-Induced Sex,1
 First Time Blow Jobs,1
 but it wasnt intentional,1
 Phil is 6'2,1
 My First Smut,1
 established relationships - Freeform,1
 phil only has his mum,1
 baking cakes,1
 Attempt at Humor,1
 temporary character death as per the prompt,1
 Come Sharing,1
 Muse - Freeform,1
 Woops,1
 enjoy,1
 Plantboy!Phil,1
 injury cw,1
Rough Sex,1
Abusive Relationships,1
 Suffering in silence,1
 Enemies to Friends,1
 Major Illness,1
 Queerplatonic Relationships,1
 Safe-word use,1
 Slave!Dan,1
 Near Death Experience,1
 Comedy,1
 Phan Drabble,1
 Kissing Lessons from Tyler Oakley,1
 Struggle,1
 have i mentioned how much blood is in this one,1
 Wall Sex,1
 PewdieCry - Freeform,1
 Merry Christmas!,1
 please suspend your disbelief,1
 Enemies to Lovers,1
 Rape/Non-con Elements,1
 Dorks in Love,1
" ""Accidentally"" Acquiring A Hamster",1
 Self Confidence Issues,1
 little bit of kissin and stuff,1
 Phone Sex,1
 Heartache,1
 non-con,1
punk!phil,1
 Separation Anxiety,1
 Alternate Universe - 1950s,1
 BAMF!Phil,1
 Starbucks,1
 Out-of-the-blue epiphanies,1
 Referenced Child Murder,1
 fugitive fetish,1
 FUCKING NERDS,1
 Hypnosis,1
 Mild Hurt/Comfort,1
 Mages,1
Phan Fluff,1
 Gay Sex,1
 suicide talk,1
 Organized Crime,1
 RT Hybid AU X,1
 Doing Everything Naked,1
 basically all sexualities/romantic orientations/gender identities will be represented,1
 BBC1,1
 Alternate Universe - Modern Setting,1
 kidnapping and torture,1
 blind!dan,1
 always a girl!Ross,1
 Attempted Murder,1
 Valentine's Day,1
 Implied Attempted Suicide,1
 Until Dawn events,1
 pew pew,1
jacksepticeye - Freeform,1
 film!kink,1
 literally dan is oblivious to everything,1
 Food Fights,1
 hearing impaired character,1
 Faffin about,1
 Wendigos,1
 Student!Phil,1
 British Comedy,1
 sorry lmao,1
 I Am So Sorry About Chapter 19,1
 cumslut,1
 Michael Being an Idiot,1
 general narrative stupidity,1
 theyre dorks,1
 Cybersex,1
 in which everyone has secrets and relationships get complicated,1
 Genetic Engineering,1
circus AU,1
 Teacher-Student Relationship,1
 It's gonna get sad,1
 Mild Gore,1
 Fingerfucking,1
 Some Fluff,1
 Foster Care AU,1
 buttsecks,1
 Anger,1
 Restraints,1
 Halloween Baking Video,1
 Possibly Unrequited Love,1
 kings - Freeform,1
 Blindness,1
 teacher!Castiel,1
 First Times,1
Coma,1
 dom!Mark,1
 Fingering,1
 phil in panties,1
 Dominance,1
 Bodyswap,1
Hogwarts AU,1
 chapter 31 is a smut chapter,1
 Moderate Self-Destructive Behavior,1
 Clothing Kink,1
 Goat!Geoff,1
 Cry is super protective,1
 I tend to leave superlong review replies,1
 Sassy Dan,1
Alternate Universe - BDSM,1
 How Lucky Can Two Guys Get When Surviving Near-Death Experiences,1
 KickTheStickz - Freeform,1
 Actors,1
 Tags May Change,1
 Uni Student!Dan,1
 Alpha on Alpha,1
 Teenage Drama,1
mute dan howell,1
THE WHOLE GANG'S HERE AND THEY'RE INCREDIBLY QUEER,1
 step-brother,1
 dan's hobbit hair,1
 Phanniversary,1
 Alternate Universe - Neighbors,1
 This fic is not as negative or nearly as dark as these tags suggest,1
 Alternate Universe - Robots & Androids,1
 i would like to apologise for this,1
 Aftercare,1
 knowledge of that Immersion episode is basically all that's needed to understand this,1
Psychic Abilities,1
 praising and humilliation i dont even know anymore,1
 I worked really hard on this I promise,1
 Support,1
 Writing Is My Therapy So Sorry For The Occasional Wobble,1
 includes,1
 Homophobic comments,1
 per usual,1
 Pansexual Character,1
 Past Character Death,1
 Theatre,1
 cute things happen,1
 school au,1
 these dorks tho,1
 denial about sexuality,1
 Buckle up,1
 but worth it,1
 Female!Reader - Freeform,1
 amateur porn,1
 Heart eyes howell,1
 everyone ships it,1
 Long,1
 Weird Fluff,1
 reassurance,1
 Sick Danny,1
 Dark & Mature Themes,1
 Family Drama,1
 Degradation,1
 Tease it,1
 Punk Dan,1
Cop AU,1
 Body Shots,1
 Sneaking Out,1
 Alternate Universe - School,1
 6 Years of Repressed Feelings,1
 solve the mystery,1
 Parenthood,1
 Parallel Universes,1
 Gavin!creeper,1
 Blushing,1
 Rope Bondage,1
 Underwear Kink,1
 Punishment,1
 homophobic slurs probably idk,1
 Height Differences,1
 Alternate Universe - Vampire,1
 phil is really not,1
 whisks,1
 Michael doesn't know what to do when people are nice to him,1
 blowjob,1
 Judgement,1
 Cute Phil,1
 lots of references cause im trash,1
 oodles of fluff,1
 Blood and Gore,1
 BDSM jokes,1
 Fic based off Fanfiction,1
 This should've come out on Halloween,1
 dan gets the talk,1
 I guess technically it's more of a mindswap,1
 Jealously,1
 cabin fic sorta,1
 Threats,1
 Heartbreak,1
 bird!gavin,1
 it's literally so sappy I wanna puke,1
 but he's not,1
 teenage heart throb dan,1
Warning for discussions of abuse and abusive relationships,1
 Omega on Omega,1
 dear lord so much teasing,1
 Bodyguard AU,1
 polybomb,1
 awkward moments,1
 and horrible first impressions,1
 Obsessive Behavior,1
 Out of Order,1
 Love/Hate,1
 Eventual Relationships,1
 Cosplay,1
 camera kink,1
 Imagine your OTP,1
 blowjob lessons,1
 Rubberbang - Freeform,1
 Character Death,1
 Unhealthy Relationships,1
ASL,1
 Alternate Universe - Future,1
 dumb hollywood action stunts,1
Alpha/Omega,1
 Felix is a cupcake,1
 Coffee Shops,1
 relationship,1
 CREEEEEPERRRRRRR!,1
 Dysfunctional Relationships,1
Gang AU,1
 I Wrote This Instead of Sleeping,1
 underage ish,1
 O2L - Freeform,1
 posted from my tumblr ooooo,1
 Second-Hand Embarrassment,1
 Elks,1
 seriously,1
 at first anyway,1
 Flashback,1
 A/B/O,1
 Claiming,1
 ? - Freeform,1
 Knotting Dildos,1
 Understanding,1
 Gender or Sex Swap,1
 mark!top,1
 Romantic Fluff,1
 Secrets,1
 Dan's a whore,1
 LIKE SO MUCH SMUT,1
GTA Universe,1
 just read it,1
 Same-Sex Marriage,1
 minor past character death,1
 Racist Language,1
 Humiliation,1
 Partying,1
 neglect cw,1
 powerbottom!dan,1
 The plot is a little absurd,1
 Mild Fluff,1
 now there's an epilogue with the added bonus of smut,1
 Sneaking Around,1
 2009-2015,1
 Dan plays basketball,1
Present Tense,1
 the kinsey scale,1
 Complete,1
 dan stars in movies,1
 Sexuality,1
 Non-Consensual Bondage,1
 Abduction,1
 Somnophilia,1
 fluff sometimes i promise,1
 Therapy through smut,1
 If You Squint - Freeform,1
 Bisexual Male Character,1
 Top!Mark,1
 lots more fluff,1
 Face Slapping,1
 Tropes,1
 It actually is fluff though it's artsy fluff don't be scared child,1
 Feminization,1
2009 Phan,1
 drabbles,1
Meta,1
 werewolves but not really,1
 Topping from the Bottom,1
 Photography,1
 trigger warning,1
 argument,1
 Co-workers,1
 it's just kind of talked about,1
 Supernatural - Freeform,1
 Branding,1
 Best friend fluff,1
 Come Swallowing,1
 Group Sex,1
 Hormones,1
 Implied Self-Harm,1
 Alpha Phil,1
 Double Penetration,1
 Family Issues,1
 (that should be my tag for every phanfic ever),1
 Kissing Lessons,1
 and so many near death experiences,1
 teacher!au,1
The Bachelorette - Freeform,1
 mentioned - Freeform,1
 Genderswap,1
 Heavy Angst,1
 Comeplay,1
Rape Aftermath,1
 Obsessive-Compulsive Disorder,1
 Painting,1
 dan is really famous,1
 Physical Harm,1
Severe OCD,1
 Terminal Illnesses,1
 Skype,1
 For the Life Unlived,1
 Tyler Oakley - Freeform,1
phan smut for sam!,1
 Slow Updates,1
Fantasy,1
 Original Character(s),1
 innocence kink,1
 Mentions of Suicide,1
 everyone's a shipper,1
 I don't know if that's triggering,1
 Song Lyrics,1
 Safe-word,1
YouTube,1
 phil spanks him once,1
 Married Castiel/Dean Winchester,1
 Oh Dear,1
 dont sue me for wasting your time,1
 Cannibal!Mark,1
 Porn Mention,1
 Cannibalism,1
 but this has a happy ending!,1
 Caspar is an asshole in this,1
Pining,1
 Romantic Friendship,1
 tronnor smut,1
 homophobic parents,1
 Schmoop,1
 Attempted Rape/Non-Con,1
 singer!phil,1
 Cookies,1
I love angst,1
 Serial Killers,1
 Based on a Tumblr Post,1
 cute Dan,1
 Non-Graphic Rape/Non-Con,1
Japan,1
 Roleplay,1
Rape,1
Neko!Dan,1
 cuts it really close though,1
 Horror,1
 Phil is being a little shit basically,1
 Pax Prime 2015,1
Alternate Universe - Boarding School,1
 Now with a smutty sequel,1
 Like,1
 Also a little angst,1
 Dom Phil,1
 Eventual Fluff,1
 Late Night Conversations,1
 panic disorder,1
Oops,1
 sometimes it makes sense,1
 Threesomes,1
 Homophobic slurs(like one in like chapter 7),1
 Fanart,1
 Ableism,1
 2009!phan,1
 Dimension Travel,1
 Birthday,1
 Gratuitous TLC,1
 bin liners,1
 Jack is a kinky son of a bitch,1
 Phil thinks Dan's self harming at one point,1
 super powers,1
 Unsupportive father figures,1
 dan being an indecisive dick,1
 Fluffy Smut,1
 Online Relationship,1
 Protective Phil,1
 more tags/characters/warnings will be added as time passes,1
 Everyone's A Monster!AU,1
 Paranoia,1
 Some fluff too,1
 (don't let the tags fool you there is a happy ending ok),1
 Awkward Sex,1
 Internet,1
