 Fluff,51
Fluff,25
 Fluff and Smut,16
 Kissing,16
 First Kiss,15
 Anal Sex,15
 Praise Kink,13
 Blow Jobs,13
 Anal Fingering,13
 Smut,12
 Angst,12
 Hurt/Comfort,11
 Established Relationship,11
 Victuri,11
 Hand Jobs,10
 Getting Together,10
 Love Confessions,10
 Tooth-Rotting Fluff,10
,9
 Oral Sex,9
 Dirty Talk,8
 Anxiety,8
 Plot What Plot/Porn Without Plot,8
 Masturbation,8
 Falling In Love,8
 VictUuri,8
 Cute,7
 Frottage,7
 First Time,7
 Pre-Relationship,7
 Making Out,6
 Porn with Feelings,6
Alpha/Beta/Omega Dynamics,6
 Fluff and Angst,6
 Rimming,6
 Insecurity,6
 Pining,6
 Slow Burn,6
 Semi-Public Sex,6
 Sexual Tension,5
 Ice Skating,5
 Romance,5
 Emotional Hurt/Comfort,5
 Post-Canon,5
Alternate Universe - Canon Divergence,5
 Alternate Universe - Canon Divergence,5
Angst,5
 Yaoi,5
Kissing,4
Masturbation,4
 Cuddling & Snuggling,4
 Mating Cycles/In Heat,4
 Exhibitionism,4
 Hugs,4
 Alpha/Beta/Omega Dynamics,4
 Domestic,4
 AU,4
 viktuuri,4
 Vikturi,4
 Light Angst,4
Alternate Universe - Soulmates,4
 Boys Kissing,4
 Mutual Masturbation,4
 PWP,4
First Kiss,4
 Kinda,4
 Fingering,4
 Aftercare,3
 Intercrural Sex,3
Victuri,3
 Slow Build,3
 NSFW,3
 Domestic Fluff,3
 Omega!Yuuri,3
First Time,3
 Shameless Smut,3
 Omegaverse,3
 alpha!Victor,3
 Knotting,3
Romance,3
 Canon Compliant,3
 Self-Esteem Issues,3
 Butt Plugs,3
 Post Episode 3,3
 Voyeurism,3
PWP,3
Smut,3
 Feelings,3
VictUuri,3
 Drabble,3
 Explicit Sexual Content,3
 Mutual Pining,3
 Spanking,3
 Humor,3
 Misunderstandings,3
 Confessions,3
 Alternate Universe,3
 Sexual Content,3
 Other Additional Tags to Be Added,3
 Flirting,3
 Sex Toys,3
 Yuri POV,3
 Body Image,3
 Creampie,2
Porn Without Plot,2
 Polyamory,2
 Happy Ending,2
 Genderfluid Yuuri,2
 Pre-Slash,2
 Slavery,2
Explicit Language,2
 Body Worship,2
 eating ass,2
 Humour,2
 Sex,2
 Friends to Lovers,2
 Snow and Ice,2
Praise Kink,2
 Verbal Humiliation,2
 Massage,2
 Nipple Play,2
 Short & Sweet,2
 hand holding,2
 Pet Play,2
 BDSM,2
 Male Character of Color,2
 Getting to Know Each Other,2
 Implied Sexual Content,2
 Rough Sex,2
 Scenting,2
 Fluffy Ending,2
Body Worship,2
 Soulmates,2
 POV Male Character,2
 Eventual Smut,2
 Character Study,2
Plot What Plot/Porn Without Plot,2
 Alpha/Omega,2
 Mpreg,2
 Crack,2
 Love,2
 Pet Names,2
 Yuuri is precious,2
 Romantic Soulmates,2
Fluff and Smut,2
 Threesome - M/M/M,2
 Alternate Universe - Soulmates,2
Mutual Pining,2
 Multiple Orgasms,2
 Chubby Yuuri,2
 Depression,2
 First Time Blow Jobs,2
 Gags,2
Ballet,2
 Not Beta Read,2
 Accidental Voyeurism,2
Established Relationship,2
 Romantic Fluff,2
 Public Sex,2
Making Out,2
 Consensual Sex,2
 Self-Acceptance,2
 did you ever wonder what would happen once yuuri won the grand prix final?,2
 Biting,2
 Ficlet,2
 Friendship,2
 Get Together,2
 Sick Character,2
 Daddy Kink,2
 Dorks in Love,2
 Sweet,2
 Self Confidence Issues,2
 Phone Sex,2
 Angst and Fluff and Smut,2
 Grinding,2
Slow Burn,2
 Soulmate-Identifying Timers,2
 Homophobia,2
 request,2
 Comfort,2
 Dates,2
 Omega Verse,2
 Soulmate-Identifying Marks,2
 Riding,2
 Queer Character,2
 First Dates,2
 Episode 3,2
 Episode 4,2
 Strangers to Lovers,2
 Dominance,2
 Neck Kissing,2
 Orgasm Denial,2
 fluff fluff fluff,2
 One Shot,2
Getting Together,2
 Cooking,2
 Consensual,2
 Cake,1
 splits,1
 Dry Orgasm,1
 Nervousness,1
 Shotgunning,1
 Asphyxiation,1
 (kind of),1
 Hurt,1
 Spooning,1
 mistletoe fic,1
 Speaking Russian,1
 Hand & Finger Kink,1
 and oh is that a,1
 Long Hair! Viktor,1
viktor wearing yuuri's glasses ayyy,1
 Hopeful Ending,1
Accidental Kissing,1
Spoilers,1
 Dom!Iwaizumi,1
 How are they so gay oh my god,1
 worrying about aging,1
 personal care,1
 Snow Day,1
 Blindfolds,1
 Victor to the Rescue,1
 i really cannot recommend drinking that much sugar but read the fic instead,1
 Overstimulation,1
 Fluff and Crack,1
Smooching,1
 its still hurts occasionally which will lead to plenty of heartfelt gay times,1
Marriage Proposal,1
 Mistakes,1
 Come Swallowing,1
 poor little virgin Yuuri,1
 slightly occ,1
 katsuki is a med student,1
 They are gay and cute,1
 diabetes risk,1
 Families of Choice,1
 He's too good for this world,1
 I Can't Believe I Wrote This,1
 sheer sin,1
 mild NSFW,1
 Winter fic,1
 might be multi-chapter but who knows,1
 S&M,1
 headcanons,1
 what happens to viktor?,1
 shameless fluff,1
 Anal Play,1
 Ice Cream,1
 minami does jello shots,1
 throatfucking,1
 Supportive Viktor,1
 Oral,1
 Unbeta'd,1
Magical Realism,1
Post-ep to Episode 5,1
 Storms,1
 Forgive me for I have sinned,1
 Bullying,1
 he works at ice castle,1
 Teasing,1
 Crushes,1
 he was still filmed doing viktors program by the triplets and it still goes viral,1
 Gays on Ice,1
 Suicidal Thoughts,1
 Eskimo Kisses,1
 Bonding,1
 Viktor is understanding and comforting,1
 Prostate Massage,1
 Bruises,1
 High School AU,1
 like they're too cute oh my heart,1
Costume Parties & Masquerades,1
 a bit of angst?,1
 LELELELEL,1
 Knifeplay,1
 Matchmaking,1
 sounding (mention),1
 General,1
 I just needed some joy here,1
 color blind Yuuri,1
 well maybe a bit of plot,1
POV Viktor Nikiforov,1
 sex on ice,1
 Gentleness,1
 I didn't mean for it to be this long!,1
 these reporters have no chill,1
 lol Russia,1
 actually more feelings than porn,1
 hurt! viktor,1
 but tbh he's not,1
 despite that grumpy heart of his,1
 Alpha Victor,1
 Light Dom/sub,1
Eating Disorders,1
 filthy smut,1
 Soulmate AU,1
 gay-ass content but when is yuri on ice not gay lol,1
 title is bc it takes place in a locker room not bc people are being trumpish,1
Soft homo,1
 Dissassociation,1
 Fainting,1
 it has made me actually write something,1
 butt plug,1
 insecure!Yuuri,1
 Implied relationship at the end when they're both grown up,1
 Stimming,1
additional tags,1
 Wax Play,1
 Yuri,1
Voice Kink,1
 tbh kind of nervous about writing again,1
 Orgasm Delay,1
 Yurio,1
 Got inspiration of streetdance 2,1
 coffee shop AU,1
 you can't expect me not to write about them sharing a room right?,1
 sinful,1
 No Smut,1
Mild Angst,1
 ((its yuuri)),1
 Public Blow Jobs,1
 victor just wants to kiss this cinnamon bun,1
 rating just to be safe,1
 Grooming,1
 only a matter of time before Victor finds those posters though...,1
 Leather Kink,1
 Wet Dream,1
 Hot Sex,1
 musings,1
 Missing Scene,1
 (   ),1
 Crossdressing,1
 POV Yuri,1
 Surprise Kissing,1
 basically all these headcanons and theories about Viktor got me all kinds of fucked up so have this,1
 Awkward Flirting,1
 Good Mistakes,1
 Sleeping Together,1
 More tags to be added,1
 how could they casually mention that this scene happened but not animate it,1
takes place after ep 3,1
 I just love these nerds a lot,1
 characters from ep 1-3,1
 Alternate Universe - Vampire,1
 too pure,1
 Cock Rings,1
Spanking,1
viktor does not know how actual people work,1
 POV Multiple,1
 lots of pining,1
 Viktor appreciates Yuuri's soft bod,1
 lots of seduction,1
 Yuri(o) is grumpy but means well,1
I'm Sorry,1
 lots of fluff,1
 Drunken Confessions,1
 ok,1
 Rating May Change,1
 Yuuri coming out of his shell,1
 Misunderstanding,1
 Sensory Deprivation,1
 victor is so precious here and so jittery,1
 bottom Yuuri,1
 basically I watched the episode and this was the only thing on my brain lmao,1
 rival spies,1
Espionage AU,1
 I just watched episode 3 and I needed to write this,1
Restraints,1
Injury,1
 Bloodplay,1
Drunkenness,1
 confusion regarding feels,1
 Cum Play,1
 victor is the next door neighbor surprise,1
 light fluff,1
 Bondage,1
 they're so precious protect them,1
 Blushing,1
 Yuuri is confused and Victor's an idiot,1
Trans Male Character,1
 its still me i mean,1
BDSM,1
 Yuuri is so done with Victor's shit but he also admires him so that's a bit difficult,1
 Third Skate,1
 Consensual Kink,1
 Penis Size,1
 embarrassed Yuri,1
 ooccharacters,1
 and is v proud of him,1
 also have some more angst,1
 Ocean,1
 Hair-pulling,1
 but that's just because they way I wrote it doesn't really fit well into the canon of the show,1
viktuuri,1
 AHH,1
 Bathroom Sex,1
Christmas fic,1
 Foot Jobs,1
 Prostitute!Neil,1
 Teen!Victor,1
sunday morning,1
 Yuuri growing up as seen by his mom,1
 here have some more angst you beautiful fandom,1
 i made him drink a lil in this bc ep2 preview had him sounding tipsy,1
Public Hand Jobs,1
Artist AU,1
 sorta - Freeform,1
Past Yuuri/Phichit,1
 spy rings under cover as national skating teams,1
 but it's ok bc viktors there,1
 yuuri quit figure skating at 21 after a bad injury,1
Soulmates AU,1
 inspired by that cute pic of viktor in the ending credits,1
 D/s,1
Hiroko's pov,1
 kawaii stuff to,1
 also in here: possessive!viktor,1
 Adopted Yurio,1
 Skating With Something Up His Ass,1
Petplay,1
Morning Cuddles,1
One Shot,1
 Post-Anime,1
 Poor Victor,1
Alternate Universe - Fairy Tale,1
 post episode 4,1
 i guess?,1
 and cute!Yuuri because HE IS,1
 post episode 1,1
 au where yuuri never starts ice skating,1
 Cunnilingus,1
 Cuddling,1
 Medical Kink,1
 In which Yuuri is adoringly touchy,1
 i know its only been one episode but i needed to write something because i love yuuri,1
 Sleepy Cuddles,1
 Genderfluid Character,1
 Self-Harm,1
 Alternate Universe - College/University,1
 angst and fluff combo,1
 Trans Character,1
 Mentions of homophobia,1
 past katsuki yuuri/phichit chulanont,1
 Hate to Love,1
short n'sweet pwp,1
 demisexual!Yuuri,1
 Car Sex,1
 Viktor likes bottoming from time to time,1
 It's All Just Fluff Really,1
 outside pov,1
 Strip Tease,1
 seriously missing scene,1
 Porn With Plot,1
 the title is terrible,1
 Panty Kink,1
 smart yuuri,1
food analogy,1
 i done did it yall,1
 Tail Butt Plugs,1
Pre-Relationship,1
smol thing,1
 i help keep dentists away,1
 I Don't Even Know,1
 kinda a lil,1
 Scent Marking,1
Drunken Confessions,1
 Tokyo Ghoul AU,1
 cameo by makkachin,1
pair skating,1
 like really soft sex,1
 there's drinking,1
 seriously this is just fluff,1
 Body worship (the innocent kind),1
 Minor,1
Anal,1
 god save these fucking nerds,1
Humor,1
Anniversary,1
 Chastity Device,1
 Yuuri and Viktor suffer together,1
 Blood,1
 Canon Divergence,1
 Requited Love,1
 cooking together,1
 Sex in a Car,1
 Alpha Viktor,1
 poor Yuuri is a nervous wreak,1
 i already wrote how yuuri feels,1
Blowjobs,1
Fake/Pretend Relationship,1
 Triggers,1
 actually more feelings than sex,1
 Vampire!Viktor,1
 Women Being Awesome,1
 Blood Drinking,1
Episode Related,1
 with a side of snowy cuddles,1
Drabble,1
 also includes: yuuri wearing a LEOTARD,1
 Budding Love,1
 (see also: evil stoves),1
 Edgeplay,1
 after episode 3,1
 Sexy Times,1
 Victor is flustered,1
 astounds me,1
 for some reason i kept typing victor as wictor,1
 Mirrors,1
 Slice of Life,1
 Yuuri loves it when Viktor gets all Russian,1
 Implied First Time,1
 Non-Verbal Safewords,1
 jerking off,1
 drunk! victor,1
Semi-Public Sex,1
 Happy Halloween!,1
Fluff and Angst,1
 missing moment,1
 Yuri has this,1
 necking,1
 the fact that i've written 3 fics in 2 days because of this anime,1
 where do you think viktor goes?,1
Hot Springs & Onsen,1
Light Angst,1
 minor oral fixation,1
Alternate Universe,1
 Cowgirl Position,1
 Realization,1
 Viktor is a little shit,1
 Soulmate- identifying colors,1
 slight homophobia discussion,1
quick drabble right after watching ep 5,1
 Shower Sex,1
 here have some light angst,1
I spelled his name 'Viktor' I'm sorry,1
platonic,1
 Blowjobs,1
 Christmas Party,1
 Insecurities,1
 Breakfast in Bed,1
 they're all precious and this is the sequel,1
 Married Couple,1
 victor speaks russian here!!!!,1
Daddy Kink,1
 Physical Abuse,1
 Russian,1
 Victor's tragic backstory,1
 Boyfriend shirts,1
Boys In Love,1
 So much kissing,1
 so yeah so sorry for the wrong tag it will not happen again.,1
 and in a surprising turn of events,1
 flustered Viktor,1
 Supernatural Elements,1
 Yuuri is demanding,1
 Victor being Victor,1
 I Love You,1
 Implied Player Victor,1
 yuuri is still an ice skater,1
 But mostly fluff,1
 Pictures,1
 Leashes,1
Overexertion,1
 Yuuri is very much a virgin,1
Friends to Lovers,1
 send help,1
 so much swearing,1
 Viktor is again very shameless,1
 Viktor is precious,1
 whatever the fuck the ship name is,1
 katsuki yuuri - Freeform,1
 Developing Relationship,1
 Yuri's POV,1
 almost getting caught,1
Falling In Love,1
 Alpha Victor Nikiforov,1
 Hickies,1
 Omega Katsuki Yuuri,1
Swearing,1
 imagine being this in love,1
 Possibly-OOC,1
Coda,1
Language of Flowers,1
 yuri makes an appearance just to establish that even in an au he has a bad attitude,1
 Shipping,1
 domestic victuri,1
Frottage,1
Viktor Nikiforov - Freeform,1
 Genderfluid!Yuuri,1
 Fluff and Hurt/Comfort,1
 Victor has to keep up,1
 Scent Kink,1
 this is how i show my love,1
Panic Attacks,1
 Come Eating,1
 No shame november,1
 Groping,1
 Banter,1
 victor knows exactly what he's doing,1
 outdoors sex,1
Floof,1
 sub!Oikawa,1
 Locker Room Sex,1
 Weight Issues,1
 I love this anime a lot ok,1
 Awkward Romance,1
Sickfic,1
 Inspired by Photography,1
 smol Yuuri,1
Parent AU,1
Hand Jobs,1
 look out i did a thing that involves UST,1
fluffy fluff,1
 he finds beauty in the concept of soulmates,1
 Alternate Universe - Avatar & Benders Setting,1
 Bisexuality,1
 Makkachin POV,1
Falling On Ice,1
 the assumption that Victor and Yuri mostly communicate in English,1
Yuuri has stamina,1
 Speculation,1
 diary format,1
 pls be gentle with him,1
 i firmly believe yuuri is more confident than people give him credit for,1
 Competition,1
 yuuri can be an idiot sometimes,1
 I don't know????,1
 Omega!Victor,1
 but that Victor does know Japanese,1
 Alternate Universe - Historical,1
 that five kisses fic in every fandom has arrived here,1
 Pure unrestricted sin,1
 victor is yuri's #annoyingbigbrother,1
Alternate Universe - Werewolf,1
 blame minami and phichit,1
 the triplets are his students,1
 aka cum eating,1
 what's a plot?,1
 Slightly - Freeform,1
 a lot of that,1
 oocyuuri,1
 shout out for makkachin for making this happen,1
 mutual feelings,1
listen i needed yuri chasing a cat in my life,1
 and Victor needs hugs and a nap,1
 Yuri Plisetsky is done with your shit,1
 Language,1
 too many jokes for so serious a job,1
 like seriously i've only seen one episode and look at what it has done,1
 Implied/Referenced Abuse,1
 victor x yurio,1
 painter au,1
 just kissing,1
 Yuuri is a hobbit,1
 Hot Spring Kisses,1
 Well - Freeform,1
 talking about feelings,1
 Subspace,1
 and oblivious,1
 discussions of consent,1
 Language Kink,1
 smut in ch2,1
 basically the fic in which Yuuri tries to be a player but fails miserably,1
Rated because of a little bit of swearing,1
 Understanding,1
 self-doubting! yuuri,1
 childhood crush to rivals to lovers,1
 Alternate Universe - Actors,1
 Self-Hatred,1
 tiny Yuuri is tiny,1
Oral Sex,1
 Martial Arts,1
Tooth-Rotting Fluff,1
 nervous yuuri,1
 phichit is a true bro,1
 who likes to get yuuri's help with his routines,1
 homophobia mention,1
 Jealous Yurio,1
Getting to Know Each Other,1
 Bromance,1
 all problems could be fixed by communication,1
 Yuri's a Cutie,1
 I spent one whole day on this sorry it sucks,1
 Same-Sex Marriage,1
 Fluff What Plot,1
 Partying,1
Cultural Differences,1
 hinata gets wrecked,1
 The start of something beautiful,1
 Yuuri POV,1
Ambition,1
Russia's anti-gay laws,1
 Masks,1
 fluffy as I could make it,1
 Eating Disorder Not Otherwise Specified,1
 slight nipple play,1
 dogwalking,1
 which made me think why and then bam victor drinks when he's nervous,1
 Fairy Tale Elements,1
danseur!yuuri,1
 drunk!Viktor,1
 is that even a thing??,1
Same-Sex Marriage,1
 happens somewhere in episode 4,1
Aged up characters,1
 self-doubting Yuuri,1
Victor centric,1
 Lemon,1
 Very slight alternative universe,1
my wild expectation of episode 2,1
 drunk! viktor,1
 Hickeys,1
 Attempt at Humor,1
 FWP,1
 Alternate Universe - Coffee Shops & Cafs,1
 he helps minami with his programs,1
 Fever,1
 Idiots in Love,1
 i wrote this in like 2 hours,1
 is this becoming like a Thing with me,1
 implied praise kink,1
 well not really they don't exactly fuck on ice,1
 Kabe-Don,1
 as well as some other kids,1
 and I have a lot of feelings,1
 rope,1
 Tragedy,1
 so here's viktor's side of leaving yuuri,1
 victurio,1
 lots of flirtation,1
 Yuuri tops,1
 rude OC,1
 POV Victor Nikiforov,1
 lowkey,1
 this is by far the corniest thing I've ever written,1
 Little! Yuri,1
Flirting,1
 Victor's training methods are diabolical and evil,1
 Male Pregnancy,1
 yuuri is minami's viktor nikiforov,1
 Honey play,1
 very slight Hurt/Comfort,1
 Drunk Victor is cutest Victor,1
 alpha!yuuri,1
 not in order,1
 but only slightly - Freeform,1
 note: i think it'd be cute if yuri had a little crush on yuuri,1
 Post-Episode 3,1
Blow Jobs,1
 I wrote this on my phone too,1
Nipple Play,1
 yuuri would absolutely wear makeup if given the chance and he is given the chance,1
Future Fic,1
 POV Yurio,1
 jesper and wylan being dirty husbands,1
 This is a lot longer than I thought it would be whoops,1
 fit Yuuri,1
OT3,1
drabbles,1
 Hot Springs & Onsen,1
 Poly,1
 i just love awkward humor guys,1
 an unsurprising marvel cameo,1
 You Have Been Warned,1
 and pining victor,1
 don't we all,1
 Public Display of Affection,1
 Boys In Love,1
 Festivals,1
 did I mention Yuuri is autistic?,1
 Rivalry,1
 all that jazz,1
 Feminization,1
 Glory Hole,1
gen - Freeform,1
 Minor Praise Kink,1
 Viktor has problems too,1
 A/B/O dynamic,1
 Edging,1
 Secret Identities,1
Drabble Collection,1
 Victor is inquisitive,1
 Victor POV,1
 Akaashi likes getting beat up,1
 Dom/sub Undertones,1
 Dogs,1
 oneshots,1
 Father-Son Relationship,1
 tough coach Viktor,1
 so much of it,1
 Size Kink,1
 Mild Injuries,1
 Being caught,1
 Spoilers for episode 4,1
 Photography,1
 Hand Feeding,1
 there's so much fluff SO.MUCH. FLUFF,1
 yuri tries to kill yuuri (repeatedly),1
 Getting your second language fucked out of you,1
 Yurio makes a brief appearance,1
 Multiple Penetration,1
 Wall Sex,1
 Drinking,1
 Declarations Of Love,1
 Moral Ambiguity,1
 Twisted and Fluffy Feelings,1
 The size difference is never addressed,1
 they're so adorable i love them so much,1
 the angst is accidental ok,1
 Condoms,1
Online Forums,1
 features victor using instagram,1
 Non-Explicit Sex,1
Kid Fic,1
 also it's almost winter where i live so i like the idea of cuddles oki,1
 Mild hurt,1
 Yuri on Ice - Freeform,1
 yuuri is just emotional and he just needs to be reassured,1
 slightly possessive yuuri,1
longlostlovers,1
comforting! yuuri,1
 Sweet/Hot,1
 I'm Sorry,1
 Color Blindness,1
drunk Viktor,1
 Prostitution,1
 Non-Sexual Intimacy,1
 Vikturio,1
 Victor using the fact he is coach,1
 Awesome Mom,1
 viktor is such a mess,1
 a lot more fluff,1
 Literal Sleeping Together,1
Humour,1
shameless fluff,1
 Artist AU,1
 artist!Victor,1
 Topping from the Bottom,1
spoilers in the tags,1
 Group Sex,1
Language Barrier,1
 SAVE ME FROM THESE TWO,1
 Injury,1
 kind of??,1
 Matsuri - Freeform,1
 Double Penetration,1
 bit of angst,1
 and self-indulgent as friCK,1
victor sorting out his feelings,1
 Nightmares,1
 Xenophilia,1
 viktor wants to coach yuuri to enter the Grand Prix,1
 pair skating,1
 Oneshot,1
 Tumblr Prompt,1
 Hugging,1
 Kinktober,1
 did I mention I'm sorry?,1
PPD,1
Victor gets pissed,1
 Dildos,1
 kissing also,1
 Heavy Angst,1
 post episode 1x03,1
 showering together,1
 Established Polyamorous Relationship,1
 a bit of introspection,1
 outsider pov,1
 viktor is a celebrity and yuri is his 8 yr old son lol,1
 I saw the preview for ep 3 and ran here,1
 Teen Angst,1
 Feltching,1
Ice Skating,1
so gen it hurts,1
 viktor x yurio,1
 although i did want them to,1
 Making Love,1
 at the end,1
 Outdoor Sex,1
 Object Penetration,1
 set right after episode 2,1
 POV Yuuri,1
Fingerfucking,1
 Soulmates AU,1
 fan boy! Yuuri,1
 Public Humiliation,1
 gagging,1
handjobs,1
Blindfolds,1
 yuuri is just a blushing idiot odg i love him so,1
 and dancing,1
Ice Play,1
 Only 4 episodes in and look at the giant anime hole I've fallen into,1
 Viktor helps Yuuri with his self confidence issues,1
 EDNOS,1
 includes: yuuri wearing a leotard,1
 Slash,1
 Victor being too cute,1
 Yuuri Protection Squad,1
 Light Bondage,1
 Switching,1
Disappointment,1
 but not really,1
 and became an ice skating teacher instead,1
 fluffy fluff,1
 victor thoughts,1
 Neglect,1
 the author's interpretations of Victor's character,1
 Set at some point after episode 3,1
 x Reader,1
 because I'm sure I'm not the only one still sweating,1
 Size Difference,1
Locker Room,1
 a lil bit of angst in here,1
 sleepy cuddling like wooa boy,1
 light frottage,1
 i'm back and i hope you like it,1
 Love at First Sight,1
 Clothed Sex,1
victor seems oblivious to yuuri,1
 so does Makkachin,1
 Vaginal Sex,1
 Silence,1
 Lingerie,1
angsty angst,1
 embarrassed victor,1
 Yuuri is cute and ill and stuff,1
 Alternate Universe - Post-Canon,1
 Open ended,1
 late 19th century,1
 not gonna say anymore bc it might give the plot away,1
One Shot Collection,1
 Don't Have to Know Canon,1
Fluff and Crack,1
 Sickfic,1
 midnight kissing,1
 self-image issues,1
 hello to the best darn fandom in the world,1
 Slightly Hinted At Victuri,1
Mpreg,1
 Yurio get your mind outta the gutter,1
 nervous victor,1
 Bukakke,1
smut on ice,1
 Anxiety Disorder,1
 Autistic!Yuuri,1
 henceforth I have decided that it is A Thing,1
 Denial,1
 30 day writing challenge,1
 Vibrators,1
 I gave myself a cavity here,1
 this is honestly just feelings,1
 Embarrassment,1
 i have lots of other things to do but look what i'm doing,1
 PDA,1
 Dancing,1
 yuri!!! on ice - Freeform,1
Naga,1
 Yuuri has a lot of issues,1
coffee shop AU,1
 Tumblr Prompts,1
 yuuri wears makeup,1
dorky victor,1
 Top Viktor,1
 please do not down a pint of maple syrup,1
 Relationship(s),1
 Victor and Yuuri are nerds in love,1
 Soft sex,1
 Protective!Victor,1
 Crying,1
Drabble Sequence,1
 they should just marry already,1
 Childhood Friends,1
 Self Confidence,1
 Married Life,1
 showering,1
 Confused Viktor,1
mild alcohol usage,1
 Sugar overdose,1
 Some angst,1
 Orgy,1
 Dubious Consent,1
 Yuuri is beautiful and deserves all the love,1
 Bc someone told me that yuri plisetsky was 15,1
 Fingerfucking,1
 Omega Yuuri,1
Butt Plugs,1
 Anal,1
 Doggy Style,1
 Nothing weird I promise,1
 dominant victor,1
 pork cutlet bowl,1
 Time Skips,1
 Insecurities (Yuuri),1
 totally smitten Victor let's be real,1
 it's me so there's angst,1
 and it starts immediately with porn lmao,1
a/b/o dynamics,1
 Oral Fixation,1
 Gift Work,1
 why is it always biting,1
 Male Homosexuality,1
Russia,1
 and a kiss,1
 implied genderfluid Viktor,1
Master/Pet,1
Underage Sex,1
 Morning Sex,1
 they just want to love okay,1
 Marking,1
 Body Positivity,1
 Heian Period,1
 sexy Yuuri,1
 First Meetings,1
 fleshlight,1
Skating to Music,1
 comforting! viktor,1
 and he just wants to shower Yuuri with affection,1
 OTP Feels,1
 Aged-Up Character(s),1
 Yuri and Victor are elves,1
yuri is a big baby,1
 Naked Cuddling,1
 Food Metaphors,1
 Submissive Yuuri,1
 Originally Posted on Tumblr,1
 Omega Yuri Plisetsky,1
 Porn Without Plot,1
 VIKTOR IS INSECURE,1
 i tagged the wrong yuri at first leave me alone to die,1
 peeking,1
 Eating Disorders,1
 Angry Yuri,1
 Waiter Yuuri,1
 Rutting,1
 Class Differences,1
 this is more sickly sweet than downing a pint of maple syrup,1
 Implied/Referenced Sex,1
 their tiny angry son,1
 Hotel Sex,1
 Truth,1
 Sort of an AU,1
 jealous viktor,1
 'clean up',1
 Denial of Feelings,1
 in like a really understated introspective way,1
 Unnecessarily Sexual Dishwashing,1
 Epistolary,1
 Possessive Behavior,1
 Drunk Sex,1
 Fluff in the end I think,1
 Friendship/Love,1
 LotR AU,1
 Chapter 2 has the juicy stuff,1
 they just really suck,1
 yuuri tore a ligament in his ankle after a fall,1
 So much flirting,1
 sort of,1
 horribly mangled Greek myths as told by a Russian figure skater,1
 I went from fluff straight to smut,1
 masquerades,1
they gay,1
 and then just hurt,1
 Living Together,1
 Swearing,1
 comforting! yuuri,1
 Episode 5,1
 sin - Freeform,1
 Yukata - Freeform,1
 pining victor,1
 maybe? - Freeform,1
 somehow there's still skating,1
 he's soft and lovely,1
 Power Bottom Victor,1
 healthy relationship alert,1
 it comes with me wherever i go,1
 story progresses i promise,1
 Music,1
 Fluff and Humor,1
 Yuuri is a cinnamon roll,1
 Master/Slave,1
 and this ship i needed this ship,1
 Yurio has a big gay crush,1
 Poor Yuuri,1
 post 1x03,1
 Shibari,1
 fancy parties,1
Insecurity,1
 hanakotoba,1
kisses,1
 Yuri is such a virgin,1
 Jealousy,1
 also first kisses BAM,1
 Language Barrier,1
 Romantic Friendship,1
 Babysitting,1
 Relationship Issues,1
 Slow Dancing,1
 Russian's anti gay laws,1
 coming to terms with your own self,1
 Longing,1
 viktor loves caring for yuuri,1
 Historical Inaccuracy,1
 tipsy! yuuri,1
 Barebacking,1
 Partial Nudity,1
 and god I thought he was 20,1
 Oblivious Victor,1
 Homophobic Slurs,1
 Yuuri obviously doesn't know what to do,1
 Collars,1
 Vaginal Fingering,1
 character exploration,1
 Hair Brushing,1
Playful teasing,1
 minami is his student/fan,1
 Searching for inspiration,1
 Is it obvious that little Yuuri is already smitten with Viktor?,1
 A Pinch of Angst,1
 Homosexuality,1
 Victor Nikiforov Merchandise Is Everywhere,1
AU,1
 i put a meme in here im so sorry,1
 Ballroom Dancing,1
 corny fluff,1
 Yurio swears a lot,1
 Smut in chapter Two,1
 Lime,1
 In Public,1
 Texting,1
 Victor prefers hands-on coaching,1
 victurri,1
 Post-Series,1
virgin!Yuuri,1
salsa - Freeform,1
 Animal Patterns are mentioned,1
 some violence,1
 Dom/sub,1
 Mostly Fluff,1
 Victor pines like a middle school girl,1
 Implied Relationships,1
