 Fluff,44
 Interspecies Relationship(s),28
 Romance,25
 Friendship,24
 Angst,22
,21
Fluff,17
 Interspecies Romance,16
 Slow Burn,16
Romance,15
 Established Relationship,12
 Hurt/Comfort,11
 Fluff and Angst,11
 Bigotry & Prejudice,10
 Friends to Lovers,9
 Slice of Life,9
 Mild Language,9
 Humor,9
 Love,8
 Friendship/Love,8
 Violence,7
 Family Feels,7
 Spoilers,7
 Drama,6
 Emotional Hurt/Comfort,6
 Interspecies Sex,6
 Male-Female Friendship,6
 Feels,6
 wildehopps,6
 One Shot,6
Spoilers,5
 Mating Cycles/In Heat,5
 Platonic Life Partners,5
 Knotting,5
 Angst with a Happy Ending,5
Friendship,5
 Fluff and Smut,5
 Kissing,5
 Explicit Sexual Content,5
Hurt/Comfort,5
 Alternate Universe - Canon Divergence,5
 Challenge: Fic a Day in May,5
 Alternate Universe,5
Mystery,4
 Teasing,4
 Best Friends,4
 Family Drama,4
Family,4
 Muzzles,4
 Porn with Feelings,4
 Family,4
 Implied Sexual Content,4
 Pre-Relationship,4
 Crime Fighting,4
 Character Study,4
Angst,4
 Post-Canon,4
 Not Beta Read,4
 Panic Attacks,4
Slice of Life,4
Established Relationship,4
 Secret Relationship,3
 Creampie,3
Interspecies Sex,3
 Explicit Language,3
 Bullying,3
 Case Fic,3
 Missing Scene,3
 Masturbation,3
 Implied/Referenced Domestic Violence,3
 Short One Shot,3
 Anxiety,3
 Comfort,3
 Police,3
Slow Burn,3
 Aromantic/Asexual Characters,3
Drama,3
Fluff and Angst,3
 Fantastic Racism,3
Post-Canon,3
Interspecies Romance,3
 Smut,3
 Developing Relationship,3
 Depression,3
 Racism,3
 Roommates,3
Interspecies Relationship(s),3
 Pregnancy,3
 Comedy,3
 Interspecies,3
 Healing,3
 Love Confessions,3
 Drabble,3
 Mutual Pining,3
 Adoption,3
 Sexual Content,3
 One Shot Collection,3
 Mystery,3
 Other Additional Tags to Be Added,3
 First Kiss,3
 Flirting,3
Suggestive Themes,3
 Past Abuse,3
AU,3
 Police Procedural,3
 Discrimination,3
 Nervousness,2
Unrequited Love,2
 Fanfiction,2
Alternate Universe - Different First Meeting,2
 Action,2
 Missionary Position,2
 Phobias,2
 Post-Movie,2
 Sex,2
Alternate Universe - Coffee Shops & Cafs,2
 Alcohol,2
 Predator/Prey,2
 Bondage,2
Not Suitable/Safe For Work,2
 Puns & Word Play,2
 Falling In Love,2
 First Time,2
 Fluffy Butts,2
 Minor Original Character(s),2
 Intimacy,2
 Triggers,2
 Emotional,2
 Oral Sex,2
 Awkwardness,2
 Zootopia - Freeform,2
Non-Graphic Violence,2
Family Fluff,2
 Interspecies Relationship,2
Knotting,2
Sex,2
 Meet the Family,2
 Banter,2
 Interspecies Adoption,2
 Drabble Collection,2
 Action/Adventure,2
 Jealousy,2
 Self-Hatred,2
One-Shot,2
 Original Character(s),2
 Post-Coital Cuddling,2
 Racist Language,2
 Nudity,2
 Language,2
Alternate Universe - Canon Divergence,2
 Sexual Humor,2
 Pining,2
 For the trashbin,2
 Mentions of Cancer,2
Missing Scene,2
 Self Confidence Issues,2
 Wedding Trope,2
Racism,2
 Shock Collars,2
 Headcanon,2
 adoption au,2
 Fox - Freeform,2
 Size Difference,2
 Suggestive Themes,2
 Flashbacks,2
 Community: disney_kink,2
 Post-Movie(s),2
 Crime,2
 Missing Persons,2
Pining,2
 Declarations Of Love,2
 Drugs,2
 Robbery,2
Jealousy,2
 Family Issues,2
 wide,1
 borrowing from Pratchett's Discworld,1
Mid-Canon,1
 but i need something totally escapist atm,1
 Frame Job,1
 Pseudo-supernatural elements,1
 fuck it,1
 In-Story Shipping,1
 How ever this pairing is too cute,1
 Short,1
 Survivor Guilt,1
Hospitalization,1
 Nick and Judy are best buds,1
 Platonic Romance,1
 therapist,1
 Alternate Universe - Robots & Androids,1
 Next Door Neighbors As Greek Chorus,1
 I really don't know what tags work for this story but here we go,1
 quiet nick,1
 accidental single father,1
 Children,1
 Emotional/Psychological Abuse,1
 With COLLAR ON,1
 Oblivious Cinna-bun Judy,1
 buddy cop story,1
Sexting,1
 Adopted Child,1
Angst with a Happy Ending,1
 Worried Parents,1
Pictures,1
 Kink Meme,1
 Requited Unrequited Love,1
 Since ink on fur doesn't really work,1
Sleepy Cuddles,1
 Rebellion,1
Mutual Pining,1
 Ball Gag,1
 Mutual Support,1
 Tolerance,1
 Bonding,1
 Heterosexual Sex,1
 Cannon Divergence,1
 rhinos are mean in this fic,1
 Unrealized Requited Love?,1
 Alternate Universe - Noir,1
 soulmates gain each other's injuries and feel each other's pain,1
 cussin',1
 Neglect,1
 Marriage,1
 Matchmaking,1
 very meta,1
 Concerts,1
Organized Crime,1
 Wild Hops,1
 Body Worship,1
 Sensuality,1
 Cuddling & Snuggling,1
 And More Fluff,1
 bogo - Freeform,1
 Movie Spoilers,1
 nick - Freeform,1
 solo masturbation,1
 Suspense,1
 Huddling For Warmth,1
 Crime Drama,1
 Hercules For The Unfortunate People Who Don't Get It,1
 Marriage Proposal,1
 Mental Instability,1
 Soul mate,1
 Hate Crimes,1
 Mid-Canon,1
 POV Alternating,1
Love Confessions,1
 Nick's kinda an idiot,1
 Arguing,1
 Foreplay,1
 idk - Freeform,1
 random moments,1
 Erotica,1
 Translation,1
 Nick is truly a sweetheart,1
Banter,1
 The Thrills of New Love,1
 Bathing/Washing,1
 like everything i write,1
 Prologue,1
 mentions of vomit,1
Minor Original Character(s),1
 Pre-movie to post-movie,1
 dash of everything,1
 Minor Injuries,1
 Fluffy,1
 More Fun Puns,1
Post Movie,1
 Dysfunctional Family,1
 Emotional Constipation,1
 clawhauser - Freeform,1
Masturbation,1
 So much angst,1
 Rough Sex,1
 Rape Fantasy,1
 Criminal Underworld,1
Searching Self,1
James Bond rip-offs,1
 social therapy,1
 Short & Sweet,1
 Forgiveness,1
 Domestic Fluff,1
 A fic in which Nick is in heat for a change how about THAT for spicing things up,1
 Cute,1
after the events of zootopia,1
 Interspecies family,1
 Cross Species Relationship,1
 Virus,1
 sword fights,1
 Inspired by Law & Order: SVU,1
 Police Brutality,1
Drunkenness,1
 Thriller,1
 The soul mate au where whatever you write on your skin appears on your soul mate's skin,1
 Nick's Family - Freeform,1
 Dessert & Sweets,1
 buddy cop,1
 First Meetings,1
Poverty,1
spoilers from movie,1
 can get slighty durdee,1
 Cross-Posted on FanFiction.Net,1
 Sexual Abuse,1
 or emotional,1
 Mild Sexual Content,1
 Nick is Dumb,1
 Past Sexual Abuse,1
 Trust Issues,1
 Listen - I don't even know OK?,1
 Coffee Shops,1
 Foot Jobs,1
 but I got nothing against rhinos,1
 wildehopps trash,1
 Yet Another Meet the Family fic,1
 Internalized Speciesism,1
 Emotions,1
 Doctors & Physicians,1
 Minor Violence,1
 Wedding Planning,1
 Non-Consensual Interrogation Techniques,1
 Implied/Referenced Rape/Non-con,1
Foot Massage,1
 Slight Smut,1
 Kidnapping,1
 Taking care of a baby,1
 Scentplay,1
Platonic Romance,1
 Mild Smut,1
 Hospitalization,1
 Cunnilingus,1
 Reveal,1
 Cuddling,1
Kidnapping,1
 Third Wheels,1
 Soulmates,1
 Hate Speech,1
 Blood and Gore,1
 Implied/Referenced Torture,1
 But also a wonderfully terrifying team,1
 interspecies-phobia,1
 exercise,1
 bunnyburrow,1
Mild Language,1
 Emotionally Constipated Nick,1
Class reunion,1
 gun mention,1
 predator - Freeform,1
 Past Violence,1
Implied/Referenced Sexual Assault,1
 Technology,1
Original Character(s),1
 Dark,1
 savage - Freeform,1
 Age Difference,1
Freeform,1
 Heartbreak,1
 Alcohol Abuse/Alcoholism,1
 they just love each other so fuck it,1
 i'm not even sure,1
Zootopia - Freeform,1
 so sweet you could call it cotton candy,1
Humor,1
Boy Meets Spaceship,1
 Sorry Not Sorry,1
 Not Canon Compliant,1
 Childhood Memories,1
 Love Triangles,1
 cute nicknames,1
 dares,1
 ridiculous unindexable collection,1
 Not tagging any more case spoilers,1
 Cynical Nick Wilde,1
 Protective(ish) Judy,1
 Adult Things Not For Kiddies,1
 Past Relationship(s),1
 Budding Love,1
 Not for the timid,1
 Complete Incompetence At Feelings,1
 no actual plot,1
 but it's not really graphic just a little uncomfortable,1
Sexual Fantasy,1
 Mild Angst,1
 I'm rating Teen for violence,1
 Freeform,1
 Prey - Freeform,1
 Judy my darling dear,1
 Butler Nick,1
 Blow Jobs,1
 Mildly Dubious Consent,1
 Child Abuse,1
 Gratuitous Disney Reference,1
 sociopath x good girl otp,1
 Loss of Virginity,1
 Class Differences,1
 Sexual Tension,1
 Songfic chapter,1
 Alternate Universe - Childhood Friends,1
 Post-Traumatic Stress Disorder - PTSD,1
 Investigations,1
 Lots of dumb bunnies,1
 Married Couple,1
 Physical Abuse,1
Therapy,1
 shameless fluff,1
Carrot and Raisin Salad,1
 Unbeta'd,1
 Character Death,1
 au's,1
 Two part fic,1
Friends to Lovers,1
 Hand Jobs,1
Language,1
 Sex Club,1
Alternate Universe - Artificial Intelligence,1
 super sweet fluff i'm telling ya,1
 ft. donuts,1
Emotional Hurt/Comfort,1
 PTSD,1
 One use of mild language,1
angry nick,1
 Muzzle,1
 Not Actually Unrequited Love,1
 Recovery,1
 relationship,1
 Small Towns,1
 Daddy Issues,1
Porn with Feelings,1
 Nick is messing,1
 Glorious hugging,1
 another meet the parents fic,1
 Scent Kink,1
 Mischief,1
 blood mention,1
 Bronze Age,1
 Celebrations,1
 Occasional Flirting,1
 Swearing,1
 Knot,1
 He's Finally Got The Happiness He Deserves,1
 Emotional Manipulation,1
Predator/Prey,1
 clawhauser ships it,1
 Epic Friendship,1
Puns & Word Play,1
 Nick POV,1
First Love,1
 3+1 fic,1
 I swear I'm not a furry but I get it now,1
 Drunken Shenanigans,1
 Character Interpretation,1
 Cages,1
 Cum Swallowing,1
 Love Knows No Boundaries,1
 Nicknames,1
 One-Sided Relationship,1
buddy cop,1
 miiiiild horror,1
 Mates,1
LEWD FOR THE LEWD GOD,1
Barebacking,1
 Nick and Judy destroy all the stereotypes,1
 Two Shot,1
 Murder,1
 Government Conspiracy,1
 human AU,1
text conversations,1
 Police corruption,1
 Family Fluff,1
 3 + 1,1
 Graphic Violence,1
 Harem-lite,1
 Canon Compliant,1
 not romantic just bffls,1
 Abuse,1
 actually Nick high-on-painkillers POV,1
 threat of death,1
Tooth-Rotting Fluff,1
 Playing Doctor,1
 Flu,1
 First Date,1
 Nick gets protective,1
 Attempted Sexual Assault,1
 Sexual Inexperience,1
 Mating,1
 Rape Roleplay,1
 Stubborn Judy Hopps,1
 Homelessness,1
 Cancer,1
 judy may have a size kink,1
 Partnership,1
 Morning After,1
 Mutual Attraction,1
Nobility,1
 hurt nick,1
 Sneaking Around,1
Interspecies,1
 Implied/Referenced Drug Use,1
 Nick Wilde is an A+++ Dad,1
 and snark all around,1
Loss of Limbs,1
 Acceptance,1
 y'know what?,1
sick day,1
 Medivial AU,1
 TW: Blood,1
 Childhood Trauma,1
 They Tried Their Best,1
 because let's be real the thing with the muzzles needs to be addressed,1
Introspection,1
 judy - Freeform,1
 I Can't Believe I Wrote This,1
 Snark,1
 FanFic,1
 Woops,1
 chapter 6 smut warning!,1
Tattoos,1
 Carrot Pen,1
nick being a dork,1
 Ovarian Cancer,1
 the tiniest amout of angst,1
 Childhood,1
Alternate Universe - Spies & Secret Agents,1
 Cussing,1
 Anxiety Attacks,1
Alternate Universe - High School,1
 Biting,1
Undercover as a Couple,1
 Roleplay,1
email,1
 also there's language you wouldn't use in front of grandma,1
Child Abuse,1
 Canon-Typical Racism,1
 Weddings,1
 Wilde Hopps,1
 Working Through Things Together,1
 Sharing a Bed,1
 Family Reunions,1
 Nothing serious,1
 Judy Hopps is the ultimate,1
 Meeting the Parents,1
 eventually,1
 Conflict Resolution,1
 drabbles,1
 Look at how cute these cuties are!,1
 mentions of past violence,1
 chatty judy,1
 Characters Reading Fanfiction,1
 change,1
 Clawhauser is a little butt,1
 Moose,1
 Crime Scenes,1
 Size Kink,1
 Food,1
 friends - Freeform,1
 possible warning for internalised racism insofar as Nick is fine with her using fox repellant,1
Soul Mate AU,1
 Alternate Universe - High School,1
 selective mutism,1
 Drinking,1
 Lack of Communication,1
Mother-Son Relationship,1
 gypsies,1
 Prostheses,1
 Heartwarming,1
 Animal Traits,1
Kid Fic,1
Fox-Bunny Hybrid,1
 Large Cock,1
 Disney,1
 Detective Work,1
Meet the Family,1
 all the feelings,1
i am not a furry,1
 Military,1
 Non-Sexual Intimacy,1
 criminal activity,1
 Romantic Gestures,1
 anniversary fic,1
Blackmail,1
 One-Sided Attraction,1
 Blackmail,1
One Shot Collection,1
Savage Nick,1
 Minor AU elements,1
 Nick And Muzzles,1
 gratuitous making up more of Nick's backstory,1
 Nick is so smitten oh my g o d,1
 hopps - Freeform,1
 Amnesia,1
 Furry,1
 Coffee,1
Alternate Universe - Regency,1
 Sappy,1
 Protective Judy,1
 Nick takes the fall,1
 Herpeton,1
 Getting Together,1
 Suicide Attempt,1
Slow Build,1
 Sexuality,1
 Teeth,1
 Prejudice,1
 Fluffity fluff,1
Alternate Universe - Victorian,1
 Motherhood,1
Culling,1
 Alternate Universe - College/University,1
 Secret Crush,1
 everyone's an idiot and nothing hurts,1
 Possibly Canonical Death,1
 pop cultural references,1
 Foxes,1
 Inexperience,1
 Alternate Universe - Different First Meeting,1
 Harm to Animals,1
 soul mates,1
Co-workers,1
Tumblr Prompt,1
 Bodily Harm,1
 Apologies,1
 Family Dinner,1
 the bogo/gazelle thing was an accident,1
 Angst and Hurt/Comfort,1
 So Much Sugar It'll Make You Sick,1
Sensuality,1
 Light Angst,1
Alternate Universe - College/University,1
 first fic,1
Sickfic,1
 Animation,1
POV,1
 Femme Fatale,1
 Alternate Universe - Science Fiction,1
Vore,1
 but not really,1
 chapter 19 is kinda dark but its a one-off i promise,1
 These two dorks,1
 mature - Freeform,1
 Frottage,1
Children's Literature,1
 Stalking,1
 Clawhauser is too cute to ignore,1
Crime Fighting,1
 Spaceships,1
 Platonic Cuddling,1
 Vaginal Sex,1
 ZPD - Freeform,1
 but not fluffy,1
 Torture,1
Best Friends,1
 Minor Spoilers,1
 Judy loves him anyway,1
 noir,1
Shipping,1
ambiguous relationship,1
 Child raising,1
 Grief of a Parental Figure,1
Sorry it's not Judy/Nick,1
 learning to cope,1
 Pride and Prejudice References,1
 Denial,1
additional tags,1
 Alternate Universe - Parents,1
im in love with these two and their friendship,1
Nick and Judy have a fox bunny,1
 Mother-Son Relationship,1
 Protozootopia,1
 Misunderstandings,1
 Breeding kink?,1
 Mentions of said abuse,1
 Confessions,1
 Past Nick/Judy,1
Interspecies Adoption,1
 Revenge,1
Past Rape/Non-con,1
 Relationship(s),1
Blood and Violence,1
 vore club,1
 Romantic Friendship,1
 Married Life,1
 Nick and Judy Are More Obvious Than They Realize,1
 Nick needs a Hug,1
dirty hospital shenanigans,1
Alternate Universe - Pokemon Fusion,1
 Mild Gore,1
 Suicidal Thoughts,1
 Murder Mystery,1
 Mental Health Issues,1
 Doggy Style,1
 Tribute,1
 Like a ton of it,1
 Art,1
 Near Death Experiences,1
 Memory Loss,1
 5 Times,1
fitness,1
 Drinking Games,1
 mild drinking,1
Challenge: Fic a Day in May,1
 Tooth-Rotting Fluff,1
 Protective Nick,1
 Bland Name Product,1
 Fantasizing,1
 Sibling Love,1
 Relationship Study,1
Past Abuse,1
 bogo ships it,1
 Body Horror,1
 Solitary Confinement,1
 Buddy Cop RomCom (TM),1
 Cyberpunk,1
 hurt comfort?,1
 Lovesickness,1
 just imagine them as people bodies with some fur i guess,1
 Fake/Pretend Relationship,1
 Naked Cuddling,1
 Kinda,1
 mentions of prejudice,1
 Therapy,1
 LEWD,1
 nick wilde - Freeform,1
 Rutting,1
 Waterbirth,1
 Social Anxiety,1
Implied/Referenced Drug Use,1
 Nebulous backstory,1
 but no actual drunken shenanigans,1
Triggers,1
 Morning Cuddles,1
 Friends With Benefits,1
 Nick Has Issues,1
 I don't know,1
 References to Drugs,1
 Pie,1
 Political Thriller,1
 M/F+,1
 fuck me i dont know how to write furry porn,1
Judy centric,1
 Sleep,1
 I didn't even know I LIKED chinning,1
 Sexy Time,1
 Crimes & Criminals,1
 Interspecies Awkwardness,1
 Cell Phones,1
 Memories,1
 Cohabitation,1
 Alternate Universe - Royalty,1
 repealing laws,1
 Babies,1
 it's mostly just introspective fluff from nick's pov,1
 Terrorism,1
 AAAAAW YIIISS,1
 judy hopps - Freeform,1
Clothes Shopping,1
 Artificial Intelligence,1
Soulmate AU,1
 but not really all that sexy,1
 Enthusiastic Consent,1
Cunnilingus,1
 Sentimental,1
 Bittersweet,1
 Thematic Thursday,1
 Smooching,1
 Fictional Religion & Theology,1
 Selfies,1
 runs on miscommuncation,1
 Hugging,1
 rabbit - Freeform,1
 Sad,1
 Warm and Fuzzy Feelings,1
 royal au,1
 Memes,1
 timestamps,1
 but in a good way,1
 Snippets,1
 Texting,1
Childhood Trauma,1
 Pop Culture,1
Weddings,1
 Fluff and Humor,1
 Psychological Trauma,1
 Internet,1
 Semi-Public Sex,1
 Rated G,1
adult,1
